id,season,week,seasonType,startDate,startTimeTBD,completed,neutralSite,conferenceGame,attendance,venueId,venue,homeId,homeTeam,homeClassification,homeConference,homePoints,homeLineScores,homePostgameWinProbability,homePregameElo,homePostgameElo,awayId,awayTeam,awayClassification,awayConference,awayPoints,awayLineScores,awayPostgameWinProbability,awayPregameElo,awayPostgameElo,excitementIndex,highlights,notes,playoff
401866615,2026,1,regular,2026-08-27T22:00:00.000Z,False,True,False,False,,3613.0,Alumni Stadium,2169,Delaware State,fcs,MEAC,41.0,"[10, 14, 10, 7]",0.9985127449035645,,,2619,Stony Brook,fcs,Coastal Athletic,34.0,"[6, 7, 14, 7]",0.0014872550964355469,,,6.318730480885636,,,
401906139,2026,1,regular,2026-08-27T22:00:00.000Z,False,True,False,False,,3904.0,Rogers Stadium (VA),330,Virginia State,ii,CIAA,44.0,[],,,,122666,Barton,ii,Carolinas,17.0,[],,,,,,,
401906839,2026,1,regular,2026-08-27T22:00:00.000Z,False,True,False,False,,3789.0,Kentucky Christian,3077,Kentucky Christian,,,44.0,"[14, 21, 7, 2]",,,,2316,Kentucky Wesleyan,ii,Great Midwest Athletic,24.0,"[3, 0, 14, 7]",,,,,,,
401896383,2026,1,regular,2026-08-27T22:00:00.000Z,False,True,False,False,,3774.0,Jayne Stadium,2413,Morehead State,fcs,Pioneer,40.0,"[3, 9, 0, 22, 6]",0.1539372056722641,,,2477,Ohio Dominican,ii,Great Midwest Athletic,42.0,"[7, 7, 14, 6, 8]",0.8460627943277359,,,8.590585576092103,,,
401906048,2026,1,regular,2026-08-27T22:00:00.000Z,False,True,False,False,,6078.0,Pioneer Field (TN),2839,Tusculum,ii,South Atlantic,42.0,[],,,,124180,Bluefield State,ii,CIAA,7.0,[],,,,,,,
401906193,2026,1,regular,2026-08-27T22:00:00.000Z,False,True,False,False,,6060.0,Grace P. Johnson Stadium,2882,UNC Pembroke,ii,Carolinas,21.0,[],,,,351,Wingate,ii,South Atlantic,13.0,[],,,,,,,
401866532,2026,1,regular,2026-08-27T22:00:00.000Z,False,True,False,True,,3781.0,Johnny Unitas Stadium,119,Towson,fcs,Coastal Athletic,18.0,"[0, 8, 7, 3]",0.5395579934120178,,,311,Maine,fcs,Coastal Athletic,21.0,"[0, 21, 0, 0]",0.4604420065879822,,,5.4929132792564115,,,
401907002,2026,1,regular,2026-08-27T22:00:00.000Z,False,True,False,False,,5121.0,University of Charleston Stadium,2128,Charleston (WV),ii,Mountain East,10.0,[],,,,125,Grand Valley State,ii,GLIAC,38.0,[],,,,,,,
401907195,2026,1,regular,2026-08-27T22:00:00.000Z,False,True,False,False,,6040.0,Key Stadium,2292,Indianapolis,ii,Great Lakes,39.0,"[6, 20, 6, 7]",,,,2366,Marian (IN),,,7.0,"[7, 0, 0, 0]",,,,,,,
401867894,2026,1,regular,2026-08-27T22:00:00.000Z,False,True,False,False,,844.0,Stambaugh Stadium,2754,Youngstown State,fcs,MVFC,43.0,"[7, 22, 7, 7]",0.990749716758728,,,2385,Mercyhurst,fcs,NEC,10.0,"[3, 0, 0, 7]",0.009250283241271973,,,2.439358642927582,,,
401907643,2026,1,regular,2026-08-27T22:00:00.000Z,False,True,False,False,,4430.0,Mihalik-Thompson Stadium,215,Slippery Rock,ii,Pennsylvania State Athletic,45.0,[],,,,134,Minnesota Duluth,ii,Northern Sun,43.0,[],,,,,,,
401907346,2026,1,regular,2026-08-27T23:00:00.000Z,False,True,False,False,,,,102626,Texas Wesleyan,,,7.0,[],,,,2122,Central Oklahoma,ii,Mid America,59.0,[],,,,,,,
401906602,2026,1,regular,2026-08-27T23:00:00.000Z,False,True,False,False,,4851.0,Bazemore-Hyder Stadium,2673,Valdosta State,ii,Gulf South,38.0,[],,,,2213,Emory & Henry,ii,South Atlantic,10.0,[],,,,,,,
401906620,2026,1,regular,2026-08-27T23:00:00.000Z,False,True,False,False,,5886.0,West Family Stadium,2699,West Liberty,ii,Mountain East,27.0,[],,,,2682,Walsh,ii,Great Midwest Athletic,30.0,[],,,,,,,
401907110,2026,1,regular,2026-08-27T23:00:00.000Z,False,True,False,False,,6070.0,Bob Young Field,2894,Sioux Falls,ii,Northern Sun,21.0,[],,,,2069,Black Hills State,ii,Rocky Mountain,24.0,[],,,,,,,
401868962,2026,1,regular,2026-08-27T23:00:00.000Z,False,True,False,False,,3779.0,Manning Field at John L. Guidry Stadium,2447,Nicholls,fcs,Southland,44.0,"[14, 23, 7, 0]",0.9983178973197937,,,2400,Mississippi Valley State,fcs,SWAC,10.0,"[0, 0, 0, 10]",0.0016821026802062988,,,2.808897257621243,,,
401906993,2026,1,regular,2026-08-27T23:00:00.000Z,False,True,False,False,,5874.0,Chet Anderson Stadium,132,Bemidji State,ii,Northern Sun,29.0,[],,,,2392,Michigan Tech,ii,GLIAC,31.0,[],,,,,,,
401907239,2026,1,regular,2026-08-27T23:00:00.000Z,False,True,False,False,,3878.0,Plaster Sports Complex,2586,Southwest Baptist,ii,Great Lakes,63.0,[],,,,129741,William Woods,,,6.0,[],,,,,,,
401907381,2026,1,regular,2026-08-27T23:00:00.000Z,False,True,False,False,,6057.0,Ron & Carol Cope Stadium at Foster Field,2438,Nebraska Kearney,ii,Mid America,20.0,[],,,,2844,Wayne State (NE),ii,Northern Sun,21.0,[],,,,,,,
401906943,2026,1,regular,2026-08-27T23:00:00.000Z,False,True,False,False,,3606.0,Scheels Field at Nemzek Stadium,2817,Minnesota St Moorhead,ii,Northern Sun,41.0,[],,,,128,Northern Michigan,ii,GLIAC,19.0,[],,,,,,,
401907356,2026,1,regular,2026-08-27T23:00:00.000Z,False,True,False,False,,6052.0,Herb Parker Stadium,568,Minot State,ii,Northern Sun,30.0,[],,,,2214,Emporia State,ii,Mid America,36.0,[],,,,,,,
401907536,2026,1,regular,2026-08-27T23:00:00.000Z,False,True,False,True,,3859.0,Offutt Field,611,Seton Hill,ii,Pennsylvania State Athletic,20.0,"[0, 10, 7, 3]",,,,2188,East Stroudsburg,ii,Pennsylvania State Athletic,27.0,"[10, 7, 3, 7]",,,,,,,
401868373,2026,1,regular,2026-08-27T23:00:00.000Z,False,True,False,False,,3868.0,Paladin Stadium,231,Furman,fcs,Southern,20.0,"[0, 17, 0, 3]",0.9962806701660156,,,129469,Anderson (SC),ii,South Atlantic,3.0,"[0, 3, 0, 0]",0.003719329833984375,,,2.946223648733626,,,
401874035,2026,1,regular,2026-08-27T23:00:00.000Z,False,True,False,False,,10803.0,Pen-Air Field,110242,West Florida,fcs,UAC,34.0,"[7, 13, 7, 7]",0.7873494029045105,,,79,Southern Illinois,fcs,MVFC,31.0,"[3, 6, 8, 14]",0.2126505970954895,,,5.096230508333649,,,
401906902,2026,1,regular,2026-08-27T23:00:00.000Z,False,True,False,False,,3885.0,Harvey Randall Wickes Memorial Stadium,129,Saginaw Valley State,ii,GLIAC,48.0,[],,,,2816,McKendree,ii,Great Lakes,24.0,[],,,,,,,
401868204,2026,1,regular,2026-08-27T23:00:00.000Z,False,True,False,False,,3746.0,Hanson Field,2710,Western Illinois,fcs,OVC,65.0,"[7, 20, 24, 14]",0.9988941550254822,,,2471,Northwestern (IA),,,14.0,"[7, 0, 7, 0]",0.0011058449745178223,,,3.12980187601089,,,
401896384,2026,1,regular,2026-08-27T23:00:00.000Z,False,True,False,False,,3897.0,Richardson Stadium,2166,Davidson,fcs,Pioneer,35.0,"[7, 21, 0, 7]",0.03154359385371208,,,2148,Concord,ii,Mountain East,41.0,"[7, 21, 10, 3]",0.9684564061462879,,,7.11714099016085,,,
401906631,2026,1,regular,2026-08-27T23:00:00.000Z,False,True,False,False,,3663.0,Burke-Tarr Stadium,2105,Carson Newman,ii,South Atlantic,41.0,[],,,,2838,Tiffin,ii,Great Midwest Athletic,38.0,[],,,,,,,
401868060,2026,1,regular,2026-08-27T23:00:00.000Z,False,True,False,False,,3742.0,Governors Stadium,2046,Austin Peay,fcs,UAC,35.0,"[7, 14, 14, 0]",0.9938624501228333,,,2241,Gardner-Webb,fcs,OVC,17.0,"[3, 7, 0, 7]",0.006137549877166748,,,4.373234148321984,,,
401907120,2026,1,regular,2026-08-27T23:00:00.000Z,False,True,False,False,,3951.0,Swisher Field,425,Northern State,ii,Northern Sun,42.0,[],,,,2123,Chadron State,ii,Rocky Mountain,17.0,[],,,,,,,
401868169,2026,1,regular,2026-08-27T23:00:00.000Z,False,True,False,True,,3749.0,Hunter Stadium,2815,Lindenwood,fcs,OVC,20.0,"[0, 10, 7, 3]",0.9609971642494202,,,2127,Charleston Southern,fcs,OVC,17.0,"[0, 3, 0, 14]",0.039002835750579834,,,4.030353478564953,,,
401868315,2026,1,regular,2026-08-27T23:00:00.000Z,False,True,False,True,,3944.0,Strawberry Stadium,2545,SE Louisiana,fcs,Southland,28.0,"[7, 0, 7, 14]",0.1030707135796547,,,2277,Houston Christian,fcs,Southland,34.0,"[0, 17, 14, 3]",0.8969292864203453,,,4.689075828649628,,,
401868279,2026,1,regular,2026-08-27T23:00:00.000Z,False,True,False,False,,5116.0,O'Shaughnessy Stadium,2900,St. Thomas (MN),fcs,Pioneer,15.0,"[0, 6, 3, 6]",0.9308527708053589,,,2851,Winona State,ii,Northern Sun,9.0,"[0, 3, 0, 6]",0.06914722919464111,,,4.915783455713548,,,
401868273,2026,1,regular,2026-08-27T23:00:00.000Z,False,True,False,False,,3627.0,Bailey Memorial Stadium,2506,Presbyterian,fcs,Pioneer,47.0,"[7, 10, 21, 9]",0.9408262968063354,,,2842,UVA Wise,ii,South Atlantic,37.0,"[7, 9, 14, 7]",0.05917370319366455,,,6.757148783501308,,,
401867865,2026,1,regular,2026-08-27T23:00:00.000Z,False,True,False,False,,3909.0,Roy Stewart Stadium,93,Murray State,fcs,MVFC,14.0,"[0, 14, 0, 0]",0.0642286092042923,,,2197,Eastern Illinois,fcs,OVC,28.0,"[0, 14, 7, 7]",0.9357713907957077,,,5.484109519741736,,,
401866614,2026,1,regular,2026-08-27T23:00:00.000Z,False,True,False,False,,3894.0,Rhodes Stadium,2210,Elon,fcs,Coastal Athletic,42.0,"[7, 14, 14, 7]",0.9922806024551392,,,2249,Glenville State,ii,Mountain East,7.0,"[0, 0, 7, 0]",0.00771939754486084,,,2.162616610704482,,,
401868240,2026,1,regular,2026-08-27T23:00:00.000Z,False,True,False,False,,5888.0,University Stadium (GA),2698,West Georgia,fcs,UAC,10.0,"[0, 7, 3, 0]",0.0,,,236,Chattanooga,fcs,Southern,24.0,"[0, 3, 14, 7]",1.0,,,4.338639277500752,,,
401868254,2026,1,regular,2026-08-27T23:30:00.000Z,False,True,False,False,,3701.0,Drake Stadium,2181,Drake,fcs,Pioneer,35.0,"[10, 3, 0, 22]",0.15374381840229034,,,613,South Dakota Mines,ii,Rocky Mountain,38.0,"[0, 17, 14, 7]",0.8462561815977097,,,6.059550204859821,,,
401868070,2026,1,regular,2026-08-27T23:30:00.000Z,False,True,False,False,,3748.0,Graham Stadium,2630,UT Martin,fcs,OVC,24.0,"[7, 10, 0, 7]",0.014105438254773617,,,2110,Central Arkansas,fcs,UAC,36.0,"[6, 13, 7, 10]",0.9858945617452264,,,5.481780420907878,,,
401907234,2026,1,regular,2026-08-27T23:30:00.000Z,False,True,False,False,,5933.0,Sea Foam Stadium,3066,Concordia St. Paul,ii,Northern Sun,38.0,[],,,,2825,Quincy,ii,Great Lakes,21.0,[],,,,,,,
401907007,2026,1,regular,2026-08-28T00:00:00.000Z,False,True,False,False,,6067.0,Carnie Smith Stadium,90,Pittsburg State,ii,Mid America,14.0,[],,,,2222,Ferris State,ii,GLIAC,42.0,[],,,,,,,
401907099,2026,1,regular,2026-08-28T00:00:00.000Z,False,True,False,False,,5866.0,Rex Stadium,2001,Adams State,ii,Rocky Mountain,45.0,[],,,,2703,Western New Mexico,ii,Lone Star,62.0,[],,,,,,,
401869128,2026,1,regular,2026-08-28T00:00:00.000Z,False,True,False,False,,3963.0,Harry Turpin Stadium,2466,Northwestern State,fcs,Southland,37.0,"[13, 14, 3, 7]",0.5412936806678772,,,2347,Louisiana Christian,,,42.0,"[7, 7, 21, 7]",0.4587063193321228,,,5.8085634766541,,,
401907724,2026,1,regular,2026-08-28T00:00:00.000Z,False,True,False,False,,6072.0,Schwan Regional Event Center,2587,Southwest Minnesota State,ii,Northern Sun,10.0,[],,,,628,Valley City State,,,7.0,[],,,,,,,
401907161,2026,1,regular,2026-08-28T00:00:00.000Z,False,True,False,False,,5884.0,Buffalo Stadium,2704,West Texas,ii,Lone Star,21.0,[],,,,2714,Western Colorado,ii,Rocky Mountain,52.0,[],,,,,,,
401907155,2026,1,regular,2026-08-28T00:00:00.000Z,False,True,False,False,,6059.0,Sanchez Family Stadium,2424,New Mexico Highlands,ii,Rocky Mountain,35.0,[],,,,2201,Eastern New Mexico,ii,Lone Star,34.0,[],,,,,,,
401907376,2026,1,regular,2026-08-28T00:00:00.000Z,False,True,False,False,,6055.0,Craig Field at Spratt Memorial Stadium,137,Missouri Western,ii,Mid America,58.0,[],,,,2043,Augustana (SD),ii,Northern Sun,63.0,[],,,,,,,
401907275,2026,1,regular,2026-08-28T00:00:00.000Z,False,True,False,False,,5869.0,LeGrand Stadium at 1st Community Credit Union Field,2025,Angelo State,ii,Lone Star,14.0,[],,,,2231,Fort Hays,ii,Mid America,35.0,[],,,,,,,
401907144,2026,1,regular,2026-08-28T00:00:00.000Z,False,True,False,False,,4852.0,Neta and Eddie DeRose ThunderBowl,2570,CSU Pueblo,ii,Rocky Mountain,44.0,[],,,,2118,Central Missouri,ii,Mid America,25.0,[],,,,,,,
401867874,2026,1,regular,2026-08-28T00:00:00.000Z,False,True,False,False,,3605.0,Alerus Center,155,North Dakota,fcs,MVFC,42.0,"[22, 20, 0, 0]",0.9930582642555237,,,2341,Long Island University,fcs,NEC,21.0,"[0, 0, 14, 7]",0.006941735744476318,,,1.8375815737052137,,,
401907129,2026,1,regular,2026-08-28T00:00:00.000Z,False,True,False,False,,5882.0,Ralph Stocker Stadium,11,Colorado Mesa,ii,Rocky Mountain,14.0,[],,,,2364,Minnesota State,ii,Northern Sun,38.0,[],,,,,,,
401907702,2026,1,regular,2026-08-28T00:30:00.000Z,False,True,True,False,,12022.0,Oakland Athletic Complex Perham Field,559,University of Mary,ii,Northern Sun,23.0,"[7, 3, 7, 6]",,,,2826,Rocky Mountain,,,10.0,"[0, 3, 7, 0]",,,,,,,
401868261,2026,1,regular,2026-08-28T22:00:00.000Z,False,True,False,False,,6058.0,Ralph F. DellaCamera Stadium,2441,New Haven,fcs,NEC,22.0,"[3, 7, 9, 3]",0.9135717153549194,,,2368,Marist,fcs,Pioneer,21.0,"[7, 7, 7, 0]",0.08642828464508057,,,4.587828625340828,,,
401868007,2026,1,regular,2026-08-28T22:00:00.000Z,False,True,False,True,,150.0,Jack Coffey Field,2230,Fordham,fcs,Patriot,14.0,"[0, 0, 14, 0]",0.056015923619270325,,,2142,Colgate,fcs,Patriot,24.0,"[7, 7, 0, 10]",0.9439840763807297,,,4.859701298471837,,,
401868040,2026,1,regular,2026-08-28T22:00:00.000Z,False,True,False,True,,717.0,Villanova Stadium,222,Villanova,fcs,Patriot,32.0,"[7, 10, 0, 15]",0.9761393666267395,,,2729,William & Mary,fcs,Patriot,35.0,"[7, 3, 9, 16]",0.023860633373260498,,,8.731585628207727,,,
401866617,2026,1,regular,2026-08-28T22:00:00.000Z,False,True,False,False,,6048.0,Duane Stadium,2771,Merrimack,fcs,FCS Independents,7.0,"[7, 0, 0, 0]",0.02528555877506733,,,227,Rhode Island,fcs,Coastal Athletic,34.0,"[7, 14, 6, 7]",0.9747144412249327,,,3.7978919513639418,,,
401906145,2026,1,regular,2026-08-28T22:00:00.000Z,False,True,False,False,,6553.0,Helen and Leonard Moretz Stadium,2331,Lenoir Rhyne,ii,South Atlantic,45.0,"[14, 17, 7, 7]",,,,2676,Virginia Union,ii,CIAA,3.0,"[0, 0, 0, 3]",,,,,,,
401866616,2026,1,regular,2026-08-28T23:00:00.000Z,False,True,False,True,,4419.0,Bob Ford Field,399,UAlbany,fcs,Coastal Athletic,28.0,"[7, 14, 7, 0]",0.8222295045852661,,,160,New Hampshire,fcs,Coastal Athletic,14.0,"[7, 0, 7, 0]",0.1777704954147339,,,3.383504536069686,,,
401868129,2026,1,regular,2026-08-29T01:00:00.000Z,False,True,False,True,,3856.0,Nottingham Field,2458,Northern Colorado,fcs,Big Sky,29.0,"[7, 6, 0, 16]",0.9597038626670837,,,2692,Weber State,fcs,Big Sky,30.0,"[3, 14, 6, 7]",0.04029613733291626,,,7.003749184389798,,,
401868073,2026,1,regular,2026-08-29T02:00:00.000Z,False,True,False,True,,1027.0,Alex G. Spanos Stadium,13,Cal Poly,fcs,Big Sky,38.0,"[7, 14, 0, 17]",0.5938945412635803,,,70,Idaho,fcs,Big Sky,34.0,"[3, 7, 6, 18]",0.4061054587364197,,,6.712328663940096,,,
401906641,2026,1,regular,2026-08-29T16:00:00.000Z,False,True,False,False,,6212.0,Bishop Schmitt Field,112335,Wheeling,ii,Mountain East,27.0,"[0, 0, 10, 17]",,,,2646,Thomas More,ii,Great Midwest Athletic,10.0,"[0, 7, 0, 3]",,,,,,,
401907012,2026,1,regular,2026-08-29T16:00:00.000Z,False,True,False,False,,5934.0,Farmers Insurance Athletic Complex,110254,Davenport,ii,GLIAC,32.0,"[7, 7, 13, 5]",,,,367,Gannon,ii,Pennsylvania State Athletic,20.0,"[0, 7, 0, 13]",,,,,,,
401906177,2026,1,regular,2026-08-29T16:00:00.000Z,False,True,False,False,,5785.0,Dickerson Stadium,2707,West Virginia State,ii,Mountain East,56.0,"[0, 21, 28, 7]",,,,2804,Chowan,ii,Carolinas,24.0,"[7, 3, 7, 7]",,,,,,,
401868792,2026,1,regular,2026-08-29T16:00:00.000Z,False,True,False,False,,3988.0,Welcome Stadium,2168,Dayton,fcs,Pioneer,43.0,"[7, 31, 3, 2]",0.9905234575271606,,,2986,Fairmont State,ii,Mountain East,20.0,"[0, 0, 7, 13]",0.009476542472839355,,,2.8615984201206124,,,
401856766,2026,1,regular,2026-08-29T16:00:00.000Z,False,True,True,False,,3504.0,Aviva Stadium,2628,TCU,fbs,Big 12,10.0,"[10, 0, 0, 0]",0.5609505772590637,1613.0,1595.0,153,North Carolina,fbs,ACC,15.0,"[10, 2, 3, 0]",0.4390494227409363,1380.0,1398.0,6.501938416580931,,Aer Lingus College Football Classic,
401867916,2026,1,regular,2026-08-29T16:00:00.000Z,False,True,False,True,,3979.0,Wagner College Stadium,2681,Wagner,fcs,NEC,7.0,"[0, 0, 7, 0]",0.06961294263601303,,,2523,Robert Morris,fcs,NEC,28.0,"[14, 0, 7, 7]",0.930387057363987,,,3.7151837255713245,,,
401907576,2026,1,regular,2026-08-29T17:00:00.000Z,False,True,False,False,,5784.0,Cebe Ross Field,455,West Virginia Wesleyan,ii,Mountain East,31.0,"[0, 14, 10, 7]",,,,126086,Post,ii,Northeast 10,13.0,"[0, 7, 6, 0]",,,,,,,
401869156,2026,1,regular,2026-08-29T17:00:00.000Z,False,True,False,False,,3453.0,SeatGeek Stadium,2130,Chicago State,fcs,FCS Independents,28.0,"[7, 7, 7, 7]",0.007310899905860424,,,127991,Roosevelt,ii,GLIAC,44.0,"[3, 24, 10, 7]",0.9926891000941396,,,3.9935477483515367,,,
401907631,2026,1,regular,2026-08-29T17:00:00.000Z,False,True,False,True,,4429.0,Seth Grove Stadium,2559,Shippensburg,ii,Pennsylvania State Athletic,16.0,"[3, 6, 0, 7]",,,,209,Lock Haven,ii,Pennsylvania State Athletic,24.0,"[0, 7, 10, 7]",,,,,,,
401868209,2026,1,regular,2026-08-29T17:00:00.000Z,False,True,False,False,,3664.0,Butler Bowl,2086,Butler,fcs,Pioneer,27.0,"[0, 17, 7, 3]",,,,2245,Georgetown College Kentucky,,,23.0,"[10, 10, 3, 0]",,,,,,,
401906588,2026,1,regular,2026-08-29T17:00:00.000Z,False,True,False,False,,6062.0,Gable Field at Doc Wadley Stadium,196,Northeastern State,ii,Independent DII,52.0,"[21, 3, 21, 7]",,,,2170,Delta State,ii,Gulf South,0.0,"[0, 0, 0, 0]",,,,,,,
401906205,2026,1,regular,2026-08-29T17:00:00.000Z,False,True,False,False,,4015.0,Barron Stadium,2560,Shorter,ii,Carolinas,65.0,"[17, 35, 0, 13]",,,,134002,Andrew,,,6.0,"[0, 0, 6, 0]",,,,,,,
401907150,2026,1,regular,2026-08-29T17:00:00.000Z,False,True,False,False,,7504.0,Liberty North High School,2911,William Jewell,ii,Great Lakes,0.0,[],,,,2237,Fort Lewis,ii,Rocky Mountain,0.0,[],,,,,,,
401907454,2026,1,regular,2026-08-29T17:00:00.000Z,False,True,False,False,,5868.0,Ronald J. Abdow Field,2022,American International,ii,Northeast 10,17.0,"[7, 7, 0, 3]",,,,134001,Monroe,,,3.0,"[0, 0, 3, 0]",,,,,,,
401906126,2026,1,regular,2026-08-29T17:00:00.000Z,False,True,False,False,,5941.0,Roebuck Stadium,2207,Elizabeth City State,ii,CIAA,14.0,"[8, 6, 0, 0]",,,,2232,Fort Valley State,ii,SIAC,17.0,"[0, 3, 0, 14]",,,,,,,
401906185,2026,1,regular,2026-08-29T17:30:00.000Z,False,True,False,False,,6221.0,Mitchell Stadium,495,BLUEFIELD,,,20.0,"[3, 7, 3, 7]",,,,101784,Erskine,ii,Carolinas,37.0,"[3, 10, 7, 17]",,,,,,,
401868288,2026,1,regular,2026-08-29T18:00:00.000Z,False,True,False,False,,3655.0,Brown Field,2674,Valparaiso,fcs,Pioneer,59.0,"[21, 17, 14, 7]",0.9946187138557434,,,102071,Lawrence Tech,,,13.0,"[0, 13, 0, 0]",0.005381286144256592,,,3.0652446764600474,,,
401907137,2026,1,regular,2026-08-29T18:00:00.000Z,False,True,False,False,,5883.0,Marv Kay Stadium at Campbell Field,2146,Colorado School of Mines,ii,Rocky Mountain,20.0,"[0, 7, 10, 3]",,,,2848,Western Oregon,ii,Lone Star,22.0,"[6, 10, 0, 6]",,,,,,,
401867882,2026,1,regular,2026-08-29T18:00:00.000Z,False,True,False,False,,1905.0,DakotaDome,233,South Dakota,fcs,MVFC,59.0,"[14, 28, 14, 3]",0.9919722080230713,,,2115,Central Connecticut,fcs,NEC,20.0,"[7, 3, 7, 3]",0.008027791976928711,,,4.256094500735783,,,
401868324,2026,1,regular,2026-08-29T19:00:00.000Z,False,True,True,True,,3803.0,Legion Field,2011,Alabama State,fcs,SWAC,30.0,"[3, 10, 14, 3]",0.7860217690467834,,,2582,Southern,fcs,SWAC,17.0,"[7, 10, 0, 0]",0.21397823095321655,,,5.654795580603296,,,
401864494,2026,1,regular,2026-08-29T19:00:00.000Z,False,True,False,False,,477.0,Los Angeles Memorial Coliseum,30,USC,fbs,Big Ten,42.0,"[7, 21, 7, 7]",0.9964043498039246,1747.0,1752.0,23,San José State,fbs,Mountain West,26.0,"[0, 0, 3, 23]",0.0035956501960754395,1411.0,1406.0,2.1247838400218297,,,
401868154,2026,1,regular,2026-08-29T19:00:00.000Z,False,True,False,True,,4765.0,Hillsboro Stadium,2502,Portland State,fcs,Big Sky,24.0,"[14, 7, 0, 3]",0.6536960601806641,,,302,UC Davis,fcs,Big Sky,31.0,"[0, 0, 16, 15]",0.34630393981933594,,,4.789272099230701,,,
401906949,2026,1,regular,2026-08-29T19:00:00.000Z,False,True,False,True,,4749.0,McPherson Memorial Stadium,2119,Central State,ii,SIAC,14.0,"[7, 7, 0, 0]",,,,2310,Kentucky State,ii,SIAC,41.0,"[3, 14, 10, 14]",,,,,,,
401907246,2026,1,regular,2026-08-29T19:00:00.000Z,False,True,False,False,,6030.0,Harms-Eischeid Stadium,389,Upper Iowa,ii,Great Lakes,30.0,"[14, 7, 3, 6]",,,,2939,Jamestown,ii,Northern Sun,13.0,"[6, 0, 7, 0]",,,,,,,
401858202,2026,1,regular,2026-08-29T19:30:00.000Z,False,True,False,True,,3923.0,Scott Stadium,258,Virginia,fbs,ACC,34.0,"[10, 7, 7, 10]",0.9934231638908386,1591.0,1655.0,152,NC State,fbs,ACC,8.0,"[0, 0, 8, 0]",0.006576836109161377,1570.0,1506.0,2.3644462220310416,,,
401868022,2026,1,regular,2026-08-29T19:30:00.000Z,False,True,False,True,,3722.0,Fitton Field,107,Holy Cross,fcs,Patriot,10.0,"[0, 3, 0, 7]",0.0,,,2329,Lehigh,fcs,Patriot,35.0,"[21, 0, 7, 7]",1.0,,,2.553763961081132,,,
401906157,2026,1,regular,2026-08-29T21:00:00.000Z,False,True,False,False,,5875.0,Charlie W. Johnson Stadium,490,Benedict,ii,SIAC,32.0,"[7, 9, 13, 3]",,,,2304,Johnson C. Smith,ii,CIAA,10.0,"[0, 7, 3, 0]",,,,,,,
401868084,2026,1,regular,2026-08-29T21:00:00.000Z,False,True,False,True,,2023.0,Walkup Skydome,2464,Northern Arizona,fcs,Big Sky,34.0,"[3, 14, 3, 14]",0.6603248119354248,,,331,Eastern Washington,fcs,Big Sky,27.0,"[10, 14, 0, 3]",0.3396751880645752,,,5.344678405243232,,,
401864577,2026,1,regular,2026-08-29T21:30:00.000Z,False,True,False,False,,3714.0,Fargodome,2449,North Dakota State,fbs,Mountain West,33.0,"[7, 10, 10, 6]",0.9063087105751038,1500.0,1566.0,55,Jacksonville State,fbs,Conference USA,7.0,"[7, 0, 0, 0]",0.09369128942489624,1494.0,1428.0,3.0503311314063795,,,
401866620,2026,1,regular,2026-08-29T21:30:00.000Z,False,True,False,False,,5400.0,William B. Greene Jr. Stadium,2193,East Tennessee State,fcs,Southern,37.0,"[7, 17, 0, 13]",0.32475200295448303,,,2097,Campbell,fcs,Coastal Athletic,49.0,"[14, 14, 7, 14]",0.675247997045517,,,8.046744288326673,,,
401867988,2026,1,regular,2026-08-29T22:00:00.000Z,False,True,False,True,,2068.0,E. Claiborne Robins Stadium,257,Richmond,fcs,Patriot,35.0,"[21, 7, 0, 7]",0.988504946231842,,,2083,Bucknell,fcs,Patriot,14.0,"[0, 0, 7, 7]",0.011495053768157959,,,2.308015864764915,,,
401906956,2026,1,regular,2026-08-29T22:00:00.000Z,False,True,False,False,,3705.0,Earl Kitchings Stadium,2206,Edward Waters,ii,SIAC,42.0,"[7, 35, 0, 0]",,,,125762,Florida Memorial University,,,28.0,"[15, 0, 7, 6]",,,,,,,
401866618,2026,1,regular,2026-08-29T22:00:00.000Z,False,True,False,False,,3603.0,Aggie Stadium,2448,North Carolina A&T,fcs,Coastal Athletic,7.0,"[7, 0, 0, 0]",0.29198792576789856,,,2415,Morgan State,fcs,MEAC,17.0,"[0, 3, 0, 14]",0.7080120742321014,,,4.558640296710313,,,
401866619,2026,1,regular,2026-08-29T22:00:00.000Z,False,True,False,False,,6075.0,W.B. Mason Stadium,284,Stonehill,fcs,NEC,6.0,"[0, 3, 0, 3]",0.007383069954812527,,,2803,Bryant,fcs,Coastal Athletic,24.0,"[7, 0, 0, 17]",0.9926169300451875,,,3.8056484841920404,,,
401906162,2026,1,regular,2026-08-29T22:00:00.000Z,False,True,False,False,,3612.0,Alumni Memorial Stadium (NC),2940,Livingstone,ii,CIAA,16.0,"[10, 0, 0, 6]",,,,2019,Allen,ii,SIAC,37.0,"[7, 13, 10, 7]",,,,,,,
401868101,2026,1,regular,2026-08-29T22:00:00.000Z,False,True,False,False,,1930.0,Holt Arena,304,Idaho State,fcs,Big Sky,38.0,"[3, 7, 28, 0]",1.0,,,2678,VMI,fcs,Southern,10.0,"[0, 0, 0, 10]",0.0,,,2.76537668586907,,,
401867972,2026,1,regular,2026-08-29T22:00:00.000Z,False,True,False,False,,3991.0,"William Dick"""" Price Stadium""""",2450,Norfolk State,fcs,MEAC,56.0,"[14, 7, 14, 21]",0.9940776824951172,,,2736,Winston-Salem State,ii,CIAA,0.0,"[0, 0, 0, 0]",0.0059223175048828125,,,1.776819367375125,,,
401868394,2026,1,regular,2026-08-29T22:00:00.000Z,False,True,False,True,,3737.0,Gibbs Stadium,2747,Wofford,fcs,Southern,42.0,"[7, 14, 14, 7]",0.896815299987793,,,2643,The Citadel,fcs,Southern,14.0,"[0, 0, 7, 7]",0.10318470001220703,,,2.450550395090976,,,
401867982,2026,1,regular,2026-08-29T22:00:00.000Z,False,True,False,False,,3864.0,Oliver C. Dawson Stadium,2569,South Carolina State,fcs,MEAC,87.0,"[21, 31, 14, 21]",0.9934082627296448,,,2542,Savannah State,ii,SIAC,0.0,"[0, 0, 0, 0]",0.006591737270355225,,,1.6215438105327789,,,
401907403,2026,1,regular,2026-08-29T22:00:00.000Z,False,True,False,False,,5843.0,W.B. Adams Stadium,366,Ferrum,ii,Carolinas,7.0,"[0, 7, 0, 0]",,,,2107,Catawba,ii,South Atlantic,13.0,"[7, 0, 6, 0]",,,,,,,
401867855,2026,1,regular,2026-08-29T22:00:00.000Z,False,True,False,False,,3829.0,Memorial Stadium,282,Indiana State,fcs,MVFC,21.0,"[0, 7, 7, 7]",0.16402067244052887,,,2546,Southeast Missouri State,fcs,OVC,23.0,"[7, 3, 7, 6]",0.8359793275594711,,,6.394337360254957,,,
401866613,2026,1,regular,2026-08-29T22:00:00.000Z,False,True,False,False,,3620.0,Armstrong Stadium,2261,Hampton,fcs,Coastal Athletic,45.0,"[7, 10, 21, 7]",0.9322406053543091,,,2355,Virginia Lynchburg,,,0.0,"[0, 0, 0, 0]",0.06775939464569092,,,2.3519253117556502,,,
401906151,2026,1,regular,2026-08-29T22:00:00.000Z,False,True,False,True,,3813.0,"Luther ""Nick"" Jeralds Stadium",2220,Fayetteville State,ii,CIAA,33.0,"[0, 11, 16, 6]",,,,2551,Shaw,ii,CIAA,20.0,"[6, 6, 0, 8]",,,,,,,
401866408,2026,1,regular,2026-08-29T22:30:00.000Z,False,True,False,True,,3912.0,Rynearson Stadium,2199,Eastern Michigan,fbs,Mid-American,28.0,"[0, 21, 0, 7]",0.9009293913841248,1326.0,1360.0,16,Sacramento State,fbs,Mid-American,17.0,"[0, 10, 0, 7]",0.09907060861587524,1500.0,1466.0,3.5970782042129867,,,
401866621,2026,1,regular,2026-08-29T23:00:00.000Z,False,True,False,False,,3962.0,Tucker Stadium,2635,Tennessee Tech,fcs,Southern,38.0,"[7, 10, 7, 14]",0.6114798784255981,,,2405,Monmouth,fcs,Coastal Athletic,14.0,"[0, 7, 0, 7]",0.38852012157440186,,,3.4568561732339425,,,
401864570,2026,1,regular,2026-08-29T23:00:00.000Z,False,True,False,False,,3697.0,Doak Campbell Stadium,52,Florida State,fbs,ACC,34.0,"[3, 14, 7, 10]",1.0,1537.0,1551.0,166,New Mexico State,fbs,Conference USA,17.0,"[0, 7, 3, 7]",0.0,1281.0,1267.0,3.6506915398564455,,,
401907297,2026,1,regular,2026-08-29T23:00:00.000Z,False,True,False,False,,6049.0,"Memorial Stadium (Wichita Falls, TX)",2395,Midwestern State,ii,Lone Star,30.0,"[2, 14, 14, 0]",,,,2403,Missouri Southern State,ii,Mid America,23.0,"[9, 0, 0, 14]",,,,,,,
401872615,2026,1,regular,2026-08-29T23:00:00.000Z,False,True,False,False,,5237.0,Dana J. Dykhouse Stadium,2571,South Dakota State,fcs,MVFC,70.0,"[21, 21, 28, 0]",0.9941574335098267,,,56,Stetson,fcs,Pioneer,7.0,"[0, 0, 7, 0]",0.00584256649017334,,,1.9805360727069223,,,
401868149,2026,1,regular,2026-08-29T23:00:00.000Z,False,True,True,False,,11559.0,Joe Davis Stadium,2453,North Alabama,fcs,UAC,22.0,"[0, 16, 0, 6]",0.9971528649330139,,,2535,Samford,fcs,Southern,10.0,"[0, 7, 0, 3]",0.002847135066986084,,,4.218189266169827,,,
401874042,2026,1,regular,2026-08-29T23:00:00.000Z,False,True,False,False,,4417.0,Five Star Stadium at the Moye Complex,2382,Mercer,fcs,Southern,23.0,"[10, 13, 0, 0]",0.8682820796966553,,,2837,East Texas A&M,fcs,Southland,15.0,"[0, 0, 7, 8]",0.13171792030334473,,,5.310723332636079,,FCS Kickoff,
401896385,2026,1,regular,2026-08-29T23:00:00.000Z,False,True,False,False,,3771.0,Jack Spinks Stadium,2016,Alcorn State,fcs,SWAC,56.0,"[7, 28, 14, 7]",0.9921272397041321,,,2396,Miles,ii,SIAC,7.0,"[7, 0, 0, 0]",0.00787276029586792,,,3.0296823731911786,,,
401907219,2026,1,regular,2026-08-29T23:00:00.000Z,False,True,False,False,,3609.0,Allgood-Bailey Stadium,2402,Missouri S&T,ii,Great Lakes,,,,,,134087,Westgate Christian University,,,,,,,,,,,
401868952,2026,1,regular,2026-08-29T23:00:00.000Z,False,True,False,False,,3902.0,Eddie Robinson Stadium,2755,Grambling,fcs,SWAC,49.0,"[7, 21, 0, 21]",0.983070969581604,,,2805,Clark Atlanta,ii,SIAC,7.0,"[0, 0, 7, 0]",0.016929030418395996,,,1.9470762419691368,,,
401867977,2026,1,regular,2026-08-29T23:00:00.000Z,False,True,False,False,,3631.0,BBVA Compass Stadium,2640,Texas Southern,fcs,SWAC,42.0,"[0, 14, 21, 7]",0.9954050183296204,,,2428,North Carolina Central,fcs,MEAC,30.0,"[14, 10, 3, 3]",0.004594981670379639,,,5.293114622874746,,,
401858201,2026,1,regular,2026-08-29T23:00:00.000Z,False,True,False,False,,3940.0,Stanford Stadium,24,Stanford,fbs,ACC,37.0,"[7, 7, 9, 14]",0.9951261878013611,1390.0,1413.0,62,Hawai'i,fbs,Mountain West,27.0,"[0, 7, 0, 20]",0.004873812198638916,1472.0,1449.0,5.770253187027743,,,
401913104,2026,1,regular,2026-08-29T23:00:00.000Z,False,True,False,False,,3734.0,Gayle and Tom Benson Stadium,2916,Incarnate Word,fcs,Southland,76.0,"[41, 21, 7, 7]",0.9791773557662964,,,2824,Oklahoma Panhandle,,,14.0,"[0, 0, 7, 7]",0.020822644233703613,,,1.4330923502996875,,,
401891332,2026,1,regular,2026-08-29T23:00:00.000Z,False,True,False,False,,3744.0,Hancock Stadium,2287,Illinois State,fcs,MVFC,76.0,"[20, 28, 21, 7]",0.9937936067581177,,,2595,St. Francis (IL),,,0.0,"[0, 0, 0, 0]",0.006206393241882324,,,2.810823229382605,,,
401868934,2026,1,regular,2026-08-29T23:00:00.000Z,False,True,True,False,,3983.0,War Memorial Stadium (AR),2029,Arkansas-Pine Bluff,fcs,SWAC,35.0,"[7, 14, 14, 0]",0.859703004360199,,,60,Morehouse,ii,SIAC,15.0,"[0, 15, 0, 0]",0.14029699563980103,,,3.222926755949488,,,
401868948,2026,1,regular,2026-08-29T23:00:00.000Z,False,True,False,False,,3650.0,Bragg Memorial Stadium,50,Florida A&M,fcs,SWAC,20.0,"[7, 0, 3, 10]",0.9447019100189209,,,2013,Albany State,ii,SIAC,7.0,"[0, 0, 0, 7]",0.0552980899810791,,,2.893643316973037,,,
401868049,2026,1,regular,2026-08-29T23:00:00.000Z,False,True,False,False,,3882.0,Provost Umphrey Stadium,2320,Lamar,fcs,Southland,21.0,"[7, 7, 0, 7]",0.8566344976425171,,,2000,Abilene Christian,fcs,UAC,14.0,"[0, 7, 0, 7]",0.1433655023574829,,,4.086557869618577,,,
401868139,2026,1,regular,2026-08-29T23:00:00.000Z,False,True,False,False,,3704.0,E. J. Whitmire Stadium,2717,Western Carolina,fcs,Southern,45.0,"[7, 3, 21, 14]",0.9677991271018982,,,2198,Eastern Kentucky,fcs,UAC,21.0,"[7, 7, 7, 0]",0.03220087289810181,,,6.364400709881585,,,
401868305,2026,1,regular,2026-08-29T23:00:00.000Z,False,True,False,True,,3686.0,Cowboy Stadium,2377,McNeese,fcs,Southland,27.0,"[7, 0, 6, 14]",0.0002580167492851615,,,2617,Stephen F. Austin,fcs,Southland,38.0,"[10, 14, 14, 0]",0.9997419832507148,,,3.6190878220186637,,,
401907204,2026,1,regular,2026-08-29T23:00:00.000Z,False,True,False,False,,6045.0,Dwight T. Reed Stadium,2876,Lincoln (MO),ii,Great Lakes,27.0,"[7, 7, 6, 7]",,,,2860,Central Methodist,,,11.0,"[2, 3, 0, 6]",,,,,,,
401907243,2026,1,regular,2026-08-29T23:00:00.000Z,False,True,False,False,,6077.0,Stokes Stadium,2654,Truman State,ii,Great Lakes,21.0,"[7, 0, 0, 14]",,,,2687,Washburn,ii,Mid America,27.0,"[0, 17, 7, 3]",,,,,,,
401867935,2026,1,regular,2026-08-29T23:30:00.000Z,False,True,True,False,,4246.0,Center Parc Stadium,47,Howard,fcs,MEAC,31.0,"[10, 10, 3, 8]",0.6175035834312439,,,2010,Alabama A&M,fcs,SWAC,24.0,"[0, 14, 0, 10]",0.3824964165687561,,,7.9922217270312865,,Cricket MEAC/SWAC Challenge Kickoff,
401907324,2026,1,regular,2026-08-30T00:00:00.000Z,False,True,False,False,,10464.0,Walter Butler Stadium,2064,Bethel University Tennessee,,,16.0,"[13, 3, 0, 0]",,,,2323,Lane College,ii,SIAC,3.0,"[3, 0, 0, 0]",,,,,,,
401907334,2026,1,regular,2026-08-30T00:00:00.000Z,False,True,False,False,,6123.0,Jackson Field,2834,Sul Ross State,ii,Lone Star,20.0,"[3, 3, 0, 14]",,,,630,Wayland Baptist,,,34.0,"[0, 7, 14, 13]",,,,,,,
401907308,2026,1,regular,2026-08-30T00:00:00.000Z,False,True,False,False,,6076.0,Javelina Stadium,2658,Texas A&M-Kingsville,ii,Lone Star,3.0,"[0, 3, 0, 0]",,,,138,Northwest Missouri State,ii,Mid America,48.0,"[10, 14, 14, 10]",,,,,,,
401868245,2026,1,regular,2026-08-30T00:00:00.000Z,False,True,False,False,,6006.0,Robert and Janet Vackar Stadium,292,UT Rio Grande Valley,fcs,Southland,44.0,"[17, 6, 7, 14]",0.9910883903503418,,,110243,UT Permian Basin,ii,Lone Star,0.0,"[0, 0, 0, 0]",0.008911609649658203,,,2.8480530049230817,,,
401868194,2026,1,regular,2026-08-30T00:30:00.000Z,False,True,False,False,,3810.0,Nissan Stadium,2634,Tennessee State,fcs,OVC,24.0,"[7, 10, 0, 7]",0.12346487492322922,,,2296,Jackson State,fcs,SWAC,26.0,"[7, 3, 13, 3]",0.8765351250767708,,,5.755094315086749,,,
401868110,2026,1,regular,2026-08-30T01:00:00.000Z,False,True,False,True,,3987.0,Washington-Grizzly Stadium,149,Montana,fcs,Big Sky,28.0,"[7, 7, 7, 7]",0.5174737572669983,,,253,Southern Utah,fcs,Big Sky,21.0,"[0, 3, 6, 12]",0.4825262427330017,,,6.031283022748659,,,
401868235,2026,1,regular,2026-08-30T01:00:00.000Z,False,True,False,False,,3827.0,"Memorial Stadium (Stephenville, TX)",2627,Tarleton State,fcs,UAC,49.0,"[14, 14, 14, 7]",1.0,,,2504,Prairie View A&M,fcs,SWAC,30.0,"[7, 13, 3, 7]",0.0,,,4.3911125362926215,,,
401868118,2026,1,regular,2026-08-30T02:00:00.000Z,False,True,False,True,,3745.0,Greater Zion Stadium,3101,Utah Tech,fcs,Big Sky,0.0,"[0, 0, 0, 0]",0.011324181221425533,,,147,Montana State,fcs,Big Sky,54.0,"[10, 16, 14, 14]",0.9886758187785745,,,2.585958049903859,,,
401862693,2026,1,regular,2026-08-30T02:00:00.000Z,False,True,False,False,,6501.0,Allegiant Stadium,2439,UNLV,fbs,Mountain West,21.0,"[0, 14, 7, 0]",0.04621971398591995,1581.0,1566.0,235,Memphis,fbs,American Athletic,27.0,"[0, 7, 17, 3]",0.95378028601408,1526.0,1541.0,6.40825618898589,,,
401906596,2026,1,regular,2026-08-31T00:00:00.000Z,False,True,True,False,,3689.0,Cramton Bowl,2657,Tuskegee,ii,SIAC,17.0,"[7, 0, 0, 10]",,,,2695,West Alabama,ii,Gulf South,27.0,"[7, 7, 0, 13]",,,,,,,
401908891,2026,1,regular,2026-09-03T21:00:00.000Z,False,True,False,False,,6085.0,Sprague Field,2818,Montclair State,iii,New Jersey,24.0,"[0, 10, 0, 14]",,,,2383,Merchant Marine,iii,NEWMAC,41.0,"[21, 7, 6, 7]",,,,,,,
401907610,2026,1,regular,2026-09-03T22:00:00.000Z,False,True,False,False,,5887.0,I.L. & Sue Morris Stadium,2249,Glenville State,ii,Mountain East,24.0,"[3, 7, 7, 7]",,,,210,Millersville,ii,Pennsylvania State Athletic,21.0,"[0, 14, 7, 0]",,,,,,,
401858423,2026,1,regular,2026-09-03T22:00:00.000Z,False,True,False,False,,6577.0,SHI Stadium,164,Rutgers,fbs,Big Ten,21.0,"[7, 0, 0, 14]",0.0026932330802083015,1479.0,1381.0,113,Massachusetts,fbs,Mid-American,37.0,"[7, 17, 3, 10]",0.9973067669197917,978.0,1076.0,3.19174551401912,,,
401907526,2026,1,regular,2026-09-03T22:00:00.000Z,False,True,False,False,,4437.0,"Memorial Stadium (Clarion, PA)",2134,Clarion,ii,Pennsylvania State Athletic,52.0,"[0, 17, 28, 7]",,,,455,West Virginia Wesleyan,ii,Mountain East,14.0,"[7, 0, 7, 0]",,,,,,,
401907484,2026,1,regular,2026-09-03T22:00:00.000Z,False,True,False,False,,3848.0,Multi-Sport Stadium,2038,Assumption,ii,Northeast 10,35.0,"[14, 0, 7, 14]",,,,2315,Kutztown,ii,Pennsylvania State Athletic,56.0,"[14, 21, 7, 14]",,,,,,,
401907412,2026,1,regular,2026-09-03T22:00:00.000Z,False,True,False,False,,3663.0,Burke-Tarr Stadium,2105,Carson Newman,ii,South Atlantic,44.0,"[10, 7, 14, 13]",,,,134000,Thomas,,,0.0,"[0, 0, 0, 0]",,,,,,,
401906880,2026,1,regular,2026-09-03T22:00:00.000Z,False,True,False,False,,3600.0,Tom Adams Field,131,Wayne State (MI),ii,GLIAC,0.0,"[0, 0, 0, 0]",,,,2886,Northwood,ii,Great Midwest Athletic,52.0,"[14, 28, 10, 0]",,,,,,,
401907838,2026,1,regular,2026-09-03T22:00:00.000Z,False,True,False,False,,6100.0,Cutler Field,354,Olivet,iii,Michigan,39.0,"[6, 20, 7, 6]",,,,74,Millikin,iii,CCIW,19.0,"[13, 3, 3, 0]",,,,,,,
401907516,2026,1,regular,2026-09-03T22:00:00.000Z,False,True,False,False,,4436.0,Adamson Stadium,2858,California (PA),ii,Pennsylvania State Athletic,49.0,"[21, 21, 0, 7]",,,,2128,Charleston (WV),ii,Mountain East,24.0,"[10, 14, 0, 0]",,,,,,,
401868269,2026,1,regular,2026-09-03T22:00:00.000Z,False,True,False,False,,3774.0,Jayne Stadium,2413,Morehead State,fcs,Pioneer,75.0,"[27, 41, 0, 7]",0.9964452981948853,,,3077,Kentucky Christian,,,24.0,"[7, 10, 0, 7]",0.003554701805114746,,,1.7517657273687588,,,
401907493,2026,1,regular,2026-09-03T22:00:00.000Z,False,True,False,False,,5943.0,Duvall-Rosier Field,2986,Fairmont State,ii,Mountain East,13.0,"[3, 3, 0, 7]",,,,2071,Bloomsburg,ii,Pennsylvania State Athletic,35.0,"[7, 7, 14, 7]",,,,,,,
401907995,2026,1,regular,2026-09-03T23:00:00.000Z,False,True,False,False,,5901.0,David Smith Stadium at Ramer Field,2723,Wisconsin River Falls,iii,Wisconsin,73.0,"[35, 21, 14, 3]",,,,2896,Southern Virginia,iii,USA South,7.0,"[0, 0, 7, 0]",,,,,,,
401864425,2026,1,regular,2026-09-03T23:00:00.000Z,False,True,False,False,,4899.0,Fifth Third Stadium,338,Kennesaw State,fbs,Conference USA,47.0,"[19, 21, 7, 0]",0.9909650087356567,1373.0,1373.0,2698,West Georgia,fcs,UAC,0.0,"[0, 0, 0, 0]",0.009034991264343262,,,2.229737075700872,,,
401906526,2026,1,regular,2026-09-03T23:00:00.000Z,False,True,False,True,,5871.0,Convoy Leslie Cotton Boll Stadium,2028,Arkansas Monticello,ii,Great American,12.0,"[0, 6, 6, 0]",,,,199,Southeastern Oklahoma State,ii,Great American,21.0,"[7, 14, 0, 0]",,,,,,,
401858204,2026,1,regular,2026-09-03T23:00:00.000Z,False,True,False,False,,3630.0,Allegacy Federal Credit Union Stadium,154,Wake Forest,fbs,ACC,38.0,"[10, 18, 3, 7]",0.9861863851547241,1520.0,1516.0,2006,Akron,fbs,Mid-American,16.0,"[0, 3, 0, 13]",0.013813614845275879,925.0,929.0,2.6068707243929237,,,
401907871,2026,1,regular,2026-09-03T23:00:00.000Z,False,True,False,False,,6126.0,Bob Boozer Field,2781,Brockport,iii,Empire 8,68.0,"[14, 28, 10, 16]",,,,2085,Buffalo State,iii,Liberty League,0.0,"[0, 0, 0, 0]",,,,,,,
401906553,2026,1,regular,2026-09-03T23:00:00.000Z,False,True,False,True,,3934.0,Southern Nazarene University Football Stadium,200,Southern Nazarene,ii,Great American,21.0,"[0, 0, 14, 7]",,,,2271,Henderson State,ii,Great American,57.0,"[14, 3, 26, 14]",,,,,,,
401906545,2026,1,regular,2026-09-03T23:00:00.000Z,False,True,False,True,,5885.0,First Security Stadium,2264,Harding,ii,Great American,76.0,"[34, 14, 21, 7]",,,,2823,Northwestern (OK),ii,Great American,0.0,"[0, 0, 0, 0]",,,,,,,
401906877,2026,1,regular,2026-09-03T23:00:00.000Z,False,True,False,False,,3770.0,Jack Miller Stadium,308,Ashland,ii,Great Midwest Athletic,24.0,"[10, 0, 7, 7]",,,,2291,IU Pennsylvania,ii,Pennsylvania State Athletic,34.0,"[14, 7, 10, 3]",,,,,,,
401908201,2026,1,regular,2026-09-03T23:00:00.000Z,False,True,False,False,,5907.0,McCarthy Stadium (Wilkes Barre),247,King's,iii,Mid Atlantic,0.0,[0],,,,398,Wilkes,iii,Landmark Conference,7.0,[7],,,,,,,
401907644,2026,1,regular,2026-09-03T23:00:00.000Z,False,True,False,True,,6051.0,James S. Malosky Stadium,134,Minnesota Duluth,ii,Northern Sun,30.0,"[0, 10, 0, 20]",,,,2043,Augustana (SD),ii,Northern Sun,23.0,"[14, 3, 0, 6]",,,,,,,
401908854,2026,1,regular,2026-09-03T23:00:00.000Z,False,True,False,False,,6127.0,John P. Papp Stadium,2748,Wooster,iii,North Coast,19.0,"[0, 12, 0, 7]",,,,2733,Wilmington (OH),iii,Ohio,22.0,"[16, 6, 0, 0]",,,,,,,
401908216,2026,1,regular,2026-09-03T23:00:00.000Z,False,True,False,False,,6099.0,Selby Stadium,2980,Ohio Wesleyan,iii,North Coast,68.0,"[14, 26, 14, 14]",,,,2074,Bluffton,iii,Heartland,9.0,"[3, 0, 6, 0]",,,,,,,
401907697,2026,1,regular,2026-09-03T23:00:00.000Z,False,True,False,True,,3951.0,Swisher Field,425,Northern State,ii,Northern Sun,31.0,"[14, 0, 14, 3]",,,,2851,Winona State,ii,Northern Sun,16.0,"[0, 3, 6, 7]",,,,,,,
401907677,2026,1,regular,2026-09-03T23:00:00.000Z,False,True,False,True,,3606.0,Scheels Field at Nemzek Stadium,2817,Minnesota St Moorhead,ii,Northern Sun,48.0,"[7, 20, 14, 7]",,,,3066,Concordia St. Paul,ii,Northern Sun,30.0,"[6, 7, 3, 14]",,,,,,,
401907666,2026,1,regular,2026-09-03T23:00:00.000Z,False,True,False,False,,6130.0,Fred Zollner Athletic Stadium,2651,Trine,iii,Michigan,48.0,"[20, 14, 7, 7]",,,,80,Chicago,iii,Midwest,34.0,"[3, 14, 10, 7]",,,,,,,
401907003,2026,1,regular,2026-09-03T23:00:00.000Z,False,True,False,False,,3811.0,Lubbers Stadium,125,Grand Valley State,ii,GLIAC,56.0,"[14, 21, 14, 7]",,,,2704,West Texas,ii,Lone Star,14.0,"[7, 0, 0, 7]",,,,,,,
401864424,2026,1,regular,2026-09-03T23:00:00.000Z,False,True,False,False,,3695.0,Delaware Stadium,48,Delaware,fbs,Conference USA,42.0,"[7, 14, 14, 7]",0.9847715497016907,1404.0,1404.0,2771,Merrimack,fcs,FCS Independents,7.0,"[0, 0, 7, 0]",0.015228450298309326,,,2.641449382089869,,,
401866622,2026,1,regular,2026-09-03T23:00:00.000Z,False,True,False,False,,3788.0,Kenneth P. LaValle Stadium,2619,Stony Brook,fcs,Coastal Athletic,36.0,"[7, 0, 10, 19]",0.8862419724464417,,,2815,Lindenwood,fcs,OVC,32.0,"[10, 12, 3, 7]",0.11375802755355835,,,6.6906434191255215,,,
401906603,2026,1,regular,2026-09-03T23:00:00.000Z,False,True,False,False,,4851.0,Bazemore-Hyder Stadium,2673,Valdosta State,ii,Gulf South,59.0,"[7, 17, 28, 7]",,,,2683,Warner,,,10.0,"[0, 0, 10, 0]",,,,,,,
401907727,2026,1,regular,2026-09-03T23:00:00.000Z,False,True,False,True,,6052.0,Herb Parker Stadium,568,Minot State,ii,Northern Sun,28.0,"[7, 3, 7, 11]",,,,2844,Wayne State (NE),ii,Northern Sun,35.0,"[0, 14, 0, 21]",,,,,,,
401908346,2026,1,regular,2026-09-03T23:00:00.000Z,False,True,False,False,,5902.0,Knox Stadium,246,Juniata,iii,Landmark Conference,7.0,"[0, 0, 0, 7]",,,,2248,Gettysburg,iii,Centennial,24.0,"[7, 7, 7, 3]",,,,,,,
401856767,2026,1,regular,2026-09-03T23:00:00.000Z,False,True,False,False,,3652.0,FBC Mortgage Stadium,2116,UCF,fbs,Big 12,73.0,"[21, 17, 28, 7]",0.9843000769615173,1465.0,1465.0,2065,Bethune-Cookman,fcs,SWAC,6.0,"[0, 0, 0, 6]",0.015699923038482666,,,1.897970373376696,,,
401908789,2026,1,regular,2026-09-03T23:00:00.000Z,False,True,False,False,,5931.0,Don Drumm Stadium,317,Marietta,iii,Ohio,34.0,"[0, 6, 14, 14]",,,,2849,Westminster (PA),iii,Presidents',24.0,"[3, 0, 0, 21]",,,,,,,
401906649,2026,1,regular,2026-09-03T23:00:00.000Z,False,True,False,False,,4440.0,Sox Harrison Stadium,2205,Edinboro,ii,Pennsylvania State Athletic,38.0,"[0, 7, 7, 7, 17]",,,,2477,Ohio Dominican,ii,Great Midwest Athletic,36.0,"[0, 18, 3, 0, 15]",,,,,,,
401867889,2026,1,regular,2026-09-03T23:00:00.000Z,False,True,False,False,,3925.0,Seibert Stadium,2535,Samford,fcs,Southern,18.0,"[0, 7, 8, 3]",0.016516925767064095,,,79,Southern Illinois,fcs,MVFC,22.0,"[9, 6, 0, 7]",0.9834830742329359,,,5.985629012153314,,,
401866409,2026,1,regular,2026-09-03T23:00:00.000Z,False,True,False,False,,3965.0,UB Stadium,2084,Buffalo,fbs,Mid-American,21.0,"[0, 14, 0, 7]",0.9391478896141052,1365.0,1365.0,399,UAlbany,fcs,Coastal Athletic,17.0,"[7, 3, 7, 0]",0.060852110385894775,,,6.902093440356493,,,
401906515,2026,1,regular,2026-09-04T00:00:00.000Z,False,True,False,True,,5870.0,Thone Stadium at Buerkle Field,2033,Arkansas Tech,ii,Great American,26.0,"[6, 7, 0, 13]",,,,2927,Southwestern Oklahoma State,ii,Great American,20.0,"[7, 3, 3, 7]",,,,,,,
401907156,2026,1,regular,2026-09-04T00:00:00.000Z,False,True,False,False,,3633.0,Ben Altamirano Field,2703,Western New Mexico,ii,Lone Star,32.0,"[13, 6, 0, 13]",,,,2424,New Mexico Highlands,ii,Rocky Mountain,55.0,"[7, 21, 7, 20]",,,,,,,
401856776,2026,1,regular,2026-09-04T00:00:00.000Z,False,True,False,False,,721.0,Bobby Dodd Stadium,59,Georgia Tech,fbs,ACC,13.0,"[0, 10, 0, 3]",0.46688950061798096,1563.0,1553.0,38,Colorado,fbs,Big 12,14.0,"[0, 7, 0, 7]",0.533110499382019,1396.0,1406.0,6.240260056598781,,,
401907162,2026,1,regular,2026-09-04T00:00:00.000Z,False,True,False,False,,5782.0,Mountaineer Bowl,2714,Western Colorado,ii,Rocky Mountain,23.0,"[3, 6, 7, 7]",,,,2025,Angelo State,ii,Lone Star,21.0,"[7, 7, 0, 7]",,,,,,,
401858422,2026,1,regular,2026-09-04T00:00:00.000Z,False,True,False,False,,3953.0,Huntington Bank Stadium,135,Minnesota,fbs,Big Ten,59.0,"[14, 21, 10, 14]",0.9948015213012695,1510.0,1510.0,2197,Eastern Illinois,fcs,OVC,7.0,"[0, 7, 0, 0]",0.005198478698730469,,,2.14001327981458,,,
401906536,2026,1,regular,2026-09-04T00:00:00.000Z,False,True,False,True,,6065.0,Cliff Harris Stadium,2888,Ouachita Baptist,ii,Great American,17.0,"[10, 0, 0, 7]",,,,2191,East Central,ii,Great American,27.0,"[3, 10, 6, 8]",,,,,,,
401907145,2026,1,regular,2026-09-04T00:00:00.000Z,False,True,False,False,,5890.0,Lewis Field Stadium,2231,Fort Hays,ii,Mid America,17.0,"[7, 3, 0, 7]",,,,2570,CSU Pueblo,ii,Rocky Mountain,35.0,"[7, 14, 7, 7]",,,,,,,
401907121,2026,1,regular,2026-09-04T00:00:00.000Z,False,True,False,False,,5880.0,Elliott Field at Don Beebe Stadium,2123,Chadron State,ii,Rocky Mountain,24.0,"[0, 17, 7, 0]",,,,2438,Nebraska Kearney,ii,Mid America,21.0,"[0, 7, 7, 7]",,,,,,,
401856663,2026,1,regular,2026-09-04T00:00:00.000Z,False,True,False,False,,3838.0,Memorial Stadium,142,Missouri,fbs,SEC,54.0,"[14, 26, 0, 14]",0.9942298531532288,1666.0,1666.0,2029,Arkansas-Pine Bluff,fcs,SWAC,14.0,"[0, 0, 7, 7]",0.00577014684677124,,,2.395718076222952,,,
401906566,2026,1,regular,2026-09-04T00:00:00.000Z,False,True,False,True,,6064.0,Crain Family Stadium,319,Oklahoma Baptist,ii,Great American,38.0,"[7, 17, 0, 14]",,,,2568,Southern Arkansas,ii,Great American,20.0,"[14, 6, 0, 0]",,,,,,,
401873393,2026,1,regular,2026-09-04T00:00:00.000Z,False,True,False,False,,3945.0,Strong Stadium,266,Beloit,iii,Midwest,14.0,"[0, 14, 0, 0]",,,,2524,Rockford,iii,NACC,12.0,"[6, 0, 6, 0]",,,,,,,
401907337,2026,1,regular,2026-09-04T00:00:00.000Z,False,True,False,True,,4724.0,Audrey J. Walton Stadium at Vernon Kennedy Field,2118,Central Missouri,ii,Mid America,49.0,"[7, 21, 14, 7]",,,,137,Missouri Western,ii,Mid America,10.0,"[3, 7, 0, 0]",,,,,,,
401908386,2026,1,regular,2026-09-04T00:00:00.000Z,False,True,False,False,,6081.0,Harper Davis Field,2398,Millsaps,iii,Southern Athletic,36.0,"[0, 17, 13, 6]",,,,2056,Belhaven,iii,USA South,20.0,"[7, 0, 7, 6]",,,,,,,
401858424,2026,1,regular,2026-09-04T01:00:00.000Z,False,True,False,False,,3832.0,"Memorial Stadium (Champaign, IL)",356,Illinois,fbs,Big Ten,42.0,"[14, 7, 7, 14]",0.9480764269828796,1563.0,1595.0,5,UAB,fbs,American Athletic,23.0,"[3, 10, 3, 7]",0.05192357301712036,1443.0,1411.0,3.799962230181375,,,
401856768,2026,1,regular,2026-09-04T01:00:00.000Z,False,True,False,False,,587.0,Rice-Eccles Stadium,254,Utah,fbs,Big 12,66.0,"[17, 14, 14, 21]",0.9970967173576355,1817.0,1817.0,70,Idaho,fcs,Big Sky,14.0,"[0, 7, 7, 0]",0.002903282642364502,,,2.11235780713634,,,
401908537,2026,1,regular,2026-09-04T22:00:00.000Z,False,True,False,False,,5637.0,Vendetti Field,2884,Nichols,iii,Commonwealth Coast,7.0,"[0, 0, 7, 0]",,,,109,MIT,iii,NEWMAC,35.0,"[7, 14, 7, 7]",,,,,,,
401908331,2026,1,regular,2026-09-04T22:00:00.000Z,False,True,False,False,,5835.0,Biddle Field,2175,Dickinson,iii,Centennial,27.0,"[6, 7, 14, 0]",,,,2516,Randolph Macon,iii,Old Dominion,14.0,"[0, 7, 0, 7]",,,,,,,
401908162,2026,1,regular,2026-09-04T22:00:00.000Z,False,True,False,False,,5127.0,Gene L. Shirk Stadium,2015,Albright,iii,Mid Atlantic,44.0,"[7, 10, 21, 6]",,,,417,Gallaudet,iii,Southern Collegiate Athletic,7.0,"[0, 0, 7, 0]",,,,,,,
401908318,2026,1,regular,2026-09-04T22:00:00.000Z,False,True,False,False,,6112.0,Richard Wackar Stadium,2827,Rowan,iii,New Jersey,14.0,"[7, 0, 0, 7]",,,,2371,Mary Hardin Baylor,iii,American Southwest,35.0,"[14, 0, 14, 7]",,,,,,,
401908094,2026,1,regular,2026-09-04T22:00:00.000Z,False,True,False,False,,5998.0,Monarch Stadium,291,Methodist,iii,USA South,3.0,"[0, 3, 0, 0]",,,,2828,Shenandoah,iii,Old Dominion,30.0,"[14, 6, 7, 3]",,,,,,,
401907008,2026,1,regular,2026-09-04T22:00:00.000Z,False,True,False,False,,3960.0,Top Taggart Field,2222,Ferris State,ii,GLIAC,38.0,"[7, 14, 10, 7]",,,,2060,Bentley,ii,Northeast 10,3.0,"[0, 3, 0, 0]",,,,,,,
401864495,2026,1,regular,2026-09-04T22:30:00.000Z,False,True,False,False,,3912.0,Rynearson Stadium,2199,Eastern Michigan,fbs,Mid-American,21.0,"[0, 7, 14, 0]",0.0,1360.0,1353.0,23,San José State,fbs,Mountain West,27.0,"[0, 10, 7, 10]",1.0,1406.0,1413.0,5.895337083138708,,,
401906610,2026,1,regular,2026-09-04T22:30:00.000Z,False,True,False,False,,7082.0,Athletic Field Complex,122774,Keystone,iii,Independent DIII,25.0,"[7, 0, 0, 18]",,,,111674,Alvernia,iii,Mid Atlantic,21.0,"[7, 0, 7, 7]",,,,,,,
401908181,2026,1,regular,2026-09-04T23:00:00.000Z,False,True,False,False,,6136.0,Patterson Field,2667,Ursinus,iii,Centennial,17.0,"[7, 3, 7, 0]",,,,2808,Delaware Valley,iii,Mid Atlantic,14.0,"[0, 7, 7, 0]",,,,,,,
401907966,2026,1,regular,2026-09-04T23:00:00.000Z,False,True,False,False,,6083.0,Mangelsdorf Field,2969,Misericordia,iii,Mid Atlantic,42.0,"[14, 14, 7, 7]",,,,173,Hartwick,iii,Empire 8,14.0,"[0, 0, 0, 14]",,,,,,,
401907862,2026,1,regular,2026-09-04T23:00:00.000Z,False,True,False,False,,5856.0,Boswell Field at David J. Urick Stadium,174,Hobart,iii,Liberty League,24.0,"[0, 7, 9, 8]",,,,365,Alfred,iii,Empire 8,17.0,"[7, 0, 3, 7]",,,,,,,
401858435,2026,1,regular,2026-09-04T23:00:00.000Z,False,True,False,False,,3907.0,Ross-Ade Stadium,2509,Purdue,fbs,Big Ten,44.0,"[10, 6, 21, 7]",0.9921911954879761,1318.0,1318.0,282,Indiana State,fcs,MVFC,19.0,"[3, 3, 0, 13]",0.007808804512023926,,,2.442458035830671,,,
401868262,2026,1,regular,2026-09-04T23:00:00.000Z,False,True,False,False,,36.0,Leonidoff Field,2368,Marist,fcs,Pioneer,27.0,"[6, 7, 7, 7]",0.5565996766090393,,,112334,Franklin Pierce,ii,Northeast 10,18.0,"[0, 6, 0, 12]",0.4434003233909607,,,3.2030546167389717,,,
401866623,2026,1,regular,2026-09-04T23:00:00.000Z,False,True,False,False,,4246.0,Center Parc Stadium,2247,Georgia State,fbs,Sun Belt,59.0,"[14, 21, 24, 0]",0.9921911954879761,1241.0,1241.0,2448,North Carolina A&T,fcs,Coastal Athletic,10.0,"[0, 7, 0, 3]",0.007808804512023926,,,3.2067711849236753,,,
401908263,2026,1,regular,2026-09-04T23:00:00.000Z,False,True,False,False,,7077.0,Shadek Stadium,2234,Franklin & Marshall,iii,Centennial,31.0,"[7, 3, 7, 14]",,,,388,Lebanon Valley,iii,Mid Atlantic,7.0,"[0, 7, 0, 0]",,,,,,,
401908309,2026,1,regular,2026-09-04T23:00:00.000Z,False,True,False,False,,3851.0,Mustang Stadium,471,Stevenson,iii,Mid Atlantic,17.0,"[7, 0, 3, 7]",,,,2079,Bridgewater,iii,Old Dominion,0.0,"[0, 0, 0, 0]",,,,,,,
401908517,2026,1,regular,2026-09-04T23:00:00.000Z,False,True,False,False,,6119.0,Stagg Field,81,Springfield,iii,NEWMAC,42.0,"[14, 7, 7, 14]",,,,2702,Western New England,iii,Commonwealth Coast,28.0,"[0, 7, 7, 14]",,,,,,,
401907736,2026,1,regular,2026-09-04T23:00:00.000Z,False,True,False,False,,3717.0,Edwin Fauver Stadium,184,Rochester (NY),iii,Liberty League,20.0,"[6, 0, 0, 14]",,,,2963,Case Western Reserve,iii,Presidents',38.0,"[14, 10, 7, 7]",,,,,,,
401907537,2026,1,regular,2026-09-04T23:00:00.000Z,False,True,False,False,,6066.0,Pace Stadium,2487,Pace,ii,Northeast 10,26.0,"[13, 7, 3, 3]",,,,2188,East Stroudsburg,ii,Pennsylvania State Athletic,37.0,"[7, 10, 14, 6]",,,,,,,
401908690,2026,1,regular,2026-09-04T23:00:00.000Z,False,True,False,False,,6095.0,Sabine Field at Haynes Family Stadium,2467,Norwich,iii,NEWMAC,10.0,"[3, 0, 0, 7]",,,,2779,St. Lawrence,iii,Liberty League,18.0,"[0, 10, 2, 6]",,,,,,,
401908606,2026,1,regular,2026-09-04T23:00:00.000Z,False,True,False,False,,5939.0,Cressy Field,379,UMass Dartmouth,iii,MSCAC,13.0,"[0, 7, 0, 6]",,,,2776,Salve Regina,iii,NEWMAC,21.0,"[7, 7, 7, 0]",,,,,,,
401908359,2026,1,regular,2026-09-04T23:30:00.000Z,False,True,False,False,,3922.0,Kenneth R. Gill Stadium,2700,McDaniel,iii,Centennial,13.0,"[0, 13, 0, 0]",,,,2108,Catholic,iii,Landmark Conference,7.0,"[0, 0, 0, 7]",,,,,,,
401907818,2026,1,regular,2026-09-05T00:00:00.000Z,False,True,False,False,,5816.0,Art Keller Field,2106,Carthage,iii,CCIW,23.0,"[13, 3, 7, 0]",,,,6353,Lakeland,iii,NACC,14.0,"[0, 0, 8, 6]",,,,,,,
401856769,2026,1,regular,2026-09-05T00:00:00.000Z,False,True,False,False,,3833.0,Memorial Stadium,2305,Kansas,fbs,Big 12,51.0,"[6, 24, 7, 14]",0.9919133186340332,1510.0,1510.0,2341,Long Island University,fcs,NEC,6.0,"[0, 0, 0, 6]",0.008086681365966797,,,2.712433637537601,,,
401858429,2026,1,regular,2026-09-05T00:00:00.000Z,False,True,False,False,,3936.0,Spartan Stadium,127,Michigan State,fbs,Big Ten,30.0,"[10, 9, 0, 11]",0.7865183353424072,1439.0,1468.0,2649,Toledo,fbs,Mid-American,20.0,"[0, 7, 7, 6]",0.21348166465759277,1597.0,1568.0,3.933766595911785,,,
401856664,2026,1,regular,2026-09-05T00:00:00.000Z,False,True,False,False,,3835.0,"Memorial Stadium (Norman, OK)",201,Oklahoma,fbs,SEC,51.0,"[21, 6, 17, 7]",0.9970476031303406,1706.0,1799.0,2638,UTEP,fbs,Mountain West,0.0,"[0, 0, 0, 0]",0.002952396869659424,1256.0,1163.0,1.6622847209305427,,,
401858436,2026,1,regular,2026-09-05T01:00:00.000Z,False,True,False,False,,477.0,Los Angeles Memorial Coliseum,30,USC,fbs,Big Ten,39.0,"[7, 23, 2, 7]",0.9353188276290894,1752.0,1835.0,278,Fresno State,fbs,Pac-12,0.0,"[0, 0, 0, 0]",0.06468117237091064,1532.0,1449.0,2.768518413523263,,,
401858206,2026,1,regular,2026-09-05T01:00:00.000Z,False,True,False,True,,3940.0,Stanford Stadium,24,Stanford,fbs,ACC,6.0,"[3, 3, 0, 0]",0.018528111279010773,1413.0,1354.0,2390,Miami,fbs,ACC,45.0,"[14, 14, 14, 3]",0.9814718887209892,1842.0,1901.0,3.861456675658052,,,
401908292,2026,1,regular,2026-09-05T02:00:00.000Z,False,True,False,False,,6153.0,Hanson Stadium,205,Pacific (OR),iii,Northwest,0.0,"[0, 0, 0, 0]",,,,2758,Howard Payne,iii,American Southwest,49.0,"[15, 13, 14, 7]",,,,,,,
401907138,2026,1,regular,2026-09-05T14:00:00.000Z,False,True,False,False,,6034.0,Yager Stadium at Moore Bowl,2687,Washburn,ii,Mid America,16.0,"[7, 3, 0, 6]",,,,2146,Colorado School of Mines,ii,Rocky Mountain,16.0,"[3, 0, 10, 3]",,,,,,,
401908508,2026,1,regular,2026-09-05T15:00:00.000Z,False,True,False,False,,3843.0,MLC Bowl,446,Martin Luther,iii,Upper Midwest,21.0,"[7, 0, 7, 7]",,,,2359,Macalester,iii,Minnesota,34.0,"[13, 21, 0, 0]",,,,,,,
401908514,2026,1,regular,2026-09-05T15:00:00.000Z,False,True,False,False,,6082.0,Big Cat Stadium,2399,Minnesota Morris,iii,Upper Midwest,19.0,"[0, 19, 0, 0]",,,,2151,Concordia Chicago,iii,NACC,52.0,"[7, 28, 10, 7]",,,,,,,
401908470,2026,1,regular,2026-09-05T15:00:00.000Z,False,True,False,False,,5829.0,Old National Bank Stadium,509,Crown,iii,Upper Midwest,21.0,"[0, 14, 7, 0]",,,,162,Hamline,iii,Minnesota,31.0,"[7, 7, 0, 17]",,,,,,,
401908141,2026,1,regular,2026-09-05T15:00:00.000Z,False,True,False,False,,5893.0,Hollingsworth Field,2968,Gustavus Adolphus,iii,Minnesota,29.0,"[7, 8, 7, 7]",,,,2964,Central College,iii,American Rivers,3.0,"[0, 3, 0, 0]",,,,,,,
401868284,2026,1,regular,2026-09-05T15:00:00.000Z,False,True,False,False,,4416.0,Spec Martin Municipal Stadium,56,Stetson,fcs,Pioneer,45.0,"[14, 10, 7, 14]",1.0,,,2691,Webber International,,,10.0,"[0, 0, 0, 10]",0.0,,,2.814942207182986,,,
401908568,2026,1,regular,2026-09-05T16:00:00.000Z,False,True,False,True,,5831.0,Dale Lippert Field,110438,Dean,iii,MSCAC,26.0,"[6, 14, 0, 6]",,,,114,Fitchburg State,iii,MSCAC,35.0,"[13, 14, 0, 8]",,,,,,,
401907826,2026,1,regular,2026-09-05T16:00:00.000Z,False,True,False,False,,5839.0,Langhorst Field,72,Elmhurst,iii,CCIW,13.0,"[0, 0, 0, 13]",,,,2286,Illinois College,iii,Midwest,28.0,"[7, 0, 21, 0]",,,,,,,
401908557,2026,1,regular,2026-09-05T16:00:00.000Z,False,True,False,False,,3690.0,Charles L. Currier Memorial Field,2972,Plymouth State,iii,MSCAC,28.0,"[14, 7, 7, 0]",,,,131108,New England College,,,14.0,"[0, 0, 0, 14]",,,,,,,
401856778,2026,1,regular,2026-09-05T16:00:00.000Z,False,True,False,False,,4728.0,TDECU Stadium,248,Houston,fbs,Big 12,33.0,"[9, 10, 7, 7]",0.9747902750968933,1508.0,1514.0,204,Oregon State,fbs,Pac-12,20.0,"[7, 0, 6, 7]",0.02520972490310669,1266.0,1260.0,4.451653122690978,,,
401856634,2026,1,regular,2026-09-05T16:00:00.000Z,False,True,False,False,,3657.0,Bryant-Denny Stadium,333,Alabama,fbs,SEC,48.0,"[10, 28, 0, 10]",0.9966325163841248,1738.0,1823.0,151,East Carolina,fbs,American Athletic,10.0,"[0, 7, 3, 0]",0.003367483615875244,1562.0,1477.0,2.413542657655659,,,
401908563,2026,1,regular,2026-09-05T16:00:00.000Z,False,True,False,False,,5940.0,Clean Harbors Stadium,110,Mass Maritime,iii,MSCAC,49.0,"[3, 20, 19, 7]",,,,274,Maine Maritime,iii,Commonwealth Coast,0.0,"[0, 0, 0, 0]",,,,,,,
401908101,2026,1,regular,2026-09-05T16:00:00.000Z,False,True,False,False,,5854.0,Hoernemann Stadium,191,Heidelberg,iii,Ohio,40.0,"[6, 13, 0, 21]",,,,2373,Maryville (TN),iii,USA South,14.0,"[0, 7, 7, 0]",,,,,,,
401908624,2026,1,regular,2026-09-05T16:00:00.000Z,False,True,False,False,,6107.0,ECAV Stadium,2528,Rensselaer,iii,Liberty League,35.0,"[7, 7, 14, 7]",,,,2749,WPI,iii,NEWMAC,7.0,"[0, 7, 0, 0]",,,,,,,
401858208,2026,1,regular,2026-09-05T16:00:00.000Z,False,True,False,False,,1964.0,JMA Wireless Dome,183,Syracuse,fbs,ACC,66.0,"[14, 27, 2, 23]",0.9922709465026855,1288.0,1288.0,160,New Hampshire,fcs,Coastal Athletic,3.0,"[0, 0, 0, 3]",0.007729053497314453,,,2.1397786797517004,,,
401908189,2026,1,regular,2026-09-05T16:00:00.000Z,False,True,False,False,,3709.0,Hempstead Stadium,452,Endicott,iii,Commonwealth Coast,24.0,"[7, 14, 3, 0]",,,,127954,Eastern,iii,Mid Atlantic,14.0,"[0, 14, 0, 0]",,,,,,,
401907843,2026,1,regular,2026-09-05T16:00:00.000Z,False,True,False,False,,980.0,Benedetti-Wehrli Stadium,3071,North Central College,iii,CCIW,44.0,"[10, 10, 14, 10]",,,,2802,Bethel (MN),iii,Minnesota,21.0,"[7, 0, 7, 7]",,,,,,,
401908530,2026,1,regular,2026-09-05T16:00:00.000Z,False,True,False,False,,5822.0,Cadet Memorial Field,2557,Coast Guard,iii,NEWMAC,49.0,"[14, 14, 6, 15]",,,,111675,New England,iii,Commonwealth Coast,35.0,"[13, 6, 13, 3]",,,,,,,
401909005,2026,1,regular,2026-09-05T16:00:00.000Z,False,True,False,False,,5123.0,Little Giant Stadium,89,Wabash,iii,North Coast,29.0,"[0, 9, 10, 10]",,,,297,Hampden Sydney,iii,Old Dominion,20.0,"[7, 7, 6, 0]",,,,,,,
401866410,2026,1,regular,2026-09-05T16:00:00.000Z,False,True,False,False,,3700.0,Doyt L. Perry Stadium,189,Bowling Green,fbs,Mid-American,13.0,"[0, 7, 3, 3]",0.47325095534324646,1340.0,1340.0,2627,Tarleton State,fcs,UAC,20.0,"[7, 10, 0, 3]",0.5267490446567535,,,4.2530976755708005,,,
401858425,2026,1,regular,2026-09-05T16:00:00.000Z,False,True,False,False,,3830.0,"Memorial Stadium (Bloomington, IN)",84,Indiana,fbs,Big Ten,52.0,"[14, 10, 7, 21]",0.9949389696121216,2064.0,2113.0,249,North Texas,fbs,American Athletic,16.0,"[0, 6, 10, 0]",0.005061030387878418,1639.0,1590.0,2.2743649912659762,,,
401856780,2026,1,regular,2026-09-05T16:00:00.000Z,False,True,False,False,,3842.0,Milan Puskar Stadium,277,West Virginia,fbs,Big 12,31.0,"[14, 10, 0, 7]",0.8937140703201294,1360.0,1365.0,324,Coastal Carolina,fbs,Sun Belt,24.0,"[0, 0, 7, 17]",0.1062859296798706,1275.0,1270.0,2.918222613424516,,,
401867928,2026,1,regular,2026-09-05T16:00:00.000Z,False,True,False,False,,3979.0,Wagner College Stadium,2681,Wagner,fcs,NEC,31.0,"[14, 10, 0, 7]",0.9713917970657349,,,2583,Southern Connecticut State,ii,Northeast 10,7.0,"[0, 0, 0, 7]",0.028608202934265137,,,2.9012779511935176,,,
401867924,2026,1,regular,2026-09-05T16:00:00.000Z,False,True,False,True,,6058.0,Ralph F. DellaCamera Stadium,2441,New Haven,fcs,NEC,3.0,"[3, 0, 0, 0]",0.0,,,284,Stonehill,fcs,NEC,21.0,"[7, 14, 0, 0]",1.0,,,3.624114182285838,,,
401861962,2026,1,regular,2026-09-05T16:00:00.000Z,False,True,False,False,,3892.0,Pratt & Whitney Stadium,41,UConn,fbs,FBS Independents,56.0,"[21, 14, 14, 7]",0.9930822253227234,1484.0,1484.0,322,Lafayette,fcs,Patriot,7.0,"[0, 0, 0, 7]",0.006917774677276611,,,2.1293066509575125,,,
401907013,2026,1,regular,2026-09-05T16:00:00.000Z,False,True,False,False,,5934.0,Farmers Insurance Athletic Complex,110254,Davenport,ii,GLIAC,28.0,"[7, 7, 7, 7]",,,,2654,Truman State,ii,Great Lakes,14.0,"[7, 0, 0, 7]",,,,,,,
401906844,2026,1,regular,2026-09-05T16:00:00.000Z,False,True,False,False,,3729.0,"Frank ""Muddy"" Waters Stadium",2273,Hillsdale,ii,Great Midwest Athletic,55.0,"[14, 21, 13, 7]",,,,2816,McKendree,ii,Great Lakes,24.0,"[7, 7, 7, 3]",,,,,,,
401906994,2026,1,regular,2026-09-05T16:00:00.000Z,False,True,False,False,,3927.0,Sherman Field,2392,Michigan Tech,ii,GLIAC,48.0,"[7, 24, 3, 14]",,,,2395,Midwestern State,ii,Lone Star,27.0,"[0, 7, 7, 13]",,,,,,,
401908353,2026,1,regular,2026-09-05T16:00:00.000Z,False,True,False,False,,5124.0,Homewood Field,118,Johns Hopkins,iii,Centennial,30.0,"[10, 7, 6, 7]",,,,175,Ithaca,iii,Liberty League,21.0,"[0, 0, 7, 14]",,,,,,,
401908738,2026,1,regular,2026-09-05T16:00:00.000Z,False,True,False,False,,6101.0,"Memorial Stadium (Westerville, OH)",359,Otterbein,iii,Ohio,21.0,"[0, 7, 0, 14]",,,,129738,Calvin,iii,Michigan,53.0,"[12, 20, 14, 7]",,,,,,,
401858430,2026,1,regular,2026-09-05T16:00:00.000Z,False,True,False,False,,3834.0,"Memorial Stadium (Lincoln, NE)",158,Nebraska,fbs,Big Ten,49.0,"[7, 7, 14, 21]",0.993261456489563,1538.0,1592.0,195,Ohio,fbs,Mid-American,21.0,"[10, 3, 0, 8]",0.006738543510437012,1372.0,1318.0,4.959056683394593,,,
401862701,2026,1,regular,2026-09-05T16:00:00.000Z,False,True,False,False,,3841.0,Michie Stadium,349,Army,fbs,American Athletic,59.0,"[21, 10, 14, 14]",0.9969590902328491,1527.0,1527.0,2803,Bryant,fcs,Coastal Athletic,3.0,"[0, 3, 0, 0]",0.003040909767150879,,,1.9076028235625277,,,
401869960,2026,1,regular,2026-09-05T16:00:00.000Z,False,True,False,False,,3651.0,Bridgeforth Stadium,256,James Madison,fbs,Sun Belt,20.0,"[7, 10, 3, 0]",0.9636929631233215,1770.0,1776.0,2335,Liberty,fbs,Conference USA,13.0,"[0, 6, 0, 7]",0.03630703687667847,1703.0,1697.0,2.938805175877657,,,
401908364,2026,1,regular,2026-09-05T16:00:00.000Z,False,True,False,False,,6086.0,Rocco Calvo Field,323,Moravian,iii,Landmark Conference,7.0,"[0, 0, 7, 0]",,,,2422,Muhlenberg,iii,Centennial,34.0,"[13, 14, 7, 0]",,,,,,,
401908091,2026,1,regular,2026-09-05T16:00:00.000Z,False,True,False,False,,3675.0,Charles A. Gaetano Stadium,390,Utica,iii,Empire 8,26.0,"[3, 6, 3, 14]",,,,2686,Washington & Jefferson,iii,Presidents',11.0,"[0, 0, 3, 8]",,,,,,,
401907879,2026,1,regular,2026-09-05T16:00:00.000Z,False,True,False,False,,5864.0,Robert E. Thorn Field,146,Grove City,iii,Presidents',18.0,"[0, 0, 3, 15]",,,,2782,SUNY Cortland,iii,Empire 8,28.0,"[14, 0, 14, 0]",,,,,,,
401907832,2026,1,regular,2026-09-05T16:00:00.000Z,False,True,False,False,,5786.0,Sprankle-Sprandel Stadium,2790,Albion,iii,Michigan,10.0,"[3, 0, 7, 0]",,,,306,Illinois Wesleyan,iii,CCIW,24.0,"[0, 0, 10, 14]",,,,,,,
401908759,2026,1,regular,2026-09-05T16:30:00.000Z,False,True,False,True,,5923.0,Legacy Field in Carlson Stadium,67,Luther,iii,Midwest,30.0,"[7, 7, 6, 10]",,,,268,Lawrence,iii,Midwest,7.0,"[7, 0, 0, 0]",,,,,,,
401908771,2026,1,regular,2026-09-05T16:30:00.000Z,False,True,False,False,,5861.0,Rosenbloom Field,65,Grinnell,iii,Midwest,16.0,"[0, 7, 0, 9]",,,,133688,Mount Mercy,,,13.0,"[0, 7, 0, 6]",,,,,,,
401858432,2026,1,regular,2026-09-05T16:30:00.000Z,False,True,False,False,,3861.0,Ohio Stadium,194,Ohio State,fbs,Big Ten,56.0,"[14, 14, 14, 14]",0.9805747270584106,1925.0,1986.0,2050,Ball State,fbs,Mid-American,3.0,"[0, 3, 0, 0]",0.019425272941589355,1173.0,1112.0,2.0816947559603913,,,
401868017,2026,1,regular,2026-09-05T16:30:00.000Z,False,True,False,True,,3847.0,Cooper Field,46,Georgetown,fcs,Patriot,14.0,"[0, 7, 0, 7]",0.0006021121516823769,,,2329,Lehigh,fcs,Patriot,45.0,"[7, 17, 7, 14]",0.9993978878483176,,,4.289845631098663,,,
401908150,2026,1,regular,2026-09-05T16:30:00.000Z,False,True,False,False,,5823.0,Clark Field,2141,Coe,iii,American Rivers,49.0,"[7, 0, 21, 21]",,,,2155,Cornell (IA),iii,Midwest,7.0,"[0, 7, 0, 0]",,,,,,,
401858207,2026,1,regular,2026-09-05T16:30:00.000Z,False,True,False,False,,3752.0,Acrisure Stadium,221,Pittsburgh,fbs,ACC,59.0,"[21, 10, 21, 7]",0.9727570414543152,1576.0,1681.0,193,Miami (OH),fbs,Mid-American,14.0,"[0, 14, 0, 0]",0.027242958545684814,1364.0,1259.0,2.4978793686470273,,,
401856665,2026,1,regular,2026-09-05T16:45:00.000Z,False,True,False,False,,3994.0,Williams-Brice Stadium,2579,South Carolina,fbs,SEC,57.0,"[7, 22, 14, 14]",0.9963384866714478,1631.0,1742.0,2309,Kent State,fbs,Mid-American,0.0,"[0, 0, 0, 0]",0.003661513328552246,1167.0,1056.0,1.927710383165817,,,
401864496,2026,1,regular,2026-09-05T17:00:00.000Z,False,True,False,False,,3713.0,Falcon Stadium,2005,Air Force,fbs,Mountain West,34.0,"[7, 13, 7, 7]",0.992472767829895,1424.0,1424.0,2184,Duquesne,fcs,NEC,0.0,"[0, 0, 0, 0]",0.0075272321701049805,,,1.8531627866369802,,,
401908049,2026,1,regular,2026-09-05T17:00:00.000Z,False,True,False,False,,5916.0,Carson Park,2738,Wisconsin Eau Claire,iii,Wisconsin,23.0,"[7, 10, 0, 6]",,,,2800,Alma,iii,Michigan,15.0,"[0, 0, 7, 8]",,,,,,,
401868000,2026,1,regular,2026-09-05T17:00:00.000Z,False,True,False,True,,3617.0,Andy Kerr Stadium,2142,Colgate,fcs,Patriot,35.0,"[14, 14, 7, 0]",0.9934225082397461,,,107,Holy Cross,fcs,Patriot,10.0,"[3, 7, 0, 0]",0.006577491760253906,,,2.6617926095430002,,,
401907850,2026,1,regular,2026-09-05T17:00:00.000Z,False,True,False,False,,5115.0,McCully Stadium,396,Wheaton (IL),iii,CCIW,24.0,"[14, 3, 0, 7]",,,,426,Mount Union,iii,Ohio,23.0,"[7, 0, 10, 6]",,,,,,,
401908069,2026,1,regular,2026-09-05T17:00:00.000Z,False,True,False,False,,3677.0,Chuck Noll Field,2614,Saint Vincent,iii,Presidents',60.0,"[20, 20, 14, 6]",,,,125974,Hilbert,iii,Empire 8,6.0,"[0, 6, 0, 0]",,,,,,,
401907250,2026,1,regular,2026-09-05T17:00:00.000Z,False,True,False,True,,6056.0,B.T. Harvey Stadium,60,Morehouse,ii,SIAC,21.0,"[9, 0, 6, 6]",,,,2805,Clark Atlanta,ii,SIAC,31.0,"[7, 10, 7, 7]",,,,,,,
401856659,2026,1,regular,2026-09-05T17:00:00.000Z,False,True,False,False,,3683.0,Kroger Field,96,Kentucky,fbs,SEC,45.0,"[14, 14, 7, 10]",0.9882584810256958,1476.0,1476.0,2754,Youngstown State,fcs,MVFC,13.0,"[0, 7, 6, 0]",0.0117415189743042,,,1.7714212792584294,,,
401908805,2026,1,regular,2026-09-05T17:00:00.000Z,False,True,False,False,,5904.0,Angell Field,126,Kalamazoo,iii,Michigan,10.0,"[3, 0, 7, 0]",,,,352,Kenyon,iii,North Coast,40.0,"[2, 10, 7, 21]",,,,,,,
401906118,2026,1,regular,2026-09-05T17:00:00.000Z,False,True,False,True,,3904.0,Rogers Stadium (VA),330,Virginia State,ii,CIAA,42.0,"[14, 14, 0, 14]",,,,2075,Bowie State,ii,CIAA,13.0,"[7, 3, 3, 0]",,,,,,,
401908965,2026,1,regular,2026-09-05T17:00:00.000Z,False,True,False,False,,6138.0,Wilson Field,2688,Washington and Lee,iii,Old Dominion,13.0,"[0, 0, 0, 7, 6]",,,,2746,Wittenberg,iii,North Coast,7.0,"[0, 0, 7, 0, 0]",,,,,,,
401908662,2026,1,regular,2026-09-05T17:00:00.000Z,False,True,False,False,,6140.0,John F. Wiley Stadium,2845,Waynesburg,iii,Presidents',12.0,"[0, 0, 6, 6]",,,,424,Capital,iii,Ohio,35.0,"[7, 14, 7, 7]",,,,,,,
401873403,2026,1,regular,2026-09-05T17:00:00.000Z,False,True,False,False,,5905.0,Kean Alumni Stadium,2871,Kean,iii,New Jersey,30.0,"[7, 14, 9, 0]",,,,3110,SUNY Morrisville,iii,Empire 8,33.0,"[0, 20, 6, 7]",,,,,,,
401908247,2026,1,regular,2026-09-05T17:00:00.000Z,False,True,False,False,,6091.0,Abel Stadium,6845,Nebraska Wesleyan,iii,American Rivers,0.0,"[0, 0, 0, 0]",,,,2152,Concordia (MN),iii,Minnesota,28.0,"[0, 7, 21, 0]",,,,,,,
401907604,2026,1,regular,2026-09-05T17:00:00.000Z,False,True,False,False,,5133.0,Ram Stadium (WV),2974,Shepherd,ii,Pennsylvania State Athletic,34.0,"[7, 21, 0, 6]",,,,341,Frostburg State,ii,Mountain East,26.0,"[3, 0, 16, 7]",,,,,,,
401908576,2026,1,regular,2026-09-05T17:00:00.000Z,False,True,False,False,,3995.0,Dr. John W. Winkin Sports Complex,2280,Husson,iii,Commonwealth Coast,21.0,"[7, 7, 0, 7]",,,,2967,Framingham State,iii,MSCAC,33.0,"[7, 6, 7, 13]",,,,,,,
401908285,2026,1,regular,2026-09-05T17:00:00.000Z,False,True,False,False,,5114.0,Shelton Stadium,2810,Hardin Simmons,iii,American Southwest,44.0,"[3, 3, 21, 17]",,,,411,Chapman,iii,So. Cal.,24.0,"[7, 0, 10, 7]",,,,,,,
401908609,2026,1,regular,2026-09-05T17:00:00.000Z,False,True,False,False,,6150.0,Wightman Stadium,2970,William Paterson,iii,New Jersey,17.0,"[0, 3, 8, 6]",,,,2843,Western Connecticut State,iii,Landmark Conference,27.0,"[2, 13, 6, 6]",,,,,,,
401856779,2026,1,regular,2026-09-05T17:00:00.000Z,False,True,False,False,,3772.0,Jack Trice Stadium,66,Iowa State,fbs,Big 12,38.0,"[14, 14, 3, 7]",0.9895552396774292,1586.0,1586.0,2546,Southeast Missouri State,fcs,OVC,10.0,"[0, 7, 0, 3]",0.0104447603225708,,,2.775955154249339,,,
401908650,2026,1,regular,2026-09-05T17:00:00.000Z,False,True,False,False,,5787.0,Docking Stadium,2003,Adrian,iii,Michigan,17.0,"[0, 3, 0, 14]",,,,427,Ohio Northern,iii,Ohio,10.0,"[0, 7, 0, 3]",,,,,,,
401908623,2026,1,regular,2026-09-05T17:00:00.000Z,False,True,False,False,,3889.0,Reinhart Field,2951,SUNY Maritime,iii,NEWMAC,42.0,"[20, 8, 7, 7]",,,,402,Worcester State,iii,MSCAC,41.0,"[14, 14, 7, 6]",,,,,,,
401908744,2026,1,regular,2026-09-05T17:00:00.000Z,False,True,False,False,,5834.0,Deeds Field-Piper Stadium,2171,Denison,iii,North Coast,14.0,"[0, 0, 0, 14]",,,,2812,Hope,iii,Michigan,28.0,"[7, 7, 6, 8]",,,,,,,
401908617,2026,1,regular,2026-09-05T17:00:00.000Z,False,True,False,False,,5638.0,Dave Wolk Stadium,293,Vermont State Castleton,iii,New Jersey,29.0,"[0, 15, 14, 0]",,,,2909,Westfield State,iii,MSCAC,7.0,"[0, 0, 0, 7]",,,,,,,
401908644,2026,1,regular,2026-09-05T17:00:00.000Z,False,True,False,False,,5824.0,Lions Stadium,2442,The College of New Jersey,iii,New Jersey,7.0,"[0, 7, 0, 0]",,,,2354,Lycoming,iii,Landmark Conference,17.0,"[10, 0, 0, 7]",,,,,,,
401908257,2026,1,regular,2026-09-05T17:00:00.000Z,False,True,False,False,,5930.0,Carl W. Burt Memorial Stadium,2362,Manchester,iii,Heartland,17.0,"[7, 3, 7, 0]",,,,433,Westminster (MO),iii,Upper Midwest,10.0,"[0, 0, 10, 0]",,,,,,,
401908684,2026,1,regular,2026-09-05T17:00:00.000Z,False,True,False,False,,6134.0,Frank Bailey Field,237,Union,iii,Liberty League,17.0,"[0, 3, 7, 7, 0]",,,,216,Susquehanna,iii,Landmark Conference,23.0,"[0, 0, 0, 17, 6]",,,,,,,
401908206,2026,1,regular,2026-09-05T17:30:00.000Z,False,True,False,False,,5793.0,Macholtz Stadium,2023,Anderson (IN),iii,Heartland,12.0,"[0, 6, 0, 6]",,,,2018,Allegheny,iii,Presidents',28.0,"[7, 21, 0, 0]",,,,,,,
401868186,2026,1,regular,2026-09-05T17:30:00.000Z,False,True,False,False,,3737.0,Gibbs Stadium,2747,Wofford,fcs,Southern,17.0,"[7, 7, 0, 3]",0.7276458740234375,,,2241,Gardner-Webb,fcs,OVC,13.0,"[3, 0, 7, 3]",0.2723541259765625,,,4.039326122227043,,,
401908039,2026,1,regular,2026-09-05T18:00:00.000Z,False,True,False,False,,5117.0,Clemens Stadium,2600,Saint John's (MN),iii,Minnesota,24.0,"[7, 10, 0, 7]",,,,2740,Wisconsin La Crosse,iii,Wisconsin,21.0,"[7, 3, 3, 8]",,,,,,,
401907789,2026,1,regular,2026-09-05T18:00:00.000Z,False,True,False,False,,6121.0,Donald J. Schneider Stadium,2832,St. Norbert,iii,NACC,10.0,"[3, 0, 0, 7]",,,,32,Carroll (WI),iii,CCIW,40.0,"[7, 13, 13, 7]",,,,,,,
401908088,2026,1,regular,2026-09-05T18:00:00.000Z,False,True,False,False,,6120.0,Growney Stadium,374,St. John Fisher,iii,Empire 8,38.0,"[7, 21, 0, 10]",,,,2221,FDU Florham,iii,Mid Atlantic,8.0,"[0, 2, 0, 6]",,,,,,,
401907886,2026,1,regular,2026-09-05T18:00:00.000Z,False,True,False,False,,4854.0,Perkins Stadium,2745,Wisconsin Whitewater,iii,Wisconsin,69.0,"[21, 21, 17, 10]",,,,2101,Carleton,iii,Minnesota,7.0,"[7, 0, 0, 0]",,,,,,,
401908018,2026,1,regular,2026-09-05T18:00:00.000Z,False,True,False,False,,5120.0,J.J. Keller Field at Titan Stadium,271,Wisconsin Oshkosh,iii,Wisconsin,15.0,"[9, 0, 0, 6]",,,,203,Linfield,iii,Northwest,41.0,"[14, 14, 7, 6]",,,,,,,
401908412,2026,1,regular,2026-09-05T18:00:00.000Z,False,True,False,False,,3823.0,Hardee-McGee Field,2553,Sewanee,iii,Southern Athletic,37.0,"[3, 0, 13, 21]",,,,2062,Bethany (WV),iii,Presidents',40.0,"[20, 7, 0, 13]",,,,,,,
401907655,2026,1,regular,2026-09-05T18:00:00.000Z,False,True,False,False,,5814.0,Gesling Stadium,2102,Carnegie Mellon,iii,Presidents',7.0,"[0, 7, 0, 0]",,,,2302,John Carroll,iii,Ohio,17.0,"[7, 3, 0, 7]",,,,,,,
401907758,2026,1,regular,2026-09-05T18:00:00.000Z,False,True,False,False,,5809.0,J. Leslie Rollins Stadium,63,Buena Vista,iii,American Rivers,14.0,"[0, 7, 0, 7]",,,,2283,Benedictine (IL),iii,NACC,41.0,"[3, 14, 14, 10]",,,,,,,
401907691,2026,1,regular,2026-09-05T18:00:00.000Z,False,True,False,True,,11539.0,Charlotte & Gordon Hansen Stadium,2939,Jamestown,ii,Northern Sun,0.0,"[0, 0, 0, 0]",,,,2894,Sioux Falls,ii,Northern Sun,31.0,"[14, 3, 0, 14]",,,,,,,
401907420,2026,1,regular,2026-09-05T18:00:00.000Z,False,True,False,False,,5843.0,W.B. Adams Stadium,366,Ferrum,ii,Carolinas,16.0,"[0, 6, 10, 0]",,,,2213,Emory & Henry,ii,South Atlantic,55.0,"[14, 21, 14, 6]",,,,,,,
401906049,2026,1,regular,2026-09-05T18:00:00.000Z,False,True,False,False,,3667.0,Callaghan Stadium,2148,Concord,ii,Mountain East,26.0,"[0, 17, 3, 6]",,,,124180,Bluefield State,ii,CIAA,22.0,"[0, 6, 9, 7]",,,,,,,
401906860,2026,1,regular,2026-09-05T18:00:00.000Z,False,True,False,False,,6040.0,Key Stadium,2292,Indianapolis,ii,Great Lakes,10.0,"[0, 10, 0, 0]",,,,2224,Findlay,ii,Great Midwest Athletic,30.0,"[6, 14, 0, 10]",,,,,,,
401909047,2026,1,regular,2026-09-05T18:00:00.000Z,False,True,False,False,,6096.0,Austin E. Knowlton Athletics Complex,391,Oberlin,iii,North Coast,2.0,"[0, 0, 0, 2]",,,,2274,Hiram,iii,Presidents',33.0,"[7, 13, 7, 6]",,,,,,,
401862698,2026,1,regular,2026-09-05T18:00:00.000Z,False,True,False,False,,3806.0,Lincoln Financial Field,218,Temple,fbs,American Athletic,38.0,"[10, 14, 7, 7]",0.9994505643844604,1312.0,1312.0,227,Rhode Island,fcs,Coastal Athletic,14.0,"[7, 7, 0, 0]",0.0005494356155395508,,,3.427826148039743,,,
401908921,2026,1,regular,2026-09-05T18:00:00.000Z,False,True,False,False,,6122.0,Public Schools Stadium,375,St. Scholastica,iii,Minnesota,14.0,"[0, 0, 7, 7]",,,,2741,Wisconsin Lutheran,iii,NACC,37.0,"[2, 21, 7, 7]",,,,,,,
401908448,2026,1,regular,2026-09-05T18:00:00.000Z,False,True,False,False,,5821.0,Fritz B. Burns Stadium,17,Claremont Mudd Scripps,iii,So. Cal.,19.0,"[7, 10, 0, 2]",,,,583,Northwestern (MN),iii,Upper Midwest,14.0,"[7, 7, 0, 0]",,,,,,,
401908499,2026,1,regular,2026-09-05T18:00:00.000Z,False,True,False,False,,5915.0,Farwell Field,262,Lake Forest,iii,Midwest,77.0,"[21, 21, 21, 14]",,,,2257,Greenville,iii,Upper Midwest,14.0,"[0, 0, 0, 14]",,,,,,,
401866624,2026,1,regular,2026-09-05T18:00:00.000Z,False,True,False,True,,5389.0,Kessler Stadium,2405,Monmouth,fcs,Coastal Athletic,31.0,"[7, 7, 7, 10]",0.975409209728241,,,2529,Sacred Heart,fcs,Coastal Athletic,24.0,"[7, 7, 7, 3]",0.024590790271759033,,,6.384919810070809,,,
401908765,2026,1,regular,2026-09-05T18:00:00.000Z,False,True,False,False,,6109.0,Ingalls Field,2891,Ripon,iii,Midwest,14.0,"[0, 0, 0, 14]",,,,409,Concordia (WI),iii,NACC,38.0,"[14, 7, 14, 3]",,,,,,,
401908460,2026,1,regular,2026-09-05T18:00:00.000Z,False,True,False,False,,6103.0,Merritt Field,2923,Pomona Pitzer,iii,So. Cal.,42.0,"[14, 14, 14, 0]",,,,2930,Willamette,iii,Northwest,23.0,"[3, 0, 0, 20]",,,,,,,
401907475,2026,1,regular,2026-09-05T19:00:00.000Z,False,True,False,False,,5868.0,Ronald J. Abdow Field,2022,American International,ii,Northeast 10,21.0,"[3, 3, 7, 8]",,,,209,Lock Haven,ii,Pennsylvania State Athletic,14.0,"[7, 0, 0, 7]",,,,,,,
401907111,2026,1,regular,2026-09-05T19:00:00.000Z,False,True,False,False,,5877.0,Lyle Hare Stadium,2069,Black Hills State,ii,Rocky Mountain,44.0,"[14, 13, 14, 3]",,,,512,Dakota State University,,,31.0,"[6, 13, 12, 0]",,,,,,,
401906597,2026,1,regular,2026-09-05T19:00:00.000Z,False,True,False,False,,6553.0,Helen and Leonard Moretz Stadium,2331,Lenoir Rhyne,ii,South Atlantic,23.0,"[0, 16, 0, 7]",,,,2695,West Alabama,ii,Gulf South,34.0,"[3, 14, 0, 17]",,,,,,,
401908722,2026,1,regular,2026-09-05T19:00:00.000Z,False,True,False,False,,5849.0,Reeves Field (PA),2242,Geneva,iii,Presidents',21.0,"[0, 0, 14, 7]",,,,2725,Widener,iii,Mid Atlantic,14.0,"[7, 0, 7, 0]",,,,,,,
401906682,2026,1,regular,2026-09-05T19:00:00.000Z,False,True,False,False,,3769.0,Jack Britt Memorial Stadium,437,Lake Erie,ii,Great Midwest Athletic,35.0,"[14, 7, 7, 7]",,,,2830,Saint Anselm,ii,Northeast 10,7.0,"[0, 0, 7, 0]",,,,,,,
401856658,2026,1,regular,2026-09-05T19:00:00.000Z,False,True,False,False,,3917.0,Sanford Stadium,61,Georgia,fbs,SEC,63.0,"[28, 7, 14, 14]",0.987844705581665,1871.0,1871.0,2634,Tennessee State,fcs,OVC,3.0,"[0, 3, 0, 0]",0.012155294418334961,,,1.8624348875527263,,,
401868111,2026,1,regular,2026-09-05T19:00:00.000Z,False,True,False,False,,3987.0,Washington-Grizzly Stadium,149,Montana,fcs,Big Sky,45.0,"[14, 7, 14, 10]",0.9909720420837402,,,2181,Drake,fcs,Pioneer,10.0,"[3, 0, 0, 7]",0.009027957916259766,,,3.5466292330107407,,,
401907159,2026,1,regular,2026-09-05T19:00:00.000Z,False,True,False,False,,3860.0,O'Harra Stadium,613,South Dakota Mines,ii,Rocky Mountain,38.0,"[7, 17, 0, 14]",,,,2586,Southwest Baptist,ii,Great Lakes,17.0,"[0, 0, 14, 3]",,,,,,,
401856636,2026,1,regular,2026-09-05T19:30:00.000Z,False,True,True,False,,5348.0,Mercedes-Benz Stadium,2,Auburn,fbs,SEC,17.0,"[3, 7, 0, 7]",0.3212757408618927,1613.0,1613.0,239,Baylor,fbs,Big 12,16.0,"[0, 7, 0, 9]",0.6787242591381073,1506.0,1506.0,7.276093790199145,,Aflac Kickoff,
401856666,2026,1,regular,2026-09-05T19:30:00.000Z,False,True,False,False,,3853.0,Neyland Stadium,2633,Tennessee,fbs,SEC,56.0,"[7, 21, 21, 7]",0.9925051331520081,1691.0,1691.0,231,Furman,fcs,Southern,9.0,"[0, 0, 3, 6]",0.007494866847991943,,,2.5481180554485405,,,
401862700,2026,1,regular,2026-09-05T19:30:00.000Z,False,True,False,False,,3604.0,Alamodome,2636,UTSA,fbs,American Athletic,45.0,"[7, 24, 0, 14]",0.977594256401062,1522.0,1522.0,292,UT Rio Grande Valley,fcs,Southland,16.0,"[0, 6, 0, 10]",0.02240574359893799,,,2.762885935131833,,,
401866627,2026,1,regular,2026-09-05T19:30:00.000Z,False,True,False,False,,3792.0,Kidd Brewer Stadium,2026,App State,fbs,Sun Belt,55.0,"[7, 24, 7, 17]",0.992509663105011,1310.0,1310.0,311,Maine,fcs,Coastal Athletic,3.0,"[0, 0, 3, 0]",0.007490336894989014,,,2.1860471472481593,,,
401858434,2026,1,regular,2026-09-05T19:30:00.000Z,False,True,False,False,,3632.0,Beaver Stadium,213,Penn State,fbs,Big Ten,45.0,"[17, 7, 14, 7]",0.9949479103088379,1802.0,1891.0,276,Marshall,fbs,Sun Belt,0.0,"[0, 0, 0, 0]",0.005052089691162109,1478.0,1389.0,2.069694438371381,,,
401856667,2026,1,regular,2026-09-05T19:30:00.000Z,False,True,False,False,,3910.0,DKR-Texas Memorial Stadium,251,Texas,fbs,SEC,59.0,"[14, 14, 21, 10]",0.9363611340522766,1784.0,1913.0,326,Texas State,fbs,Pac-12,7.0,"[0, 7, 0, 0]",0.06363886594772339,1570.0,1441.0,2.4768900387323205,,,
401858433,2026,1,regular,2026-09-05T19:30:00.000Z,False,True,False,False,,3626.0,Autzen Stadium,2483,Oregon,fbs,Big Ten,34.0,"[0, 14, 10, 10]",0.936040997505188,1880.0,1873.0,68,Boise State,fbs,Pac-12,27.0,"[7, 10, 7, 3]",0.06395900249481201,1562.0,1569.0,6.800212461567343,,,
401858209,2026,1,regular,2026-09-05T19:30:00.000Z,False,True,False,False,,3982.0,Wallace Wade Stadium,150,Duke,fbs,ACC,17.0,"[7, 3, 0, 7]",0.9367347955703735,1581.0,1607.0,2655,Tulane,fbs,American Athletic,3.0,"[0, 0, 0, 3]",0.06326520442962646,1555.0,1529.0,3.3994336317500204,,,
401856777,2026,1,regular,2026-09-05T19:30:00.000Z,False,True,False,False,,3854.0,Nippert Stadium,2132,Cincinnati,fbs,Big 12,34.0,"[3, 7, 14, 10]",0.9926350712776184,1480.0,1516.0,103,Boston College,fbs,ACC,15.0,"[0, 0, 8, 7]",0.007364928722381592,1406.0,1370.0,3.7856761933742193,,,
401862696,2026,1,regular,2026-09-05T19:30:00.000Z,False,True,False,False,,3852.0,Navy-Marine Corps Memorial Stadium,2426,Navy,fbs,American Athletic,42.0,"[14, 14, 7, 7]",0.976482093334198,1550.0,1550.0,119,Towson,fcs,Coastal Athletic,15.0,"[0, 12, 3, 0]",0.023517906665802002,,,3.276233467141967,,,
401862694,2026,1,regular,2026-09-05T19:30:00.000Z,False,True,False,False,,4418.0,Jerry Richardson Stadium,2429,Charlotte,fbs,American Athletic,41.0,"[7, 7, 7, 7, 13]",0.07293246686458588,1182.0,1182.0,2643,The Citadel,fcs,Southern,43.0,"[7, 0, 14, 7, 15]",0.9270675331354141,,,9.442475061652209,,,
401864499,2026,1,regular,2026-09-05T19:30:00.000Z,False,True,False,False,,3714.0,Fargodome,2449,North Dakota State,fbs,Mountain West,38.0,"[3, 14, 21, 0]",0.9916819930076599,1562.0,1562.0,2230,Fordham,fcs,Patriot,0.0,"[0, 0, 0, 0]",0.008318006992340088,,,2.332098818300068,,,
401856772,2026,1,regular,2026-09-05T19:45:00.000Z,False,True,False,False,,3674.0,Chapman Stadium,202,Tulsa,fbs,American Athletic,24.0,"[3, 7, 7, 7]",0.9988501071929932,1240.0,1268.0,197,Oklahoma State,fbs,Big 12,10.0,"[0, 3, 7, 0]",0.001149892807006836,1240.0,1212.0,3.4798394312225565,,,
401867875,2026,1,regular,2026-09-05T20:00:00.000Z,False,True,False,False,,3605.0,Alerus Center,155,North Dakota,fcs,MVFC,62.0,"[20, 21, 7, 14]",0.9977396130561829,,,2900,St. Thomas (MN),fcs,Pioneer,26.0,"[0, 12, 7, 7]",0.0022603869438171387,,,1.7582884957394351,,,
401906921,2026,1,regular,2026-09-05T20:00:00.000Z,False,True,False,False,,6217.0,W.C. Hawkins Stadium,2019,Allen,ii,SIAC,31.0,"[10, 21, 0, 0]",,,,125762,Florida Memorial University,,,38.0,"[7, 14, 7, 10]",,,,,,,
401907130,2026,1,regular,2026-09-05T20:00:00.000Z,False,True,False,False,,5938.0,Al Whitehead Field at Greyhound Stadium,2201,Eastern New Mexico,ii,Lone Star,23.0,"[6, 3, 0, 14]",,,,11,Colorado Mesa,ii,Rocky Mountain,42.0,"[7, 14, 14, 7]",,,,,,,
401907332,2026,1,regular,2026-09-05T20:00:00.000Z,False,True,False,False,,,,2584,Southern Oregon,,,35.0,"[7, 7, 7, 14]",,,,2848,Western Oregon,ii,Lone Star,65.0,"[28, 14, 6, 17]",,,,,,,
401907852,2026,1,regular,2026-09-05T20:00:00.000Z,False,True,False,False,,3877.0,Pioneer Stadium,3162,Alfred State,iii,Empire 8,74.0,"[14, 43, 14, 3]",,,,2644,Thiel,iii,Presidents',13.0,"[0, 13, 0, 0]",,,,,,,
401907634,2026,1,regular,2026-09-05T20:00:00.000Z,False,True,False,True,,5874.0,Chet Anderson Stadium,132,Bemidji State,ii,Northern Sun,38.0,"[14, 14, 3, 7]",,,,2587,Southwest Minnesota State,ii,Northern Sun,0.0,"[0, 0, 0, 0]",,,,,,,
401873228,2026,1,regular,2026-09-05T20:00:00.000Z,False,True,False,True,,6104.0,Baker Stadium,2508,Puget Sound,iii,Northwest,21.0,"[0, 0, 7, 14]",,,,2333,Lewis & Clark,iii,Northwest,42.0,"[7, 14, 0, 21]",,,,,,,
401907615,2026,1,regular,2026-09-05T20:00:00.000Z,False,True,False,False,,5886.0,West Family Stadium,2699,West Liberty,ii,Mountain East,28.0,"[7, 14, 0, 7]",,,,611,Seton Hill,ii,Pennsylvania State Athletic,24.0,"[0, 10, 14, 0]",,,,,,,
401908429,2026,1,regular,2026-09-05T20:00:00.000Z,False,True,False,False,,6102.0,Sparks Stadium,2486,Pacific Lutheran,iii,Northwest,37.0,"[10, 14, 6, 7]",,,,2094,Cal Lutheran,iii,So. Cal.,30.0,"[0, 16, 14, 0]",,,,,,,
401856635,2026,1,regular,2026-09-05T20:15:00.000Z,False,True,False,False,,3887.0,Razorback Stadium,8,Arkansas,fbs,SEC,31.0,"[7, 7, 7, 10]",0.9978387951850891,1547.0,1547.0,2453,North Alabama,fcs,UAC,14.0,"[0, 0, 7, 7]",0.0021612048149108887,,,3.2596139293232698,,,
401858426,2026,1,regular,2026-09-05T20:15:00.000Z,False,True,False,False,,3793.0,Kinnick Stadium,2294,Iowa,fbs,Big Ten,40.0,"[20, 13, 7, 0]",0.9894656538963318,1791.0,1847.0,2459,Northern Illinois,fbs,Mountain West,0.0,"[0, 0, 0, 0]",0.010534346103668213,1322.0,1266.0,2.056095441182341,,,
401868356,2026,1,regular,2026-09-05T21:00:00.000Z,False,True,False,False,,3815.0,M. M. Roberts Stadium,2572,Southern Miss,fbs,Sun Belt,49.0,"[7, 14, 21, 7]",0.9972705841064453,1350.0,1350.0,2016,Alcorn State,fcs,SWAC,3.0,"[3, 0, 0, 0]",0.0027294158935546875,,,2.906769279204327,,,
401906206,2026,1,regular,2026-09-05T21:00:00.000Z,False,True,False,False,,4015.0,Barron Stadium,2560,Shorter,ii,Carolinas,20.0,"[0, 0, 0, 20]",,,,490,Benedict,ii,SIAC,24.0,"[0, 7, 0, 17]",,,,,,,
401908275,2026,1,regular,2026-09-05T21:00:00.000Z,False,True,False,False,,3877.0,Pioneer Stadium,101161,Lyon,iii,Southern Collegiate Athletic,7.0,"[0, 0, 0, 7]",,,,2194,East Texas Baptist,iii,American Southwest,58.0,"[7, 21, 16, 14]",,,,,,,
401906973,2026,1,regular,2026-09-05T21:00:00.000Z,False,True,True,True,,3797.0,Ladd Peebles Stadium,2232,Fort Valley State,ii,SIAC,23.0,"[3, 10, 3, 7]",,,,2657,Tuskegee,ii,SIAC,24.0,"[0, 0, 7, 17]",,,,,,,
401868345,2026,1,regular,2026-09-05T21:30:00.000Z,False,True,False,False,,5400.0,William B. Greene Jr. Stadium,2193,East Tennessee State,fcs,Southern,48.0,"[13, 7, 14, 14]",0.9998555779457092,,,2839,Tusculum,ii,South Atlantic,14.0,"[7, 0, 0, 7]",0.00014442205429077148,,,2.711557790604119,,,
401906146,2026,1,regular,2026-09-05T22:00:00.000Z,False,True,False,True,,6032.0,Hovey Field,2676,Virginia Union,ii,CIAA,49.0,"[7, 21, 7, 14]",,,,2940,Livingstone,ii,CIAA,20.0,"[0, 7, 0, 13]",,,,,,,
401906152,2026,1,regular,2026-09-05T22:00:00.000Z,False,True,False,False,,3813.0,"Luther ""Nick"" Jeralds Stadium",2220,Fayetteville State,ii,CIAA,10.0,"[0, 0, 7, 3]",,,,2882,UNC Pembroke,ii,Carolinas,7.0,"[0, 7, 0, 0]",,,,,,,
401867692,2026,1,regular,2026-09-05T22:00:00.000Z,False,True,False,False,,3998.0,Zable Stadium,2729,William & Mary,fcs,Patriot,22.0,"[16, 0, 3, 3]",0.8664017915725708,,,2169,Delaware State,fcs,MEAC,15.0,"[0, 0, 0, 15]",0.1335982084274292,,,2.6656949436871837,,,
401869127,2026,1,regular,2026-09-05T22:00:00.000Z,False,True,False,False,,3990.0,William H. Greene Stadium,47,Howard,fcs,MEAC,21.0,"[0, 0, 14, 7]",0.39079147577285767,,,257,Richmond,fcs,Patriot,28.0,"[13, 7, 8, 0]",0.6092085242271423,,,4.165780317692332,,,
401866626,2026,1,regular,2026-09-05T22:00:00.000Z,False,True,False,False,,3897.0,Richardson Stadium,2166,Davidson,fcs,Pioneer,0.0,"[0, 0, 0, 0]",0.05052928254008293,,,2210,Elon,fcs,Coastal Athletic,38.0,"[3, 21, 7, 7]",0.9494707174599171,,,3.49896080197717,,,
401867978,2026,1,regular,2026-09-05T22:00:00.000Z,False,True,False,False,,3862.0,O'Kelly-Riddick Stadium,2428,North Carolina Central,fcs,MEAC,27.0,"[14, 7, 3, 3]",0.8979705572128296,,,2207,Elizabeth City State,ii,CIAA,6.0,"[0, 0, 6, 0]",0.10202944278717041,,,2.2044109988742795,,,
401867989,2026,1,regular,2026-09-05T22:00:00.000Z,False,True,False,True,,3676.0,Christy Mathewson-Memorial Stadium,2083,Bucknell,fcs,Patriot,16.0,"[0, 0, 13, 3]",0.4648270010948181,,,222,Villanova,fcs,Patriot,17.0,"[7, 7, 0, 3]",0.5351729989051819,,,6.2474039034468065,,,
401907273,2026,1,regular,2026-09-05T22:00:00.000Z,False,True,False,False,,10461.0,Spero Financial Field,129469,Anderson (SC),ii,South Atlantic,21.0,"[0, 0, 14, 7]",,,,127230,Keiser (Fl),,,14.0,"[0, 7, 0, 7]",,,,,,,
401867973,2026,1,regular,2026-09-05T22:00:00.000Z,False,True,False,False,,3918.0,S.B. Ballard Stadium,295,Old Dominion,fbs,Sun Belt,31.0,"[7, 10, 14, 0]",0.8599848747253418,1336.0,1336.0,2450,Norfolk State,fcs,MEAC,10.0,"[0, 7, 3, 0]",0.1400151252746582,,,2.936906991354552,,,
401868274,2026,1,regular,2026-09-05T22:00:00.000Z,False,True,False,False,,4417.0,Five Star Stadium at the Moye Complex,2382,Mercer,fcs,Southern,62.0,"[20, 21, 7, 14]",0.9921573400497437,,,2506,Presbyterian,fcs,Pioneer,3.0,"[0, 3, 0, 0]",0.007842659950256348,,,1.8754313754524157,,,
401868336,2026,1,regular,2026-09-05T22:00:00.000Z,False,True,False,True,,3720.0,Finley Stadium,236,Chattanooga,fcs,Southern,9.0,"[3, 3, 0, 3]",0.21135036647319794,,,2635,Tennessee Tech,fcs,Southern,24.0,"[0, 7, 10, 7]",0.7886496335268021,,,5.308656914928921,,,
401867917,2026,1,regular,2026-09-05T22:00:00.000Z,False,True,False,False,,3777.0,Joe Walton Stadium,2523,Robert Morris,fcs,NEC,29.0,"[8, 7, 14, 0]",0.979439377784729,,,2707,West Virginia State,ii,Mountain East,9.0,"[0, 9, 0, 0]",0.020560622215270996,,,2.8607880530947547,,,
401868325,2026,1,regular,2026-09-05T22:00:00.000Z,False,True,False,False,,4582.0,Hornet Stadium,2011,Alabama State,fcs,SWAC,34.0,"[7, 13, 0, 14]",0.9509999752044678,,,2323,Lane College,ii,SIAC,0.0,"[0, 0, 0, 0]",0.04900002479553223,,,2.2672094415079824,,,
401906621,2026,1,regular,2026-09-05T22:00:00.000Z,False,True,False,False,,3718.0,Tom Benson Hall of Fame Stadium,2682,Walsh,ii,Great Midwest Athletic,23.0,"[0, 9, 14, 0]",,,,112335,Wheeling,ii,Mountain East,21.0,"[0, 0, 14, 7]",,,,,,,
401906632,2026,1,regular,2026-09-05T22:00:00.000Z,False,True,False,False,,3950.0,Superior Dome,128,Northern Michigan,ii,GLIAC,7.0,"[0, 7, 0, 0]",,,,2838,Tiffin,ii,Great Midwest Athletic,35.0,"[0, 21, 7, 7]",,,,,,,
401860878,2026,1,regular,2026-09-05T22:00:00.000Z,False,True,False,False,,5388.0,Canvas Stadium,36,Colorado State,fbs,Pac-12,35.0,"[7, 7, 7, 14]",0.9878835082054138,1273.0,1336.0,2751,Wyoming,fbs,Mountain West,13.0,"[3, 3, 7, 0]",0.012116491794586182,1363.0,1300.0,3.447543350267783,,,
401908304,2026,1,regular,2026-09-05T22:00:00.000Z,False,True,False,False,,5852.0,Jamieson Stadium,2256,Greensboro,iii,USA South,48.0,"[13, 7, 21, 7]",,,,2258,Guilford,iii,Old Dominion,7.0,"[7, 0, 0, 0]",,,,,,,
401908076,2026,1,regular,2026-09-05T22:00:00.000Z,False,True,False,False,,5799.0,Daly Field at Frank R. Campbell Stadium,2047,Averett,iii,Old Dominion,13.0,"[0, 7, 0, 6]",,,,286,North Carolina Wesleyan,iii,USA South,27.0,"[7, 7, 0, 13]",,,,,,,
401906903,2026,1,regular,2026-09-05T22:00:00.000Z,False,True,False,False,,3885.0,Harvey Randall Wickes Memorial Stadium,129,Saginaw Valley State,ii,GLIAC,41.0,"[13, 21, 7, 0]",,,,2658,Texas A&M-Kingsville,ii,Lone Star,24.0,"[10, 0, 0, 14]",,,,,,,
401906199,2026,1,regular,2026-09-05T22:00:00.000Z,False,True,False,False,,5122.0,Shuford Stadium,2107,Catawba,ii,South Atlantic,38.0,"[7, 14, 5, 12]",,,,2822,North Greenville,ii,Carolinas,40.0,"[7, 7, 13, 13]",,,,,,,
401907847,2026,1,regular,2026-09-05T22:00:00.000Z,False,True,False,False,,3716.0,"Stewart """"Red"""" Faught Stadium",2233,Franklin,iii,Heartland,34.0,"[0, 14, 14, 6]",,,,75,North Park,iii,CCIW,31.0,"[7, 10, 0, 14]",,,,,,,
401906133,2026,1,regular,2026-09-05T22:00:00.000Z,False,True,False,False,,3808.0,Lincoln University Stadium,2339,Lincoln (PA),ii,CIAA,13.0,"[0, 0, 7, 6]",,,,223,West Chester,ii,Pennsylvania State Athletic,21.0,"[7, 14, 0, 0]",,,,,,,
401906178,2026,1,regular,2026-09-05T22:00:00.000Z,False,True,False,False,,6033.0,Carl Smith Stadium,2842,UVA Wise,ii,South Atlantic,20.0,"[0, 20, 0, 0]",,,,2804,Chowan,ii,Carolinas,24.0,"[14, 7, 3, 0]",,,,,,,
401907703,2026,1,regular,2026-09-05T22:30:00.000Z,False,True,False,True,,3638.0,MDU Resources Community Bowl,559,University of Mary,ii,Northern Sun,7.0,"[0, 0, 7, 0]",,,,2364,Minnesota State,ii,Northern Sun,48.0,"[21, 13, 0, 14]",,,,,,,
401868316,2026,1,regular,2026-09-05T23:00:00.000Z,False,True,False,False,,6526.0,Hancock Whitney Stadium,6,South Alabama,fbs,Sun Belt,39.0,"[19, 3, 10, 7]",0.9733971357345581,1390.0,1390.0,2545,SE Louisiana,fcs,Southland,14.0,"[7, 0, 7, 0]",0.026602864265441895,,,2.5044065669121878,,,
401906605,2026,1,regular,2026-09-05T23:00:00.000Z,False,True,False,False,,5935.0,Parker Field at McCool Stadium,2170,Delta State,ii,Gulf South,13.0,"[0, 7, 0, 6]",,,,351,Wingate,ii,South Atlantic,36.0,"[7, 3, 0, 26]",,,,,,,
401907779,2026,1,regular,2026-09-05T23:00:00.000Z,False,True,False,False,,5796.0,Charles D. Lindberg Stadium,2042,Augustana (IL),iii,CCIW,42.0,"[21, 7, 0, 14]",,,,2564,Simpson (IA),iii,American Rivers,14.0,"[0, 7, 0, 7]",,,,,,,
401856771,2026,1,regular,2026-09-05T23:00:00.000Z,False,True,False,False,,3636.0,Bill Snyder Family Stadium,2306,Kansas State,fbs,Big 12,71.0,"[22, 14, 21, 14]",0.99085533618927,1616.0,1616.0,2447,Nicholls,fcs,Southland,3.0,"[0, 3, 0, 0]",0.00914466381072998,,,1.860002838700055,,,
401856669,2026,1,regular,2026-09-05T23:00:00.000Z,False,True,False,False,,3973.0,FirstBank Stadium,238,Vanderbilt,fbs,SEC,28.0,"[5, 10, 6, 7]",0.9735190868377686,1753.0,1753.0,2046,Austin Peay,fcs,UAC,9.0,"[6, 3, 0, 0]",0.026480913162231445,,,3.1370849878505407,,,
401908267,2026,1,regular,2026-09-05T23:00:00.000Z,False,True,False,False,,6088.0,Schueler Field,2419,Mount St Joseph,iii,Heartland,34.0,"[13, 7, 0, 14]",,,,332,Muskingum,iii,Ohio,0.0,"[0, 0, 0, 0]",,,,,,,
401908426,2026,1,regular,2026-09-05T23:00:00.000Z,False,True,False,False,,6118.0,Birkelbach Field,2588,Southwestern U,iii,Southern Athletic,26.0,"[0, 7, 9, 10]",,,,241,McMurry,iii,American Southwest,36.0,"[0, 13, 13, 10]",,,,,,,
401908933,2026,1,regular,2026-09-05T23:00:00.000Z,False,True,False,False,,3879.0,TowneBank Stadium,3112,Christopher Newport,iii,New Jersey,43.0,"[15, 7, 7, 14]",,,,3111,Apprentice School,iii,Independent DIII,14.0,"[7, 0, 7, 0]",,,,,,,
401868297,2026,1,regular,2026-09-05T23:00:00.000Z,False,True,False,False,,3809.0,Louis Crews Stadium,2010,Alabama A&M,fcs,SWAC,38.0,"[14, 10, 14, 0]",0.9974731206893921,,,2396,Miles,ii,SIAC,23.0,"[7, 0, 7, 9]",0.00252687931060791,,,2.7377724239382424,,,
401908298,2026,1,regular,2026-09-05T23:00:00.000Z,False,True,False,False,,3915.0,Charles Lee Field at Samford Stadium,2938,Huntingdon,iii,USA South,20.0,"[0, 0, 14, 6]",,,,2757,Berry,iii,Southern Athletic,50.0,"[15, 21, 0, 14]",,,,,,,
401868970,2026,1,regular,2026-09-05T23:00:00.000Z,False,True,False,False,,3599.0,Ace W. Mumford Stadium,2582,Southern,fcs,SWAC,34.0,"[0, 13, 14, 7]",0.9771019220352173,,,2310,Kentucky State,ii,SIAC,15.0,"[0, 2, 13, 0]",0.022898077964782715,,,4.5866734190928025,,,
401908781,2026,1,regular,2026-09-05T23:00:00.000Z,False,True,False,False,,5841.0,Pete FioRito Stadium at McKinzie Field,101,Eureka,iii,NACC,0.0,"[0, 0, 0, 0]",,,,255,Knox,iii,Midwest,16.0,"[3, 6, 7, 0]",,,,,,,
401908272,2026,1,regular,2026-09-05T23:00:00.000Z,False,True,False,False,,6111.0,Cook Stadium,86,Rose Hulman,iii,Heartland,23.0,"[10, 6, 0, 7]",,,,83,DePauw,iii,North Coast,31.0,"[7, 0, 21, 3]",,,,,,,
401868170,2026,1,regular,2026-09-05T23:00:00.000Z,False,True,False,False,,3608.0,Allen E. Paulson Stadium,290,Georgia Southern,fbs,Sun Belt,31.0,"[21, 3, 7, 0]",0.9878964424133301,1376.0,1376.0,2127,Charleston Southern,fcs,OVC,0.0,"[0, 0, 0, 0]",0.012103557586669922,,,2.8280426311254057,,,
401862697,2026,1,regular,2026-09-05T23:00:00.000Z,False,True,False,False,,3895.0,Rice Stadium,242,Rice,fbs,American Athletic,31.0,"[7, 10, 0, 14]",0.9941425919532776,1196.0,1196.0,2277,Houston Christian,fcs,Southland,3.0,"[3, 0, 0, 0]",0.005857408046722412,,,2.594905350092231,,,
401862699,2026,1,regular,2026-09-05T23:00:00.000Z,False,True,False,False,,3886.0,Raymond James Stadium,58,South Florida,fbs,American Athletic,19.0,"[3, 3, 0, 13]",0.9994904398918152,1682.0,1679.0,2229,Florida International,fbs,Conference USA,9.0,"[0, 0, 3, 6]",0.0005095601081848145,1382.0,1385.0,4.8355795003531155,,,
401856668,2026,1,regular,2026-09-05T23:00:00.000Z,False,True,False,False,,3795.0,Kyle Field,245,Texas A&M,fbs,SEC,50.0,"[9, 10, 14, 17]",0.9935471415519714,1748.0,1849.0,2623,Missouri State,fbs,Conference USA,0.0,"[0, 0, 0, 0]",0.0064528584480285645,1385.0,1284.0,1.97195805997534,,,
401869136,2026,1,regular,2026-09-05T23:00:00.000Z,False,True,False,False,,3686.0,Cowboy Stadium,2377,McNeese,fcs,Southland,52.0,"[7, 17, 14, 14]",0.9940235018730164,,,102626,Texas Wesleyan,,,0.0,"[0, 0, 0, 0]",0.005976498126983643,,,2.160602815430135,,,
401868085,2026,1,regular,2026-09-05T23:00:00.000Z,False,True,False,False,,3906.0,Roos Field,331,Eastern Washington,fcs,Big Sky,34.0,"[13, 7, 7, 7]",0.961320698261261,,,2460,Northern Iowa,fcs,MVFC,24.0,"[10, 14, 0, 0]",0.038679301738739014,,,6.21145694548692,,,
401862695,2026,1,regular,2026-09-05T23:00:00.000Z,False,True,False,False,,3805.0,Simmons Bank Liberty Stadium,235,Memphis,fbs,American Athletic,42.0,"[0, 21, 14, 7]",0.9897596836090088,1541.0,1566.0,2032,Arkansas State,fbs,Sun Belt,24.0,"[3, 14, 7, 0]",0.010240316390991211,1378.0,1353.0,5.053423669218713,,,
401907977,2026,1,regular,2026-09-05T23:00:00.000Z,False,True,False,False,,5903.0,Community Stadium at Goerke Park,2743,Wisconsin Stevens Point,iii,Wisconsin,17.0,"[14, 0, 3, 0]",,,,124,Augsburg,iii,Minnesota,12.0,"[6, 0, 0, 6]",,,,,,,
401867866,2026,1,regular,2026-09-05T23:00:00.000Z,False,True,False,False,,3725.0,"Johnny ""Red"" Floyd Stadium",2393,Middle Tennessee,fbs,Conference USA,38.0,"[14, 7, 3, 14]",0.9877748489379883,1276.0,1276.0,93,Murray State,fcs,MVFC,14.0,"[0, 7, 7, 0]",0.012225151062011719,,,2.523397804082168,,,
401906166,2026,1,regular,2026-09-05T23:00:00.000Z,False,True,False,False,,7075.0,Electric Supply Company Field,122666,Barton,ii,Carolinas,13.0,"[0, 5, 8, 0]",,,,2551,Shaw,ii,CIAA,23.0,"[10, 0, 0, 13]",,,,,,,
401867684,2026,1,regular,2026-09-05T23:00:00.000Z,False,True,False,False,,3748.0,Graham Stadium,2630,UT Martin,fcs,OVC,42.0,"[0, 21, 0, 21]",0.9952975511550903,,,2130,Chicago State,fcs,FCS Independents,7.0,"[7, 0, 0, 0]",0.004702448844909668,,,3.397227396688193,,,
401908553,2026,1,regular,2026-09-05T23:00:00.000Z,False,True,False,False,,10465.0,Mayo Field,101442,Centenary (LA),iii,Southern Collegiate Athletic,,,,,,134087,Westgate Christian University,,,,,,,,,,,
401906589,2026,1,regular,2026-09-05T23:00:00.000Z,False,True,False,False,,3609.0,Allgood-Bailey Stadium,2402,Missouri S&T,ii,Great Lakes,7.0,"[7, 0, 0, 0]",,,,196,Northeastern State,ii,Independent DII,27.0,"[0, 10, 10, 7]",,,,,,,
401907456,2026,1,regular,2026-09-05T23:00:00.000Z,False,True,False,False,,3926.0,Setzler Field,2444,Newberry,ii,South Atlantic,38.0,"[7, 17, 14, 0]",,,,2890,Reinhardt,,,3.0,"[3, 0, 0, 0]",,,,,,,
401907956,2026,1,regular,2026-09-05T23:00:00.000Z,False,True,False,False,,5836.0,Chalmers Field,49,Dubuque,iii,American Rivers,20.0,"[7, 10, 0, 3]",,,,2744,Wisconsin Stout,iii,Wisconsin,34.0,"[7, 3, 3, 21]",,,,,,,
401870763,2026,1,regular,2026-09-05T23:00:00.000Z,False,True,False,False,,3975.0,Veterans Memorial Stadium (AL),2653,Troy,fbs,Sun Belt,24.0,"[7, 7, 3, 7]",1.0,1422.0,1420.0,2534,Sam Houston,fbs,Conference USA,21.0,"[7, 7, 0, 7]",0.0,1162.0,1164.0,5.8888493281709735,,,
401860880,2026,1,regular,2026-09-05T23:00:00.000Z,False,True,False,False,,3905.0,Maverik Stadium,328,Utah State,fbs,Pac-12,17.0,"[7, 3, 7, 0]",0.25037574768066406,1376.0,1376.0,304,Idaho State,fcs,Big Sky,29.0,"[6, 10, 3, 10]",0.7496242523193359,,,6.264019457225063,,,
401908325,2026,1,regular,2026-09-05T23:00:00.000Z,False,True,False,False,,11956.0,Antler Stadium,102549,Schreiner,,,33.0,"[13, 7, 0, 13]",,,,2045,Austin,iii,Southern Collegiate Athletic,27.0,"[7, 7, 7, 6]",,,,,,,
401868071,2026,1,regular,2026-09-05T23:00:00.000Z,False,True,False,True,,3711.0,Estes Stadium,2110,Central Arkansas,fcs,UAC,14.0,"[0, 7, 7, 0]",0.023683635517954826,,,110242,West Florida,fcs,UAC,42.0,"[14, 14, 14, 0]",0.9763163644820452,,,3.176213967711846,,,
401856770,2026,1,regular,2026-09-05T23:00:00.000Z,False,True,False,False,,3784.0,Jones AT&T Stadium,2641,Texas Tech,fbs,Big 12,33.0,"[14, 3, 9, 7]",0.9908412098884583,1870.0,1870.0,2000,Abilene Christian,fcs,UAC,10.0,"[0, 3, 0, 7]",0.009158790111541748,,,2.270616940713421,,,
401868953,2026,1,regular,2026-09-05T23:00:00.000Z,False,True,False,False,,3902.0,Eddie Robinson Stadium,2755,Grambling,fcs,SWAC,48.0,"[13, 14, 7, 14]",0.99637371301651,,,2119,Central State,ii,SIAC,26.0,"[0, 10, 0, 16]",0.0036262869834899902,,,2.210715183375184,,,
401868140,2026,1,regular,2026-09-05T23:00:00.000Z,False,True,False,False,,3662.0,AmFirst Stadium,55,Jacksonville State,fbs,Conference USA,49.0,"[14, 21, 7, 7]",0.990320086479187,1432.0,1432.0,2198,Eastern Kentucky,fcs,UAC,7.0,"[0, 7, 0, 0]",0.009679913520812988,,,2.415696723581675,,,
401868958,2026,1,regular,2026-09-05T23:00:00.000Z,False,True,False,False,,3976.0,Mississippi Veterans Memorial Stadium,2296,Jackson State,fcs,SWAC,66.0,"[14, 24, 14, 14]",0.9946691989898682,,,2206,Edward Waters,ii,SIAC,14.0,"[0, 0, 7, 7]",0.005330801010131836,,,2.411797851661722,,,
401858211,2026,1,regular,2026-09-05T23:30:00.000Z,False,True,False,False,,3799.0,Lane Stadium,259,Virginia Tech,fbs,ACC,73.0,"[21, 24, 21, 7]",0.9959549903869629,1421.0,1421.0,2678,VMI,fcs,Southern,3.0,"[0, 0, 0, 3]",0.004045009613037109,,,1.6187263304956838,,,
401908008,2026,1,regular,2026-09-05T23:30:00.000Z,False,True,False,False,,5911.0,Ralph E. Davis Pioneer Stadium,272,Wisconsin Platteville,iii,Wisconsin,44.0,"[10, 24, 10, 0]",,,,2044,Aurora,iii,NACC,7.0,"[0, 0, 0, 7]",,,,,,,
401908111,2026,1,regular,2026-09-05T23:30:00.000Z,False,True,False,False,,5910.0,Callaway Stadium,548,LaGrange,iii,USA South,31.0,"[14, 7, 10, 0]",,,,3179,Point University,,,7.0,"[0, 0, 0, 7]",,,,,,,
401906929,2026,1,regular,2026-09-05T23:30:00.000Z,False,True,False,False,,3723.0,QU Stadium,2825,Quincy,ii,Great Lakes,28.0,"[7, 7, 0, 14]",,,,127991,Roosevelt,ii,GLIAC,41.0,"[14, 7, 3, 17]",,,,,,,
401856662,2026,1,regular,2026-09-05T23:30:00.000Z,False,True,False,False,,3693.0,Davis Wade Stadium,344,Mississippi State,fbs,SEC,62.0,"[21, 20, 7, 14]",0.9833825826644897,1478.0,1584.0,2433,UL Monroe,fbs,Sun Belt,13.0,"[0, 3, 10, 0]",0.016617417335510254,1177.0,1071.0,2.163199868290036,,,
401908231,2026,1,regular,2026-09-05T23:30:00.000Z,False,True,False,False,,3614.0,Alumni Stadium (IN),2262,Hanover,iii,Heartland,17.0,"[7, 7, 0, 3]",,,,2121,Centre,iii,Southern Athletic,0.0,"[0, 0, 0, 0]",,,,,,,
401869129,2026,1,regular,2026-09-05T23:30:00.000Z,False,True,False,False,,3776.0,Joe Aillet Stadium,2348,Louisiana Tech,fbs,Sun Belt,80.0,"[21, 42, 14, 3]",0.9989631772041321,1454.0,1454.0,2466,Northwestern State,fcs,Southland,6.0,"[3, 0, 0, 3]",0.00103682279586792,,,2.285266420139923,,,
401858428,2026,1,regular,2026-09-05T23:30:00.000Z,False,True,False,False,,3558.0,Michigan Stadium,130,Michigan,fbs,Big Ten,13.0,"[7, 0, 0, 6]",0.5044036507606506,1690.0,1686.0,2711,Western Michigan,fbs,Mid-American,12.0,"[3, 3, 0, 6]",0.49559634923934937,1530.0,1534.0,5.085374646276987,,,
401856660,2026,1,regular,2026-09-05T23:30:00.000Z,False,True,False,False,,3958.0,Tiger Stadium (LA),99,LSU,fbs,SEC,51.0,"[17, 14, 13, 7]",0.988840639591217,1616.0,1745.0,228,Clemson,fbs,ACC,10.0,"[3, 0, 0, 7]",0.011159360408782959,1670.0,1541.0,2.4978783376212546,,,
401856637,2026,1,regular,2026-09-05T23:45:00.000Z,False,True,False,False,,3634.0,Ben Hill Griffin Stadium,57,Florida,fbs,SEC,66.0,"[17, 21, 14, 14]",0.9905579090118408,1562.0,1658.0,2226,Florida Atlantic,fbs,American Athletic,21.0,"[0, 14, 7, 0]",0.00944209098815918,1285.0,1189.0,2.9309560668065715,,,
401868158,2026,1,regular,2026-09-06T00:00:00.000Z,False,True,False,True,,3706.0,Eccles Coliseum,253,Southern Utah,fcs,Big Sky,47.0,"[7, 13, 21, 6]",0.9913012981414795,,,2692,Weber State,fcs,Big Sky,42.0,"[7, 22, 7, 6]",0.008698701858520508,,,7.959900198156093,,,
401907151,2026,1,regular,2026-09-06T00:00:00.000Z,False,True,False,False,,5944.0,Ray Dennison Memorial Field,2237,Fort Lewis,ii,Rocky Mountain,27.0,"[0, 3, 10, 14]",,,,108358,Phoenix,,,9.0,"[3, 3, 3, 0]",,,,,,,
401908241,2026,1,regular,2026-09-06T00:00:00.000Z,False,True,False,False,,5921.0,Rock Bowl,263,Loras,iii,American Rivers,31.0,"[7, 14, 0, 10]",,,,133,St. Olaf,iii,Minnesota,16.0,"[0, 13, 0, 3]",,,,,,,
401907100,2026,1,regular,2026-09-06T00:00:00.000Z,False,True,False,False,,6123.0,Jackson Field,2834,Sul Ross State,ii,Lone Star,53.0,"[6, 20, 14, 13]",,,,2001,Adams State,ii,Rocky Mountain,26.0,"[7, 3, 10, 6]",,,,,,,
401907247,2026,1,regular,2026-09-06T00:00:00.000Z,False,True,False,False,,6054.0,Fred G. Hughes Stadium,2403,Missouri Southern State,ii,Mid America,21.0,"[7, 0, 7, 7]",,,,389,Upper Iowa,ii,Great Lakes,19.0,"[0, 10, 3, 6]",,,,,,,
401908254,2026,1,regular,2026-09-06T00:00:00.000Z,False,True,False,False,,6084.0,April Zorn Memorial Stadium,2919,Monmouth (IL),iii,Midwest,21.0,"[14, 7, 0, 0]",,,,2685,Wartburg,iii,American Rivers,36.0,"[0, 14, 22, 0]",,,,,,,
401858427,2026,1,regular,2026-09-06T00:00:00.000Z,False,True,False,False,,3665.0,SECU Stadium,120,Maryland,fbs,Big Ten,62.0,"[17, 17, 21, 7]",0.9812546968460083,1424.0,1424.0,2261,Hampton,fcs,Coastal Athletic,0.0,"[0, 0, 0, 0]",0.0187453031539917,,,2.0262132883316366,,,
401869142,2026,1,regular,2026-09-06T00:00:00.000Z,False,True,False,False,,3666.0,Cajun Field,309,Louisiana,fbs,Sun Belt,38.0,"[7, 21, 7, 3]",0.9931040406227112,1389.0,1389.0,2320,Lamar,fcs,Southland,7.0,"[0, 0, 0, 7]",0.006895959377288818,,,2.254952524080834,,,
401867883,2026,1,regular,2026-09-06T00:00:00.000Z,False,True,False,False,,3856.0,Nottingham Field,2458,Northern Colorado,fcs,Big Sky,23.0,"[7, 3, 7, 6]",0.007659989409148693,,,233,South Dakota,fcs,MVFC,38.0,"[7, 14, 7, 10]",0.9923400105908513,,,4.610472944303193,,,
401907465,2026,1,regular,2026-09-06T00:00:00.000Z,False,True,False,False,,6108.0,Crain Field,2519,Rhodes,iii,Southern Athletic,0.0,"[0, 0, 0, 0]",,,,143,Washington St. Louis,iii,North Coast,73.0,"[21, 28, 10, 14]",,,,,,,
401868074,2026,1,regular,2026-09-06T00:00:00.000Z,False,True,False,False,,1027.0,Alex G. Spanos Stadium,13,Cal Poly,fcs,Big Sky,24.0,"[0, 17, 7, 0]",1.0,,,2120,Central Washington,ii,Lone Star,17.0,"[7, 0, 0, 10]",0.0,,,3.7792885018818425,,,
401906168,2026,1,regular,2026-09-06T00:00:00.000Z,False,True,False,False,,3649.0,Bowman Gray Stadium,2736,Winston-Salem State,ii,CIAA,0.0,"[0, 0, 0, 0]",,,,2369,Mars Hill,ii,South Atlantic,17.0,"[0, 0, 7, 10]",,,,,,,
401908475,2026,1,regular,2026-09-06T00:00:00.000Z,False,True,False,False,,5808.0,Edward C. Swenson Athletic Complex,18,Bridgewater State,iii,MSCAC,63.0,"[13, 13, 21, 16]",,,,40,Curry,iii,Commonwealth Coast,35.0,"[0, 21, 7, 7]",,,,,,,
401908454,2026,1,regular,2026-09-06T00:00:00.000Z,False,True,False,True,,5909.0,Ortmayer Stadium,2318,La Verne,iii,So. Cal.,30.0,"[3, 6, 0, 21]",,,,2049,Azusa Pacific,iii,So. Cal.,3.0,"[0, 0, 3, 0]",,,,,,,
401867845,2026,1,regular,2026-09-06T00:00:00.000Z,False,True,False,False,,3746.0,Hanson Field,2710,Western Illinois,fcs,OVC,10.0,"[0, 3, 0, 7]",0.0,,,2287,Illinois State,fcs,MVFC,41.0,"[17, 10, 7, 7]",1.0,,,2.994748074708351,,,
401908433,2026,1,regular,2026-09-06T00:00:00.000Z,False,True,False,False,,6132.0,Trinity University Stadium,386,Trinity (TX),iii,Southern Athletic,36.0,"[0, 3, 16, 17]",,,,2639,Texas Lutheran,iii,Southern Collegiate Athletic,14.0,"[0, 7, 0, 7]",,,,,,,
401856775,2026,1,regular,2026-09-06T00:00:00.000Z,False,True,False,False,,3801.0,LaVell Edwards Stadium,252,BYU,fbs,Big 12,63.0,"[14, 28, 14, 7]",0.9927279949188232,1666.0,1666.0,3101,Utah Tech,fcs,Big Sky,7.0,"[0, 0, 7, 0]",0.007272005081176758,,,1.693029251257934,,,
401868306,2026,1,regular,2026-09-06T00:00:00.000Z,False,True,False,True,,3756.0,Homer Bryce Stadium,2617,Stephen F. Austin,fcs,Southland,44.0,"[7, 17, 7, 13]",0.9729482531547546,,,2837,East Texas A&M,fcs,Southland,7.0,"[7, 0, 0, 0]",0.02705174684524536,,,3.367309589681387,,,
401907357,2026,1,regular,2026-09-06T00:00:00.000Z,False,True,False,True,,6067.0,Carnie Smith Stadium,90,Pittsburg State,ii,Mid America,10.0,"[7, 0, 0, 3]",,,,2214,Emporia State,ii,Mid America,21.0,"[14, 7, 0, 0]",,,,,,,
401858431,2026,1,regular,2026-09-06T00:00:00.000Z,False,True,False,False,,5960.0,Lanny and Sharon Martin Stadium,77,Northwestern,fbs,Big Ten,34.0,"[7, 3, 7, 17]",0.9755688905715942,1549.0,1549.0,2571,South Dakota State,fcs,MVFC,18.0,"[0, 6, 6, 6]",0.02443110942840576,,,4.929680461851733,,,
401908467,2026,1,regular,2026-09-06T00:00:00.000Z,False,True,False,False,,6147.0,"Memorial Stadium (Whittier, CA)",2850,Whittier,iii,So. Cal.,14.0,[],,,,129758,Simpson (CA),,,56.0,[],,,,,,,
401868119,2026,1,regular,2026-09-06T00:30:00.000Z,False,True,False,False,,3643.0,Bobcat Stadium,147,Montana State,fcs,Big Sky,51.0,"[10, 20, 7, 14]",0.9950848817825317,,,2086,Butler,fcs,Pioneer,24.0,"[3, 0, 14, 7]",0.004915118217468262,,,2.358195855641531,,,
401870790,2026,1,regular,2026-09-06T01:00:00.000Z,False,True,False,False,,3601.0,Aggie Memorial Stadium,166,New Mexico State,fbs,Conference USA,51.0,"[13, 10, 7, 21]",0.9876314401626587,1259.0,1259.0,2385,Mercyhurst,fcs,NEC,14.0,"[7, 7, 0, 0]",0.012368559837341309,,,5.633043387226727,,,
401860879,2026,1,regular,2026-09-06T01:30:00.000Z,False,True,False,False,,7311.0,Snapdragon Stadium,21,San Diego State,fbs,Pac-12,53.0,"[7, 22, 14, 10]",0.9686100482940674,1518.0,1518.0,2502,Portland State,fcs,Big Sky,20.0,"[6, 0, 7, 7]",0.03138995170593262,,,3.4302171098744187,,,
401856773,2026,1,regular,2026-09-06T01:30:00.000Z,False,True,False,False,,3619.0,Arizona Stadium,12,Arizona,fbs,Big 12,35.0,"[7, 14, 7, 7]",0.9888352155685425,1625.0,1625.0,2464,Northern Arizona,fcs,Big Sky,7.0,"[0, 0, 0, 7]",0.01116478443145752,,,2.0200470826040386,,,
401856774,2026,1,regular,2026-09-06T02:00:00.000Z,False,True,False,False,,3947.0,Mountain America Stadium,9,Arizona State,fbs,Big 12,70.0,"[28, 21, 21, 0]",0.9897788166999817,1572.0,1572.0,2415,Morgan State,fcs,MEAC,7.0,"[7, 0, 0, 0]",0.01022118330001831,,,2.1291923925930254,,,
401868163,2026,1,regular,2026-09-06T02:00:00.000Z,False,True,False,False,,716.0,Torero Stadium,301,San Diego,fcs,Pioneer,17.0,"[7, 0, 7, 3]",0.00322516355663538,,,302,UC Davis,fcs,Big Sky,49.0,"[0, 28, 14, 7]",0.9967748364433646,,,5.066306648475025,,,
401864497,2026,1,regular,2026-09-06T02:00:00.000Z,False,True,False,True,,7220.0,Clarence T.C. Ching Athletics Complex,62,Hawai'i,fbs,Mountain West,6.0,"[0, 3, 3, 0]",0.03882439061999321,1449.0,1426.0,2439,UNLV,fbs,Mountain West,21.0,"[7, 7, 0, 7]",0.9611756093800068,1566.0,1589.0,4.135331155799781,,,
401866411,2026,1,regular,2026-09-06T02:00:00.000Z,False,True,False,False,,3757.0,Hornet Stadium,16,Sacramento State,fbs,Mid-American,52.0,"[14, 17, 7, 14]",0.9875482320785522,1476.0,1476.0,2400,Mississippi Valley State,fcs,SWAC,0.0,"[0, 0, 0, 0]",0.012451767921447754,,,2.039980215956526,,,
401864498,2026,1,regular,2026-09-06T02:00:00.000Z,False,True,False,False,,3971.0,University Stadium (NM),167,New Mexico,fbs,Mountain West,38.0,"[7, 13, 15, 3]",0.9932624697685242,1496.0,1558.0,2117,Central Michigan,fbs,Mid-American,7.0,"[0, 0, 0, 7]",0.00673753023147583,1321.0,1259.0,1.6516373272600842,,,
401908393,2026,1,regular,2026-09-06T02:05:00.000Z,False,True,False,False,,5850.0,Stoffer Family Stadium,415,George Fox,iii,Northwest,27.0,"[7, 13, 0, 7]",,,,29,Redlands,iii,So. Cal.,0.0,"[0, 0, 0, 0]",,,,,,,
401864432,2026,1,regular,2026-09-06T02:30:00.000Z,False,True,False,False,,3816.0,Mackay Stadium,2440,Nevada,fbs,Mountain West,49.0,"[14, 7, 14, 14]",0.9910643100738525,1351.0,1462.0,98,Western Kentucky,fbs,Conference USA,14.0,"[0, 7, 0, 7]",0.008935689926147461,1438.0,1327.0,2.6540355849259845,,,
401858210,2026,1,regular,2026-09-06T02:30:00.000Z,False,True,False,False,,3831.0,California Memorial Stadium,25,California,fbs,ACC,24.0,"[7, 10, 7, 0]",0.0,1406.0,1349.0,26,UCLA,fbs,Big Ten,45.0,"[7, 17, 0, 21]",1.0,1381.0,1438.0,7.116397431805615,,,
401917058,2026,1,regular,2026-09-06T15:00:00.000Z,False,True,False,False,,3629.0,Barker-Lane Stadium,2097,Campbell,fcs,Coastal Athletic,28.0,"[14, 14, 0, 0]",0.4977886378765106,,,2717,Western Carolina,fcs,Southern,19.0,"[0, 10, 3, 6]",0.5022113621234894,,,2.8918011431160604,,,
401868967,2026,1,regular,2026-09-06T16:00:00.000Z,False,True,False,True,,5238.0,Panther Stadium,2504,Prairie View A&M,fcs,SWAC,52.0,"[17, 0, 28, 7]",0.9553645849227905,,,2640,Texas Southern,fcs,SWAC,14.0,"[0, 7, 0, 7]",0.04463541507720947,,,2.5790489076615093,,Labor Day Classic,
401867939,2026,1,regular,2026-09-06T19:00:00.000Z,False,True,True,False,,3948.0,Hard Rock Stadium,50,Florida A&M,fcs,SWAC,13.0,"[3, 3, 7, 0]",0.013796159066259861,,,2569,South Carolina State,fcs,MEAC,31.0,"[14, 7, 7, 3]",0.9862038409337401,,,3.4357733840726516,,Orange Blossom Classic,
401906158,2026,1,regular,2026-09-06T20:00:00.000Z,False,True,True,False,,3718.0,Tom Benson Hall of Fame Stadium,2304,Johnson C. Smith,ii,CIAA,27.0,"[3, 17, 7, 0]",,,,2013,Albany State,ii,SIAC,7.0,"[0, 0, 0, 7]",,,,,,,
401858437,2026,1,regular,2026-09-06T20:00:00.000Z,False,True,False,False,,3765.0,Husky Stadium,264,Washington,fbs,Big Ten,24.0,"[3, 7, 0, 14]",0.9796331524848938,1744.0,1762.0,265,Washington State,fbs,Pac-12,10.0,"[0, 0, 0, 10]",0.0203668475151062,1619.0,1601.0,3.4272122553332083,,,
401856661,2026,1,regular,2026-09-06T23:30:00.000Z,False,True,True,False,,3810.0,Nissan Stadium,145,Ole Miss,fbs,SEC,41.0,"[0, 10, 14, 17]",0.6583908200263977,1839.0,1837.0,97,Louisville,fbs,ACC,38.0,"[3, 3, 18, 14]",0.3416091799736023,1666.0,1668.0,7.825231475951447,,Liberty Mutual Music City Kickoff,
401858438,2026,1,regular,2026-09-06T23:30:00.000Z,False,True,True,False,,3798.0,Lambeau Field,87,Notre Dame,fbs,FBS Independents,41.0,"[10, 3, 14, 14]",0.911626398563385,1995.0,2021.0,275,Wisconsin,fbs,Big Ten,13.0,"[3, 7, 3, 0]",0.08837360143661499,1501.0,1475.0,4.713404453161819,,,
401858212,2026,1,regular,2026-09-07T23:30:00.000Z,False,True,False,True,,3697.0,Doak Campbell Stadium,52,Florida State,fbs,ACC,24.0,"[7, 3, 7, 7]",0.03824145346879959,1551.0,1557.0,2567,SMU,fbs,ACC,27.0,"[7, 10, 0, 10]",0.9617585465312004,1734.0,1728.0,6.434540721332048,,,
401907622,2026,2,regular,2026-09-10T23:00:00.000Z,False,True,False,False,,5784.0,Cebe Ross Field,455,West Virginia Wesleyan,ii,Mountain East,14.0,"[0, 7, 7, 0]",,,,2559,Shippensburg,ii,Pennsylvania State Athletic,24.0,"[7, 7, 7, 3]",,,,,,,
401909126,2026,2,regular,2026-09-10T23:00:00.000Z,False,True,False,True,,5834.0,Deeds Field-Piper Stadium,2171,Denison,iii,North Coast,50.0,"[27, 10, 7, 6]",,,,391,Oberlin,iii,North Coast,0.0,"[0, 0, 0, 0]",,,,,,,
401906516,2026,2,regular,2026-09-10T23:00:00.000Z,False,True,False,True,,4763.0,Ranger Field,2823,Northwestern (OK),ii,Great American,29.0,"[8, 0, 14, 7]",,,,2033,Arkansas Tech,ii,Great American,34.0,"[7, 13, 14, 0]",,,,,,,
401906546,2026,2,regular,2026-09-11T00:00:00.000Z,False,True,False,True,,6073.0,Milam Stadium,2927,Southwestern Oklahoma State,ii,Great American,14.0,"[7, 0, 7, 0]",,,,2264,Harding,ii,Great American,37.0,"[6, 10, 7, 14]",,,,,,,
401858213,2026,2,regular,2026-09-11T00:00:00.000Z,False,True,False,False,,3948.0,Hard Rock Stadium,2390,Miami,fbs,ACC,77.0,"[21, 28, 28, 0]",0.9930822253227234,1930.0,1930.0,50,Florida A&M,fcs,SWAC,7.0,"[0, 0, 0, 7]",0.006917774677276611,,,1.8345705305786555,,,
401906527,2026,2,regular,2026-09-11T00:00:00.000Z,False,True,False,True,,5936.0,Koi Ishto Stadium,2191,East Central,ii,Great American,42.0,"[14, 7, 7, 14]",,,,2028,Arkansas Monticello,ii,Great American,37.0,"[14, 7, 7, 9]",,,,,,,
401908691,2026,2,regular,2026-09-11T23:00:00.000Z,False,True,False,False,,6113.0,Leckonby Stadium,2779,St. Lawrence,iii,Liberty League,10.0,"[0, 3, 7, 0]",,,,374,St. John Fisher,iii,Empire 8,30.0,"[0, 16, 7, 7]",,,,,,,
401908202,2026,2,regular,2026-09-11T23:00:00.000Z,False,True,False,True,,5907.0,McCarthy Stadium (Wilkes Barre),247,King's,iii,Mid Atlantic,21.0,"[0, 7, 14, 0]",,,,471,Stevenson,iii,Mid Atlantic,26.0,"[16, 10, 0, 0]",,,,,,,
401906200,2026,2,regular,2026-09-11T23:00:00.000Z,False,True,False,False,,6061.0,Younts Stadium,2822,North Greenville,ii,Carolinas,42.0,"[0, 14, 7, 21]",,,,2128,Charleston (WV),ii,Mountain East,31.0,"[7, 10, 7, 7]",,,,,,,
401858215,2026,2,regular,2026-09-11T23:00:00.000Z,False,True,False,False,,3873.0,L&N Federal Credit Union Stadium,97,Louisville,fbs,ACC,59.0,"[17, 14, 14, 14]",0.9942125678062439,1668.0,1668.0,222,Villanova,fcs,Patriot,13.0,"[3, 7, 3, 0]",0.0057874321937561035,,,2.4404798318841623,,,
401858220,2026,2,regular,2026-09-11T23:00:00.000Z,False,True,False,False,,3923.0,Scott Stadium,258,Virginia,fbs,ACC,59.0,"[21, 7, 14, 17]",0.9930822253227234,1652.0,1652.0,2450,Norfolk State,fcs,MEAC,3.0,"[0, 3, 0, 0]",0.006917774677276611,,,2.138828100677014,,,
401858222,2026,2,regular,2026-09-11T23:00:00.000Z,False,True,False,False,,3670.0,Carter-Finley Stadium,152,NC State,fbs,ACC,73.0,"[21, 28, 14, 10]",0.9935848712921143,1509.0,1509.0,257,Richmond,fcs,Patriot,0.0,"[0, 0, 0, 0]",0.006415128707885742,,,1.9801876241116372,,,
401858214,2026,2,regular,2026-09-11T23:30:00.000Z,False,True,False,False,,3615.0,"Alumni Stadium (Chestnut Hill, MA)",103,Boston College,fbs,ACC,28.0,"[14, 6, 0, 8]",0.39106959104537964,1370.0,1380.0,164,Rutgers,fbs,Big Ten,21.0,"[0, 7, 7, 7]",0.6089304089546204,1381.0,1371.0,3.8629434228559565,,,
401856678,2026,2,regular,2026-09-12T00:00:00.000Z,False,True,False,False,,3833.0,Memorial Stadium,2305,Kansas,fbs,Big 12,21.0,"[0, 14, 7, 0]",0.00580001762136817,1510.0,1485.0,142,Missouri,fbs,SEC,38.0,"[0, 14, 14, 10]",0.9941999823786318,1666.0,1691.0,6.683010293890897,,,
401906167,2026,2,regular,2026-09-12T15:00:00.000Z,False,True,False,False,,6068.0,George Williams Athletic Complex,2551,Shaw,ii,CIAA,34.0,"[13, 6, 6, 3, 6]",,,,366,Ferrum,ii,Carolinas,28.0,"[0, 14, 7, 7, 0]",,,,,,,
401906153,2026,2,regular,2026-09-12T15:00:00.000Z,False,True,False,False,,3813.0,"Luther ""Nick"" Jeralds Stadium",2220,Fayetteville State,ii,CIAA,9.0,"[3, 0, 6, 0]",,,,2673,Valdosta State,ii,Gulf South,38.0,"[14, 7, 10, 7]",,,,,,,
401906159,2026,2,regular,2026-09-12T15:00:00.000Z,False,True,False,True,,3649.0,Bowman Gray Stadium,2736,Winston-Salem State,ii,CIAA,6.0,"[0, 0, 0, 6]",,,,2304,Johnson C. Smith,ii,CIAA,31.0,"[0, 10, 7, 14]",,,,,,,
401858442,2026,2,regular,2026-09-12T16:00:00.000Z,False,True,False,False,,3806.0,Lincoln Financial Field,218,Temple,fbs,American Athletic,9.0,"[0, 3, 0, 6]",0.027871139347553253,1312.0,1323.0,213,Penn State,fbs,Big Ten,27.0,"[0, 10, 10, 7]",0.9721288606524467,1891.0,1880.0,3.5985873235133377,,,
401867929,2026,2,regular,2026-09-12T16:00:00.000Z,False,True,False,False,,3651.0,Bridgeforth Stadium,256,James Madison,fbs,Sun Belt,87.0,"[21, 21, 24, 21]",0.9958890080451965,1776.0,1776.0,2681,Wagner,fcs,NEC,3.0,"[3, 0, 0, 0]",0.004110991954803467,,,2.521116012299708,,,
401908368,2026,2,regular,2026-09-12T16:00:00.000Z,False,True,False,False,,6140.0,John F. Wiley Stadium,2845,Waynesburg,iii,Presidents',10.0,"[3, 7, 0, 0]",,,,2667,Ursinus,iii,Centennial,46.0,"[13, 16, 10, 7]",,,,,,,
401908354,2026,2,regular,2026-09-12T16:00:00.000Z,False,True,False,False,,6105.0,Day Field,2516,Randolph Macon,iii,Old Dominion,28.0,"[7, 0, 14, 7]",,,,118,Johns Hopkins,iii,Centennial,21.0,"[0, 14, 0, 7]",,,,,,,
401908699,2026,2,regular,2026-09-12T16:00:00.000Z,False,True,False,False,,6086.0,Rocco Calvo Field,323,Moravian,iii,Landmark Conference,0.0,"[0, 0, 0, 0]",,,,2827,Rowan,iii,New Jersey,34.0,"[6, 14, 7, 7]",,,,,,,
401908586,2026,2,regular,2026-09-12T16:00:00.000Z,False,True,False,True,,5940.0,Clean Harbors Stadium,110,Mass Maritime,iii,MSCAC,70.0,"[21, 28, 7, 14]",,,,110438,Dean,iii,MSCAC,0.0,"[0, 0, 0, 0]",,,,,,,
401907553,2026,2,regular,2026-09-12T16:00:00.000Z,False,True,False,True,,5133.0,Ram Stadium (WV),2974,Shepherd,ii,Pennsylvania State Athletic,45.0,"[14, 17, 0, 14]",,,,367,Gannon,ii,Pennsylvania State Athletic,28.0,"[14, 7, 0, 7]",,,,,,,
401908579,2026,2,regular,2026-09-12T16:00:00.000Z,False,True,False,True,,6144.0,"Alumni Field (Westfield, MA)",2909,Westfield State,iii,MSCAC,28.0,"[0, 14, 7, 7]",,,,18,Bridgewater State,iii,MSCAC,34.0,"[7, 14, 6, 7]",,,,,,,
401908577,2026,2,regular,2026-09-12T16:00:00.000Z,False,True,False,False,,3995.0,Dr. John W. Winkin Sports Complex,2280,Husson,iii,Commonwealth Coast,0.0,"[0, 0, 0, 0]",,,,81,Springfield,iii,NEWMAC,48.0,"[14, 10, 10, 14]",,,,,,,
401907656,2026,2,regular,2026-09-12T16:00:00.000Z,False,True,False,False,,6202.0,Cardinal Stadium (DC),2108,Catholic,iii,Landmark Conference,35.0,"[14, 0, 7, 14]",,,,2102,Carnegie Mellon,iii,Presidents',38.0,"[0, 21, 3, 14]",,,,,,,
401866633,2026,2,regular,2026-09-12T16:00:00.000Z,False,True,False,False,,3862.0,O'Kelly-Riddick Stadium,2428,North Carolina Central,fcs,MEAC,30.0,"[10, 13, 7, 0]",0.9564606547355652,,,2448,North Carolina A&T,fcs,Coastal Athletic,22.0,"[0, 14, 0, 8]",0.043539345264434814,,,3.446554315307343,,,
401908365,2026,2,regular,2026-09-12T16:00:00.000Z,False,True,False,False,,6089.0,Scotty Wood Stadium,2422,Muhlenberg,iii,Centennial,21.0,"[7, 0, 7, 7]",,,,452,Endicott,iii,Commonwealth Coast,49.0,"[20, 16, 6, 7]",,,,,,,
401908019,2026,2,regular,2026-09-12T16:00:00.000Z,False,True,False,False,,5790.0,Bahlke Field,2800,Alma,iii,Michigan,21.0,"[7, 0, 7, 7]",,,,271,Wisconsin Oshkosh,iii,Wisconsin,23.0,"[3, 14, 3, 3]",,,,,,,
401907880,2026,2,regular,2026-09-12T16:00:00.000Z,False,True,False,False,,6134.0,Frank Bailey Field,237,Union,iii,Liberty League,0.0,"[0, 0, 0, 0]",,,,2782,SUNY Cortland,iii,Empire 8,26.0,"[3, 7, 6, 10]",,,,,,,
401908476,2026,2,regular,2026-09-12T16:00:00.000Z,False,True,False,False,,5830.0,Walter M. Katz Field,40,Curry,iii,Commonwealth Coast,41.0,"[0, 21, 7, 7, 6]",,,,2557,Coast Guard,iii,NEWMAC,35.0,"[7, 14, 7, 7, 0]",,,,,,,
401908558,2026,2,regular,2026-09-12T16:00:00.000Z,False,True,False,False,,5926.0,Henry G. Steinbrenner '27 Stadium,109,MIT,iii,NEWMAC,70.0,"[7, 35, 21, 7]",,,,131108,New England College,,,0.0,"[0, 0, 0, 0]",,,,,,,
401908925,2026,2,regular,2026-09-12T16:00:00.000Z,False,True,False,False,,6095.0,Sabine Field at Haynes Family Stadium,2467,Norwich,iii,NEWMAC,17.0,"[3, 7, 0, 7]",,,,293,Vermont State Castleton,iii,New Jersey,10.0,"[0, 0, 3, 7]",,,,,,,
401856782,2026,2,regular,2026-09-12T16:00:00.000Z,False,True,False,False,,3646.0,Boone Pickens Stadium,197,Oklahoma State,fbs,Big 12,39.0,"[3, 21, 6, 9]",0.6795249581336975,1212.0,1274.0,2483,Oregon,fbs,Big Ten,31.0,"[7, 10, 7, 7]",0.3204750418663025,1873.0,1811.0,5.848195968458265,,,
401908531,2026,2,regular,2026-09-12T16:00:00.000Z,False,True,False,False,,5899.0,"Alumni Stadium (Worcester, MA)",2749,WPI,iii,NEWMAC,22.0,"[0, 17, 0, 5]",,,,111675,New England,iii,Commonwealth Coast,21.0,"[7, 0, 7, 7]",,,,,,,
401906676,2026,2,regular,2026-09-12T16:00:00.000Z,False,True,False,False,,3747.0,Hantz Stadium,2886,Northwood,ii,Great Midwest Athletic,35.0,"[7, 14, 7, 7]",,,,129,Saginaw Valley State,ii,GLIAC,28.0,"[0, 14, 7, 7]",,,,,,,
401907559,2026,2,regular,2026-09-12T16:00:00.000Z,False,True,False,False,,6066.0,Pace Stadium,2487,Pace,ii,Northeast 10,59.0,"[14, 17, 14, 14]",,,,134001,Monroe,,,3.0,"[0, 3, 0, 0]",,,,,,,
401907851,2026,2,regular,2026-09-12T16:00:00.000Z,False,True,False,False,,5786.0,Sprankle-Sprandel Stadium,2790,Albion,iii,Michigan,3.0,"[0, 3, 0, 0]",,,,396,Wheaton (IL),iii,CCIW,45.0,"[18, 10, 0, 17]",,,,,,,
401856683,2026,2,regular,2026-09-12T16:00:00.000Z,False,True,False,False,,3795.0,Kyle Field,245,Texas A&M,fbs,SEC,48.0,"[7, 10, 7, 24]",0.9799808263778687,1849.0,1890.0,9,Arizona State,fbs,Big 12,20.0,"[7, 3, 10, 0]",0.020019173622131348,1572.0,1531.0,4.058681717255771,,,
401858218,2026,2,regular,2026-09-12T16:00:00.000Z,False,True,False,False,,3787.0,Kenan Stadium,153,North Carolina,fbs,ACC,35.0,"[7, 14, 14, 0]",0.9849953055381775,1395.0,1395.0,2193,East Tennessee State,fcs,Southern,3.0,"[0, 0, 0, 3]",0.01500469446182251,,,1.8097981493180526,,,
401858439,2026,2,regular,2026-09-12T16:00:00.000Z,False,True,False,False,,3830.0,"Memorial Stadium (Bloomington, IN)",84,Indiana,fbs,Big Ten,55.0,"[20, 21, 14, 0]",0.9941574335098267,2132.0,2132.0,47,Howard,fcs,MEAC,0.0,"[0, 0, 0, 0]",0.00584256649017334,,,1.6708804528668852,,,
401856679,2026,2,regular,2026-09-12T16:00:00.000Z,False,True,False,False,,3558.0,Michigan Stadium,130,Michigan,fbs,Big Ten,17.0,"[7, 3, 0, 7]",0.886965274810791,1686.0,1702.0,201,Oklahoma,fbs,SEC,10.0,"[0, 0, 7, 3]",0.11303472518920898,1799.0,1783.0,4.412815749915213,,,
401908163,2026,2,regular,2026-09-12T16:00:00.000Z,False,True,False,True,,5842.0,Robert T. Shields Field,2221,FDU Florham,iii,Mid Atlantic,17.0,"[3, 0, 14, 0]",,,,2015,Albright,iii,Mid Atlantic,30.0,"[14, 16, 0, 0]",,,,,,,
401858224,2026,2,regular,2026-09-12T16:00:00.000Z,False,True,False,False,,3907.0,Ross-Ade Stadium,2509,Purdue,fbs,Big Ten,36.0,"[7, 3, 3, 10, 13]",0.5124849081039429,1318.0,1326.0,154,Wake Forest,fbs,ACC,38.0,"[7, 10, 3, 3, 15]",0.48751509189605713,1516.0,1508.0,10.15891091707647,,,
401862702,2026,2,regular,2026-09-12T16:00:00.000Z,False,True,False,True,,3841.0,Michie Stadium,349,Army,fbs,American Athletic,24.0,"[0, 14, 0, 10]",0.3616083562374115,1527.0,1530.0,58,South Florida,fbs,American Athletic,28.0,"[7, 0, 7, 14]",0.6383916437625885,1679.0,1676.0,5.644033764124048,,,
401907517,2026,2,regular,2026-09-12T16:00:00.000Z,False,True,False,True,,4431.0,Chryst Field at Biemesderfer Stadium,210,Millersville,ii,Pennsylvania State Athletic,17.0,"[9, 0, 0, 8]",,,,2858,California (PA),ii,Pennsylvania State Athletic,40.0,"[7, 13, 10, 10]",,,,,,,
401908787,2026,2,regular,2026-09-12T16:00:00.000Z,False,True,False,False,,5896.0,Lewis C. Everett Stadium,297,Hampden Sydney,iii,Old Dominion,31.0,"[14, 10, 7, 0]",,,,2919,Monmouth (IL),iii,Midwest,19.0,"[7, 0, 6, 6]",,,,,,,
401907014,2026,2,regular,2026-09-12T16:00:00.000Z,False,True,False,False,,5934.0,Farmers Insurance Athletic Complex,110254,Davenport,ii,GLIAC,19.0,"[13, 3, 3, 0]",,,,2292,Indianapolis,ii,Great Lakes,12.0,"[0, 0, 6, 6]",,,,,,,
401907527,2026,2,regular,2026-09-12T16:00:00.000Z,False,True,False,True,,4432.0,Andre Reed Stadium,2315,Kutztown,ii,Pennsylvania State Athletic,45.0,"[7, 21, 3, 14]",,,,2134,Clarion,ii,Pennsylvania State Athletic,14.0,"[0, 0, 7, 7]",,,,,,,
401907485,2026,2,regular,2026-09-12T16:00:00.000Z,False,True,False,False,,3642.0,Bobcat Stadium (MD),341,Frostburg State,ii,Mountain East,24.0,"[3, 0, 14, 7]",,,,2038,Assumption,ii,Northeast 10,19.0,"[0, 13, 0, 6]",,,,,,,
401856781,2026,2,regular,2026-09-12T16:00:00.000Z,False,True,False,False,,3636.0,Bill Snyder Family Stadium,2306,Kansas State,fbs,Big 12,34.0,"[3, 14, 10, 7]",0.9975051283836365,1616.0,1684.0,265,Washington State,fbs,Pac-12,7.0,"[0, 7, 0, 0]",0.0024948716163635254,1601.0,1533.0,2.7120452347612307,,,
401906861,2026,2,regular,2026-09-12T16:00:00.000Z,False,True,False,False,,3698.0,Donnell Stadium,2224,Findlay,ii,Great Midwest Athletic,37.0,"[14, 7, 0, 16]",,,,2986,Fairmont State,ii,Mountain East,17.0,"[0, 3, 6, 8]",,,,,,,
401908569,2026,2,regular,2026-09-12T16:00:00.000Z,False,True,False,True,,5845.0,Elliot Field Athletic Complex,114,Fitchburg State,iii,MSCAC,22.0,"[6, 0, 16, 0]",,,,379,UMass Dartmouth,iii,MSCAC,56.0,"[28, 14, 7, 7]",,,,,,,
401908538,2026,2,regular,2026-09-12T16:00:00.000Z,False,True,False,False,,5997.0,Brooks Stadium (NY),2383,Merchant Marine,iii,NEWMAC,63.0,"[14, 21, 14, 14]",,,,2884,Nichols,iii,Commonwealth Coast,14.0,"[6, 0, 0, 8]",,,,,,,
401866416,2026,2,regular,2026-09-12T16:00:00.000Z,False,True,False,False,,3696.0,Dix Stadium,2309,Kent State,fbs,Mid-American,36.0,"[7, 7, 0, 22]",0.9619717597961426,1035.0,1035.0,2747,Wofford,fcs,Southern,15.0,"[3, 12, 0, 0]",0.03802824020385742,,,4.618649026122627,,,
401908092,2026,2,regular,2026-09-12T16:00:00.000Z,False,True,False,False,,6107.0,ECAV Stadium,2528,Rensselaer,iii,Liberty League,14.0,"[7, 7, 0, 0]",,,,390,Utica,iii,Empire 8,38.0,"[10, 10, 8, 10]",,,,,,,
401907746,2026,2,regular,2026-09-12T16:00:00.000Z,False,True,False,False,,3717.0,Edwin Fauver Stadium,184,Rochester (NY),iii,Liberty League,21.0,"[7, 7, 0, 7]",,,,3110,SUNY Morrisville,iii,Empire 8,10.0,"[7, 3, 0, 0]",,,,,,,
401906845,2026,2,regular,2026-09-12T16:00:00.000Z,False,True,False,False,,3729.0,"Frank ""Muddy"" Waters Stadium",2273,Hillsdale,ii,Great Midwest Athletic,49.0,"[14, 14, 14, 7]",,,,131,Wayne State (MI),ii,GLIAC,0.0,"[0, 0, 0, 0]",,,,,,,
401908703,2026,2,regular,2026-09-12T16:00:00.000Z,False,True,False,False,,5800.0,Jopson Athletic Complex,2079,Bridgewater,iii,Old Dominion,14.0,"[0, 7, 7, 0]",,,,216,Susquehanna,iii,Landmark Conference,41.0,"[14, 14, 13, 0]",,,,,,,
401864571,2026,2,regular,2026-09-12T16:00:00.000Z,False,True,False,False,,3699.0,Dowdy-Ficklen Stadium,151,East Carolina,fbs,American Athletic,24.0,"[7, 3, 7, 7]",0.28081414103507996,1477.0,1462.0,2026,App State,fbs,Sun Belt,27.0,"[3, 14, 10, 0]",0.71918585896492,1310.0,1325.0,5.840694871750819,,,
401868187,2026,2,regular,2026-09-12T16:00:00.000Z,False,True,False,False,,3992.0,Williams Stadium (VA),2335,Liberty,fbs,Conference USA,24.0,"[14, 3, 0, 7]",0.8924932479858398,1697.0,1697.0,2241,Gardner-Webb,fcs,OVC,23.0,"[6, 14, 3, 0]",0.10750675201416016,,,5.981791198506766,,,
401868227,2026,2,regular,2026-09-12T16:00:00.000Z,False,True,False,False,,3988.0,Welcome Stadium,2168,Dayton,fcs,Pioneer,30.0,"[13, 0, 7, 10]",1.0,,,2646,Thomas More,ii,Great Midwest Athletic,7.0,"[7, 0, 0, 0]",0.0,,,3.8175301394213523,,,
401866628,2026,2,regular,2026-09-12T16:00:00.000Z,False,True,False,True,,11488.0,Centreville Bank Stadium,227,Rhode Island,fcs,Coastal Athletic,31.0,"[0, 0, 3, 28]",0.9758200645446777,,,2210,Elon,fcs,Coastal Athletic,10.0,"[0, 3, 0, 7]",0.024179935455322266,,,4.386349927723735,,,
401866632,2026,2,regular,2026-09-12T16:00:00.000Z,False,True,False,False,,11553.0,Shark Stadium,2341,Long Island University,fcs,NEC,13.0,"[0, 7, 0, 6]",0.0,,,399,UAlbany,fcs,Coastal Athletic,35.0,"[14, 0, 21, 0]",1.0,,,3.264021959334866,,,
401870822,2026,2,regular,2026-09-12T16:00:00.000Z,False,True,False,False,,3897.0,Richardson Stadium,2166,Davidson,fcs,Pioneer,28.0,"[7, 7, 0, 14]",0.8050546646118164,,,2175,Dickinson,iii,Centennial,14.0,"[0, 7, 7, 0]",0.1949453353881836,,,3.90698153145964,,,
401858221,2026,2,regular,2026-09-12T16:00:00.000Z,False,True,False,False,,3799.0,Lane Stadium,259,Virginia Tech,fbs,ACC,44.0,"[17, 17, 3, 7]",0.9789135456085205,1421.0,1468.0,295,Old Dominion,fbs,Sun Belt,21.0,"[3, 3, 7, 8]",0.021086454391479492,1336.0,1289.0,2.5798047775213986,,,
401908207,2026,2,regular,2026-09-12T16:00:00.000Z,False,True,False,False,,5793.0,Macholtz Stadium,2023,Anderson (IN),iii,Heartland,49.0,"[21, 7, 14, 7]",,,,417,Gallaudet,iii,Southern Collegiate Athletic,28.0,"[7, 0, 14, 7]",,,,,,,
401907967,2026,2,regular,2026-09-12T16:00:00.000Z,False,True,False,False,,5636.0,Wright Stadium,173,Hartwick,iii,Empire 8,47.0,"[28, 6, 10, 3]",,,,2085,Buffalo State,iii,Liberty League,13.0,"[0, 0, 7, 6]",,,,,,,
401868028,2026,2,regular,2026-09-12T16:30:00.000Z,False,True,False,False,,3721.0,Fisher Field,322,Lafayette,fcs,Patriot,13.0,"[0, 6, 7, 0]",0.21565420925617218,,,2368,Marist,fcs,Pioneer,9.0,"[3, 6, 0, 0]",0.7843457907438278,,,4.970688691881184,,,
401856673,2026,2,regular,2026-09-12T16:45:00.000Z,False,True,False,False,,3917.0,Sanford Stadium,61,Georgia,fbs,SEC,70.0,"[21, 28, 14, 7]",0.9499468803405762,1871.0,1948.0,98,Western Kentucky,fbs,Conference USA,20.0,"[0, 6, 0, 14]",0.05005311965942383,1327.0,1250.0,2.0673143380751107,,,
401907848,2026,2,regular,2026-09-12T17:00:00.000Z,False,True,False,False,,6100.0,Cutler Field,354,Olivet,iii,Michigan,43.0,"[0, 14, 7, 7, 15]",,,,75,North Park,iii,CCIW,41.0,"[7, 7, 7, 7, 13]",,,,,,,
401908518,2026,2,regular,2026-09-12T17:00:00.000Z,False,True,False,False,,6143.0,Golden Bear Stadium,2702,Western New England,iii,Commonwealth Coast,21.0,"[0, 7, 0, 14]",,,,2776,Salve Regina,iii,NEWMAC,24.0,"[7, 7, 3, 7]",,,,,,,
401907625,2026,2,regular,2026-09-12T17:00:00.000Z,False,True,False,True,,11955.0,PENFED Field at Scranton Memorial Stadium,132714,Lackawanna,,,10.0,"[0, 10, 0, 0]",,,,611,Seton Hill,ii,Pennsylvania State Athletic,20.0,"[7, 3, 3, 7]",,,,,,,
401907413,2026,2,regular,2026-09-12T17:00:00.000Z,False,True,False,True,,3663.0,Burke-Tarr Stadium,2105,Carson Newman,ii,South Atlantic,24.0,"[7, 3, 7, 7]",,,,351,Wingate,ii,South Atlantic,23.0,"[0, 16, 7, 0]",,,,,,,
401908651,2026,2,regular,2026-09-12T17:00:00.000Z,False,True,False,False,,6128.0,Alumni Stadium (PA),2644,Thiel,iii,Presidents',7.0,"[0, 0, 0, 7]",,,,2003,Adrian,iii,Michigan,48.0,"[3, 18, 20, 7]",,,,,,,
401906590,2026,2,regular,2026-09-12T17:00:00.000Z,False,True,False,False,,6077.0,Stokes Stadium,2654,Truman State,ii,Great Lakes,24.0,"[0, 17, 7, 0, 0]",,,,196,Northeastern State,ii,Independent DII,31.0,"[14, 3, 7, 0, 7]",,,,,,,
401909137,2026,2,regular,2026-09-12T17:00:00.000Z,False,True,False,True,,5906.0,McBride Field,352,Kenyon,iii,North Coast,19.0,"[0, 10, 9, 0]",,,,2748,Wooster,iii,North Coast,26.0,"[3, 3, 6, 14]",,,,,,,
401867685,2026,2,regular,2026-09-12T17:00:00.000Z,False,True,False,False,,3453.0,SeatGeek Stadium,2130,Chicago State,fcs,FCS Independents,78.0,"[21, 28, 7, 22]",0.9920775890350342,,,3077,Kentucky Christian,,,7.0,"[0, 7, 0, 0]",0.00792241096496582,,,2.27131574496071,,,
401906147,2026,2,regular,2026-09-12T17:00:00.000Z,False,True,False,False,,5220.0,Garrison Stadium,2804,Chowan,ii,Carolinas,19.0,"[6, 7, 0, 6]",,,,2676,Virginia Union,ii,CIAA,34.0,"[14, 7, 10, 3]",,,,,,,
401906950,2026,2,regular,2026-09-12T17:00:00.000Z,False,True,False,True,,6056.0,B.T. Harvey Stadium,60,Morehouse,ii,SIAC,21.0,"[0, 7, 0, 14]",,,,2119,Central State,ii,SIAC,49.0,"[14, 7, 14, 14]",,,,,,,
401906611,2026,2,regular,2026-09-12T17:00:00.000Z,False,True,False,False,,6139.0,Cameron Stadium,2686,Washington & Jefferson,iii,Presidents',42.0,"[14, 28, 0, 0]",,,,122774,Keystone,iii,Independent DIII,0.0,"[0, 0, 0, 0]",,,,,,,
401906598,2026,2,regular,2026-09-12T17:00:00.000Z,False,True,False,False,,3957.0,Tiger Stadium (AL),2695,West Alabama,ii,Gulf South,24.0,"[7, 3, 0, 14]",,,,90,Pittsburg State,ii,Mid America,23.0,"[3, 3, 7, 10]",,,,,,,
401907578,2026,2,regular,2026-09-12T17:00:00.000Z,False,True,False,False,,7422.0,Municipal Stadium,126086,Post,ii,Northeast 10,14.0,"[0, 0, 14, 0]",,,,2699,West Liberty,ii,Mountain East,35.0,"[7, 21, 0, 7]",,,,,,,
401907978,2026,2,regular,2026-09-12T17:00:00.000Z,False,True,False,False,,3755.0,Ray and Sue Smith Stadium,2812,Hope,iii,Michigan,38.0,"[7, 7, 14, 10]",,,,2743,Wisconsin Stevens Point,iii,Wisconsin,10.0,"[0, 3, 0, 7]",,,,,,,
401908676,2026,2,regular,2026-09-12T17:00:00.000Z,False,True,False,True,,6099.0,Selby Stadium,2980,Ohio Wesleyan,iii,North Coast,7.0,"[0, 0, 0, 7]",,,,2302,John Carroll,iii,Ohio,44.0,"[14, 17, 6, 7]",,,,,,,
401908258,2026,2,regular,2026-09-12T17:00:00.000Z,False,True,False,False,,5855.0,Charles A. Henry Field,2274,Hiram,iii,Presidents',20.0,"[0, 7, 0, 13]",,,,2362,Manchester,iii,Heartland,11.0,"[0, 3, 0, 8]",,,,,,,
401908273,2026,2,regular,2026-09-12T17:00:00.000Z,False,True,False,False,,5904.0,Angell Field,126,Kalamazoo,iii,Michigan,7.0,"[0, 7, 0, 0]",,,,86,Rose Hulman,iii,Heartland,27.0,"[7, 7, 7, 6]",,,,,,,
401908339,2026,2,regular,2026-09-12T17:00:00.000Z,False,True,False,False,,6146.0,Memorial Field (PA),2849,Westminster (PA),iii,Presidents',8.0,"[0, 0, 0, 8]",,,,2234,Franklin & Marshall,iii,Centennial,45.0,"[7, 10, 14, 14]",,,,,,,
401908360,2026,2,regular,2026-09-12T17:00:00.000Z,False,True,False,False,,6114.0,Sea Gull Stadium,2532,Salisbury,iii,New Jersey,31.0,"[7, 14, 3, 7]",,,,2700,McDaniel,iii,Centennial,0.0,"[0, 0, 0, 0]",,,,,,,
401908377,2026,2,regular,2026-09-12T17:00:00.000Z,False,True,False,False,,5807.0,Brevard Memorial Stadium,2913,Brevard,iii,USA South,39.0,"[22, 7, 7, 3]",,,,2553,Sewanee,iii,Southern Athletic,14.0,"[0, 8, 0, 6]",,,,,,,
401873229,2026,2,regular,2026-09-12T17:00:00.000Z,False,True,False,False,,6104.0,Baker Stadium,2508,Puget Sound,iii,Northwest,,,,,,134423,Lewis-Clark Valley College,,,,,,,,,,,
401908712,2026,2,regular,2026-09-12T17:00:00.000Z,False,True,False,False,,3920.0,Schmidt Stadium,398,Wilkes,iii,Landmark Conference,28.0,"[7, 0, 7, 14]",,,,2442,The College of New Jersey,iii,New Jersey,8.0,"[0, 2, 6, 0]",,,,,,,
401908966,2026,2,regular,2026-09-12T17:00:00.000Z,False,True,False,True,,5123.0,Little Giant Stadium,89,Wabash,iii,North Coast,31.0,"[7, 7, 7, 10]",,,,2746,Wittenberg,iii,North Coast,0.0,"[0, 0, 0, 0]",,,,,,,
401908190,2026,2,regular,2026-09-12T17:00:00.000Z,False,True,False,True,,7513.0,O'Hara Field,127954,Eastern,iii,Mid Atlantic,27.0,"[7, 14, 0, 6]",,,,2969,Misericordia,iii,Mid Atlantic,21.0,"[6, 7, 0, 8]",,,,,,,
401873404,2026,2,regular,2026-09-12T17:00:00.000Z,False,True,False,False,,5905.0,Kean Alumni Stadium,2871,Kean,iii,New Jersey,51.0,"[21, 14, 7, 9]",,,,2951,SUNY Maritime,iii,NEWMAC,17.0,"[0, 7, 0, 10]",,,,,,,
401866417,2026,2,regular,2026-09-12T17:00:00.000Z,False,True,False,False,,3996.0,Yager Stadium,193,Miami (OH),fbs,Mid-American,45.0,"[14, 28, 3, 0]",0.9932807683944702,1252.0,1252.0,107,Holy Cross,fcs,Patriot,7.0,"[0, 0, 7, 0]",0.006719231605529785,,,1.6097025491435413,,,
401908172,2026,2,regular,2026-09-12T17:00:00.000Z,False,True,False,True,,4855.0,Leslie C. Quick Jr. Stadium,2725,Widener,iii,Mid Atlantic,14.0,"[7, 0, 0, 7]",,,,111674,Alvernia,iii,Mid Atlantic,10.0,"[0, 0, 7, 3]",,,,,,,
401907872,2026,2,regular,2026-09-12T17:00:00.000Z,False,True,False,False,,5856.0,Boswell Field at David J. Urick Stadium,174,Hobart,iii,Liberty League,27.0,"[10, 10, 0, 7]",,,,2781,Brockport,iii,Empire 8,14.0,"[7, 0, 7, 0]",,,,,,,
401908077,2026,2,regular,2026-09-12T17:00:00.000Z,False,True,False,False,,12023.0,Stallings Field,286,North Carolina Wesleyan,iii,USA South,42.0,"[14, 14, 14, 0]",,,,3111,Apprentice School,iii,Independent DIII,0.0,"[0, 0, 0, 0]",,,,,,,
401906194,2026,2,regular,2026-09-12T17:00:00.000Z,False,True,False,True,,4015.0,Barron Stadium,2560,Shorter,ii,Carolinas,24.0,"[0, 7, 14, 3]",,,,2882,UNC Pembroke,ii,Carolinas,31.0,"[7, 3, 14, 7]",,,,,,,
401907404,2026,2,regular,2026-09-12T17:00:00.000Z,False,True,False,True,,6046.0,Meares Stadium,2369,Mars Hill,ii,South Atlantic,22.0,"[0, 3, 0, 13, 6]",,,,2107,Catawba,ii,South Atlantic,16.0,"[7, 0, 2, 7, 0]",,,,,,,
401907704,2026,2,regular,2026-09-12T17:00:00.000Z,False,True,False,True,,5933.0,Sea Foam Stadium,3066,Concordia St. Paul,ii,Northern Sun,10.0,"[0, 0, 10, 0]",,,,559,University of Mary,ii,Northern Sun,13.0,"[7, 0, 3, 3]",,,,,,,
401908739,2026,2,regular,2026-09-12T17:00:00.000Z,False,True,False,False,,10463.0,Grand Rapids Christian High School,129738,Calvin,iii,Michigan,49.0,"[25, 14, 10, 0]",,,,2832,St. Norbert,iii,NACC,7.0,"[7, 0, 0, 0]",,,,,,,
401907421,2026,2,regular,2026-09-12T17:00:00.000Z,False,True,False,True,,5840.0,Fred Selfe Stadium at Nicewonder Field,2213,Emory & Henry,ii,South Atlantic,26.0,"[7, 7, 3, 9]",,,,2839,Tusculum,ii,South Atlantic,28.0,"[0, 14, 7, 7]",,,,,,,
401908102,2026,2,regular,2026-09-12T17:00:00.000Z,False,True,False,False,,5932.0,Lloyd L. Thornton Stadium,2373,Maryville (TN),iii,USA South,26.0,"[7, 13, 6, 0]",,,,2262,Hanover,iii,Heartland,43.0,"[14, 8, 7, 14]",,,,,,,
401908610,2026,2,regular,2026-09-12T17:00:00.000Z,False,True,False,False,,6142.0,Westside Athletic Complex,2843,Western Connecticut State,iii,Landmark Conference,7.0,"[0, 7, 0, 0]",,,,3112,Christopher Newport,iii,New Jersey,37.0,"[3, 14, 0, 20]",,,,,,,
401908645,2026,2,regular,2026-09-12T17:00:00.000Z,False,True,False,False,,5925.0,David Person Field,2354,Lycoming,iii,Landmark Conference,28.0,"[7, 7, 7, 7]",,,,2818,Montclair State,iii,New Jersey,30.0,"[7, 0, 6, 17]",,,,,,,
401907759,2026,2,regular,2026-09-12T17:00:00.000Z,False,True,False,False,,5919.0,Ron Roberts Field at the Banta Bowl,268,Lawrence,iii,Midwest,14.0,"[7, 7, 0, 0]",,,,63,Buena Vista,iii,American Rivers,26.0,"[13, 0, 7, 6]",,,,,,,
401908638,2026,2,regular,2026-09-12T17:00:00.000Z,False,True,False,False,,5789.0,Frank B. Fuhrer Field,2018,Allegheny,iii,Presidents',27.0,"[7, 0, 10, 10]",,,,246,Juniata,iii,Landmark Conference,0.0,"[0, 0, 0, 0]",,,,,,,
401908182,2026,2,regular,2026-09-12T17:00:00.000Z,False,True,False,True,,3621.0,Arnold Field (PA),388,Lebanon Valley,iii,Mid Atlantic,17.0,"[0, 17, 0, 0]",,,,2808,Delaware Valley,iii,Mid Atlantic,18.0,"[0, 3, 6, 9]",,,,,,,
401856791,2026,2,regular,2026-09-12T17:00:00.000Z,False,True,False,False,,3842.0,Milan Puskar Stadium,277,West Virginia,fbs,Big 12,52.0,"[21, 7, 17, 7]",0.9900001287460327,1365.0,1365.0,2630,UT Martin,fcs,OVC,7.0,"[0, 0, 0, 7]",0.009999871253967285,,,2.208256557952954,,,
401866415,2026,2,regular,2026-09-12T17:00:00.000Z,False,True,False,False,,3786.0,Kelly/Shorts Stadium,2117,Central Michigan,fbs,Mid-American,13.0,"[0, 0, 6, 7]",0.9310958981513977,1253.0,1253.0,2142,Colgate,fcs,Patriot,10.0,"[0, 10, 0, 0]",0.0689041018486023,,,4.595530284820957,,,
401908836,2026,2,regular,2026-09-12T17:30:00.000Z,False,True,False,False,,4856.0,Mount Union Stadium,426,Mount Union,iii,Ohio,21.0,"[0, 7, 7, 7]",,,,146,Grove City,iii,Presidents',17.0,"[3, 7, 7, 0]",,,,,,,
401908663,2026,2,regular,2026-09-12T17:30:00.000Z,False,True,False,True,,5812.0,Bernlohr Stadium,424,Capital,iii,Ohio,44.0,"[21, 7, 6, 10]",,,,2733,Wilmington (OH),iii,Ohio,19.0,"[6, 0, 6, 7]",,,,,,,
401867990,2026,2,regular,2026-09-12T17:30:00.000Z,False,True,False,False,,3597.0,Alumni Memorial Field,2678,VMI,fcs,Southern,3.0,"[0, 3, 0, 0]",0.12135446071624756,,,2083,Bucknell,fcs,Patriot,14.0,"[0, 0, 0, 14]",0.8786455392837524,,,4.3881841382720745,,,
401908492,2026,2,regular,2026-09-12T17:30:00.000Z,False,True,False,False,,5801.0,George Finnie Stadium,188,Baldwin Wallace,iii,Ohio,84.0,"[28, 35, 14, 7]",,,,2062,Bethany (WV),iii,Presidents',26.0,"[6, 12, 8, 0]",,,,,,,
401908724,2026,2,regular,2026-09-12T18:00:00.000Z,False,True,False,True,,5828.0,Van Metre Field at Ash Park,2155,Cornell (IA),iii,Midwest,10.0,"[0, 3, 0, 7]",,,,266,Beloit,iii,Midwest,0.0,"[0, 0, 0, 0]",,,,,,,
401908299,2026,2,regular,2026-09-12T18:00:00.000Z,False,True,False,False,,4423.0,Young-Wise Memorial Stadium,418,Hendrix,iii,Southern Athletic,20.0,"[3, 0, 7, 10]",,,,2938,Huntingdon,iii,USA South,26.0,"[0, 19, 7, 0]",,,,,,,
401906930,2026,2,regular,2026-09-12T18:00:00.000Z,False,True,False,False,,3878.0,Plaster Sports Complex,2586,Southwest Baptist,ii,Great Lakes,56.0,"[7, 14, 0, 35]",,,,127991,Roosevelt,ii,GLIAC,59.0,"[17, 14, 21, 7]",,,,,,,
401906169,2026,2,regular,2026-09-12T18:00:00.000Z,False,True,False,False,,7075.0,Electric Supply Company Field,122666,Barton,ii,Carolinas,36.0,"[14, 15, 0, 7]",,,,495,BLUEFIELD,,,21.0,"[7, 6, 0, 8]",,,,,,,
401907728,2026,2,regular,2026-09-12T18:00:00.000Z,False,True,False,True,,6035.0,"Memorial Stadium (Wayne, NE)",2844,Wayne State (NE),ii,Northern Sun,13.0,"[7, 0, 0, 6]",,,,134,Minnesota Duluth,ii,Northern Sun,20.0,"[7, 10, 3, 0]",,,,,,,
401907790,2026,2,regular,2026-09-12T18:00:00.000Z,False,True,False,False,,5815.0,Schneider Stadium,32,Carroll (WI),iii,CCIW,17.0,"[0, 7, 3, 7]",,,,2738,Wisconsin Eau Claire,iii,Wisconsin,34.0,"[7, 14, 10, 3]",,,,,,,
401907274,2026,2,regular,2026-09-12T18:00:00.000Z,False,True,False,True,,6033.0,Carl Smith Stadium,2842,UVA Wise,ii,South Atlantic,21.0,"[0, 0, 7, 14]",,,,129469,Anderson (SC),ii,South Atlantic,39.0,"[6, 7, 13, 13]",,,,,,,
401906995,2026,2,regular,2026-09-12T18:00:00.000Z,False,True,False,False,,5942.0,Francis G. Welch Stadium,2214,Emporia State,ii,Mid America,34.0,"[10, 7, 7, 10]",,,,2392,Michigan Tech,ii,GLIAC,20.0,"[7, 13, 0, 0]",,,,,,,
401873394,2026,2,regular,2026-09-12T18:00:00.000Z,False,True,False,False,,6110.0,Sam Greeley Field,2524,Rockford,iii,NACC,14.0,"[0, 7, 0, 7]",,,,72,Elmhurst,iii,CCIW,28.0,"[13, 8, 0, 7]",,,,,,,
401907780,2026,2,regular,2026-09-12T18:00:00.000Z,False,True,False,False,,5900.0,Don and Nona Williams Stadium,2744,Wisconsin Stout,iii,Wisconsin,37.0,"[24, 3, 7, 3]",,,,2042,Augustana (IL),iii,CCIW,34.0,"[0, 3, 15, 16]",,,,,,,
401868280,2026,2,regular,2026-09-12T18:00:00.000Z,False,True,False,False,,5116.0,O'Shaughnessy Stadium,2900,St. Thomas (MN),fcs,Pioneer,56.0,"[15, 20, 0, 21]",0.9963313341140747,,,128,Northern Michigan,ii,GLIAC,14.0,"[7, 0, 7, 0]",0.003668665885925293,,,2.534964628275039,,,
401908790,2026,2,regular,2026-09-12T18:00:00.000Z,False,True,False,True,,5931.0,Don Drumm Stadium,317,Marietta,iii,Ohio,13.0,"[6, 0, 0, 7]",,,,427,Ohio Northern,iii,Ohio,20.0,"[7, 3, 7, 3]",,,,,,,
401907996,2026,2,regular,2026-09-12T18:00:00.000Z,False,True,False,False,,5823.0,Clark Field,2141,Coe,iii,American Rivers,6.0,"[3, 0, 0, 3]",,,,2723,Wisconsin River Falls,iii,Wisconsin,38.0,"[7, 17, 14, 0]",,,,,,,
401908040,2026,2,regular,2026-09-12T18:00:00.000Z,False,True,False,False,,5914.0,Veterans Memorial Stadium (WI),2740,Wisconsin La Crosse,iii,Wisconsin,20.0,"[0, 7, 3, 10]",,,,2810,Hardin Simmons,iii,American Southwest,28.0,"[7, 7, 0, 14]",,,,,,,
401908009,2026,2,regular,2026-09-12T18:00:00.000Z,False,True,False,False,,5911.0,Ralph E. Davis Pioneer Stadium,272,Wisconsin Platteville,iii,Wisconsin,59.0,"[14, 21, 21, 3]",,,,49,Dubuque,iii,American Rivers,0.0,"[0, 0, 0, 0]",,,,,,,
401908268,2026,2,regular,2026-09-12T18:00:00.000Z,False,True,False,False,,5797.0,Vago Field,2044,Aurora,iii,NACC,21.0,"[14, 0, 7, 0]",,,,2419,Mount St Joseph,iii,Heartland,49.0,"[21, 7, 7, 14]",,,,,,,
401907685,2026,2,regular,2026-09-12T18:00:00.000Z,False,True,False,True,,5872.0,Kirkeby-Over Stadium,2043,Augustana (SD),ii,Northern Sun,38.0,"[0, 21, 7, 10]",,,,568,Minot State,ii,Northern Sun,33.0,"[6, 14, 7, 6]",,,,,,,
401867884,2026,2,regular,2026-09-12T18:00:00.000Z,False,True,False,False,,1905.0,DakotaDome,233,South Dakota,fcs,MVFC,41.0,"[7, 10, 14, 10]",0.9965556859970093,,,331,Eastern Washington,fcs,Big Sky,23.0,"[0, 3, 7, 13]",0.0034443140029907227,,,2.6128728648951896,,,
401867895,2026,2,regular,2026-09-12T18:00:00.000Z,False,True,False,False,,844.0,Stambaugh Stadium,2754,Youngstown State,fcs,MVFC,70.0,"[21, 28, 7, 14]",0.9939977526664734,,,2184,Duquesne,fcs,NEC,13.0,"[3, 7, 0, 3]",0.006002247333526611,,,2.4135368745648575,,,
401907678,2026,2,regular,2026-09-12T18:00:00.000Z,False,True,False,True,,6070.0,Bob Young Field,2894,Sioux Falls,ii,Northern Sun,29.0,"[7, 6, 0, 8, 8]",,,,2817,Minnesota St Moorhead,ii,Northern Sun,28.0,"[7, 0, 0, 14, 7]",,,,,,,
401907494,2026,2,regular,2026-09-12T18:00:00.000Z,False,True,False,True,,4435.0,Robert B. Redman Stadium,2071,Bloomsburg,ii,Pennsylvania State Athletic,6.0,"[3, 3, 0, 0]",,,,2205,Edinboro,ii,Pennsylvania State Athletic,9.0,"[0, 9, 0, 0]",,,,,,,
401908772,2026,2,regular,2026-09-12T18:00:00.000Z,False,True,False,False,,5826.0,Concordia Stadium,2151,Concordia Chicago,iii,NACC,42.0,"[7, 21, 0, 14]",,,,65,Grinnell,iii,Midwest,7.0,"[0, 0, 0, 7]",,,,,,,
401907466,2026,2,regular,2026-09-12T18:00:00.000Z,False,True,False,True,,5897.0,Francis Field (MO),143,Washington St. Louis,iii,North Coast,37.0,"[17, 7, 10, 3]",,,,83,DePauw,iii,North Coast,27.0,"[0, 0, 13, 14]",,,,,,,
401907887,2026,2,regular,2026-09-12T18:00:00.000Z,False,True,False,False,,4854.0,Perkins Stadium,2745,Wisconsin Whitewater,iii,Wisconsin,49.0,"[7, 14, 14, 14]",,,,2615,Saint Xavier,,,14.0,"[0, 7, 0, 7]",,,,,,,
401908401,2026,2,regular,2026-09-12T18:00:00.000Z,False,True,False,False,,5798.0,Jerry E. Apple Stadium,2045,Austin,iii,Southern Collegiate Athletic,23.0,"[0, 20, 3, 0]",,,,2519,Rhodes,iii,Southern Athletic,17.0,"[7, 0, 7, 3]",,,,,,,
401907839,2026,2,regular,2026-09-12T18:00:00.000Z,False,True,False,False,,6080.0,Frank M. Lindsay Field,74,Millikin,iii,CCIW,37.0,"[10, 13, 7, 7]",,,,67,Luther,iii,Midwest,14.0,"[0, 0, 7, 7]",,,,,,,
401907844,2026,2,regular,2026-09-12T18:00:00.000Z,False,True,False,False,,6137.0,Walston-Hoover Stadium,2685,Wartburg,iii,American Rivers,20.0,"[7, 7, 0, 6]",,,,3071,North Central College,iii,CCIW,26.0,"[0, 7, 7, 12]",,,,,,,
401908305,2026,2,regular,2026-09-12T18:00:00.000Z,False,True,False,False,,,,131109,Roanoke College,,,28.0,"[7, 21, 0, 0]",,,,2256,Greensboro,iii,USA South,14.0,"[7, 0, 7, 0]",,,,,,,
401866413,2026,2,regular,2026-09-12T18:00:00.000Z,False,True,False,False,,3919.0,Scheumann Stadium,2050,Ball State,fbs,Mid-American,41.0,"[7, 14, 0, 20]",0.9929779171943665,1076.0,1076.0,2619,Stony Brook,fcs,Coastal Athletic,17.0,"[0, 3, 0, 14]",0.007022082805633545,,,2.9274254084526574,,,
401908782,2026,2,regular,2026-09-12T18:00:00.000Z,False,True,False,True,,5908.0,Harley Knosher Bowl,255,Knox,iii,Midwest,12.0,"[6, 0, 6, 0]",,,,262,Lake Forest,iii,Midwest,68.0,"[21, 14, 30, 3]",,,,,,,
401907833,2026,2,regular,2026-09-12T18:00:00.000Z,False,True,False,False,,5859.0,Tucci Stadium,306,Illinois Wesleyan,iii,CCIW,45.0,"[14, 10, 7, 14]",,,,2651,Trine,iii,Michigan,35.0,"[0, 7, 15, 13]",,,,,,,
401908500,2026,2,regular,2026-09-12T18:00:00.000Z,False,True,False,False,,5853.0,Francis Field (IL),2257,Greenville,iii,Upper Midwest,20.0,"[0, 6, 7, 7]",,,,6353,Lakeland,iii,NACC,41.0,"[7, 27, 0, 7]",,,,,,,
401907692,2026,2,regular,2026-09-12T18:00:00.000Z,False,True,False,True,,5780.0,Altra Federal Credit Union Stadium,2851,Winona State,ii,Northern Sun,28.0,"[7, 14, 0, 7]",,,,2939,Jamestown,ii,Northern Sun,0.0,"[0, 0, 0, 0]",,,,,,,
401868033,2026,2,regular,2026-09-12T18:00:00.000Z,False,True,False,True,,3741.0,Goodman Stadium,2329,Lehigh,fcs,Patriot,44.0,"[16, 21, 0, 7]",0.9918102622032166,,,2729,William & Mary,fcs,Patriot,20.0,"[0, 7, 0, 13]",0.008189737796783447,,,2.129415929238217,,,
401868255,2026,2,regular,2026-09-12T18:00:00.000Z,False,True,False,False,,3967.0,UNI-Dome,2460,Northern Iowa,fcs,MVFC,56.0,"[21, 7, 21, 7]",0.995480477809906,,,2181,Drake,fcs,Pioneer,14.0,"[7, 7, 0, 0]",0.004519522190093994,,,2.5096456643598484,,,
401908515,2026,2,regular,2026-09-12T18:00:00.000Z,False,True,False,False,,10459.0,Jerome Berg Field,561,Mayville State,,,37.0,"[9, 7, 14, 7]",,,,2399,Minnesota Morris,iii,Upper Midwest,13.0,"[6, 7, 0, 0]",,,,,,,
401908603,2026,2,regular,2026-09-12T18:30:00.000Z,False,True,False,True,,5898.0,John Coughlin Memorial Field,402,Worcester State,iii,MSCAC,28.0,"[7, 14, 7, 0]",,,,2972,Plymouth State,iii,MSCAC,6.0,"[0, 0, 0, 6]",,,,,,,
401907385,2026,2,regular,2026-09-12T18:30:00.000Z,False,True,False,True,,5134.0,Bearcat Stadium,138,Northwest Missouri State,ii,Mid America,31.0,"[7, 10, 14, 0]",,,,2687,Washburn,ii,Mid America,24.0,"[0, 3, 14, 7]",,,,,,,
401907131,2026,2,regular,2026-09-12T19:00:00.000Z,False,True,False,True,,3860.0,O'Harra Stadium,613,South Dakota Mines,ii,Rocky Mountain,24.0,"[14, 3, 7, 0, 0]",,,,11,Colorado Mesa,ii,Rocky Mountain,30.0,"[3, 7, 7, 7, 6]",,,,,,,
401908509,2026,2,regular,2026-09-12T19:00:00.000Z,False,True,False,False,,5827.0,Tomasini Stadium,409,Concordia (WI),iii,NACC,48.0,"[14, 10, 10, 14]",,,,446,Martin Luther,iii,Upper Midwest,13.0,"[0, 6, 0, 7]",,,,,,,
401908319,2026,2,regular,2026-09-12T19:00:00.000Z,False,True,False,False,,6102.0,Sparks Stadium,2486,Pacific Lutheran,iii,Northwest,6.0,"[0, 0, 0, 6]",,,,2371,Mary Hardin Baylor,iii,American Southwest,29.0,"[7, 3, 13, 6]",,,,,,,
401868112,2026,2,regular,2026-09-12T19:00:00.000Z,False,True,False,True,,3987.0,Washington-Grizzly Stadium,149,Montana,fcs,Big Sky,35.0,"[7, 14, 0, 14]",0.9746050238609314,,,3101,Utah Tech,fcs,Big Sky,14.0,"[0, 0, 0, 14]",0.025394976139068604,,,2.4615493753141853,,,
401867953,2026,2,regular,2026-09-12T19:00:00.000Z,False,True,False,False,,3613.0,Alumni Stadium,2169,Delaware State,fcs,MEAC,21.0,"[7, 0, 14, 0]",0.9560428261756897,,,2075,Bowie State,ii,CIAA,6.0,"[0, 0, 6, 0]",0.0439571738243103,,,3.215526497909931,,,
401906957,2026,2,regular,2026-09-12T19:00:00.000Z,False,True,False,True,,6027.0,Albert J. H. Sloan - Alumni Stadium,2396,Miles,ii,SIAC,20.0,"[6, 14, 0, 0]",,,,2206,Edward Waters,ii,SIAC,36.0,"[8, 7, 7, 14]",,,,,,,
401907101,2026,2,regular,2026-09-12T19:00:00.000Z,False,True,False,True,,5877.0,Lyle Hare Stadium,2069,Black Hills State,ii,Rocky Mountain,44.0,"[14, 10, 14, 6]",,,,2001,Adams State,ii,Rocky Mountain,8.0,"[0, 8, 0, 0]",,,,,,,
401866412,2026,2,regular,2026-09-12T19:30:00.000Z,False,True,False,False,,3768.0,InfoCision Stadium,2006,Akron,fbs,Mid-American,45.0,"[7, 14, 10, 14]",0.9734373688697815,905.0,905.0,2523,Robert Morris,fcs,NEC,10.0,"[0, 10, 0, 0]",0.026562631130218506,,,2.9058535163628694,,,
401862708,2026,2,regular,2026-09-12T19:30:00.000Z,False,True,False,False,,7221.0,Protective Stadium,5,UAB,fbs,American Athletic,26.0,"[0, 10, 3, 13]",0.9372057318687439,1411.0,1403.0,2433,UL Monroe,fbs,Sun Belt,20.0,"[7, 10, 3, 0]",0.0627942681312561,1071.0,1079.0,5.855949041456546,,,
401858217,2026,2,regular,2026-09-12T19:30:00.000Z,False,True,False,False,,3832.0,"Memorial Stadium (Champaign, IL)",356,Illinois,fbs,Big Ten,27.0,"[10, 14, 3, 0]",0.017757385969161987,1595.0,1589.0,150,Duke,fbs,ACC,31.0,"[7, 14, 7, 3]",0.982242614030838,1607.0,1613.0,5.659197811170286,,,
401856674,2026,2,regular,2026-09-12T19:30:00.000Z,False,True,False,True,,3683.0,Kroger Field,96,Kentucky,fbs,SEC,17.0,"[7, 10, 0, 0]",0.0,1476.0,1440.0,333,Alabama,fbs,SEC,45.0,"[7, 6, 18, 14]",1.0,1823.0,1859.0,4.735355751393114,,,
401866420,2026,2,regular,2026-09-12T19:30:00.000Z,False,True,False,False,,3985.0,Warren McGuirk Alumni Stadium,113,Massachusetts,fbs,Mid-American,37.0,"[17, 6, 14, 0]",0.9915581941604614,1049.0,1049.0,2529,Sacred Heart,fcs,Coastal Athletic,10.0,"[0, 0, 3, 7]",0.008441805839538574,,,2.0110112525244674,,,
401858440,2026,2,regular,2026-09-12T19:30:00.000Z,False,True,False,False,,3936.0,Spartan Stadium,127,Michigan State,fbs,Big Ten,35.0,"[7, 7, 14, 7]",0.9901273250579834,1468.0,1528.0,2199,Eastern Michigan,fbs,Mid-American,7.0,"[0, 7, 0, 0]",0.009872674942016602,1353.0,1293.0,2.694647689046348,,,
401858444,2026,2,regular,2026-09-12T19:30:00.000Z,False,True,False,False,,3892.0,Pratt & Whitney Stadium,41,UConn,fbs,FBS Independents,14.0,"[7, 0, 7, 0]",0.027325501665472984,1484.0,1413.0,120,Maryland,fbs,Big Ten,38.0,"[7, 10, 14, 7]",0.972674498334527,1424.0,1495.0,4.122592171700131,,,
401858446,2026,2,regular,2026-09-12T19:30:00.000Z,False,True,False,False,,3765.0,Husky Stadium,264,Washington,fbs,Big Ten,16.0,"[0, 10, 0, 6]",0.857559323310852,1762.0,1757.0,328,Utah State,fbs,Pac-12,14.0,"[0, 7, 0, 7]",0.14244067668914795,1376.0,1381.0,7.0473552315932055,,,
401860884,2026,2,regular,2026-09-12T19:30:00.000Z,False,True,False,False,,3644.0,Bobcat Stadium (TX),326,Texas State,fbs,Pac-12,26.0,"[0, 17, 6, 3]",0.4162304699420929,1441.0,1438.0,2636,UTSA,fbs,American Athletic,31.0,"[7, 0, 10, 14]",0.5837695300579071,1522.0,1525.0,6.508105036584822,,,
401866419,2026,2,regular,2026-09-12T19:30:00.000Z,False,True,False,False,,3739.0,Glass Bowl,2649,Toledo,fbs,Mid-American,63.0,"[14, 21, 21, 7]",0.9916463494300842,1576.0,1576.0,2115,Central Connecticut,fcs,NEC,10.0,"[3, 0, 0, 7]",0.008353650569915771,,,3.2197421570118423,,,
401858216,2026,2,regular,2026-09-12T19:30:00.000Z,False,True,False,True,,1964.0,JMA Wireless Dome,183,Syracuse,fbs,ACC,18.0,"[3, 9, 6, 0]",0.45804399251937866,1288.0,1287.0,25,California,fbs,ACC,21.0,"[0, 7, 7, 7]",0.5419560074806213,1349.0,1350.0,6.3187843827573635,,,
401856785,2026,2,regular,2026-09-12T19:30:00.000Z,False,True,False,False,,3726.0,Folsom Field,38,Colorado,fbs,Big 12,52.0,"[21, 21, 3, 7]",0.9908815622329712,1404.0,1404.0,2692,Weber State,fcs,Big Sky,21.0,"[7, 7, 0, 7]",0.009118437767028809,,,3.107023447998443,,,
401856790,2026,2,regular,2026-09-12T19:30:00.000Z,False,True,False,False,,3752.0,Acrisure Stadium,221,Pittsburgh,fbs,ACC,12.0,"[3, 9, 0, 0]",1.0,1681.0,1678.0,2116,UCF,fbs,Big 12,7.0,"[0, 0, 0, 7]",0.0,1465.0,1468.0,5.379665826795133,,,
401856677,2026,2,regular,2026-09-12T19:30:00.000Z,False,True,False,False,,3953.0,Huntington Bank Stadium,135,Minnesota,fbs,Big Ten,13.0,"[3, 3, 7, 0]",0.02202126942574978,1510.0,1452.0,344,Mississippi State,fbs,SEC,38.0,"[14, 14, 3, 7]",0.9779787305742502,1584.0,1642.0,3.6851358285722577,,,
401859184,2026,2,regular,2026-09-12T19:30:00.000Z,False,True,False,False,,3855.0,Notre Dame Stadium,87,Notre Dame,fbs,FBS Independents,52.0,"[21, 21, 10, 0]",0.9896548390388489,2021.0,2070.0,242,Rice,fbs,American Athletic,0.0,"[0, 0, 0, 0]",0.010345160961151123,1196.0,1147.0,1.9717400884243172,,,
401856810,2026,2,regular,2026-09-12T19:30:00.000Z,False,True,False,True,,3801.0,LaVell Edwards Stadium,252,BYU,fbs,Big 12,28.0,"[7, 7, 7, 7]",0.9806126356124878,1666.0,1683.0,12,Arizona,fbs,Big 12,17.0,"[10, 7, 0, 0]",0.019387364387512207,1625.0,1608.0,5.22890503880269,,,
401862705,2026,2,regular,2026-09-12T19:45:00.000Z,False,True,False,False,,3825.0,DATCU Stadium,249,North Texas,fbs,American Athletic,44.0,"[13, 7, 14, 10]",0.9951195120811462,1590.0,1699.0,2439,UNLV,fbs,Mountain West,6.0,"[0, 3, 3, 0]",0.00488048791885376,1589.0,1480.0,2.4064488437525,,,
401868093,2026,2,regular,2026-09-12T20:00:00.000Z,False,True,False,False,,3791.0,Kibbie Dome,70,Idaho,fcs,Big Sky,17.0,"[3, 0, 7, 7]",0.007779756560921669,,,2320,Lamar,fcs,Southland,23.0,"[0, 20, 0, 3]",0.9922202434390783,,,5.201830905134967,,,
401858223,2026,2,regular,2026-09-12T20:00:00.000Z,False,True,False,False,,3735.0,Gerald J. Ford Stadium,2567,SMU,fbs,ACC,56.0,"[14, 28, 7, 7]",0.9876115322113037,1734.0,1734.0,302,UC Davis,fcs,Big Sky,10.0,"[0, 0, 0, 10]",0.012388467788696289,,,1.917390208205421,,,
401868285,2026,2,regular,2026-09-12T20:00:00.000Z,False,True,False,False,,3850.0,Municipal Stadium,2065,Bethune-Cookman,fcs,SWAC,43.0,"[7, 7, 7, 22]",0.997947096824646,,,56,Stetson,fcs,Pioneer,18.0,"[3, 7, 0, 8]",0.002052903175354004,,,3.3454533140890415,,,
401909074,2026,2,regular,2026-09-12T20:00:00.000Z,False,True,False,False,,6148.0,The Pine Bowl,2721,Whitworth,iii,Northwest,17.0,"[7, 3, 0, 7]",,,,2202,Eastern Oregon,,,51.0,"[6, 21, 17, 7]",,,,,,,
401907504,2026,2,regular,2026-09-12T20:00:00.000Z,False,True,False,True,,6074.0,Grappone Stadium,2830,Saint Anselm,ii,Northeast 10,14.0,"[7, 0, 0, 7]",,,,2060,Bentley,ii,Northeast 10,48.0,"[14, 10, 10, 14]",,,,,,,
401865252,2026,2,regular,2026-09-12T20:00:00.000Z,False,True,False,False,,3971.0,University Stadium (NM),167,New Mexico,fbs,Mountain West,70.0,"[7, 42, 14, 7]",0.9994450211524963,1564.0,1564.0,2385,Mercyhurst,fcs,NEC,7.0,"[7, 0, 0, 0]",0.0005549788475036621,,,3.5097709978250333,,,
401868963,2026,2,regular,2026-09-12T20:00:00.000Z,False,True,True,False,,3933.0,Soldier Field,2400,Mississippi Valley State,fcs,SWAC,31.0,"[7, 10, 14, 0]",0.9996328353881836,,,2339,Lincoln (PA),ii,CIAA,20.0,"[7, 0, 13, 0]",0.00036716461181640625,,,4.638643629235433,,,
401864506,2026,2,regular,2026-09-12T20:00:00.000Z,False,True,False,False,,3984.0,War Memorial Stadium,2751,Wyoming,fbs,Mountain West,21.0,"[0, 7, 0, 14]",1.0,1309.0,1309.0,2458,Northern Colorado,fcs,Big Sky,13.0,"[0, 10, 3, 0]",0.0,,,5.613684794038708,,,
401868326,2026,2,regular,2026-09-12T20:00:00.000Z,False,True,False,False,,3975.0,Veterans Memorial Stadium (AL),2653,Troy,fbs,Sun Belt,34.0,"[14, 17, 3, 0]",1.0,1416.0,1416.0,2011,Alabama State,fcs,SWAC,17.0,"[7, 0, 10, 0]",0.0,,,3.5127105558260845,,,
401906186,2026,2,regular,2026-09-12T20:00:00.000Z,False,False,False,False,,,,134000,Thomas,,,3.0,"[0, 3, 0, 0]",,,,101784,Erskine,ii,Carolinas,62.0,"[7, 28, 10, 17]",,,,,,,
401906683,2026,2,regular,2026-09-12T20:00:00.000Z,False,True,False,False,,6212.0,Bishop Schmitt Field,112335,Wheeling,ii,Mountain East,7.0,"[7, 0, 0, 0]",,,,437,Lake Erie,ii,Great Midwest Athletic,23.0,"[7, 3, 13, 0]",,,,,,,
401907139,2026,2,regular,2026-09-12T20:00:00.000Z,False,True,False,True,,4852.0,Neta and Eddie DeRose ThunderBowl,2570,CSU Pueblo,ii,Rocky Mountain,45.0,"[14, 7, 10, 14]",,,,2146,Colorado School of Mines,ii,Rocky Mountain,17.0,"[3, 7, 0, 7]",,,,,,,
401856684,2026,2,regular,2026-09-12T20:15:00.000Z,False,True,False,False,,3973.0,FirstBank Stadium,238,Vanderbilt,fbs,SEC,35.0,"[14, 0, 21, 0]",0.9546753168106079,1753.0,1746.0,48,Delaware,fbs,Conference USA,26.0,"[0, 17, 0, 9]",0.04532468318939209,1404.0,1411.0,4.163405310327982,,,
401866630,2026,2,regular,2026-09-12T21:00:00.000Z,False,True,False,False,,3607.0,Alfond Stadium,311,Maine,fcs,Coastal Athletic,14.0,"[3, 0, 8, 3]",0.43177080154418945,,,2771,Merrimack,fcs,FCS Independents,23.0,"[0, 7, 14, 2]",0.5682291984558105,,,5.113881569129783,,,
401906922,2026,2,regular,2026-09-12T21:00:00.000Z,False,True,False,True,,6044.0,Lane Field,2323,Lane College,ii,SIAC,7.0,"[0, 0, 0, 7]",,,,2019,Allen,ii,SIAC,43.0,"[14, 16, 6, 7]",,,,,,,
401868061,2026,2,regular,2026-09-12T21:00:00.000Z,False,True,False,False,,3742.0,Governors Stadium,2046,Austin Peay,fcs,UAC,63.0,"[14, 35, 7, 7]",0.9950952529907227,,,2413,Morehead State,fcs,Pioneer,7.0,"[7, 0, 0, 0]",0.004904747009277344,,,2.791104387999308,,,
401868123,2026,2,regular,2026-09-12T21:00:00.000Z,False,True,False,False,,2023.0,Walkup Skydome,2464,Northern Arizona,fcs,Big Sky,38.0,"[10, 14, 7, 7]",0.876248300075531,,,2916,Incarnate Word,fcs,Southland,28.0,"[7, 0, 7, 14]",0.123751699924469,,,5.469670318037817,,,
401908347,2026,2,regular,2026-09-12T21:00:00.000Z,False,True,False,False,,5851.0,Shirk Field at Musselman Stadium,2248,Gettysburg,iii,Centennial,23.0,"[0, 9, 7, 7]",,,,2688,Washington and Lee,iii,Old Dominion,27.0,"[0, 0, 7, 20]",,,,,,,
401856672,2026,2,regular,2026-09-12T21:30:00.000Z,False,True,False,False,,3634.0,Ben Hill Griffin Stadium,57,Florida,fbs,SEC,52.0,"[10, 35, 7, 0]",0.9858131408691406,1669.0,1669.0,2097,Campbell,fcs,Coastal Athletic,3.0,"[3, 0, 0, 0]",0.014186859130859375,,,2.480300376623857,,,
401868102,2026,2,regular,2026-09-12T22:00:00.000Z,False,True,False,False,,1930.0,Holt Arena,304,Idaho State,fcs,Big Sky,59.0,"[21, 3, 14, 21]",0.9774510264396667,,,301,San Diego,fcs,Pioneer,17.0,"[0, 10, 0, 7]",0.022548973560333252,,,2.4657990497699203,,,
401906050,2026,2,regular,2026-09-12T22:00:00.000Z,False,True,False,True,,6221.0,Mitchell Stadium,124180,Bluefield State,ii,CIAA,30.0,"[7, 7, 9, 7]",,,,2940,Livingstone,ii,CIAA,44.0,"[7, 17, 6, 14]",,,,,,,
401908528,2026,2,regular,2026-09-12T22:00:00.000Z,False,True,False,False,,5841.0,Pete FioRito Stadium at McKinzie Field,101,Eureka,iii,NACC,0.0,"[0, 0, 0, 0]",,,,433,Westminster (MO),iii,Upper Midwest,41.0,"[17, 7, 14, 3]",,,,,,,
401868141,2026,2,regular,2026-09-12T22:00:00.000Z,False,True,False,False,,3908.0,Roy Kidd Stadium,2198,Eastern Kentucky,fcs,UAC,22.0,"[6, 10, 0, 6]",0.9715256094932556,,,236,Chattanooga,fcs,Southern,17.0,"[0, 3, 14, 0]",0.028474390506744385,,,4.630926508628796,,,
401908112,2026,2,regular,2026-09-12T22:00:00.000Z,False,True,False,False,,4422.0,Valhalla Stadium,2757,Berry,iii,Southern Athletic,20.0,"[0, 13, 7, 0]",,,,548,LaGrange,iii,USA South,17.0,"[7, 3, 7, 0]",,,,,,,
401907863,2026,2,regular,2026-09-12T22:00:00.000Z,False,True,False,False,,5862.0,Butterfield Stadium,175,Ithaca,iii,Liberty League,27.0,"[0, 10, 7, 10]",,,,365,Alfred,iii,Empire 8,3.0,"[0, 3, 0, 0]",,,,,,,
401907698,2026,2,regular,2026-09-12T22:00:00.000Z,False,True,False,True,,6072.0,Schwan Regional Event Center,2587,Southwest Minnesota State,ii,Northern Sun,3.0,"[0, 0, 0, 3]",,,,425,Northern State,ii,Northern Sun,30.0,"[13, 10, 7, 0]",,,,,,,
401906911,2026,2,regular,2026-09-12T22:00:00.000Z,False,True,False,True,,3952.0,Ted Wright Stadium,2542,Savannah State,ii,SIAC,17.0,"[0, 0, 0, 17]",,,,2013,Albany State,ii,SIAC,49.0,"[7, 7, 14, 21]",,,,,,,
401860881,2026,2,regular,2026-09-12T22:00:00.000Z,False,True,False,False,,3653.0,Albertsons Stadium,68,Boise State,fbs,Pac-12,38.0,"[3, 14, 14, 7]",0.9536568522453308,1569.0,1609.0,235,Memphis,fbs,American Athletic,20.0,"[7, 13, 0, 0]",0.04634314775466919,1566.0,1526.0,5.390900336820925,,,
401868171,2026,2,regular,2026-09-12T22:00:00.000Z,False,True,False,False,,3782.0,Johnson Hagood Stadium,2643,The Citadel,fcs,Southern,20.0,"[7, 0, 3, 3, 7]",0.7141546010971069,,,2127,Charleston Southern,fcs,OVC,26.0,"[7, 3, 0, 3, 13]",0.28584539890289307,,,7.992594215869929,,,
401908050,2026,2,regular,2026-09-12T22:00:00.000Z,False,True,False,False,,6117.0,Knight Stadium,2896,Southern Virginia,iii,USA South,34.0,"[7, 14, 0, 13]",,,,2047,Averett,iii,Old Dominion,41.0,"[7, 19, 0, 15]",,,,,,,
401907563,2026,2,regular,2026-09-12T22:00:00.000Z,False,True,False,True,,4427.0,John A. Farrell Stadium,223,West Chester,ii,Pennsylvania State Athletic,21.0,"[0, 0, 0, 14, 7]",,,,2291,IU Pennsylvania,ii,Pennsylvania State Athletic,27.0,"[7, 7, 0, 0, 13]",,,,,,,
401866418,2026,2,regular,2026-09-12T22:00:00.000Z,False,True,False,False,,3876.0,Peden Stadium,195,Ohio,fbs,Mid-American,29.0,"[0, 14, 0, 10, 5]",0.3134487271308899,1318.0,1320.0,55,Jacksonville State,fbs,Conference USA,27.0,"[7, 10, 7, 0, 3]",0.6865512728691101,1428.0,1426.0,7.380048779354027,,,
401868210,2026,2,regular,2026-09-12T22:00:00.000Z,False,True,False,False,,3664.0,Butler Bowl,2086,Butler,fcs,Pioneer,52.0,"[7, 17, 14, 14]",0.9862666726112366,,,2233,Franklin,iii,Heartland,0.0,"[0, 0, 0, 0]",0.013733327388763428,,,2.169728387106482,,,
401867983,2026,2,regular,2026-09-12T22:00:00.000Z,False,True,False,False,,3864.0,Oliver C. Dawson Stadium,2569,South Carolina State,fcs,MEAC,66.0,"[14, 17, 21, 14]",0.9923897385597229,,,330,Virginia State,ii,CIAA,0.0,"[0, 0, 0, 0]",0.0076102614402771,,,2.6077852091743274,,,
401907251,2026,2,regular,2026-09-12T22:00:00.000Z,False,True,False,True,,5881.0,CAU Panther Stadium,2805,Clark Atlanta,ii,SIAC,3.0,"[0, 3, 0, 0]",,,,2310,Kentucky State,ii,SIAC,30.0,"[10, 7, 6, 7]",,,,,,,
401866631,2026,2,regular,2026-09-12T22:00:00.000Z,False,True,False,False,,3688.0,Wildcat Stadium,160,New Hampshire,fcs,Coastal Athletic,42.0,"[14, 7, 14, 7]",0.28145837783813477,,,284,Stonehill,fcs,NEC,35.0,"[7, 7, 7, 14]",0.7185416221618652,,,4.813081031703312,,,
401867966,2026,2,regular,2026-09-12T22:00:00.000Z,False,True,False,False,,3762.0,Hughes Stadium,2415,Morgan State,fcs,MEAC,55.0,"[14, 14, 14, 13]",0.9894304871559143,,,2355,Virginia Lynchburg,,,0.0,"[0, 0, 0, 0]",0.010569512844085693,,,2.6678982717528417,,,
401866629,2026,2,regular,2026-09-12T22:00:00.000Z,False,True,False,True,,3620.0,Armstrong Stadium,2261,Hampton,fcs,Coastal Athletic,3.0,"[3, 0, 0, 0]",0.19983404874801636,,,2803,Bryant,fcs,Coastal Athletic,31.0,"[7, 10, 7, 7]",0.8001659512519836,,,3.575828499730221,,,
401868374,2026,2,regular,2026-09-12T22:00:00.000Z,False,True,False,True,,4417.0,Five Star Stadium at the Moye Complex,2382,Mercer,fcs,Southern,13.0,"[3, 0, 3, 7]",0.19097670912742615,,,231,Furman,fcs,Southern,20.0,"[3, 0, 7, 10]",0.8090232908725739,,,7.411962280505531,,,
401908217,2026,2,regular,2026-09-12T22:00:00.000Z,False,True,False,False,,5805.0,Alumni Field (OH),2074,Bluffton,iii,Heartland,18.0,"[2, 9, 0, 7]",,,,126146,Madonna,,,27.0,"[6, 0, 7, 14]",,,,,,,
401866414,2026,2,regular,2026-09-12T22:00:00.000Z,False,True,False,False,,2031.0,Pitbull Stadium,2229,Florida International,fbs,Conference USA,33.0,"[14, 7, 9, 3]",1.0,1385.0,1409.0,2084,Buffalo,fbs,Mid-American,20.0,"[3, 3, 8, 6]",0.0,1365.0,1341.0,3.115485379206615,,,
401907853,2026,2,regular,2026-09-12T22:00:00.000Z,False,True,False,False,,3877.0,Pioneer Stadium,3162,Alfred State,iii,Empire 8,57.0,"[35, 13, 7, 2]",,,,125974,Hilbert,iii,Empire 8,12.0,"[0, 0, 0, 12]",,,,,,,
401866421,2026,2,regular,2026-09-12T22:30:00.000Z,False,True,False,False,,3980.0,Waldo Stadium,2711,Western Michigan,fbs,Mid-American,49.0,"[7, 14, 21, 7]",0.9900599718093872,1534.0,1534.0,2405,Monmouth,fcs,Coastal Athletic,14.0,"[0, 0, 7, 7]",0.009940028190612793,,,2.799589385494212,,,
401907538,2026,2,regular,2026-09-12T22:35:00.000Z,False,True,False,True,,4439.0,Eiler-Martin Stadium,2188,East Stroudsburg,ii,Pennsylvania State Athletic,35.0,"[7, 14, 0, 14]",,,,215,Slippery Rock,ii,Pennsylvania State Athletic,59.0,"[14, 17, 14, 14]",,,,,,,
401868246,2026,2,regular,2026-09-12T23:00:00.000Z,False,True,False,True,,3779.0,Manning Field at John L. Guidry Stadium,2447,Nicholls,fcs,Southland,31.0,"[7, 10, 14, 0]",0.718694269657135,,,292,UT Rio Grande Valley,fcs,Southland,28.0,"[0, 14, 0, 14]",0.281305730342865,,,4.982423837256076,,,
401908427,2026,2,regular,2026-09-12T23:00:00.000Z,False,True,False,False,,6125.0,Bulldog Stadium (TX),2639,Texas Lutheran,iii,Southern Collegiate Athletic,19.0,"[3, 6, 7, 3]",,,,2588,Southwestern U,iii,Southern Athletic,10.0,"[0, 7, 0, 3]",,,,,,,
401907427,2026,2,regular,2026-09-12T23:00:00.000Z,False,True,False,True,,3926.0,Setzler Field,2444,Newberry,ii,South Atlantic,14.0,"[0, 0, 7, 7]",,,,2331,Lenoir Rhyne,ii,South Atlantic,21.0,"[0, 0, 7, 14]",,,,,,,
401856680,2026,2,regular,2026-09-12T23:00:00.000Z,False,True,False,False,,3994.0,Williams-Brice Stadium,2579,South Carolina,fbs,SEC,45.0,"[7, 10, 14, 14]",0.9886041879653931,1763.0,1763.0,119,Towson,fcs,Coastal Athletic,9.0,"[0, 3, 6, 0]",0.011395812034606934,,,3.081217784380853,,,
401908095,2026,2,regular,2026-09-12T23:00:00.000Z,False,True,False,False,,5892.0,Armfield Athletic Center,2258,Guilford,iii,Old Dominion,20.0,"[7, 7, 0, 6]",,,,291,Methodist,iii,USA South,17.0,"[7, 2, 0, 8]",,,,,,,
401906554,2026,2,regular,2026-09-12T23:00:00.000Z,False,True,False,True,,5113.0,Ruggles Field at Carpenter-Haygood Stadium,2271,Henderson State,ii,Great American,66.0,"[21, 19, 13, 13]",,,,319,Oklahoma Baptist,ii,Great American,9.0,"[0, 0, 0, 9]",,,,,,,
401906579,2026,2,regular,2026-09-12T23:00:00.000Z,False,True,False,True,,5891.0,Wilkins Stadium,2568,Southern Arkansas,ii,Great American,27.0,"[3, 10, 14, 0]",,,,200,Southern Nazarene,ii,Great American,21.0,"[0, 14, 0, 7]",,,,,,,
401908276,2026,2,regular,2026-09-12T23:00:00.000Z,False,True,False,False,,5802.0,Belhaven Bowl Stadium,2056,Belhaven,iii,USA South,45.0,"[21, 10, 7, 7]",,,,2194,East Texas Baptist,iii,American Southwest,44.0,"[21, 13, 10, 0]",,,,,,,
401907315,2026,2,regular,2026-09-12T23:00:00.000Z,False,True,False,True,,5917.0,Ratliff Stadium,110243,UT Permian Basin,ii,Lone Star,69.0,"[27, 14, 28, 0]",,,,2703,Western New Mexico,ii,Lone Star,14.0,"[0, 7, 7, 0]",,,,,,,
401871045,2026,2,regular,2026-09-12T23:00:00.000Z,False,True,False,False,,3775.0,Joan C. Edwards Stadium,276,Marshall,fbs,Sun Belt,28.0,"[7, 7, 0, 14]",0.7449626922607422,1389.0,1388.0,2393,Middle Tennessee,fbs,Conference USA,26.0,"[7, 6, 7, 6]",0.2550373077392578,1276.0,1277.0,6.5898616001456,,,
401869955,2026,2,regular,2026-09-12T23:00:00.000Z,False,True,False,False,,4899.0,Fifth Third Stadium,338,Kennesaw State,fbs,Conference USA,17.0,"[3, 0, 8, 6]",0.004584266804158688,1373.0,1327.0,2247,Georgia State,fbs,Sun Belt,31.0,"[6, 15, 7, 3]",0.9954157331958413,1241.0,1287.0,3.164195020313668,,,
401864503,2026,2,regular,2026-09-12T23:00:00.000Z,False,True,False,False,,3764.0,Huskie Stadium,2459,Northern Illinois,fbs,Mountain West,24.0,"[0, 17, 0, 7]",0.32738885283470154,1245.0,1245.0,2287,Illinois State,fcs,MVFC,28.0,"[14, 7, 0, 7]",0.6726111471652985,,,6.71050730738745,,,
401868195,2026,2,regular,2026-09-12T23:00:00.000Z,False,True,False,False,,3809.0,Louis Crews Stadium,2010,Alabama A&M,fcs,SWAC,30.0,"[14, 6, 0, 10]",0.9331888556480408,,,2634,Tennessee State,fcs,OVC,3.0,"[0, 3, 0, 0]",0.06681114435195923,,,2.393354739206308,,,
401868386,2026,2,regular,2026-09-12T23:00:00.000Z,False,True,False,True,,3962.0,Tucker Stadium,2635,Tennessee Tech,fcs,Southern,45.0,"[14, 17, 14, 0]",0.998382568359375,,,2535,Samford,fcs,Southern,19.0,"[3, 6, 10, 0]",0.001617431640625,,,2.1231834261542653,,,
401862707,2026,2,regular,2026-09-12T23:00:00.000Z,False,True,False,False,,3647.0,Elliott T. Bowers Stadium,2534,Sam Houston,fbs,Conference USA,17.0,"[7, 7, 3, 0]",0.6375409960746765,1164.0,1161.0,202,Tulsa,fbs,American Athletic,23.0,"[0, 10, 13, 0]",0.3624590039253235,1268.0,1271.0,5.6417792526782655,,,
401856787,2026,2,regular,2026-09-12T23:00:00.000Z,False,True,False,False,,4728.0,TDECU Stadium,248,Houston,fbs,Big 12,77.0,"[28, 21, 21, 7]",0.9922709465026855,1521.0,1521.0,2582,Southern,fcs,SWAC,6.0,"[0, 0, 6, 0]",0.007729053497314453,,,1.4433547098894488,,,
401856681,2026,2,regular,2026-09-12T23:00:00.000Z,False,True,False,False,,721.0,Bobby Dodd Stadium,59,Georgia Tech,fbs,ACC,24.0,"[10, 0, 7, 7]",0.0073597487062215805,1553.0,1515.0,2633,Tennessee,fbs,SEC,45.0,"[7, 17, 7, 14]",0.9926402512937784,1691.0,1729.0,4.585174285774379,,,
401909018,2026,2,regular,2026-09-12T23:00:00.000Z,False,True,False,False,,6116.0,Shentel Stadium,2828,Shenandoah,iii,Old Dominion,48.0,"[21, 20, 0, 7]",,,,2242,Geneva,iii,Presidents',14.0,"[0, 7, 0, 7]",,,,,,,
401867856,2026,2,regular,2026-09-12T23:00:00.000Z,False,True,False,False,,3858.0,O'Brien Stadium,2197,Eastern Illinois,fcs,OVC,35.0,"[7, 0, 14, 14]",0.6390569806098938,,,282,Indiana State,fcs,MVFC,42.0,"[14, 14, 7, 7]",0.3609430193901062,,,4.44075748612048,,,
401867890,2026,2,regular,2026-09-12T23:00:00.000Z,False,True,False,False,,3913.0,Saluki Stadium,79,Southern Illinois,fcs,MVFC,34.0,"[7, 6, 0, 21]",0.9939745664596558,,,2546,Southeast Missouri State,fcs,OVC,20.0,"[10, 3, 7, 0]",0.006025433540344238,,,6.541369338952402,,,
401872616,2026,2,regular,2026-09-12T23:00:00.000Z,False,True,False,False,,5237.0,Dana J. Dykhouse Stadium,2571,South Dakota State,fcs,MVFC,57.0,"[3, 33, 14, 7]",0.9926179647445679,,,2441,New Haven,fcs,NEC,14.0,"[0, 0, 0, 14]",0.007382035255432129,,,2.1031060662010868,,,
401869130,2026,2,regular,2026-09-12T23:00:00.000Z,False,True,False,True,,4762.0,Memorial Stadium (Commerce TX),2837,East Texas A&M,fcs,Southland,38.0,"[7, 17, 7, 7]",0.9901947379112244,,,2466,Northwestern State,fcs,Southland,14.0,"[7, 7, 0, 0]",0.009805262088775635,,,4.038354763938745,,,
401869150,2026,2,regular,2026-09-12T23:00:00.000Z,False,True,False,False,,4424.0,Husky Stadium,2277,Houston Christian,fcs,Southland,88.0,"[28, 34, 10, 16]",0.9774296879768372,,,124386,Arkansas Baptist,,,0.0,"[0, 0, 0, 0]",0.022570312023162842,,,1.6557588566354822,,,
401908567,2026,2,regular,2026-09-12T23:00:00.000Z,False,True,False,False,,5858.0,England Stadium,2286,Illinois College,iii,Midwest,14.0,"[0, 7, 7, 0]",,,,101161,Lyon,iii,Southern Collegiate Athletic,21.0,"[7, 0, 7, 7]",,,,,,,
401907635,2026,2,regular,2026-09-12T23:00:00.000Z,False,True,False,True,,3641.0,Blakeslee Stadium,2364,Minnesota State,ii,Northern Sun,30.0,"[10, 13, 7, 0]",,,,132,Bemidji State,ii,Northern Sun,13.0,"[0, 13, 0, 0]",,,,,,,
401908766,2026,2,regular,2026-09-12T23:00:00.000Z,False,True,False,False,,5913.0,Warrior Field at Raabe Stadium,2741,Wisconsin Lutheran,iii,NACC,25.0,"[0, 6, 6, 13]",,,,2891,Ripon,iii,Midwest,24.0,"[7, 10, 7, 0]",,,,,,,
401908142,2026,2,regular,2026-09-12T23:00:00.000Z,False,True,False,False,,6094.0,Reynolds Field,583,Northwestern (MN),iii,Upper Midwest,27.0,"[0, 20, 7, 0]",,,,2964,Central College,iii,American Rivers,51.0,"[16, 7, 14, 14]",,,,,,,
401906571,2026,2,regular,2026-09-12T23:00:00.000Z,False,True,False,True,,3875.0,Paul Laird Field,199,Southeastern Oklahoma State,ii,Great American,17.0,"[0, 3, 0, 14]",,,,2888,Ouachita Baptist,ii,Great American,23.0,"[16, 0, 7, 0]",,,,,,,
401906840,2026,2,regular,2026-09-12T23:00:00.000Z,False,True,False,False,,5263.0,Steele Stadium,2316,Kentucky Wesleyan,ii,Great Midwest Athletic,14.0,"[0, 14, 0, 0]",,,,2911,William Jewell,ii,Great Lakes,35.0,"[7, 3, 3, 22]",,,,,,,
401860882,2026,2,regular,2026-09-12T23:00:00.000Z,False,True,False,False,,5388.0,Canvas Stadium,36,Colorado State,fbs,Pac-12,58.0,"[17, 31, 3, 7]",0.9919970035552979,1327.0,1327.0,253,Southern Utah,fcs,Big Sky,24.0,"[7, 14, 0, 3]",0.008002996444702148,,,3.3659690485874445,,,
401871046,2026,2,regular,2026-09-12T23:00:00.000Z,False,True,False,False,,3878.0,Plaster Sports Complex,2623,Missouri State,fbs,Conference USA,48.0,"[14, 20, 14, 0]",0.9952582120895386,1268.0,1268.0,2815,Lindenwood,fcs,OVC,14.0,"[0, 0, 7, 7]",0.004741787910461426,,,2.3846776173413207,,,
401868355,2026,2,regular,2026-09-12T23:00:00.000Z,False,True,True,True,,3805.0,Simmons Bank Liberty Stadium,2016,Alcorn State,fcs,SWAC,53.0,"[12, 6, 0, 20, 15]",0.244718998670578,,,2029,Arkansas-Pine Bluff,fcs,SWAC,51.0,"[3, 14, 7, 14, 13]",0.755281001329422,,,10.210141246860019,,,
401908387,2026,2,regular,2026-09-12T23:00:00.000Z,False,True,False,False,,10465.0,Mayo Field,101442,Centenary (LA),iii,Southern Collegiate Athletic,0.0,"[0, 0, 0, 0]",,,,2398,Millsaps,iii,Southern Athletic,57.0,"[7, 14, 7, 29]",,,,,,,
401868241,2026,2,regular,2026-09-12T23:00:00.000Z,False,True,False,False,,3625.0,Centennial Bank Stadium,2032,Arkansas State,fbs,Sun Belt,52.0,"[0, 21, 17, 14]",0.9971566200256348,1349.0,1349.0,2698,West Georgia,fcs,UAC,7.0,"[0, 7, 0, 0]",0.0028433799743652344,,,2.538354222285957,,,
401858441,2026,2,regular,2026-09-12T23:00:00.000Z,False,True,False,False,,3834.0,"Memorial Stadium (Lincoln, NE)",158,Nebraska,fbs,Big Ten,56.0,"[14, 21, 0, 21]",0.9927433133125305,1592.0,1705.0,189,Bowling Green,fbs,Mid-American,7.0,"[0, 0, 0, 7]",0.007256686687469482,1340.0,1227.0,1.8334434786997853,,,
401868150,2026,2,regular,2026-09-12T23:00:00.000Z,False,True,False,False,,3944.0,Strawberry Stadium,2545,SE Louisiana,fcs,Southland,30.0,"[7, 7, 16, 0]",0.6318143010139465,,,2453,North Alabama,fcs,UAC,25.0,"[0, 18, 0, 7]",0.36818569898605347,,,5.976339819752591,,,
401856786,2026,2,regular,2026-09-12T23:00:00.000Z,False,True,False,False,,3854.0,Nippert Stadium,2132,Cincinnati,fbs,Big 12,62.0,"[7, 21, 21, 13]",0.9993381500244141,1516.0,1516.0,2717,Western Carolina,fcs,Southern,10.0,"[3, 7, 0, 0]",0.0006618499755859375,,,2.811860573881546,,,
401864575,2026,2,regular,2026-09-12T23:00:00.000Z,False,True,False,False,,4729.0,Yulman Stadium,2655,Tulane,fbs,American Athletic,28.0,"[0, 14, 7, 7]",0.6363710761070251,1529.0,1528.0,6,South Alabama,fbs,Sun Belt,24.0,"[10, 0, 7, 7]",0.36362892389297485,1390.0,1391.0,6.324042801260324,,,
401868072,2026,2,regular,2026-09-12T23:00:00.000Z,False,True,False,False,,3711.0,Estes Stadium,2110,Central Arkansas,fcs,UAC,59.0,"[10, 14, 21, 14]",0.9970968961715698,,,2122,Central Oklahoma,ii,Mid America,20.0,"[0, 10, 0, 10]",0.0029031038284301758,,,2.519871009636764,,,
401907205,2026,2,regular,2026-09-12T23:00:00.000Z,False,True,False,False,,6045.0,Dwight T. Reed Stadium,2876,Lincoln (MO),ii,Great Lakes,14.0,"[7, 7, 0, 0]",,,,2324,Langston,,,19.0,"[12, 0, 0, 7]",,,,,,,
401908434,2026,2,regular,2026-09-12T23:00:00.000Z,False,True,False,False,,6132.0,Trinity University Stadium,386,Trinity (TX),iii,Southern Athletic,31.0,"[0, 17, 14, 0]",,,,241,McMurry,iii,American Southwest,17.0,"[3, 0, 0, 14]",,,,,,,
401908251,2026,2,regular,2026-09-12T23:00:00.000Z,False,True,False,False,,3635.0,Bill Buxton Stadium,2564,Simpson (IA),iii,American Rivers,52.0,"[7, 28, 3, 14]",,,,509,Crown,iii,Upper Midwest,0.0,"[0, 0, 0, 0]",,,,,,,
401906878,2026,2,regular,2026-09-12T23:00:00.000Z,False,True,False,False,,3770.0,Jack Miller Stadium,308,Ashland,ii,Great Midwest Athletic,10.0,"[0, 0, 3, 7]",,,,125,Grand Valley State,ii,GLIAC,20.0,"[7, 10, 0, 3]",,,,,,,
401867867,2026,2,regular,2026-09-12T23:00:00.000Z,False,True,False,False,,3909.0,Roy Stewart Stadium,93,Murray State,fcs,MVFC,27.0,"[7, 7, 0, 13]",0.9172394871711731,,,2674,Valparaiso,fcs,Pioneer,18.0,"[0, 7, 3, 8]",0.0827605128288269,,,4.4799782839913105,,,
401868236,2026,2,regular,2026-09-12T23:00:00.000Z,False,True,False,False,,3686.0,Cowboy Stadium,2377,McNeese,fcs,Southland,24.0,"[7, 0, 17, 0]",0.3663751482963562,,,2627,Tarleton State,fcs,UAC,27.0,"[7, 7, 7, 6]",0.6336248517036438,,,6.860506874047205,,,
401908242,2026,2,regular,2026-09-12T23:00:00.000Z,False,True,False,False,,6284.0,Village of Lisle-Benedictine University Sports Complex,2283,Benedictine (IL),iii,NACC,28.0,"[14, 0, 7, 7]",,,,263,Loras,iii,American Rivers,25.0,"[0, 7, 9, 9]",,,,,,,
401908248,2026,2,regular,2026-09-12T23:00:00.000Z,False,False,False,False,,6220.0,Trojan Stadium,512,Dakota State University,,,52.0,"[17, 21, 7, 7]",,,,6845,Nebraska Wesleyan,iii,American Rivers,0.0,"[0, 0, 0, 0]",,,,,,,
401908670,2026,2,regular,2026-09-12T23:00:00.000Z,False,True,False,True,,6101.0,"Memorial Stadium (Westerville, OH)",359,Otterbein,iii,Ohio,0.0,"[0, 0, 0, 0]",,,,191,Heidelberg,iii,Ohio,38.0,"[7, 7, 14, 10]",,,,,,,
401908326,2026,2,regular,2026-09-12T23:00:00.000Z,False,True,False,False,,,,2824,Oklahoma Panhandle,,,47.0,"[7, 14, 12, 14]",,,,102549,Schreiner,,,29.0,"[0, 8, 0, 21]",,,,,,,
401907220,2026,2,regular,2026-09-12T23:00:00.000Z,False,True,False,False,,3609.0,Allgood-Bailey Stadium,2402,Missouri S&T,ii,Great Lakes,30.0,"[0, 10, 13, 7]",,,,137,Missouri Western,ii,Mid America,42.0,"[21, 14, 0, 7]",,,,,,,
401858447,2026,2,regular,2026-09-12T23:15:00.000Z,False,True,False,False,,347.0,Camp Randall Stadium,275,Wisconsin,fbs,Big Ten,36.0,"[17, 6, 7, 6]",0.9956700801849365,1455.0,1455.0,2710,Western Illinois,fcs,OVC,9.0,"[3, 3, 3, 0]",0.0043299198150634766,,,1.9789155142132075,,,
401858443,2026,2,regular,2026-09-12T23:15:00.000Z,False,True,False,False,,1056.0,Rose Bowl,26,UCLA,fbs,Big Ten,28.0,"[0, 0, 7, 21]",0.9974139332771301,1438.0,1487.0,21,San Diego State,fbs,Pac-12,10.0,"[0, 0, 0, 10]",0.002586066722869873,1518.0,1469.0,3.469360436775447,,,
401856783,2026,2,regular,2026-09-12T23:30:00.000Z,False,True,False,False,,3893.0,Reser Stadium,204,Oregon State,fbs,Pac-12,24.0,"[0, 7, 14, 3]",0.0,1260.0,1285.0,2641,Texas Tech,fbs,Big 12,35.0,"[0, 14, 7, 14]",1.0,1870.0,1845.0,8.803792527027108,,,
401858219,2026,2,regular,2026-09-12T23:30:00.000Z,False,True,False,False,,3836.0,"Memorial Stadium (Clemson, SC)",228,Clemson,fbs,ACC,22.0,"[7, 9, 0, 6]",0.9427822828292847,1541.0,1558.0,290,Georgia Southern,fbs,Sun Belt,7.0,"[0, 7, 0, 0]",0.05721771717071533,1376.0,1359.0,3.8034063954453603,,,
401856682,2026,2,regular,2026-09-12T23:30:00.000Z,False,True,False,False,,3910.0,DKR-Texas Memorial Stadium,251,Texas,fbs,SEC,24.0,"[0, 3, 0, 21]",0.14218954741954803,1913.0,1916.0,194,Ohio State,fbs,Big Ten,23.0,"[10, 10, 3, 0]",0.857810452580452,1986.0,1983.0,5.114837003774396,,,
401862703,2026,2,regular,2026-09-12T23:30:00.000Z,False,True,False,True,,3715.0,FAU Stadium,2226,Florida Atlantic,fbs,American Athletic,38.0,"[14, 17, 7, 0]",0.9901638031005859,1189.0,1226.0,2426,Navy,fbs,American Athletic,30.0,"[7, 0, 7, 16]",0.009836196899414062,1550.0,1513.0,3.34078476829419,,,
401856788,2026,2,regular,2026-09-12T23:30:00.000Z,False,True,False,False,,3793.0,Kinnick Stadium,2294,Iowa,fbs,Big Ten,16.0,"[0, 10, 0, 6]",0.40168020129203796,1847.0,1845.0,66,Iowa State,fbs,Big 12,13.0,"[0, 10, 3, 0]",0.598319798707962,1586.0,1588.0,4.958241936566457,,,
401868008,2026,2,regular,2026-09-12T23:30:00.000Z,False,True,False,False,,3654.0,Brooks Stadium (SC),324,Coastal Carolina,fbs,Sun Belt,45.0,"[7, 21, 10, 7]",0.9924191832542419,1270.0,1270.0,2230,Fordham,fcs,Patriot,7.0,"[0, 7, 0, 0]",0.007580816745758057,,,3.0899856745210967,,,
401867796,2026,2,regular,2026-09-12T23:30:00.000Z,False,True,False,False,,3958.0,Tiger Stadium (LA),99,LSU,fbs,SEC,45.0,"[10, 0, 14, 21]",0.9529680609703064,1745.0,1794.0,2348,Louisiana Tech,fbs,Sun Belt,14.0,"[0, 7, 0, 7]",0.047031939029693604,1454.0,1405.0,3.7694043568740536,,,
401856676,2026,2,regular,2026-09-12T23:45:00.000Z,False,True,False,False,,3974.0,Vaught-Hemingway Stadium,145,Ole Miss,fbs,SEC,41.0,"[7, 20, 0, 14]",0.9847775101661682,1837.0,1851.0,2429,Charlotte,fbs,American Athletic,9.0,"[0, 0, 6, 3]",0.015222489833831787,1182.0,1168.0,2.0606104158869574,,,
401856671,2026,2,regular,2026-09-12T23:45:00.000Z,False,True,False,False,,3785.0,Jordan-Hare Stadium,2,Auburn,fbs,SEC,43.0,"[17, 10, 16, 0]",0.9917724132537842,1613.0,1678.0,2572,Southern Miss,fbs,Sun Belt,8.0,"[0, 8, 0, 0]",0.00822758674621582,1350.0,1285.0,2.0289423578577437,,,
401907122,2026,2,regular,2026-09-13T00:00:00.000Z,False,True,False,True,,5782.0,Mountaineer Bowl,2714,Western Colorado,ii,Rocky Mountain,30.0,"[3, 10, 7, 10]",,,,2123,Chadron State,ii,Rocky Mountain,9.0,"[3, 3, 0, 3]",,,,,,,
401856789,2026,2,regular,2026-09-13T00:00:00.000Z,False,True,False,False,,3616.0,Amon G. Carter Stadium,2628,TCU,fbs,Big 12,63.0,"[7, 21, 14, 21]",0.9990647435188293,1598.0,1598.0,2755,Grambling,fcs,SWAC,7.0,"[0, 7, 0, 0]",0.0009352564811706543,,,2.1245978996663135,,,
401868050,2026,2,regular,2026-09-13T00:00:00.000Z,False,True,False,False,,5440.0,Wildcat Stadium (TX),2000,Abilene Christian,fcs,UAC,7.0,"[7, 0, 0, 0]",0.09766962379217148,,,2617,Stephen F. Austin,fcs,Southland,26.0,"[0, 20, 0, 6]",0.9023303762078285,,,3.905822915211089,,,
401906606,2026,2,regular,2026-09-13T00:00:00.000Z,False,True,False,False,,4724.0,Audrey J. Walton Stadium at Vernon Kennedy Field,2118,Central Missouri,ii,Mid America,59.0,"[14, 17, 14, 14]",,,,2170,Delta State,ii,Gulf South,10.0,"[0, 7, 0, 3]",,,,,,,
401908817,2026,2,regular,2026-09-13T00:00:00.000Z,False,True,False,True,,5825.0,Jake Christiansen Stadium,2152,Concordia (MN),iii,Minnesota,51.0,"[3, 7, 21, 20]",,,,133,St. Olaf,iii,Minnesota,0.0,"[0, 0, 0, 0]",,,,,,,
401908468,2026,2,regular,2026-09-13T00:00:00.000Z,False,True,False,False,,6147.0,"Memorial Stadium (Whittier, CA)",2850,Whittier,iii,So. Cal.,56.0,"[14, 28, 14, 0]",,,,134180,Cetys University,,,20.0,"[0, 6, 0, 14]",,,,,,,
401907152,2026,2,regular,2026-09-13T00:00:00.000Z,False,True,False,True,,5944.0,Ray Dennison Memorial Field,2237,Fort Lewis,ii,Rocky Mountain,31.0,"[10, 8, 7, 3, 3]",,,,2424,New Mexico Highlands,ii,Rocky Mountain,28.0,"[7, 14, 0, 7, 0]",,,,,,,
401856784,2026,2,regular,2026-09-13T00:08:00.000Z,False,True,False,False,,4727.0,McLane Stadium,239,Baylor,fbs,Big 12,44.0,"[17, 17, 7, 3]",0.9628165364265442,1509.0,1509.0,2504,Prairie View A&M,fcs,SWAC,3.0,"[3, 0, 0, 0]",0.03718346357345581,,,3.4287794730585697,,,
401864504,2026,2,regular,2026-09-13T01:00:00.000Z,False,True,False,False,,3935.0,CEFCU Stadium,23,San José State,fbs,Mountain West,30.0,"[0, 13, 7, 10]",0.971356213092804,1407.0,1407.0,13,Cal Poly,fcs,Big Sky,20.0,"[0, 6, 7, 7]",0.028643786907196045,,,5.605784129851264,,,
401864505,2026,2,regular,2026-09-13T01:00:00.000Z,False,True,False,False,,3946.0,Sun Bowl,2638,UTEP,fbs,Mountain West,51.0,"[7, 14, 21, 9]",0.9886823892593384,1143.0,1143.0,2640,Texas Southern,fcs,SWAC,10.0,"[7, 3, 0, 0]",0.011317610740661621,,,3.6816616555625794,,,
401907009,2026,2,regular,2026-09-13T01:00:00.000Z,False,True,False,False,,5879.0,Tomlinson Stadium,2120,Central Washington,ii,Lone Star,14.0,"[0, 14, 0, 0]",,,,2222,Ferris State,ii,GLIAC,28.0,"[14, 7, 0, 7]",,,,,,,
401867876,2026,2,regular,2026-09-13T02:00:00.000Z,False,True,False,False,,4765.0,Hillsboro Stadium,2502,Portland State,fcs,Big Sky,23.0,"[0, 8, 8, 7]",0.023640798404812813,,,155,North Dakota,fcs,MVFC,47.0,"[14, 12, 0, 21]",0.9763592015951872,,,3.2079747061616803,,,
401864502,2026,2,regular,2026-09-13T02:00:00.000Z,False,True,False,True,,3713.0,Falcon Stadium,2005,Air Force,fbs,Mountain West,32.0,"[0, 13, 0, 19]",0.7506696581840515,1424.0,1423.0,2449,North Dakota State,fbs,Mountain West,38.0,"[7, 21, 7, 3]",0.2493303418159485,1566.0,1567.0,4.633518427306371,,,
401908422,2026,2,regular,2026-09-13T02:00:00.000Z,False,True,False,True,,6153.0,Hanson Stadium,205,Pacific (OR),iii,Northwest,3.0,"[0, 0, 0, 3]",,,,2930,Willamette,iii,Northwest,6.0,"[0, 0, 6, 0]",,,,,,,
401856670,2026,2,regular,2026-09-13T02:15:00.000Z,False,True,False,False,,587.0,Rice-Eccles Stadium,254,Utah,fbs,Big 12,43.0,"[7, 22, 7, 7]",0.9934656023979187,1817.0,1874.0,8,Arkansas,fbs,SEC,10.0,"[3, 0, 0, 7]",0.006534397602081299,1547.0,1490.0,3.092347466132634,,,
401864500,2026,2,regular,2026-09-13T02:30:00.000Z,False,True,False,False,,3816.0,Mackay Stadium,2440,Nevada,fbs,Mountain West,7.0,"[0, 0, 0, 7]",0.00619275588542223,1451.0,1451.0,147,Montana State,fcs,Big Sky,20.0,"[10, 7, 0, 3]",0.9938072441145778,,,3.456983827518999,,,
401860883,2026,2,regular,2026-09-13T02:30:00.000Z,False,True,False,False,,3660.0,Valley Children's Stadium,278,Fresno State,fbs,Pac-12,49.0,"[0, 32, 14, 3]",0.9862982630729675,1449.0,1591.0,16,Sacramento State,fbs,Mid-American,3.0,"[0, 0, 3, 0]",0.01370173692703247,1466.0,1324.0,2.6248456325091527,,,
401858445,2026,2,regular,2026-09-13T03:00:00.000Z,False,True,False,False,,477.0,Los Angeles Memorial Coliseum,30,USC,fbs,Big Ten,49.0,"[7, 21, 7, 14]",1.0,1835.0,1837.0,309,Louisiana,fbs,Sun Belt,30.0,"[3, 7, 7, 13]",0.0,1389.0,1387.0,3.9120114593741944,,,
401864578,2026,2,regular,2026-09-13T03:59:00.000Z,False,True,False,False,,7220.0,Clarence T.C. Ching Athletics Complex,62,Hawai'i,fbs,Mountain West,29.0,"[9, 10, 3, 7]",0.941411018371582,1426.0,1432.0,166,New Mexico State,fbs,Conference USA,19.0,"[0, 13, 6, 0]",0.05858898162841797,1267.0,1261.0,4.774929477424329,,,
401907580,2026,3,regular,2026-09-17T23:00:00.000Z,False,True,False,True,,3667.0,Callaghan Stadium,2148,Concord,ii,Mountain East,38.0,[],,,,2128,Charleston (WV),ii,Mountain East,41.0,[],,,,,,,
401858225,2026,3,regular,2026-09-17T23:30:00.000Z,False,True,False,True,,3752.0,Acrisure Stadium,221,Pittsburgh,fbs,ACC,27.0,"[7, 10, 7, 3]",1.0,1678.0,1675.0,183,Syracuse,fbs,ACC,13.0,"[0, 10, 0, 3]",0.0,1287.0,1290.0,2.681393052123561,,,
401908593,2026,3,regular,2026-09-18T23:00:00.000Z,False,True,False,True,,5939.0,Cressy Field,379,UMass Dartmouth,iii,MSCAC,21.0,[],,,,2967,Framingham State,iii,MSCAC,23.0,[],,,,,,,
401858226,2026,3,regular,2026-09-18T23:30:00.000Z,False,True,False,True,,3630.0,Allegacy Federal Credit Union Stadium,154,Wake Forest,fbs,ACC,20.0,"[7, 0, 6, 7]",0.06744542717933655,1508.0,1514.0,2390,Miami,fbs,ACC,33.0,"[7, 17, 7, 2]",0.9325545728206635,1901.0,1895.0,4.531463816387299,,,
401856811,2026,3,regular,2026-09-19T00:00:00.000Z,False,True,False,True,,3784.0,Jones AT&T Stadium,2641,Texas Tech,fbs,Big 12,28.0,"[0, 14, 7, 7]",0.5553051233291626,1845.0,1841.0,248,Houston,fbs,Big 12,26.0,"[10, 7, 3, 6]",0.4446948766708374,1514.0,1518.0,6.805447451480736,,,
401858455,2026,3,regular,2026-09-19T02:30:00.000Z,False,True,False,False,,3626.0,Autzen Stadium,2483,Oregon,fbs,Big Ten,84.0,"[28, 21, 14, 21]",0.9894304871559143,1838.0,1838.0,2502,Portland State,fcs,Big Sky,0.0,"[0, 0, 0, 0]",0.010569512844085693,,,1.89479407163626,,,
401906841,2026,3,regular,2026-09-19T15:00:00.000Z,False,True,False,True,,5263.0,Steele Stadium,2316,Kentucky Wesleyan,ii,Great Midwest Athletic,0.0,"[0, 0, 0, 0]",,,,2224,Findlay,ii,Great Midwest Athletic,64.0,"[15, 28, 14, 7]",,,,,,,
401869940,2026,3,regular,2026-09-19T15:30:00.000Z,False,True,False,False,,3695.0,Delaware Stadium,48,Delaware,fbs,Conference USA,22.0,"[0, 15, 0, 7]",0.16937653720378876,1411.0,1414.0,324,Coastal Carolina,fbs,Sun Belt,14.0,"[7, 7, 0, 0]",0.8306234627962112,1270.0,1267.0,4.877524784363484,,,
401908243,2026,3,regular,2026-09-19T16:00:00.000Z,False,True,False,False,,6094.0,Reynolds Field,583,Northwestern (MN),iii,Upper Midwest,13.0,[],,,,263,Loras,iii,American Rivers,49.0,[],,,,,,,
401908519,2026,3,regular,2026-09-19T16:00:00.000Z,False,True,False,False,,5898.0,John Coughlin Memorial Field,402,Worcester State,iii,MSCAC,40.0,"[0, 17, 10, 13]",,,,2702,Western New England,iii,Commonwealth Coast,42.0,"[7, 14, 7, 14]",,,,,,,
401908196,2026,3,regular,2026-09-19T16:00:00.000Z,False,True,False,True,,5842.0,Robert T. Shields Field,2221,FDU Florham,iii,Mid Atlantic,15.0,[],,,,2725,Widener,iii,Mid Atlantic,17.0,[],,,,,,,
401856812,2026,3,regular,2026-09-19T16:00:00.000Z,False,True,True,True,,2455.0,Wembley Stadium,2305,Kansas,fbs,Big 12,17.0,"[0, 7, 0, 10]",0.7476793527603149,1485.0,1481.0,9,Arizona State,fbs,Big 12,24.0,"[3, 7, 7, 7]",0.25232064723968506,1531.0,1535.0,4.606880390879709,,,
401856792,2026,3,regular,2026-09-19T16:00:00.000Z,False,True,False,False,,3636.0,Bill Snyder Family Stadium,2306,Kansas State,fbs,Big 12,31.0,"[0, 17, 7, 7]",0.993634819984436,1684.0,1692.0,2655,Tulane,fbs,American Athletic,20.0,"[7, 3, 3, 7]",0.006365180015563965,1528.0,1520.0,3.379333217409422,,,
401908493,2026,3,regular,2026-09-19T16:00:00.000Z,False,True,False,False,,5801.0,George Finnie Stadium,188,Baldwin Wallace,iii,Ohio,42.0,[],,,,2800,Alma,iii,Michigan,17.0,[],,,,,,,
401907495,2026,3,regular,2026-09-19T16:00:00.000Z,False,True,False,True,,4441.0,McConnell Family Stadium,367,Gannon,ii,Pennsylvania State Athletic,27.0,[],,,,2071,Bloomsburg,ii,Pennsylvania State Athletic,33.0,[],,,,,,,
401868242,2026,3,regular,2026-09-19T16:00:00.000Z,False,True,False,False,,5400.0,William B. Greene Jr. Stadium,2193,East Tennessee State,fcs,Southern,35.0,"[7, 14, 7, 7]",0.9686713814735413,,,2698,West Georgia,fcs,UAC,27.0,"[0, 10, 14, 3]",0.03132861852645874,,,5.90282791582526,,,
401907657,2026,3,regular,2026-09-19T16:00:00.000Z,False,True,False,False,,4422.0,Valhalla Stadium,2757,Berry,iii,Southern Athletic,16.0,[],,,,2102,Carnegie Mellon,iii,Presidents',10.0,[],,,,,,,
401907653,2026,3,regular,2026-09-19T16:00:00.000Z,False,True,False,True,,4431.0,Chryst Field at Biemesderfer Stadium,210,Millersville,ii,Pennsylvania State Athletic,10.0,[],,,,215,Slippery Rock,ii,Pennsylvania State Athletic,70.0,[],,,,,,,
401909141,2026,3,regular,2026-09-19T16:00:00.000Z,False,True,False,True,,6096.0,Austin E. Knowlton Athletics Complex,391,Oberlin,iii,North Coast,7.0,[],,,,89,Wabash,iii,North Coast,34.0,[],,,,,,,
401867908,2026,3,regular,2026-09-19T16:00:00.000Z,False,True,False,False,,11553.0,Shark Stadium,2341,Long Island University,fcs,NEC,16.0,"[0, 3, 3, 10]",0.17186371982097626,,,222,Villanova,fcs,Patriot,20.0,"[0, 3, 10, 7]",0.8281362801790237,,,5.86265595700815,,,
401908143,2026,3,regular,2026-09-19T16:00:00.000Z,False,True,False,False,,5802.0,Belhaven Bowl Stadium,2056,Belhaven,iii,USA South,17.0,[],,,,2964,Central College,iii,American Rivers,31.0,[],,,,,,,
401908164,2026,3,regular,2026-09-19T16:00:00.000Z,False,True,False,True,,5833.0,Robert A. Lipinski Field at James Work Memorial Stadium,2808,Delaware Valley,iii,Mid Atlantic,24.0,[],,,,2015,Albright,iii,Mid Atlantic,21.0,[],,,,,,,
401908532,2026,3,regular,2026-09-19T16:00:00.000Z,False,True,False,False,,6135.0,Blue Storm Stadium,111675,New England,iii,Commonwealth Coast,41.0,[],,,,297,Hampden Sydney,iii,Old Dominion,43.0,[],,,,,,,
401858229,2026,3,regular,2026-09-19T16:00:00.000Z,False,True,False,True,,3836.0,"Memorial Stadium (Clemson, SC)",228,Clemson,fbs,ACC,28.0,"[3, 3, 9, 13]",0.9200934171676636,1558.0,1560.0,153,North Carolina,fbs,ACC,20.0,"[14, 3, 0, 3]",0.07990658283233643,1398.0,1396.0,4.845464774691703,,,
401907518,2026,3,regular,2026-09-19T16:00:00.000Z,False,True,False,True,,5133.0,Ram Stadium (WV),2974,Shepherd,ii,Pennsylvania State Athletic,28.0,[],,,,2858,California (PA),ii,Pennsylvania State Athletic,7.0,[],,,,,,,
401867805,2026,3,regular,2026-09-19T16:00:00.000Z,False,True,False,False,,6058.0,Ralph F. DellaCamera Stadium,2441,New Haven,fcs,NEC,10.0,"[0, 0, 3, 7]",0.31681063771247864,,,225,Brown,fcs,Ivy,17.0,"[7, 10, 0, 0]",0.6831893622875214,,,4.444234973048124,,,
401856686,2026,3,regular,2026-09-19T16:00:00.000Z,False,True,False,True,,3887.0,Razorback Stadium,8,Arkansas,fbs,SEC,17.0,"[0, 3, 0, 14]",0.0,1490.0,1466.0,61,Georgia,fbs,SEC,45.0,"[7, 14, 10, 14]",1.0,1948.0,1972.0,2.951363194479673,,,
401908085,2026,3,regular,2026-09-19T16:00:00.000Z,False,True,False,False,,6087.0,Drake Field (NY),3110,SUNY Morrisville,iii,Empire 8,17.0,[],,,,237,Union,iii,Liberty League,38.0,[],,,,,,,
401908580,2026,3,regular,2026-09-19T16:00:00.000Z,False,True,False,True,,3690.0,Charles L. Currier Memorial Field,2972,Plymouth State,iii,MSCAC,7.0,[],,,,18,Bridgewater State,iii,MSCAC,35.0,[],,,,,,,
401867817,2026,3,regular,2026-09-19T16:00:00.000Z,False,True,False,False,,3802.0,Lawrence A. Wien Stadium,171,Columbia,fcs,Ivy,40.0,"[7, 10, 7, 10, 6]",0.661419153213501,,,322,Lafayette,fcs,Patriot,34.0,"[3, 7, 7, 17, 0]",0.338580846786499,,,8.374552636199827,,,
401860889,2026,3,regular,2026-09-19T16:00:00.000Z,False,True,False,False,,3644.0,Bobcat Stadium (TX),326,Texas State,fbs,Pac-12,49.0,"[21, 7, 7, 14]",1.0,1438.0,1491.0,249,North Texas,fbs,American Athletic,35.0,"[7, 21, 0, 7]",0.0,1699.0,1646.0,5.544088586426384,,,
401908559,2026,3,regular,2026-09-19T16:00:00.000Z,False,True,False,False,,,,131108,New England College,,,23.0,,,,,114,Fitchburg State,iii,MSCAC,22.0,,,,,,,,
401908578,2026,3,regular,2026-09-19T16:00:00.000Z,False,True,False,False,,5899.0,"Alumni Stadium (Worcester, MA)",2749,WPI,iii,NEWMAC,13.0,"[0, 13, 0, 0]",,,,2280,Husson,iii,Commonwealth Coast,7.0,"[0, 7, 0, 0]",,,,,,,
401908564,2026,3,regular,2026-09-19T16:00:00.000Z,False,True,False,False,,5638.0,Dave Wolk Stadium,293,Vermont State Castleton,iii,New Jersey,40.0,"[10, 3, 13, 14]",,,,274,Maine Maritime,iii,Commonwealth Coast,0.0,"[0, 0, 0, 0]",,,,,,,
401907486,2026,3,regular,2026-09-19T16:00:00.000Z,False,True,False,True,,3848.0,Multi-Sport Stadium,2038,Assumption,ii,Northeast 10,34.0,[],,,,2487,Pace,ii,Northeast 10,27.0,[],,,,,,,
401856798,2026,3,regular,2026-09-19T16:00:00.000Z,False,True,False,False,,3772.0,Jack Trice Stadium,66,Iowa State,fbs,Big 12,55.0,"[21, 14, 10, 10]",0.9847278594970703,1588.0,1683.0,189,Bowling Green,fbs,Mid-American,7.0,"[7, 0, 0, 0]",0.015272140502929688,1227.0,1132.0,2.90255500259395,,,
401858456,2026,3,regular,2026-09-19T16:00:00.000Z,False,True,False,False,,3632.0,Beaver Stadium,213,Penn State,fbs,Big Ten,55.0,"[17, 17, 14, 7]",0.9946691989898682,1880.0,1933.0,2084,Buffalo,fbs,Mid-American,13.0,"[3, 3, 0, 7]",0.005330801010131836,1341.0,1288.0,2.03969834859093,,,
401858454,2026,3,regular,2026-09-19T16:00:00.000Z,False,True,False,False,,3861.0,Ohio Stadium,194,Ohio State,fbs,Big Ten,59.0,"[21, 14, 7, 17]",0.9889574646949768,1983.0,2032.0,2309,Kent State,fbs,Mid-American,3.0,"[0, 0, 0, 3]",0.011042535305023193,1056.0,1007.0,1.5658069191125186,,,
401908366,2026,3,regular,2026-09-19T16:00:00.000Z,False,True,False,False,,6089.0,Scotty Wood Stadium,2422,Muhlenberg,iii,Centennial,41.0,[],,,,398,Wilkes,iii,Landmark Conference,27.0,[],,,,,,,
401906677,2026,3,regular,2026-09-19T16:00:00.000Z,False,True,False,True,,3747.0,Hantz Stadium,2886,Northwood,ii,Great Midwest Athletic,10.0,[],,,,2273,Hillsdale,ii,Great Midwest Athletic,7.0,[],,,,,,,
401908010,2026,3,regular,2026-09-19T16:00:00.000Z,False,True,False,False,,6119.0,Stagg Field,81,Springfield,iii,NEWMAC,14.0,[],,,,272,Wisconsin Platteville,iii,Wisconsin,37.0,[],,,,,,,
401908296,2026,3,regular,2026-09-19T16:00:00.000Z,False,True,False,True,,6083.0,Mangelsdorf Field,2969,Misericordia,iii,Mid Atlantic,28.0,[],,,,471,Stevenson,iii,Mid Atlantic,24.0,[],,,,,,,
401908103,2026,3,regular,2026-09-19T16:00:00.000Z,False,True,False,False,,6105.0,Day Field,2516,Randolph Macon,iii,Old Dominion,42.0,[],,,,2373,Maryville (TN),iii,USA South,14.0,[],,,,,,,
401907881,2026,3,regular,2026-09-19T16:00:00.000Z,False,True,False,True,,5125.0,Stadium Red Field,2782,SUNY Cortland,iii,Empire 8,55.0,[],,,,173,Hartwick,iii,Empire 8,3.0,[],,,,,,,
401858451,2026,3,regular,2026-09-19T16:00:00.000Z,False,True,False,False,,3953.0,Huntington Bank Stadium,135,Minnesota,fbs,Big Ten,41.0,"[10, 10, 7, 14]",0.9865986704826355,1452.0,1484.0,2006,Akron,fbs,Mid-American,7.0,"[0, 0, 0, 7]",0.013401329517364502,929.0,897.0,2.252949199441229,,,
401858228,2026,3,regular,2026-09-19T16:00:00.000Z,False,True,False,False,,721.0,Bobby Dodd Stadium,59,Georgia Tech,fbs,ACC,44.0,"[7, 17, 13, 7]",0.9872198700904846,1503.0,1503.0,2382,Mercer,fcs,Southern,11.0,"[0, 3, 8, 0]",0.01278012990951538,,,1.9715837092751365,,,
401907864,2026,3,regular,2026-09-19T16:00:00.000Z,False,True,False,False,,5788.0,Merrill Field at Yunevich Stadium,365,Alfred,iii,Empire 8,31.0,"[14, 17, 0, 0]",,,,2779,St. Lawrence,iii,Liberty League,7.0,"[0, 0, 0, 7]",,,,,,,
401907737,2026,3,regular,2026-09-19T16:00:00.000Z,False,True,False,False,,3671.0,Case Field,2963,Case Western Reserve,iii,Presidents',48.0,[],,,,2828,Shenandoah,iii,Old Dominion,41.0,[],,,,,,,
401907546,2026,3,regular,2026-09-19T16:00:00.000Z,False,True,False,True,,4440.0,Sox Harrison Stadium,2205,Edinboro,ii,Pennsylvania State Athletic,24.0,[],,,,223,West Chester,ii,Pennsylvania State Athletic,44.0,[],,,,,,,
401867834,2026,3,regular,2026-09-19T16:00:00.000Z,False,True,False,False,,3741.0,Goodman Stadium,2329,Lehigh,fcs,Patriot,24.0,"[7, 7, 3, 7]",0.78545743227005,,,159,Dartmouth,fcs,Ivy,20.0,"[3, 10, 7, 0]",0.21454256772994995,,,5.231117416983247,,,
401907347,2026,3,regular,2026-09-19T16:05:00.000Z,False,True,False,True,,6034.0,Yager Stadium at Moore Bowl,2687,Washburn,ii,Mid America,14.0,[],,,,2122,Central Oklahoma,ii,Mid America,10.0,[],,,,,,,
401908218,2026,3,regular,2026-09-19T16:30:00.000Z,False,True,False,False,,5805.0,Alumni Field (OH),2074,Bluffton,iii,Heartland,7.0,[],,,,2651,Trine,iii,Michigan,59.0,[],,,,,,,
401858460,2026,3,regular,2026-09-19T16:30:00.000Z,False,True,False,False,,347.0,Camp Randall Stadium,275,Wisconsin,fbs,Big Ten,54.0,"[3, 28, 10, 13]",0.9905959367752075,1475.0,1580.0,2199,Eastern Michigan,fbs,Mid-American,10.0,"[7, 0, 0, 3]",0.00940406322479248,1293.0,1188.0,2.899037008885028,,,
401856695,2026,3,regular,2026-09-19T16:45:00.000Z,False,True,False,False,,3973.0,FirstBank Stadium,238,Vanderbilt,fbs,SEC,35.0,"[0, 7, 7, 21]",0.9763383865356445,1746.0,1742.0,152,NC State,fbs,ACC,31.0,"[14, 3, 7, 7]",0.02366161346435547,1506.0,1510.0,8.990119449610065,,,
401908340,2026,3,regular,2026-09-19T17:00:00.000Z,False,True,False,False,,6202.0,Cardinal Stadium (DC),2108,Catholic,iii,Landmark Conference,17.0,[],,,,2234,Franklin & Marshall,iii,Centennial,31.0,[],,,,,,,
401907528,2026,3,regular,2026-09-19T17:00:00.000Z,False,True,False,True,,11955.0,PENFED Field at Scranton Memorial Stadium,132714,Lackawanna,,,13.0,,,,,2134,Clarion,ii,Pennsylvania State Athletic,59.0,,,,,,,,
401907619,2026,3,regular,2026-09-19T17:00:00.000Z,False,True,False,True,,5785.0,Dickerson Stadium,2707,West Virginia State,ii,Mountain East,23.0,[],,,,455,West Virginia Wesleyan,ii,Mountain East,28.0,[],,,,,,,
401907564,2026,3,regular,2026-09-19T17:00:00.000Z,False,True,False,True,,4429.0,Seth Grove Stadium,2559,Shippensburg,ii,Pennsylvania State Athletic,26.0,[],,,,2291,IU Pennsylvania,ii,Pennsylvania State Athletic,28.0,[],,,,,,,
401907596,2026,3,regular,2026-09-19T17:00:00.000Z,False,True,False,True,,6212.0,Bishop Schmitt Field,112335,Wheeling,ii,Mountain East,28.0,[],,,,2986,Fairmont State,ii,Mountain East,24.0,[],,,,,,,
401907873,2026,3,regular,2026-09-19T17:00:00.000Z,False,True,False,False,,6126.0,Bob Boozer Field,2781,Brockport,iii,Empire 8,45.0,[],,,,2528,Rensselaer,iii,Liberty League,10.0,[],,,,,,,
401907854,2026,3,regular,2026-09-19T17:00:00.000Z,False,True,False,False,,5810.0,Coyer Field,2085,Buffalo State,iii,Liberty League,7.0,[],,,,3162,Alfred State,iii,Empire 8,41.0,[],,,,,,,
401908355,2026,3,regular,2026-09-19T17:00:00.000Z,False,True,False,False,,5124.0,Homewood Field,118,Johns Hopkins,iii,Centennial,23.0,[],,,,216,Susquehanna,iii,Landmark Conference,49.0,[],,,,,,,
401908477,2026,3,regular,2026-09-19T17:00:00.000Z,False,True,False,False,,5830.0,Walter M. Katz Field,40,Curry,iii,Commonwealth Coast,48.0,"[7, 28, 7, 6]",,,,2951,SUNY Maritime,iii,NEWMAC,51.0,"[7, 19, 6, 19]",,,,,,,
401908980,2026,3,regular,2026-09-19T17:00:00.000Z,False,True,False,False,,6114.0,Sea Gull Stadium,2532,Salisbury,iii,New Jersey,43.0,"[7, 9, 13, 14]",,,,2688,Washington and Lee,iii,Old Dominion,13.0,"[7, 6, 0, 0]",,,,,,,
401909132,2026,3,regular,2026-09-19T17:00:00.000Z,False,True,False,True,,3640.0,Blackstock Stadium,83,DePauw,iii,North Coast,56.0,[],,,,2980,Ohio Wesleyan,iii,North Coast,21.0,[],,,,,,,
401907511,2026,3,regular,2026-09-19T17:00:00.000Z,False,True,False,True,,6074.0,Grappone Stadium,2830,Saint Anselm,ii,Northeast 10,28.0,[],,,,112334,Franklin Pierce,ii,Northeast 10,56.0,[],,,,,,,
401864508,2026,3,regular,2026-09-19T17:00:00.000Z,False,True,False,False,,3786.0,Kelly/Shorts Stadium,2117,Central Michigan,fbs,Mid-American,24.0,"[3, 14, 7, 0]",0.9417828321456909,1259.0,1291.0,2751,Wyoming,fbs,Mountain West,10.0,"[0, 0, 3, 7]",0.05821716785430908,1300.0,1268.0,2.5193044641179796,,,
401866638,2026,3,regular,2026-09-19T17:00:00.000Z,False,True,False,False,,3661.0,Bulldog Stadium,2803,Bryant,fcs,Coastal Athletic,21.0,"[0, 7, 7, 7]",0.8452838063240051,,,163,Princeton,fcs,Ivy,14.0,"[7, 0, 0, 7]",0.15471619367599487,,,4.764538626449618,,,
401867686,2026,3,regular,2026-09-19T17:00:00.000Z,False,True,False,False,,3664.0,Butler Bowl,2086,Butler,fcs,Pioneer,47.0,"[23, 7, 0, 17]",0.9757022857666016,,,2130,Chicago State,fcs,FCS Independents,20.0,"[6, 8, 0, 6]",0.024297714233398438,,,2.7062768129623143,,,
401907636,2026,3,regular,2026-09-19T17:00:00.000Z,False,True,False,True,,5933.0,Sea Foam Stadium,3066,Concordia St. Paul,ii,Northern Sun,34.0,[],,,,132,Bemidji State,ii,Northern Sun,31.0,[],,,,,,,
401906127,2026,3,regular,2026-09-19T17:00:00.000Z,False,True,False,True,,5941.0,Roebuck Stadium,2207,Elizabeth City State,ii,CIAA,14.0,[],,,,330,Virginia State,ii,CIAA,28.0,[],,,,,,,
401868397,2026,3,regular,2026-09-19T17:00:00.000Z,False,True,False,False,,3897.0,Richardson Stadium,2166,Davidson,fcs,Pioneer,27.0,"[3, 14, 0, 7, 3]",0.9393115043640137,,,2678,VMI,fcs,Southern,24.0,"[14, 3, 0, 7, 0]",0.06068849563598633,,,7.5895093917888525,,,
401908259,2026,3,regular,2026-09-19T17:00:00.000Z,False,True,False,False,,5930.0,Carl W. Burt Memorial Stadium,2362,Manchester,iii,Heartland,33.0,[],,,,354,Olivet,iii,Michigan,56.0,[],,,,,,,
401908232,2026,3,regular,2026-09-19T17:00:00.000Z,False,True,False,False,,3614.0,Alumni Stadium (IN),2262,Hanover,iii,Heartland,10.0,[],,,,2812,Hope,iii,Michigan,27.0,[],,,,,,,
401908093,2026,3,regular,2026-09-19T17:00:00.000Z,False,True,False,False,,3675.0,Charles A. Gaetano Stadium,390,Utica,iii,Empire 8,36.0,[],,,,174,Hobart,iii,Liberty League,29.0,[],,,,,,,
401908173,2026,3,regular,2026-09-19T17:00:00.000Z,False,True,False,True,,5791.0,Turf Field,111674,Alvernia,iii,Mid Atlantic,28.0,[],,,,247,King's,iii,Mid Atlantic,21.0,[],,,,,,,
401908113,2026,3,regular,2026-09-19T17:00:00.000Z,False,True,False,False,,5818.0,Farris Stadium,2121,Centre,iii,Southern Athletic,14.0,[],,,,548,LaGrange,iii,USA South,16.0,[],,,,,,,
401906944,2026,3,regular,2026-09-19T17:00:00.000Z,False,True,False,True,,3950.0,Superior Dome,128,Northern Michigan,ii,GLIAC,7.0,[],,,,110254,Davenport,ii,GLIAC,42.0,[],,,,,,,
401906612,2026,3,regular,2026-09-19T17:00:00.000Z,False,True,False,False,,6117.0,Knight Stadium,2896,Southern Virginia,iii,USA South,38.0,[],,,,122774,Keystone,iii,Independent DIII,14.0,[],,,,,,,
401906937,2026,3,regular,2026-09-19T17:00:00.000Z,False,True,False,True,,5945.0,Wildcat Stadium (GA),2232,Fort Valley State,ii,SIAC,33.0,"[0, 8, 7, 12, 6]",,,,490,Benedict,ii,SIAC,34.0,"[0, 10, 3, 14, 7]",,,,,,,
401906134,2026,3,regular,2026-09-19T17:00:00.000Z,False,True,False,True,,6068.0,George Williams Athletic Complex,2551,Shaw,ii,CIAA,49.0,[],,,,2339,Lincoln (PA),ii,CIAA,27.0,[],,,,,,,
401906195,2026,3,regular,2026-09-19T17:00:00.000Z,False,True,False,False,,6060.0,Grace P. Johnson Stadium,2882,UNC Pembroke,ii,Carolinas,44.0,[],,,,2673,Valdosta State,ii,Gulf South,41.0,[],,,,,,,
401906154,2026,3,regular,2026-09-19T17:00:00.000Z,False,True,False,True,,6041.0,Irwin Belk Complex,2304,Johnson C. Smith,ii,CIAA,20.0,[],,,,2220,Fayetteville State,ii,CIAA,14.0,[],,,,,,,
401906881,2026,3,regular,2026-09-19T17:00:00.000Z,False,True,False,False,,3600.0,Tom Adams Field,131,Wayne State (MI),ii,GLIAC,13.0,[],,,,2740,Wisconsin La Crosse,iii,Wisconsin,47.0,[],,,,,,,
401907760,2026,3,regular,2026-09-19T17:00:00.000Z,False,True,False,False,,6082.0,Big Cat Stadium,2399,Minnesota Morris,iii,Upper Midwest,30.0,[],,,,63,Buena Vista,iii,American Rivers,28.0,[],,,,,,,
401908070,2026,3,regular,2026-09-19T17:00:00.000Z,False,True,False,True,,5862.0,Butterfield Stadium,175,Ithaca,iii,Liberty League,76.0,[],,,,125974,Hilbert,iii,Empire 8,6.0,[],,,,,,,
401908824,2026,3,regular,2026-09-19T17:00:00.000Z,False,True,False,True,,5792.0,Pratt Field at Lehrman Stadium,7,Amherst,iii,NESCAC,24.0,[],,,,121,Bates,iii,NESCAC,14.0,[],,,,,,,
401906650,2026,3,regular,2026-09-19T17:00:00.000Z,False,True,False,True,,3770.0,Jack Miller Stadium,308,Ashland,ii,Great Midwest Athletic,24.0,[],,,,2477,Ohio Dominican,ii,Great Midwest Athletic,3.0,[],,,,,,,
401908348,2026,3,regular,2026-09-19T17:00:00.000Z,False,True,False,False,,5851.0,Shirk Field at Musselman Stadium,2248,Gettysburg,iii,Centennial,34.0,[],,,,2843,Western Connecticut State,iii,Landmark Conference,28.0,[],,,,,,,
401908274,2026,3,regular,2026-09-19T17:00:00.000Z,False,True,False,False,,6111.0,Cook Stadium,86,Rose Hulman,iii,Heartland,38.0,[],,,,2790,Albion,iii,Michigan,24.0,[],,,,,,,
401907605,2026,3,regular,2026-09-19T17:00:00.000Z,False,True,False,True,,5886.0,West Family Stadium,2699,West Liberty,ii,Mountain East,30.0,[],,,,341,Frostburg State,ii,Mountain East,24.0,[],,,,,,,
401908914,2026,3,regular,2026-09-19T17:00:00.000Z,False,True,False,True,,6079.0,Alumni Stadium (VT),2394,Middlebury,iii,NESCAC,13.0,[],,,,336,Wesleyan (CT),iii,NESCAC,35.0,[],,,,,,,
401908908,2026,3,regular,2026-09-19T17:00:00.000Z,False,True,False,True,,6133.0,Ellis Oval at Zimman Field,112,Tufts,iii,NESCAC,42.0,[],,,,348,Hamilton,iii,NESCAC,28.0,[],,,,,,,
401908897,2026,3,regular,2026-09-19T17:00:00.000Z,False,True,False,True,,6131.0,Jessee/Miller Field,2977,Trinity (CT),iii,NESCAC,34.0,[],,,,33,Colby,iii,NESCAC,14.0,[],,,,,,,
401908866,2026,3,regular,2026-09-19T17:00:00.000Z,False,True,False,True,,6151.0,Farley-Lamb Field,2731,Williams,iii,NESCAC,17.0,[],,,,340,Bowdoin,iii,NESCAC,7.0,[],,,,,,,
401908539,2026,3,regular,2026-09-19T17:00:00.000Z,False,True,False,False,,5637.0,Vendetti Field,2884,Nichols,iii,Commonwealth Coast,42.0,[],,,,2557,Coast Guard,iii,NEWMAC,49.0,[],,,,,,,
401908332,2026,3,regular,2026-09-19T17:00:00.000Z,False,True,False,False,,5835.0,Biddle Field,2175,Dickinson,iii,Centennial,40.0,[],,,,2354,Lycoming,iii,Landmark Conference,21.0,[],,,,,,,
401908191,2026,3,regular,2026-09-19T17:00:00.000Z,False,True,False,True,,7513.0,O'Hara Field,127954,Eastern,iii,Mid Atlantic,32.0,"[0, 12, 13, 7]",,,,388,Lebanon Valley,iii,Mid Atlantic,0.0,"[0, 0, 0, 0]",,,,,,,
401908320,2026,3,regular,2026-09-19T17:00:00.000Z,False,True,False,False,,4463.0,Crusader Stadium,2371,Mary Hardin Baylor,iii,American Southwest,27.0,[],,,,452,Endicott,iii,Commonwealth Coast,28.0,[],,,,,,,
401867826,2026,3,regular,2026-09-19T17:00:00.000Z,False,True,False,False,,3617.0,Andy Kerr Stadium,2142,Colgate,fcs,Patriot,20.0,"[14, 6, 0, 0]",1.0,,,172,Cornell,fcs,Ivy,7.0,"[0, 0, 0, 7]",0.0,,,2.622267461260712,,,
401866639,2026,3,regular,2026-09-19T17:00:00.000Z,False,True,False,False,,3688.0,Wildcat Stadium,160,New Hampshire,fcs,Coastal Athletic,7.0,"[0, 7, 0, 0]",0.031416237354278564,,,108,Harvard,fcs,Ivy,31.0,"[0, 21, 0, 10]",0.9685837626457214,,,4.361842436229859,,,
401867857,2026,3,regular,2026-09-19T17:00:00.000Z,False,True,False,False,,3829.0,Memorial Stadium,282,Indiana State,fcs,MVFC,39.0,"[5, 17, 14, 3]",1.0,,,2674,Valparaiso,fcs,Pioneer,16.0,"[3, 0, 7, 6]",0.0,,,3.413960879962719,,,
401908269,2026,3,regular,2026-09-19T17:00:00.000Z,False,True,False,False,,6088.0,Schueler Field,2419,Mount St Joseph,iii,Heartland,35.0,[],,,,2003,Adrian,iii,Michigan,24.0,[],,,,,,,
401873620,2026,3,regular,2026-09-19T17:00:00.000Z,False,True,False,False,,4428.0,Saxon Stadium,2385,Mercyhurst,fcs,NEC,49.0,"[14, 14, 7, 14]",0.9701460599899292,,,2249,Glenville State,ii,Mountain East,20.0,"[0, 6, 0, 14]",0.0298539400100708,,,3.363914207545984,,,
401908841,2026,3,regular,2026-09-19T17:30:00.000Z,False,True,False,True,,6098.0,Dial-Roberson Stadium,427,Ohio Northern,iii,Ohio,41.0,[],,,,332,Muskingum,iii,Ohio,13.0,[],,,,,,,
401908664,2026,3,regular,2026-09-19T17:30:00.000Z,False,True,False,True,,5931.0,Don Drumm Stadium,317,Marietta,iii,Ohio,32.0,"[0, 9, 15, 8]",,,,424,Capital,iii,Ohio,10.0,"[0, 10, 0, 0]",,,,,,,
401908225,2026,3,regular,2026-09-19T17:30:00.000Z,False,True,False,False,,3716.0,"Stewart """"Red"""" Faught Stadium",2233,Franklin,iii,Heartland,7.0,[],,,,129738,Calvin,iii,Michigan,41.0,[],,,,,,,
401908671,2026,3,regular,2026-09-19T17:30:00.000Z,False,True,False,True,,4856.0,Mount Union Stadium,426,Mount Union,iii,Ohio,34.0,[],,,,191,Heidelberg,iii,Ohio,37.0,[],,,,,,,
401908873,2026,3,regular,2026-09-19T18:00:00.000Z,False,True,False,True,,5117.0,Clemens Stadium,2600,Saint John's (MN),iii,Minnesota,77.0,"[21, 21, 28, 7]",,,,162,Hamline,iii,Minnesota,0.0,"[0, 0, 0, 0]",,,,,,,
401909122,2026,3,regular,2026-09-19T18:00:00.000Z,False,True,False,True,,5913.0,Warrior Field at Raabe Stadium,2741,Wisconsin Lutheran,iii,NACC,31.0,[],,,,6353,Lakeland,iii,NACC,32.0,[],,,,,,,
401908732,2026,3,regular,2026-09-19T18:00:00.000Z,False,True,False,True,,3945.0,Strong Stadium,266,Beloit,iii,Midwest,0.0,"[0, 0, 0, 0]",,,,67,Luther,iii,Midwest,28.0,"[7, 14, 7, 0]",,,,,,,
401908725,2026,3,regular,2026-09-19T18:00:00.000Z,False,True,False,True,,5828.0,Van Metre Field at Ash Park,2155,Cornell (IA),iii,Midwest,7.0,[],,,,2919,Monmouth (IL),iii,Midwest,42.0,[],,,,,,,
401858227,2026,3,regular,2026-09-19T18:00:00.000Z,False,True,False,False,,3615.0,"Alumni Stadium (Chestnut Hill, MA)",103,Boston College,fbs,ACC,22.0,"[16, 3, 3, 0]",0.6811010241508484,1379.0,1379.0,311,Maine,fcs,Coastal Athletic,16.0,"[0, 10, 0, 6]",0.3188989758491516,,,3.131625533947348,,,
401906904,2026,3,regular,2026-09-19T18:00:00.000Z,False,True,False,False,,6042.0,Alumni Stadium (KY),2310,Kentucky State,ii,SIAC,21.0,[],,,,129,Saginaw Valley State,ii,GLIAC,17.0,[],,,,,,,
401906931,2026,3,regular,2026-09-19T18:00:00.000Z,False,True,False,False,,3844.0,Morris Field,127991,Roosevelt,ii,GLIAC,31.0,"[7, 3, 14, 7]",,,,2744,Wisconsin Stout,iii,Wisconsin,10.0,"[0, 3, 0, 7]",,,,,,,
401906996,2026,3,regular,2026-09-19T18:00:00.000Z,False,True,False,False,,3927.0,Sherman Field,2392,Michigan Tech,ii,GLIAC,33.0,[],,,,389,Upper Iowa,ii,Great Lakes,32.0,[],,,,,,,
401907467,2026,3,regular,2026-09-19T18:00:00.000Z,False,True,False,True,,4757.0,Edwards-Maurer Field,2746,Wittenberg,iii,North Coast,24.0,[],,,,143,Washington St. Louis,iii,North Coast,31.0,[],,,,,,,
401907979,2026,3,regular,2026-09-19T18:00:00.000Z,False,True,False,False,,5903.0,Community Stadium at Goerke Park,2743,Wisconsin Stevens Point,iii,Wisconsin,48.0,[],,,,205,Pacific (OR),iii,Northwest,13.0,[],,,,,,,
401908078,2026,3,regular,2026-09-19T18:00:00.000Z,False,True,False,False,,3823.0,Hardee-McGee Field,2553,Sewanee,iii,Southern Athletic,24.0,[],,,,286,North Carolina Wesleyan,iii,USA South,17.0,[],,,,,,,
401909127,2026,3,regular,2026-09-19T18:00:00.000Z,False,True,False,True,,6127.0,John P. Papp Stadium,2748,Wooster,iii,North Coast,0.0,"[0, 0, 0, 0]",,,,2171,Denison,iii,North Coast,38.0,"[21, 3, 7, 7]",,,,,,,
401907791,2026,3,regular,2026-09-19T18:00:00.000Z,False,True,False,True,,5839.0,Langhorst Field,72,Elmhurst,iii,CCIW,0.0,"[0, 0, 0, 0]",,,,32,Carroll (WI),iii,CCIW,33.0,"[13, 6, 7, 7]",,,,,,,
401907395,2026,3,regular,2026-09-19T18:00:00.000Z,False,True,False,True,,6078.0,Pioneer Field (TN),2839,Tusculum,ii,South Atlantic,7.0,[],,,,129469,Anderson (SC),ii,South Atlantic,14.0,[],,,,,,,
401909027,2026,3,regular,2026-09-19T18:00:00.000Z,False,True,False,True,,5803.0,Bison Stadium,2062,Bethany (WV),iii,Presidents',52.0,[],,,,2644,Thiel,iii,Presidents',3.0,[],,,,,,,
401908963,2026,3,regular,2026-09-19T18:00:00.000Z,False,True,False,False,,6115.0,Toppa Field,2776,Salve Regina,iii,NEWMAC,41.0,"[20, 0, 21, 0]",,,,2970,William Paterson,iii,New Jersey,6.0,"[0, 0, 0, 6]",,,,,,,
401908587,2026,3,regular,2026-09-19T18:00:00.000Z,False,True,False,True,,6144.0,"Alumni Field (Westfield, MA)",2909,Westfield State,iii,MSCAC,26.0,"[7, 16, 3, 0]",,,,110438,Dean,iii,MSCAC,8.0,"[0, 8, 0, 0]",,,,,,,
401908543,2026,3,regular,2026-09-19T18:00:00.000Z,False,True,False,True,,6125.0,Bulldog Stadium (TX),2639,Texas Lutheran,iii,Southern Collegiate Athletic,57.0,[],,,,2045,Austin,iii,Southern Collegiate Athletic,26.0,[],,,,,,,
401908388,2026,3,regular,2026-09-19T18:00:00.000Z,False,True,False,False,,6081.0,Harper Davis Field,2398,Millsaps,iii,Southern Athletic,27.0,[],,,,418,Hendrix,iii,Southern Athletic,36.0,[],,,,,,,
401873395,2026,3,regular,2026-09-19T18:00:00.000Z,False,True,False,True,,5826.0,Concordia Stadium,2151,Concordia Chicago,iii,NACC,46.0,[],,,,2524,Rockford,iii,NACC,20.0,[],,,,,,,
401908760,2026,3,regular,2026-09-19T18:00:00.000Z,False,True,False,True,,5919.0,Ron Roberts Field at the Banta Bowl,268,Lawrence,iii,Midwest,7.0,[],,,,2286,Illinois College,iii,Midwest,54.0,[],,,,,,,
401908773,2026,3,regular,2026-09-19T18:00:00.000Z,False,True,False,True,,5915.0,Farwell Field,262,Lake Forest,iii,Midwest,63.0,"[21, 7, 14, 21]",,,,65,Grinnell,iii,Midwest,0.0,"[0, 0, 0, 0]",,,,,,,
401858448,2026,3,regular,2026-09-19T18:00:00.000Z,False,True,False,False,,3832.0,"Memorial Stadium (Champaign, IL)",356,Illinois,fbs,Big Ten,48.0,"[14, 17, 0, 17]",0.9906846880912781,1587.0,1587.0,79,Southern Illinois,fcs,MVFC,10.0,"[7, 3, 0, 0]",0.009315311908721924,,,2.609181816487975,,,
401908020,2026,3,regular,2026-09-19T18:00:00.000Z,False,True,False,False,,5823.0,Clark Field,2141,Coe,iii,American Rivers,7.0,[],,,,271,Wisconsin Oshkosh,iii,Wisconsin,28.0,[],,,,,,,
401868023,2026,3,regular,2026-09-19T18:00:00.000Z,False,True,False,False,,3722.0,Fitton Field,107,Holy Cross,fcs,Patriot,28.0,"[7, 0, 7, 14]",0.17925329506397247,,,43,Yale,fcs,Ivy,38.0,"[7, 0, 14, 17]",0.8207467049360275,,,7.816866738692485,,,
401908300,2026,3,regular,2026-09-19T18:00:00.000Z,False,True,False,False,,5996.0,Wilford Moore Stadium,241,McMurry,iii,American Southwest,42.0,[],,,,2938,Huntingdon,iii,USA South,16.0,[],,,,,,,
401868159,2026,3,regular,2026-09-19T18:00:00.000Z,False,True,False,False,,5116.0,O'Shaughnessy Stadium,2900,St. Thomas (MN),fcs,Pioneer,28.0,"[7, 14, 7, 0]",0.7061063051223755,,,253,Southern Utah,fcs,Big Sky,26.0,"[10, 7, 3, 6]",0.2938936948776245,,,7.75455914649409,,,
401908748,2026,3,regular,2026-09-19T18:00:00.000Z,False,True,False,True,,5795.0,Edor Nelson Field,124,Augsburg,iii,Minnesota,30.0,"[0, 14, 9, 7]",,,,375,St. Scholastica,iii,Minnesota,0.0,"[0, 0, 0, 0]",,,,,,,
401907140,2026,3,regular,2026-09-19T18:00:00.000Z,False,True,False,True,,5883.0,Marv Kay Stadium at Campbell Field,2146,Colorado School of Mines,ii,Rocky Mountain,34.0,[],,,,2237,Fort Lewis,ii,Rocky Mountain,3.0,[],,,,,,,
401907102,2026,3,regular,2026-09-19T18:00:00.000Z,False,True,False,True,,5866.0,Rex Stadium,2001,Adams State,ii,Rocky Mountain,15.0,[],,,,613,South Dakota Mines,ii,Rocky Mountain,45.0,[],,,,,,,
401907112,2026,3,regular,2026-09-19T18:00:00.000Z,False,True,False,True,,6059.0,Sanchez Family Stadium,2424,New Mexico Highlands,ii,Rocky Mountain,44.0,[],,,,2069,Black Hills State,ii,Rocky Mountain,36.0,[],,,,,,,
401907206,2026,3,regular,2026-09-19T18:00:00.000Z,False,True,False,True,,3723.0,QU Stadium,2825,Quincy,ii,Great Lakes,34.0,[],,,,2876,Lincoln (MO),ii,Great Lakes,27.0,[],,,,,,,
401907781,2026,3,regular,2026-09-19T18:00:00.000Z,False,True,False,True,,5796.0,Charles D. Lindberg Stadium,2042,Augustana (IL),iii,CCIW,10.0,"[3, 0, 0, 7]",,,,306,Illinois Wesleyan,iii,CCIW,17.0,"[0, 10, 7, 0]",,,,,,,
401907679,2026,3,regular,2026-09-19T18:00:00.000Z,False,True,False,True,,5872.0,Kirkeby-Over Stadium,2043,Augustana (SD),ii,Northern Sun,45.0,[],,,,2817,Minnesota St Moorhead,ii,Northern Sun,21.0,[],,,,,,,
401907819,2026,3,regular,2026-09-19T18:00:00.000Z,False,True,False,False,,5916.0,Carson Park,2738,Wisconsin Eau Claire,iii,Wisconsin,40.0,"[14, 9, 7, 10]",,,,2106,Carthage,iii,CCIW,0.0,"[0, 0, 0, 0]",,,,,,,
401907845,2026,3,regular,2026-09-19T18:00:00.000Z,False,True,False,True,,6093.0,Holmgren Athletic Complex,75,North Park,iii,CCIW,10.0,[],,,,3071,North Central College,iii,CCIW,45.0,[],,,,,,,
401907667,2026,3,regular,2026-09-19T18:00:00.000Z,False,True,False,False,,5820.0,Amos Alonzo Stagg Field,80,Chicago,iii,Midwest,49.0,[],,,,6845,Nebraska Wesleyan,iii,American Rivers,41.0,[],,,,,,,
401907699,2026,3,regular,2026-09-19T18:00:00.000Z,False,True,False,True,,3641.0,Blakeslee Stadium,2364,Minnesota State,ii,Northern Sun,35.0,[],,,,425,Northern State,ii,Northern Sun,17.0,[],,,,,,,
401907747,2026,3,regular,2026-09-19T18:00:00.000Z,False,True,False,False,,6120.0,Growney Stadium,374,St. John Fisher,iii,Empire 8,14.0,"[0, 7, 7, 0]",,,,184,Rochester (NY),iii,Liberty League,13.0,"[0, 0, 0, 13]",,,,,,,
401907997,2026,3,regular,2026-09-19T18:00:00.000Z,False,True,False,False,,6137.0,Walston-Hoover Stadium,2685,Wartburg,iii,American Rivers,14.0,[],,,,2723,Wisconsin River Falls,iii,Wisconsin,31.0,[],,,,,,,
401908361,2026,3,regular,2026-09-19T18:00:00.000Z,False,True,False,False,,5902.0,Knox Stadium,246,Juniata,iii,Landmark Conference,28.0,"[7, 14, 7, 0]",,,,2700,McDaniel,iii,Centennial,7.0,"[7, 0, 0, 0]",,,,,,,
401908847,2026,3,regular,2026-09-19T18:00:00.000Z,False,True,False,True,,5827.0,Tomasini Stadium,409,Concordia (WI),iii,NACC,29.0,[],,,,2044,Aurora,iii,NACC,28.0,[],,,,,,,
401866634,2026,3,regular,2026-09-19T18:30:00.000Z,False,True,False,True,,3788.0,Kenneth P. LaValle Stadium,2619,Stony Brook,fcs,Coastal Athletic,56.0,"[7, 21, 14, 14]",0.9937011003494263,,,227,Rhode Island,fcs,Coastal Athletic,24.0,"[7, 10, 7, 0]",0.0062988996505737305,,,4.147562377071705,,,
401868275,2026,3,regular,2026-09-19T18:30:00.000Z,False,True,False,False,,3704.0,E. J. Whitmire Stadium,2717,Western Carolina,fcs,Southern,58.0,"[14, 13, 17, 14]",0.9910169243812561,,,2506,Presbyterian,fcs,Pioneer,14.0,"[0, 14, 0, 0]",0.008983075618743896,,,2.6741240032310847,,,
401907221,2026,3,regular,2026-09-19T18:30:00.000Z,False,True,False,True,,6077.0,Stokes Stadium,2654,Truman State,ii,Great Lakes,42.0,[],,,,2402,Missouri S&T,ii,Great Lakes,14.0,[],,,,,,,
401907371,2026,3,regular,2026-09-19T18:30:00.000Z,False,True,False,True,,5134.0,Bearcat Stadium,138,Northwest Missouri State,ii,Mid America,65.0,[],,,,2403,Missouri Southern State,ii,Mid America,3.0,[],,,,,,,
401908985,2026,3,regular,2026-09-19T19:00:00.000Z,False,True,False,False,,5799.0,Daly Field at Frank R. Campbell Stadium,2047,Averett,iii,Old Dominion,55.0,[],,,,417,Gallaudet,iii,Southern Collegiate Athletic,19.0,[],,,,,,,
401907505,2026,3,regular,2026-09-19T19:00:00.000Z,False,True,False,True,,5876.0,Bentley University Football Stadium,2060,Bentley,ii,Northeast 10,49.0,[],,,,126086,Post,ii,Northeast 10,7.0,[],,,,,,,
401862774,2026,3,regular,2026-09-19T19:00:00.000Z,False,True,False,False,,3739.0,Glass Bowl,2649,Toledo,fbs,Mid-American,49.0,"[7, 7, 7, 21, 7]",0.5539595484733582,1568.0,1561.0,218,Temple,fbs,American Athletic,48.0,"[10, 14, 3, 15, 6]",0.44604045152664185,1323.0,1330.0,7.729420903421505,,,
401907123,2026,3,regular,2026-09-19T19:00:00.000Z,False,True,False,True,,5880.0,Elliott Field at Don Beebe Stadium,2123,Chadron State,ii,Rocky Mountain,6.0,[],,,,2570,CSU Pueblo,ii,Rocky Mountain,33.0,[],,,,,,,
401906187,2026,3,regular,2026-09-19T19:00:00.000Z,False,True,False,False,,7076.0,J.W. Babb Stadium,101784,Erskine,ii,Carolinas,14.0,[],,,,2913,Brevard,iii,USA South,27.0,[],,,,,,,
401867846,2026,3,regular,2026-09-19T19:00:00.000Z,False,True,False,False,,3744.0,Hancock Stadium,2287,Illinois State,fcs,MVFC,49.0,"[14, 14, 14, 7]",0.9706743359565735,,,2197,Eastern Illinois,fcs,OVC,13.0,"[3, 3, 0, 7]",0.029325664043426514,,,1.8584909352994314,,,
401908394,2026,3,regular,2026-09-19T19:00:00.000Z,False,True,False,False,,5821.0,Fritz B. Burns Stadium,17,Claremont Mudd Scripps,iii,So. Cal.,25.0,"[6, 11, 0, 8]",,,,415,George Fox,iii,Northwest,42.0,"[7, 14, 7, 14]",,,,,,,
401907705,2026,3,regular,2026-09-19T19:00:00.000Z,False,True,False,True,,3638.0,MDU Resources Community Bowl,559,University of Mary,ii,Northern Sun,34.0,[],,,,2894,Sioux Falls,ii,Northern Sun,40.0,[],,,,,,,
401909119,2026,3,regular,2026-09-19T19:00:00.000Z,False,True,False,True,,5841.0,Pete FioRito Stadium at McKinzie Field,101,Eureka,iii,NACC,0.0,"[0, 0, 0, 0]",,,,2832,St. Norbert,iii,NACC,31.0,"[14, 14, 0, 3]",,,,,,,
401867991,2026,3,regular,2026-09-19T19:00:00.000Z,False,True,False,False,,3676.0,Christy Mathewson-Memorial Stadium,2083,Bucknell,fcs,Patriot,7.0,"[0, 7, 0, 0]",0.017948275431990623,,,219,Pennsylvania,fcs,Ivy,20.0,"[14, 0, 6, 0]",0.9820517245680094,,,4.69421467117529,,,
401908455,2026,3,regular,2026-09-19T19:00:00.000Z,False,True,False,False,,6149.0,McCulloch Stadium,2930,Willamette,iii,Northwest,16.0,[],,,,2318,La Verne,iii,So. Cal.,45.0,[],,,,,,,
401867898,2026,3,regular,2026-09-19T19:00:00.000Z,False,True,False,False,,3643.0,Bobcat Stadium,147,Montana State,fcs,Big Sky,35.0,"[0, 7, 14, 14]",1.0,,,2115,Central Connecticut,fcs,NEC,30.0,"[0, 7, 14, 9]",0.0,,,6.656403580894074,,,
401907686,2026,3,regular,2026-09-19T19:00:00.000Z,False,True,False,True,,6052.0,Herb Parker Stadium,568,Minot State,ii,Northern Sun,59.0,"[14, 28, 0, 17]",,,,2587,Southwest Minnesota State,ii,Northern Sun,0.0,"[0, 0, 0, 0]",,,,,,,
401856801,2026,3,regular,2026-09-19T19:30:00.000Z,False,True,False,False,,587.0,Rice-Eccles Stadium,254,Utah,fbs,Big 12,33.0,"[16, 10, 7, 0]",0.9871453642845154,1874.0,1907.0,328,Utah State,fbs,Pac-12,0.0,"[0, 0, 0, 0]",0.01285463571548462,1381.0,1348.0,1.855585364021608,,,
401858230,2026,3,regular,2026-09-19T19:30:00.000Z,False,True,False,True,,3873.0,L&N Federal Credit Union Stadium,97,Louisville,fbs,ACC,41.0,"[14, 0, 14, 13]",0.9996628165245056,1668.0,1690.0,2567,SMU,fbs,ACC,31.0,"[7, 10, 7, 7]",0.00033718347549438477,1728.0,1706.0,7.0761696534289475,,,
401868018,2026,3,regular,2026-09-19T19:30:00.000Z,False,True,False,True,,2068.0,E. Claiborne Robins Stadium,257,Richmond,fcs,Patriot,24.0,"[7, 14, 0, 3]",0.967174768447876,,,46,Georgetown,fcs,Patriot,21.0,"[0, 7, 7, 7]",0.03282523155212402,,,4.996147499010326,,,
401866635,2026,3,regular,2026-09-19T19:30:00.000Z,False,True,False,True,,4419.0,Bob Ford Field,399,UAlbany,fcs,Coastal Athletic,20.0,"[0, 7, 7, 6]",0.29255029559135437,,,2405,Monmouth,fcs,Coastal Athletic,28.0,"[14, 7, 7, 0]",0.7074497044086456,,,3.908567080934977,,,
401858233,2026,3,regular,2026-09-19T19:30:00.000Z,False,True,False,False,,3831.0,California Memorial Stadium,25,California,fbs,ACC,49.0,"[29, 10, 7, 3]",0.960480809211731,1353.0,1353.0,2681,Wagner,fcs,NEC,7.0,"[0, 7, 0, 0]",0.03951919078826904,,,2.013852397878264,,,
401858457,2026,3,regular,2026-09-19T19:30:00.000Z,False,True,False,True,,6577.0,SHI Stadium,164,Rutgers,fbs,Big Ten,35.0,"[7, 7, 14, 7]",0.0719924047589302,1371.0,1391.0,30,USC,fbs,Big Ten,42.0,"[10, 10, 15, 7]",0.9280075952410698,1837.0,1817.0,6.144945172564879,,,
401856797,2026,3,regular,2026-09-19T19:30:00.000Z,False,True,False,False,,7173.0,TQL Stadium,2132,Cincinnati,fbs,Big 12,35.0,"[7, 0, 14, 14]",0.6021653413772583,1516.0,1512.0,193,Miami (OH),fbs,Mid-American,31.0,"[14, 14, 0, 3]",0.3978346586227417,1259.0,1263.0,6.38672450903238,,,
401866424,2026,3,regular,2026-09-19T19:30:00.000Z,False,True,False,False,,3985.0,Warren McGuirk Alumni Stadium,113,Massachusetts,fbs,Mid-American,36.0,"[13, 0, 9, 14]",1.0,1049.0,1049.0,284,Stonehill,fcs,NEC,14.0,"[7, 0, 0, 7]",0.0,,,2.7463259433589973,,,
401856685,2026,3,regular,2026-09-19T19:30:00.000Z,False,True,False,False,,3657.0,Bryant-Denny Stadium,333,Alabama,fbs,SEC,50.0,"[3, 23, 14, 10]",0.9943773746490479,1859.0,1863.0,52,Florida State,fbs,ACC,36.0,"[14, 7, 7, 8]",0.0056226253509521484,1557.0,1553.0,5.513821541043104,,,
401860890,2026,3,regular,2026-09-19T19:30:00.000Z,False,True,False,False,,3820.0,Gesa Field,265,Washington State,fbs,Pac-12,48.0,"[7, 7, 21, 13]",0.992756724357605,1536.0,1536.0,2184,Duquesne,fcs,NEC,7.0,"[7, 0, 0, 0]",0.0072432756423950195,,,3.736257066861516,,,
401858450,2026,3,regular,2026-09-19T19:30:00.000Z,False,True,False,False,,3558.0,Michigan Stadium,130,Michigan,fbs,Big Ten,52.0,"[0, 17, 28, 7]",0.9927566647529602,1702.0,1735.0,2638,UTEP,fbs,Mountain West,17.0,"[7, 7, 0, 3]",0.007243335247039795,1163.0,1130.0,4.7078150789167,,,
401856694,2026,3,regular,2026-09-19T19:30:00.000Z,False,True,False,True,,3795.0,Kyle Field,245,Texas A&M,fbs,SEC,21.0,"[0, 7, 0, 14]",0.003098544664680958,1890.0,1824.0,96,Kentucky,fbs,SEC,31.0,"[0, 7, 21, 3]",0.996901455335319,1440.0,1506.0,4.227566138069254,,,
401866422,2026,3,regular,2026-09-19T20:00:00.000Z,False,True,False,False,,3992.0,Williams Stadium (VA),2335,Liberty,fbs,Conference USA,51.0,"[13, 10, 14, 14]",0.9943554401397705,1697.0,1728.0,2050,Ball State,fbs,Mid-American,15.0,"[7, 0, 8, 0]",0.005644559860229492,1112.0,1081.0,2.9032035567150762,,,
401868051,2026,3,regular,2026-09-19T20:00:00.000Z,False,True,False,False,,3791.0,Kibbie Dome,70,Idaho,fcs,Big Sky,39.0,"[7, 10, 7, 15]",0.23133929073810577,,,2000,Abilene Christian,fcs,UAC,41.0,"[7, 14, 0, 20]",0.7686607092618942,,,7.3204349978369505,,,
401858231,2026,3,regular,2026-09-19T20:00:00.000Z,False,True,False,True,,3982.0,Wallace Wade Stadium,150,Duke,fbs,ACC,35.0,"[0, 14, 14, 7]",0.9935848712921143,1613.0,1656.0,24,Stanford,fbs,ACC,7.0,"[0, 7, 0, 0]",0.006415128707885742,1354.0,1311.0,3.237433821701348,,,
401908406,2026,3,regular,2026-09-19T20:00:00.000Z,False,True,False,False,,5920.0,Griswold Stadium,2333,Lewis & Clark,iii,Northwest,49.0,[],,,,2923,Pomona Pitzer,iii,So. Cal.,28.0,[],,,,,,,
401858471,2026,3,regular,2026-09-19T20:00:00.000Z,False,True,False,False,,3793.0,Kinnick Stadium,2294,Iowa,fbs,Big Ten,55.0,"[21, 21, 7, 6]",0.9930168986320496,1841.0,1841.0,2460,Northern Iowa,fcs,MVFC,0.0,"[0, 0, 0, 0]",0.0069831013679504395,,,2.087183122203247,,,
401873230,2026,3,regular,2026-09-19T20:00:00.000Z,False,True,False,False,,5811.0,William Rolland Stadium,2094,Cal Lutheran,iii,So. Cal.,41.0,[],,,,2508,Puget Sound,iii,Northwest,7.0,[],,,,,,,
401867804,2026,3,regular,2026-09-19T20:00:00.000Z,False,True,False,False,,4727.0,McLane Stadium,239,Baylor,fbs,Big 12,36.0,"[7, 13, 9, 7]",0.9502611756324768,1506.0,1534.0,2348,Louisiana Tech,fbs,Sun Belt,19.0,"[7, 0, 0, 12]",0.04973882436752319,1405.0,1377.0,3.360110119380664,,,
401858449,2026,3,regular,2026-09-19T20:00:00.000Z,False,True,False,False,,3830.0,"Memorial Stadium (Bloomington, IN)",84,Indiana,fbs,Big Ten,38.0,"[0, 14, 17, 7]",0.9926459193229675,2113.0,2121.0,98,Western Kentucky,fbs,Conference USA,0.0,"[0, 0, 0, 0]",0.007354080677032471,1250.0,1242.0,2.876401622365555,,,
401866641,2026,3,regular,2026-09-19T20:00:00.000Z,False,True,False,False,,3991.0,"William Dick"""" Price Stadium""""",2450,Norfolk State,fcs,MEAC,42.0,"[10, 12, 3, 17]",0.9972763061523438,,,2261,Hampton,fcs,Coastal Athletic,21.0,"[7, 7, 0, 7]",0.00272369384765625,,,5.338546718485145,,,
401906633,2026,3,regular,2026-09-19T20:00:00.000Z,False,True,False,True,,3731.0,Frost-Kalnow Stadium,2838,Tiffin,ii,Great Midwest Athletic,38.0,"[21, 17, 0, 0]",,,,2646,Thomas More,ii,Great Midwest Athletic,14.0,"[14, 0, 0, 0]",,,,,,,
401868942,2026,3,regular,2026-09-19T20:00:00.000Z,False,True,False,False,,3850.0,Municipal Stadium,2065,Bethune-Cookman,fcs,SWAC,62.0,"[14, 21, 20, 7]",0.9956607222557068,,,2355,Virginia Lynchburg,,,3.0,"[3, 0, 0, 0]",0.004339277744293213,,,2.6139447143618,,,
401906912,2026,3,regular,2026-09-19T20:00:00.000Z,False,True,False,True,,6217.0,W.C. Hawkins Stadium,2019,Allen,ii,SIAC,28.0,"[7, 14, 0, 7]",,,,2013,Albany State,ii,SIAC,32.0,"[13, 13, 3, 3]",,,,,,,
401856691,2026,3,regular,2026-09-19T20:15:00.000Z,False,True,False,True,,3994.0,Williams-Brice Stadium,2579,South Carolina,fbs,SEC,34.0,"[13, 10, 0, 11]",0.0,1742.0,1721.0,344,Mississippi State,fbs,SEC,41.0,"[0, 14, 17, 10]",1.0,1642.0,1663.0,5.6081138909839074,,,
401908501,2026,3,regular,2026-09-19T20:30:00.000Z,False,True,False,False,,3877.0,Pioneer Stadium,101161,Lyon,iii,Southern Collegiate Athletic,32.0,[],,,,2257,Greenville,iii,Upper Midwest,33.0,[],,,,,,,
401868317,2026,3,regular,2026-09-19T20:30:00.000Z,False,True,False,False,,3817.0,Malone Stadium,2433,UL Monroe,fbs,Sun Belt,35.0,"[0, 13, 7, 15]",0.025431832298636436,1076.0,1076.0,2545,SE Louisiana,fcs,Southland,38.0,"[7, 17, 7, 7]",0.9745681677013636,,,5.870224837157036,,,
401908293,2026,3,regular,2026-09-19T21:00:00.000Z,False,False,False,False,,,,630,Wayland Baptist,,,,,,,,2758,Howard Payne,iii,American Southwest,,,,,,,,,
401907645,2026,3,regular,2026-09-19T21:00:00.000Z,False,True,False,True,,6051.0,James S. Malosky Stadium,134,Minnesota Duluth,ii,Northern Sun,9.0,[],,,,2851,Winona State,ii,Northern Sun,6.0,[],,,,,,,
401907476,2026,3,regular,2026-09-19T21:00:00.000Z,False,True,False,True,,6071.0,Jess Dow Field,2583,Southern Connecticut State,ii,Northeast 10,30.0,[],,,,2022,American International,ii,Northeast 10,19.0,[],,,,,,,
401907358,2026,3,regular,2026-09-19T21:00:00.000Z,False,True,False,True,,5942.0,Francis G. Welch Stadium,2214,Emporia State,ii,Mid America,19.0,[],,,,2438,Nebraska Kearney,ii,Mid America,9.0,[],,,,,,,
401906051,2026,3,regular,2026-09-19T22:00:00.000Z,False,True,False,True,,6032.0,Hovey Field,2676,Virginia Union,ii,CIAA,42.0,"[7, 14, 7, 14]",,,,124180,Bluefield State,ii,CIAA,0.0,"[0, 0, 0, 0]",,,,,,,
401907405,2026,3,regular,2026-09-19T22:00:00.000Z,False,True,False,True,,5122.0,Shuford Stadium,2107,Catawba,ii,South Atlantic,24.0,[],,,,2213,Emory & Henry,ii,South Atlantic,10.0,[],,,,,,,
401907569,2026,3,regular,2026-09-19T22:00:00.000Z,False,True,False,True,,3760.0,Hubert Jack Stadium,209,Lock Haven,ii,Pennsylvania State Athletic,20.0,[],,,,2315,Kutztown,ii,Pennsylvania State Athletic,35.0,[],,,,,,,
401908306,2026,3,regular,2026-09-19T22:00:00.000Z,False,True,False,False,,5852.0,Jamieson Stadium,2256,Greensboro,iii,USA South,7.0,[],,,,495,BLUEFIELD,,,28.0,[],,,,,,,
401868935,2026,3,regular,2026-09-19T22:00:00.000Z,False,True,False,False,,3740.0,Golden Lion Stadium,2029,Arkansas-Pine Bluff,fcs,SWAC,41.0,"[10, 10, 14, 7]",0.9595502018928528,,,2119,Central State,ii,SIAC,35.0,"[0, 7, 6, 22]",0.04044979810714722,,,3.9555157408063057,,,
401868142,2026,3,regular,2026-09-19T22:00:00.000Z,False,True,False,False,,3908.0,Roy Kidd Stadium,2198,Eastern Kentucky,fcs,UAC,14.0,"[0, 0, 0, 14]",0.6263277530670166,,,2168,Dayton,fcs,Pioneer,17.0,"[0, 7, 7, 3]",0.3736722469329834,,,6.297789174822477,,,
401862710,2026,3,regular,2026-09-19T22:00:00.000Z,False,True,False,False,,3918.0,S.B. Ballard Stadium,295,Old Dominion,fbs,Sun Belt,17.0,"[0, 17, 0, 0]",0.7674409747123718,1289.0,1295.0,151,East Carolina,fbs,American Athletic,20.0,"[7, 3, 7, 3]",0.23255902528762817,1462.0,1456.0,6.3264494952988874,,,
401867979,2026,3,regular,2026-09-19T22:00:00.000Z,False,True,False,False,,3710.0,Ernest W. Spangler Stadium,2241,Gardner-Webb,fcs,OVC,44.0,"[10, 14, 10, 10]",0.9752634763717651,,,2428,North Carolina Central,fcs,MEAC,20.0,"[0, 17, 3, 0]",0.024736523628234863,,,4.545873034848934,,,
401868337,2026,3,regular,2026-09-19T22:00:00.000Z,False,True,False,True,,3720.0,Finley Stadium,236,Chattanooga,fcs,Southern,41.0,"[0, 31, 7, 3]",0.9953827261924744,,,2747,Wofford,fcs,Southern,7.0,"[0, 7, 0, 0]",0.004617273807525635,,,3.297717355652765,,,
401866640,2026,3,regular,2026-09-19T22:00:00.000Z,False,True,False,False,,3781.0,Johnny Unitas Stadium,119,Towson,fcs,Coastal Athletic,26.0,"[3, 3, 7, 13]",0.5504725575447083,,,2415,Morgan State,fcs,MEAC,41.0,"[7, 17, 0, 17]",0.44952744245529175,,,3.503785827321359,,,
401908677,2026,3,regular,2026-09-19T22:00:00.000Z,False,True,False,True,,5863.0,Don Shula Stadium at Wasmer Field,2302,John Carroll,iii,Ohio,56.0,"[35, 14, 7, 0]",,,,352,Kenyon,iii,North Coast,7.0,"[0, 0, 0, 7]",,,,,,,
401907293,2026,3,regular,2026-09-19T22:00:00.000Z,False,True,False,True,,6044.0,Lane Field,2323,Lane College,ii,SIAC,0.0,"[0, 0, 0, 0]",,,,60,Morehouse,ii,SIAC,44.0,"[7, 7, 3, 27]",,,,,,,
401907414,2026,3,regular,2026-09-19T22:00:00.000Z,False,True,False,True,,6033.0,Carl Smith Stadium,2842,UVA Wise,ii,South Atlantic,7.0,[],,,,2105,Carson Newman,ii,South Atlantic,42.0,[],,,,,,,
401866637,2026,3,regular,2026-09-19T22:00:00.000Z,False,True,False,True,,3894.0,Rhodes Stadium,2210,Elon,fcs,Coastal Athletic,24.0,"[0, 14, 7, 3]",0.7993520498275757,,,2529,Sacred Heart,fcs,Coastal Athletic,21.0,"[7, 7, 7, 0]",0.20064795017242432,,,5.664640615505137,,,
401864574,2026,3,regular,2026-09-19T22:00:00.000Z,False,True,False,False,,3792.0,Kidd Brewer Stadium,2026,App State,fbs,Sun Belt,26.0,"[3, 10, 6, 7]",1.0,1325.0,1324.0,2429,Charlotte,fbs,American Athletic,21.0,"[0, 7, 0, 14]",0.0,1168.0,1169.0,3.7335858381066593,,,
401907252,2026,3,regular,2026-09-19T22:00:00.000Z,False,True,False,True,,5881.0,CAU Panther Stadium,2805,Clark Atlanta,ii,SIAC,14.0,[],,,,2396,Miles,ii,SIAC,27.0,[],,,,,,,
401868009,2026,3,regular,2026-09-19T22:00:00.000Z,False,True,False,True,,3998.0,Zable Stadium,2729,William & Mary,fcs,Patriot,27.0,"[0, 7, 7, 13]",0.059990692883729935,,,2230,Fordham,fcs,Patriot,52.0,"[14, 14, 10, 14]",0.9400093071162701,,,2.806432042433397,,,
401906170,2026,3,regular,2026-09-19T22:00:00.000Z,False,True,False,True,,5220.0,Garrison Stadium,2804,Chowan,ii,Carolinas,34.0,"[0, 7, 14, 13]",,,,122666,Barton,ii,Carolinas,0.0,"[0, 0, 0, 0]",,,,,,,
401866636,2026,3,regular,2026-09-19T22:00:00.000Z,False,True,False,True,,3629.0,Barker-Lane Stadium,2097,Campbell,fcs,Coastal Athletic,42.0,"[14, 14, 7, 7]",0.9995436072349548,,,2448,North Carolina A&T,fcs,Coastal Athletic,14.0,"[7, 0, 7, 0]",0.000456392765045166,,,2.7515476891957986,,,
401906163,2026,3,regular,2026-09-19T22:00:00.000Z,False,True,False,True,,3612.0,Alumni Memorial Stadium (NC),2940,Livingstone,ii,CIAA,21.0,[],,,,2736,Winston-Salem State,ii,CIAA,13.0,[],,,,,,,
401908208,2026,3,regular,2026-09-19T22:00:00.000Z,False,True,False,False,,5793.0,Macholtz Stadium,2023,Anderson (IN),iii,Heartland,17.0,[],,,,126,Kalamazoo,iii,Michigan,42.0,[],,,,,,,
401907457,2026,3,regular,2026-09-19T22:00:00.000Z,False,True,False,True,,5781.0,Irwin Belk Stadium,351,Wingate,ii,South Atlantic,22.0,[],,,,2444,Newberry,ii,South Atlantic,25.0,[],,,,,,,
401907428,2026,3,regular,2026-09-19T22:00:00.000Z,False,True,False,True,,6553.0,Helen and Leonard Moretz Stadium,2331,Lenoir Rhyne,ii,South Atlantic,7.0,[],,,,2369,Mars Hill,ii,South Atlantic,15.0,[],,,,,,,
401868172,2026,3,regular,2026-09-19T22:00:00.000Z,False,True,False,False,,3658.0,Buccaneer Field,2127,Charleston Southern,fcs,OVC,65.0,"[21, 7, 30, 7]",0.9930822253227234,,,3179,Point University,,,0.0,"[0, 0, 0, 0]",0.006917774677276611,,,1.4185096247612503,,,
401862771,2026,3,regular,2026-09-19T22:00:00.000Z,False,True,False,False,,3715.0,FAU Stadium,2226,Florida Atlantic,fbs,American Athletic,16.0,"[10, 0, 6, 0]",0.9298617243766785,1226.0,1243.0,2229,Florida International,fbs,Conference USA,10.0,"[0, 7, 0, 3]",0.07013827562332153,1409.0,1392.0,5.53028244613773,,,
401871047,2026,3,regular,2026-09-19T22:30:00.000Z,False,True,False,False,,3878.0,Plaster Sports Complex,2623,Missouri State,fbs,Conference USA,24.0,"[10, 0, 14, 0]",0.5527694821357727,1284.0,1281.0,276,Marshall,fbs,Sun Belt,30.0,"[14, 3, 10, 3]",0.4472305178642273,1388.0,1391.0,6.715983248413741,,,
401906958,2026,3,regular,2026-09-19T22:30:00.000Z,False,True,False,True,,3705.0,Earl Kitchings Stadium,2206,Edward Waters,ii,SIAC,55.0,[],,,,2542,Savannah State,ii,SIAC,30.0,[],,,,,,,
401908369,2026,3,regular,2026-09-19T23:00:00.000Z,False,True,False,False,,6136.0,Patterson Field,2667,Ursinus,iii,Centennial,35.0,[],,,,323,Moravian,iii,Landmark Conference,19.0,[],,,,,,,
401868133,2026,3,regular,2026-09-19T23:00:00.000Z,False,True,False,False,,7003.0,Houck Field,2546,Southeast Missouri State,fcs,OVC,27.0,"[7, 0, 3, 17]",0.9577440619468689,,,2110,Central Arkansas,fcs,UAC,9.0,"[3, 3, 0, 3]",0.042255938053131104,,,3.595085867316662,,,
401908767,2026,3,regular,2026-09-19T23:00:00.000Z,False,True,False,True,,6109.0,Ingalls Field,2891,Ripon,iii,Midwest,30.0,[],,,,255,Knox,iii,Midwest,7.0,[],,,,,,,
401868964,2026,3,regular,2026-09-19T23:00:00.000Z,False,True,False,False,,3896.0,Rice-Totten Field,2400,Mississippi Valley State,fcs,SWAC,6.0,"[0, 3, 3, 0]",0.020519476383924484,,,2170,Delta State,ii,Gulf South,21.0,"[0, 0, 14, 7]",0.9794805236160755,,,3.6742485026239495,,,
401868062,2026,3,regular,2026-09-19T23:00:00.000Z,False,True,False,True,,10803.0,Pen-Air Field,110242,West Florida,fcs,UAC,16.0,"[0, 10, 6, 0]",0.027899106964468956,,,2046,Austin Peay,fcs,UAC,38.0,"[14, 14, 0, 10]",0.972100893035531,,,3.271145145737536,,,
401868237,2026,3,regular,2026-09-19T23:00:00.000Z,False,True,False,False,,3827.0,"Memorial Stadium (Stephenville, TX)",2627,Tarleton State,fcs,UAC,45.0,"[10, 7, 21, 7]",1.0,,,2771,Merrimack,fcs,FCS Independents,20.0,"[0, 14, 0, 6]",0.0,,,3.868772956310622,,,
401867896,2026,3,regular,2026-09-19T23:00:00.000Z,False,True,False,True,,5237.0,Dana J. Dykhouse Stadium,2571,South Dakota State,fcs,MVFC,27.0,"[7, 10, 10, 0]",1.0,,,2754,Youngstown State,fcs,MVFC,20.0,"[0, 10, 7, 3]",0.0,,,3.9519042883269844,,,
401869147,2026,3,regular,2026-09-19T23:00:00.000Z,False,True,False,True,,3734.0,Gayle and Tom Benson Stadium,2916,Incarnate Word,fcs,Southland,30.0,"[7, 13, 0, 3, 7]",0.9701512455940247,,,2277,Houston Christian,fcs,Southland,23.0,"[7, 3, 3, 10, 0]",0.029848754405975342,,,8.817507344417995,,,
401868205,2026,3,regular,2026-09-19T23:00:00.000Z,False,True,False,False,,3746.0,Hanson Field,2710,Western Illinois,fcs,OVC,59.0,"[14, 17, 14, 14]",0.9831181168556213,,,2413,Morehead State,fcs,Pioneer,2.0,"[0, 0, 2, 0]",0.016881883144378662,,,1.7646611069809675,,,
401866423,2026,3,regular,2026-09-19T23:00:00.000Z,False,True,False,False,,6526.0,Hancock Whitney Stadium,6,South Alabama,fbs,Sun Belt,41.0,"[14, 10, 7, 10]",0.6848459243774414,1391.0,1393.0,195,Ohio,fbs,Mid-American,36.0,"[7, 0, 14, 15]",0.3151540756225586,1320.0,1318.0,3.9245862967611207,,,
401908327,2026,3,regular,2026-09-19T23:00:00.000Z,False,True,False,False,,11956.0,Antler Stadium,102549,Schreiner,,,31.0,,,,,2588,Southwestern U,iii,Southern Athletic,28.0,,,,,,,,
401862772,2026,3,regular,2026-09-19T23:00:00.000Z,False,True,False,False,,3805.0,Simmons Bank Liberty Stadium,235,Memphis,fbs,American Athletic,45.0,"[10, 14, 7, 14]",0.9892739653587341,1529.0,1529.0,2630,UT Martin,fcs,OVC,21.0,"[0, 7, 0, 14]",0.01072603464126587,,,2.4351672171204406,,,
401907196,2026,3,regular,2026-09-19T23:00:00.000Z,False,True,False,True,,6047.0,Leemon Field,2816,McKendree,ii,Great Lakes,35.0,[],,,,2292,Indianapolis,ii,Great Lakes,31.0,[],,,,,,,
401909020,2026,3,regular,2026-09-19T23:00:00.000Z,False,True,False,True,,5789.0,Frank B. Fuhrer Field,2018,Allegheny,iii,Presidents',38.0,[],,,,2845,Waynesburg,iii,Presidents',20.0,[],,,,,,,
401908846,2026,3,regular,2026-09-19T23:00:00.000Z,False,True,False,True,,6152.0,Wiliams Stadium (OH),2733,Wilmington (OH),iii,Ohio,14.0,[],,,,359,Otterbein,iii,Ohio,35.0,[],,,,,,,
401906575,2026,3,regular,2026-09-19T23:00:00.000Z,False,True,False,True,,6073.0,Milam Stadium,2927,Southwestern Oklahoma State,ii,Great American,21.0,[],,,,199,Southeastern Oklahoma State,ii,Great American,27.0,[],,,,,,,
401907298,2026,3,regular,2026-09-19T23:00:00.000Z,False,True,False,True,,6049.0,"Memorial Stadium (Wichita Falls, TX)",2395,Midwestern State,ii,Lone Star,84.0,[],,,,2703,Western New Mexico,ii,Lone Star,17.0,[],,,,,,,
401862773,2026,3,regular,2026-09-19T23:00:00.000Z,False,True,False,False,,3895.0,Rice Stadium,242,Rice,fbs,American Athletic,21.0,"[0, 7, 7, 7]",0.3939010798931122,1147.0,1162.0,2711,Western Michigan,fbs,Mid-American,28.0,"[7, 7, 0, 14]",0.6060989201068878,1534.0,1519.0,4.697684070810628,,,
401868298,2026,3,regular,2026-09-19T23:00:00.000Z,False,True,False,False,,3809.0,Louis Crews Stadium,2010,Alabama A&M,fcs,SWAC,45.0,"[17, 14, 14, 0]",0.9981445074081421,,,2075,Bowie State,ii,CIAA,3.0,"[0, 3, 0, 0]",0.0018554925918579102,,,1.513540065600934,,,
401867984,2026,3,regular,2026-09-19T23:00:00.000Z,False,True,False,False,,3868.0,Paladin Stadium,231,Furman,fcs,Southern,17.0,"[0, 3, 3, 11]",0.11231740564107895,,,2569,South Carolina State,fcs,MEAC,20.0,"[14, 3, 0, 3]",0.887682594358921,,,5.1049575835267325,,,
401868959,2026,3,regular,2026-09-19T23:00:00.000Z,False,True,False,False,,3976.0,Mississippi Veterans Memorial Stadium,2296,Jackson State,fcs,SWAC,41.0,"[0, 10, 21, 10]",1.0,,,2657,Tuskegee,ii,SIAC,7.0,"[0, 0, 7, 0]",0.0,,,2.5831035400085365,,,
401861963,2026,3,regular,2026-09-19T23:00:00.000Z,False,True,False,False,,3815.0,M. M. Roberts Stadium,2572,Southern Miss,fbs,Sun Belt,20.0,"[3, 3, 7, 7]",0.0,1285.0,1224.0,41,UConn,fbs,FBS Independents,48.0,"[14, 13, 14, 7]",1.0,1413.0,1474.0,4.811639806925726,,,
401856687,2026,3,regular,2026-09-19T23:00:00.000Z,False,True,False,True,,3785.0,Jordan-Hare Stadium,2,Auburn,fbs,SEC,39.0,"[3, 14, 7, 15]",0.02467680722475052,1678.0,1668.0,57,Florida,fbs,SEC,44.0,"[7, 13, 14, 10]",0.9753231927752495,1658.0,1668.0,4.915838118486049,,,
401907276,2026,3,regular,2026-09-19T23:00:00.000Z,False,True,False,True,,5869.0,LeGrand Stadium at 1st Community Credit Union Field,2025,Angelo State,ii,Lone Star,19.0,[],,,,2704,West Texas,ii,Lone Star,27.0,[],,,,,,,
401907240,2026,3,regular,2026-09-19T23:00:00.000Z,False,True,False,True,,3878.0,Plaster Sports Complex,2586,Southwest Baptist,ii,Great Lakes,17.0,[],,,,2911,William Jewell,ii,Great Lakes,27.0,[],,,,,,,
401906622,2026,3,regular,2026-09-19T23:00:00.000Z,False,True,False,True,,3718.0,Tom Benson Hall of Fame Stadium,2682,Walsh,ii,Great Midwest Athletic,28.0,[],,,,437,Lake Erie,ii,Great Midwest Athletic,7.0,[],,,,,,,
401864443,2026,3,regular,2026-09-19T23:00:00.000Z,False,True,False,False,,3725.0,"Johnny ""Red"" Floyd Stadium",2393,Middle Tennessee,fbs,Conference USA,27.0,"[7, 3, 7, 10]",0.9568924903869629,1277.0,1298.0,2440,Nevada,fbs,Mountain West,20.0,"[7, 3, 7, 3]",0.04310750961303711,1462.0,1441.0,5.943196413737067,,,
401906560,2026,3,regular,2026-09-19T23:00:00.000Z,False,True,False,True,,4763.0,Ranger Field,2823,Northwestern (OK),ii,Great American,37.0,[],,,,319,Oklahoma Baptist,ii,Great American,55.0,[],,,,,,,
401907004,2026,3,regular,2026-09-19T23:00:00.000Z,False,True,False,False,,3811.0,Lubbers Stadium,125,Grand Valley State,ii,GLIAC,96.0,"[35, 34, 13, 14]",,,,122775,Elgin,,,0.0,"[0, 0, 0, 0]",,,,,,,
401907840,2026,3,regular,2026-09-19T23:00:00.000Z,False,True,False,True,,5115.0,McCully Stadium,396,Wheaton (IL),iii,CCIW,82.0,[],,,,74,Millikin,iii,CCIW,10.0,[],,,,,,,
401907729,2026,3,regular,2026-09-19T23:00:00.000Z,False,True,False,True,,6035.0,"Memorial Stadium (Wayne, NE)",2844,Wayne State (NE),ii,Northern Sun,44.0,[],,,,2939,Jamestown,ii,Northern Sun,7.0,[],,,,,,,
401908277,2026,3,regular,2026-09-19T23:00:00.000Z,False,True,False,False,,5838.0,Ornelas Stadium,2194,East Texas Baptist,iii,American Southwest,46.0,[],,,,101442,Centenary (LA),iii,Southern Collegiate Athletic,14.0,[],,,,,,,
401906537,2026,3,regular,2026-09-19T23:00:00.000Z,False,True,False,True,,3934.0,Southern Nazarene University Football Stadium,200,Southern Nazarene,ii,Great American,24.0,[],,,,2191,East Central,ii,Great American,35.0,[],,,,,,,
401906528,2026,3,regular,2026-09-19T23:00:00.000Z,False,True,False,True,,5113.0,Ruggles Field at Carpenter-Haygood Stadium,2271,Henderson State,ii,Great American,35.0,[],,,,2028,Arkansas Monticello,ii,Great American,24.0,[],,,,,,,
401906201,2026,3,regular,2026-09-19T23:00:00.000Z,False,True,False,False,,3957.0,Tiger Stadium (AL),2695,West Alabama,ii,Gulf South,14.0,[],,,,2822,North Greenville,ii,Carolinas,24.0,[],,,,,,,
401870764,2026,3,regular,2026-09-19T23:00:00.000Z,False,True,False,False,,3647.0,Elliott T. Bowers Stadium,2534,Sam Houston,fbs,Conference USA,59.0,"[10, 21, 21, 7]",0.989645779132843,1155.0,1155.0,2447,Nicholls,fcs,Southland,0.0,"[0, 0, 0, 0]",0.010354220867156982,,,1.8754360356013395,,,
401869948,2026,3,regular,2026-09-19T23:00:00.000Z,False,True,False,False,,3662.0,AmFirst Stadium,55,Jacksonville State,fbs,Conference USA,31.0,"[0, 10, 7, 14]",0.9172762632369995,1426.0,1427.0,290,Georgia Southern,fbs,Sun Belt,27.0,"[3, 21, 3, 0]",0.08272373676300049,1359.0,1358.0,5.231225171281374,,,
401862777,2026,3,regular,2026-09-19T23:00:00.000Z,False,True,False,False,,3886.0,Raymond James Stadium,58,South Florida,fbs,American Athletic,59.0,"[14, 14, 14, 17]",0.9322245717048645,1682.0,1682.0,2169,Delaware State,fcs,MEAC,17.0,"[7, 10, 0, 0]",0.0677754282951355,,,3.6874871503721045,,,
401856689,2026,3,regular,2026-09-19T23:00:00.000Z,False,True,False,False,,3838.0,Memorial Stadium,142,Missouri,fbs,SEC,27.0,"[0, 24, 0, 3]",1.0,1691.0,1690.0,2653,Troy,fbs,Sun Belt,17.0,"[10, 7, 0, 0]",0.0,1420.0,1421.0,4.3885685456675425,,,
401856800,2026,3,regular,2026-09-19T23:00:00.000Z,False,True,False,False,,3652.0,FBC Mortgage Stadium,2116,UCF,fbs,Big 12,44.0,"[17, 3, 14, 10]",0.9837412238121033,1468.0,1481.0,2247,Georgia State,fbs,Sun Belt,30.0,"[7, 17, 3, 3]",0.01625877618789673,1287.0,1274.0,5.735549721200934,,,
401856803,2026,3,regular,2026-09-19T23:00:00.000Z,False,True,False,False,,3646.0,Boone Pickens Stadium,197,Oklahoma State,fbs,Big 12,59.0,"[14, 17, 21, 7]",0.9924694895744324,1247.0,1247.0,93,Murray State,fcs,MVFC,0.0,"[0, 0, 0, 0]",0.007530510425567627,,,1.8571430379362441,,,
401868196,2026,3,regular,2026-09-19T23:00:00.000Z,False,True,False,False,,3650.0,Bragg Memorial Stadium,50,Florida A&M,fcs,SWAC,26.0,"[7, 6, 7, 6]",0.02236616238951683,,,2634,Tennessee State,fcs,OVC,29.0,"[7, 6, 7, 9]",0.9776338376104832,,,7.374137593579643,,,
401868971,2026,3,regular,2026-09-19T23:00:00.000Z,False,True,False,False,,3599.0,Ace W. Mumford Stadium,2582,Southern,fcs,SWAC,50.0,"[21, 9, 7, 13]",1.0,,,2347,Louisiana Christian,,,31.0,"[7, 3, 7, 14]",0.0,,,2.781539654220854,,,
401868151,2026,3,regular,2026-09-19T23:00:00.000Z,False,True,False,False,,4133.0,Braly Municipal Stadium,2453,North Alabama,fcs,UAC,38.0,"[14, 7, 3, 14]",0.9534170031547546,,,2016,Alcorn State,fcs,SWAC,20.0,"[0, 14, 3, 3]",0.04658299684524536,,,4.109287710452121,,,
401858459,2026,3,regular,2026-09-19T23:15:00.000Z,False,True,False,False,,3765.0,Husky Stadium,264,Washington,fbs,Big Ten,48.0,"[14, 17, 7, 10]",0.9898290038108826,1752.0,1752.0,331,Eastern Washington,fcs,Big Sky,16.0,"[3, 7, 3, 3]",0.010170996189117432,,,3.1874741790894,,,
401858452,2026,3,regular,2026-09-19T23:15:00.000Z,False,True,False,False,,3834.0,"Memorial Stadium (Lincoln, NE)",158,Nebraska,fbs,Big Ten,34.0,"[14, 3, 7, 10]",0.9894856214523315,1715.0,1715.0,155,North Dakota,fcs,MVFC,7.0,"[0, 0, 7, 0]",0.010514378547668457,,,1.859135207140717,,,
401856802,2026,3,regular,2026-09-19T23:30:00.000Z,False,True,True,False,,3628.0,Bank of America Stadium,258,Virginia,fbs,ACC,27.0,"[14, 0, 7, 6]",0.031228691339492798,1655.0,1612.0,277,West Virginia,fbs,Big 12,38.0,"[7, 14, 7, 10]",0.9687713086605072,1365.0,1408.0,6.0148190025336605,,Duke’s Mayo Classic,
401858453,2026,3,regular,2026-09-19T23:30:00.000Z,False,True,False,False,,3855.0,Notre Dame Stadium,87,Notre Dame,fbs,FBS Independents,27.0,"[10, 7, 3, 7]",0.9938645958900452,2070.0,2061.0,127,Michigan State,fbs,Big Ten,10.0,"[0, 10, 0, 0]",0.006135404109954834,1528.0,1537.0,2.726436174502571,,,
401856688,2026,3,regular,2026-09-19T23:30:00.000Z,False,True,False,True,,3974.0,Vaught-Hemingway Stadium,145,Ole Miss,fbs,SEC,32.0,"[10, 14, 0, 8]",0.1468684822320938,1851.0,1859.0,99,LSU,fbs,SEC,24.0,"[0, 7, 14, 3]",0.8531315177679062,1794.0,1786.0,4.662154542037517,,,
401856690,2026,3,regular,2026-09-19T23:30:00.000Z,False,True,False,False,,3835.0,"Memorial Stadium (Norman, OK)",201,Oklahoma,fbs,SEC,14.0,"[0, 7, 7, 0]",0.660073459148407,1783.0,1782.0,167,New Mexico,fbs,Mountain West,6.0,"[0, 6, 0, 0]",0.339926540851593,1558.0,1559.0,3.888959815772902,,,
401858232,2026,3,regular,2026-09-19T23:30:00.000Z,False,True,False,False,,3665.0,SECU Stadium,120,Maryland,fbs,Big Ten,26.0,"[0, 14, 0, 12]",0.03750906139612198,1495.0,1474.0,259,Virginia Tech,fbs,ACC,35.0,"[7, 20, 8, 0]",0.962490938603878,1468.0,1489.0,4.1187773296057335,,,
401856795,2026,3,regular,2026-09-19T23:30:00.000Z,False,True,False,False,,5388.0,Canvas Stadium,36,Colorado State,fbs,Pac-12,23.0,"[7, 0, 0, 16]",0.0,1336.0,1327.0,252,BYU,fbs,Big 12,41.0,"[21, 10, 7, 3]",1.0,1683.0,1692.0,3.8666532735004533,,,
401856796,2026,3,regular,2026-09-19T23:30:00.000Z,False,True,False,False,,5960.0,Lanny and Sharon Martin Stadium,77,Northwestern,fbs,Big Ten,41.0,"[7, 14, 14, 6]",0.9932442307472229,1549.0,1625.0,38,Colorado,fbs,Big 12,7.0,"[0, 0, 7, 0]",0.0067557692527771,1406.0,1330.0,2.6936814550593233,,,
401856692,2026,3,regular,2026-09-19T23:45:00.000Z,False,True,False,False,,3853.0,Neyland Stadium,2633,Tennessee,fbs,SEC,42.0,"[15, 6, 14, 7]",0.9932624697685242,1729.0,1771.0,338,Kennesaw State,fbs,Conference USA,9.0,"[3, 0, 0, 6]",0.00673753023147583,1327.0,1285.0,1.9992992525092796,,,
401868247,2026,3,regular,2026-09-20T00:00:00.000Z,False,True,False,True,,6006.0,Robert and Janet Vackar Stadium,292,UT Rio Grande Valley,fcs,Southland,27.0,"[7, 10, 7, 3]",0.9826036691665649,,,2377,McNeese,fcs,Southland,10.0,"[0, 3, 0, 7]",0.01739633083343506,,,3.195055913456465,,,
401868130,2026,3,regular,2026-09-20T00:00:00.000Z,False,True,False,False,,3856.0,Nottingham Field,2458,Northern Colorado,fcs,Big Sky,23.0,"[0, 7, 0, 10, 6]",0.1783473789691925,,,196,Northeastern State,ii,Independent DII,17.0,"[0, 7, 10, 0, 0]",0.8216526210308075,,,7.687510606130718,,,
401868307,2026,3,regular,2026-09-20T00:00:00.000Z,False,True,False,False,,5238.0,Panther Stadium,2504,Prairie View A&M,fcs,SWAC,10.0,"[0, 0, 3, 7]",0.0,,,2617,Stephen F. Austin,fcs,Southland,31.0,"[14, 10, 0, 7]",1.0,,,4.0698421713727635,,,
401868124,2026,3,regular,2026-09-20T00:00:00.000Z,False,True,False,True,,3745.0,Greater Zion Stadium,3101,Utah Tech,fcs,Big Sky,23.0,"[0, 0, 17, 6]",0.04222382605075836,,,2464,Northern Arizona,fcs,Big Sky,35.0,"[7, 7, 7, 14]",0.9577761739492416,,,5.021765592825793,,,
401862775,2026,3,regular,2026-09-20T00:00:00.000Z,False,True,False,False,,3674.0,Chapman Stadium,202,Tulsa,fbs,American Athletic,42.0,"[7, 7, 14, 14]",0.9883432984352112,1277.0,1277.0,2837,East Texas A&M,fcs,Southland,0.0,"[0, 0, 0, 0]",0.011656701564788818,,,2.2230052365386244,,,
401868168,2026,3,regular,2026-09-20T00:00:00.000Z,False,True,False,False,,3942.0,Stewart Stadium,2692,Weber State,fcs,Big Sky,49.0,"[21, 7, 14, 7]",0.9784230589866638,,,2466,Northwestern State,fcs,Southland,20.0,"[0, 6, 0, 14]",0.02157694101333618,,,2.3282195960766816,,,
401906517,2026,3,regular,2026-09-20T00:00:00.000Z,False,True,False,True,,5870.0,Thone Stadium at Buerkle Field,2033,Arkansas Tech,ii,Great American,17.0,[],,,,2888,Ouachita Baptist,ii,Great American,34.0,[],,,,,,,
401856799,2026,3,regular,2026-09-20T00:00:00.000Z,False,True,False,False,,3616.0,Amon G. Carter Stadium,2628,TCU,fbs,Big 12,31.0,"[7, 7, 7, 10]",1.0,1595.0,1629.0,2032,Arkansas State,fbs,Sun Belt,7.0,"[0, 7, 0, 0]",0.0,1353.0,1319.0,3.1451508269075092,,,
401868075,2026,3,regular,2026-09-20T00:00:00.000Z,False,True,False,False,,1027.0,Alex G. Spanos Stadium,13,Cal Poly,fcs,Big Sky,35.0,"[7, 14, 7, 7]",0.2807456851005554,,,301,San Diego,fcs,Pioneer,38.0,"[14, 14, 7, 3]",0.7192543148994446,,,8.855398394840327,,,
401856693,2026,3,regular,2026-09-20T00:00:00.000Z,False,True,False,False,,3910.0,DKR-Texas Memorial Stadium,251,Texas,fbs,SEC,30.0,"[10, 10, 3, 7]",0.9641265273094177,1916.0,1935.0,2636,UTSA,fbs,American Athletic,6.0,"[3, 0, 3, 0]",0.035873472690582275,1525.0,1506.0,2.120834864199118,,,
401862776,2026,3,regular,2026-09-20T00:00:00.000Z,False,True,False,False,,3666.0,Cajun Field,309,Louisiana,fbs,Sun Belt,21.0,"[7, 14, 0, 0]",0.9404008984565735,1387.0,1397.0,5,UAB,fbs,American Athletic,14.0,"[0, 7, 0, 7]",0.059599101543426514,1403.0,1393.0,3.4527354029997275,,,
401907364,2026,3,regular,2026-09-20T00:00:00.000Z,False,True,False,True,,5890.0,Lewis Field Stadium,2231,Fort Hays,ii,Mid America,42.0,[],,,,90,Pittsburg State,ii,Mid America,17.0,[],,,,,,,
401907316,2026,3,regular,2026-09-20T00:00:00.000Z,False,True,False,True,,6123.0,Jackson Field,2834,Sul Ross State,ii,Lone Star,7.0,[],,,,110243,UT Permian Basin,ii,Lone Star,66.0,[],,,,,,,
401908808,2026,3,regular,2026-09-20T00:00:00.000Z,False,True,False,True,,5928.0,Macalester Stadium,2359,Macalester,iii,Minnesota,45.0,[],,,,2101,Carleton,iii,Minnesota,48.0,[],,,,,,,
401907285,2026,3,regular,2026-09-20T00:00:00.000Z,False,True,False,True,,6076.0,Javelina Stadium,2658,Texas A&M-Kingsville,ii,Lone Star,56.0,[],,,,2201,Eastern New Mexico,ii,Lone Star,22.0,[],,,,,,,
401906547,2026,3,regular,2026-09-20T00:00:00.000Z,False,True,False,True,,5885.0,First Security Stadium,2264,Harding,ii,Great American,52.0,[],,,,2568,Southern Arkansas,ii,Great American,21.0,[],,,,,,,
401908471,2026,3,regular,2026-09-20T00:00:00.000Z,False,True,False,True,,5829.0,Old National Bank Stadium,509,Crown,iii,Upper Midwest,13.0,[],,,,446,Martin Luther,iii,Upper Midwest,9.0,[],,,,,,,
401908797,2026,3,regular,2026-09-20T00:00:00.000Z,False,True,False,True,,5804.0,Royal Stadium,2802,Bethel (MN),iii,Minnesota,49.0,[],,,,2968,Gustavus Adolphus,iii,Minnesota,7.0,[],,,,,,,
401908430,2026,3,regular,2026-09-20T00:00:00.000Z,False,True,False,False,,6132.0,Trinity University Stadium,386,Trinity (TX),iii,Southern Athletic,24.0,[],,,,2486,Pacific Lutheran,iii,Northwest,6.0,[],,,,,,,
401907132,2026,3,regular,2026-09-20T00:00:00.000Z,False,True,False,True,,5882.0,Ralph Stocker Stadium,11,Colorado Mesa,ii,Rocky Mountain,17.0,[],,,,2714,Western Colorado,ii,Rocky Mountain,31.0,[],,,,,,,
401907330,2026,3,regular,2026-09-20T01:00:00.000Z,False,True,False,True,,5879.0,Tomlinson Stadium,2120,Central Washington,ii,Lone Star,45.0,[],,,,2848,Western Oregon,ii,Lone Star,36.0,[],,,,,,,
401908417,2026,3,regular,2026-09-20T02:00:00.000Z,False,True,False,False,,5819.0,Ernie Chapman Stadium,411,Chapman,iii,So. Cal.,24.0,[],,,,203,Linfield,iii,Northwest,21.0,[],,,,,,,
401908469,2026,3,regular,2026-09-20T02:00:00.000Z,False,True,False,True,,3684.0,Citrus Stadium,2049,Azusa Pacific,iii,So. Cal.,35.0,[],,,,2850,Whittier,iii,So. Cal.,17.0,[],,,,,,,
401868164,2026,3,regular,2026-09-20T02:00:00.000Z,False,True,False,False,,3602.0,Aggie Stadium,302,UC Davis,fcs,Big Sky,45.0,"[14, 14, 10, 7]",0.9852128624916077,,,56,Stetson,fcs,Pioneer,7.0,"[0, 0, 0, 7]",0.014787137508392334,,,2.3597259352432545,,,
401860887,2026,3,regular,2026-09-20T02:00:00.000Z,False,True,False,False,,7311.0,Snapdragon Stadium,21,San Diego State,fbs,Pac-12,13.0,"[0, 0, 7, 6]",0.009089328348636627,1469.0,1468.0,256,James Madison,fbs,Sun Belt,26.0,"[10, 9, 0, 7]",0.9909106716513634,1776.0,1777.0,4.566228542357562,,,
401860885,2026,3,regular,2026-09-20T02:00:00.000Z,False,True,False,False,,3653.0,Albertsons Stadium,68,Boise State,fbs,Pac-12,38.0,"[7, 14, 3, 14]",0.9551956653594971,1606.0,1606.0,233,South Dakota,fcs,MVFC,24.0,"[7, 7, 7, 3]",0.04480433464050293,,,5.709640287937467,,,
401908464,2026,3,regular,2026-09-20T02:05:00.000Z,False,True,False,False,,6106.0,Ted Runner Stadium,29,Redlands,iii,So. Cal.,14.0,"[0, 14, 0, 0]",,,,2721,Whitworth,iii,Northwest,33.0,"[3, 10, 6, 14]",,,,,,,
401864507,2026,3,regular,2026-09-20T02:30:00.000Z,False,True,False,False,,3757.0,Hornet Stadium,16,Sacramento State,fbs,Mid-American,10.0,"[0, 3, 0, 7]",0.11865776777267456,1324.0,1297.0,2449,North Dakota State,fbs,Mountain West,31.0,"[21, 7, 0, 3]",0.8813422322273254,1567.0,1594.0,4.201292419504139,,,
401856793,2026,3,regular,2026-09-20T02:30:00.000Z,False,True,False,False,,3619.0,Arizona Stadium,12,Arizona,fbs,Big 12,42.0,"[7, 21, 7, 7]",0.9791824221611023,1608.0,1634.0,2459,Northern Illinois,fbs,Mountain West,17.0,"[10, 0, 0, 7]",0.020817577838897705,1266.0,1240.0,3.8379336626917135,,,
401860886,2026,3,regular,2026-09-20T03:00:00.000Z,False,True,False,False,,3893.0,Reser Stadium,204,Oregon State,fbs,Pac-12,52.0,"[14, 21, 7, 10]",0.9868937730789185,1259.0,1259.0,149,Montana,fcs,Big Sky,17.0,"[0, 3, 7, 7]",0.013106226921081543,,,2.5196248513888295,,,
401858458,2026,3,regular,2026-09-20T03:00:00.000Z,False,True,False,True,,1056.0,Rose Bowl,26,UCLA,fbs,Big Ten,52.0,"[21, 3, 14, 14]",0.8728534579277039,1487.0,1502.0,2509,Purdue,fbs,Big Ten,38.0,"[7, 14, 10, 7]",0.12714654207229614,1326.0,1311.0,5.646131474311363,,,
401860888,2026,3,regular,2026-09-20T03:00:00.000Z,False,True,False,False,,3935.0,CEFCU Stadium,23,San José State,fbs,Mountain West,10.0,"[3, 0, 0, 7]",0.0,1413.0,1393.0,278,Fresno State,fbs,Pac-12,26.0,"[0, 6, 7, 13]",1.0,1591.0,1611.0,5.372592252759031,,,
401906938,2026,4,regular,2026-09-24T23:00:00.000Z,False,False,False,True,,4747.0,Abbott Memorial Alumni Stadium,2657,Tuskegee,ii,SIAC,,,,,,490,Benedict,ii,SIAC,,,,,,,,,
401869941,2026,4,regular,2026-09-24T23:30:00.000Z,False,True,False,False,,3654.0,Brooks Stadium (SC),324,Coastal Carolina,fbs,Sun Belt,17.0,"[3, 14, 0, 0]",0.003316778689622879,1267.0,1245.0,2335,Liberty,fbs,Conference USA,34.0,"[10, 0, 10, 14]",0.9966832213103771,1728.0,1750.0,5.786679905016679,,,
401862779,2026,4,regular,2026-09-25T20:00:00.000Z,False,False,False,True,,3806.0,Lincoln Financial Field,218,Temple,fbs,American Athletic,,,,1330.0,,349,Army,fbs,American Athletic,,,,1530.0,,,,,
401908625,2026,4,regular,2026-09-25T22:00:00.000Z,False,False,False,True,,5822.0,Cadet Memorial Field,2557,Coast Guard,iii,NEWMAC,,,,,,2749,WPI,iii,NEWMAC,,,,,,,,,
401858468,2026,4,regular,2026-09-25T23:00:00.000Z,False,False,False,False,,6577.0,SHI Stadium,164,Rutgers,fbs,Big Ten,,,,1373.0,1373.0,47,Howard,fcs,MEAC,,,,,,,,,
401862778,2026,4,regular,2026-09-25T23:00:00.000Z,False,False,False,True,,7221.0,Protective Stadium,5,UAB,fbs,American Athletic,,,,1393.0,,2426,Navy,fbs,American Athletic,,,,1513.0,,,,,
401867806,2026,4,regular,2026-09-25T23:00:00.000Z,False,False,False,True,,3656.0,Brown Stadium,225,Brown,fcs,Ivy,,,,,,108,Harvard,fcs,Ivy,,,,,,,,,
401858461,2026,4,regular,2026-09-26T00:00:00.000Z,False,False,False,True,,3830.0,"Memorial Stadium (Bloomington, IN)",84,Indiana,fbs,Big Ten,,,,2121.0,,77,Northwestern,fbs,Big Ten,,,,1625.0,,,,,
401858234,2026,4,regular,2026-09-26T02:30:00.000Z,False,False,False,True,,3831.0,California Memorial Stadium,25,California,fbs,ACC,,,,1350.0,,228,Clemson,fbs,ACC,,,,1560.0,,,,,
401908478,2026,4,regular,2026-09-26T15:00:00.000Z,False,False,False,True,,5929.0,Ritchie Field,274,Maine Maritime,iii,Commonwealth Coast,,,,,,40,Curry,iii,Commonwealth Coast,,,,,,,,,
401873405,2026,4,regular,2026-09-26T16:00:00.000Z,False,False,False,False,,6142.0,Westside Athletic Complex,2843,Western Connecticut State,iii,Landmark Conference,,,,,,2871,Kean,iii,New Jersey,,,,,,,,,
401907519,2026,4,regular,2026-09-26T16:00:00.000Z,False,False,False,True,,4436.0,Adamson Stadium,2858,California (PA),ii,Pennsylvania State Athletic,,,,,,215,Slippery Rock,ii,Pennsylvania State Athletic,,,,,,,,,
401906642,2026,4,regular,2026-09-26T16:00:00.000Z,False,False,False,True,,3729.0,"Frank ""Muddy"" Waters Stadium",2273,Hillsdale,ii,Great Midwest Athletic,,,,,,2646,Thomas More,ii,Great Midwest Athletic,,,,,,,,,
401906623,2026,4,regular,2026-09-26T16:00:00.000Z,False,False,False,True,,3718.0,Tom Benson Hall of Fame Stadium,2682,Walsh,ii,Great Midwest Athletic,,,,,,308,Ashland,ii,Great Midwest Athletic,,,,,,,,,
401906613,2026,4,regular,2026-09-26T16:00:00.000Z,False,False,False,False,,7082.0,Athletic Field Complex,122774,Keystone,iii,Independent DIII,,,,,,2745,Wisconsin Whitewater,iii,Wisconsin,,,,,,,,,
401868263,2026,4,regular,2026-09-26T16:00:00.000Z,False,False,False,True,,36.0,Leonidoff Field,2368,Marist,fcs,Pioneer,,,,,,2506,Presbyterian,fcs,Pioneer,,,,,,,,,
401858243,2026,4,regular,2026-09-26T16:00:00.000Z,False,False,False,True,,3873.0,L&N Federal Credit Union Stadium,97,Louisville,fbs,ACC,,,,1690.0,,154,Wake Forest,fbs,ACC,,,,1514.0,,,,,
401858236,2026,4,regular,2026-09-26T16:00:00.000Z,False,False,False,False,,3752.0,Acrisure Stadium,221,Pittsburgh,fbs,ACC,,,,1687.0,1687.0,2083,Bucknell,fcs,Patriot,,,,,,,,,
401856704,2026,4,regular,2026-09-26T16:00:00.000Z,False,False,False,True,,3853.0,Neyland Stadium,2633,Tennessee,fbs,SEC,,,,1771.0,,251,Texas,fbs,SEC,,,,1935.0,,,,,
401907529,2026,4,regular,2026-09-26T16:00:00.000Z,False,False,False,True,,4437.0,"Memorial Stadium (Clarion, PA)",2134,Clarion,ii,Pennsylvania State Athletic,,,,,,2205,Edinboro,ii,Pennsylvania State Athletic,,,,,,,,,
401908183,2026,4,regular,2026-09-26T16:00:00.000Z,False,False,False,True,,5833.0,Robert A. Lipinski Field at James Work Memorial Stadium,2808,Delaware Valley,iii,Mid Atlantic,,,,,,127954,Eastern,iii,Mid Atlantic,,,,,,,,,
401908485,2026,4,regular,2026-09-26T16:00:00.000Z,False,False,False,True,,3709.0,Hempstead Stadium,452,Endicott,iii,Commonwealth Coast,,,,,,2280,Husson,iii,Commonwealth Coast,,,,,,,,,
401908704,2026,4,regular,2026-09-26T16:00:00.000Z,False,False,False,False,,6124.0,Amos Alonzo Stagg Field (PA),216,Susquehanna,iii,Landmark Conference,,,,,,3112,Christopher Newport,iii,New Jersey,,,,,,,,,
401908716,2026,4,regular,2026-09-26T16:00:00.000Z,False,False,False,True,,6107.0,ECAV Stadium,2528,Rensselaer,iii,Liberty League,,,,,,174,Hobart,iii,Liberty League,,,,,,,,,
401866425,2026,4,regular,2026-09-26T16:00:00.000Z,False,False,False,True,,3696.0,Dix Stadium,2309,Kent State,fbs,Mid-American,,,,1007.0,,2050,Ball State,fbs,Mid-American,,,,1081.0,,,,,
401864512,2026,4,regular,2026-09-26T16:00:00.000Z,False,False,False,False,,3768.0,InfoCision Stadium,2006,Akron,fbs,Mid-American,,,,897.0,,2439,UNLV,fbs,Mountain West,,,,1480.0,,,,,
401860896,2026,4,regular,2026-09-26T16:00:00.000Z,False,False,False,False,,3604.0,Alamodome,2636,UTSA,fbs,American Athletic,,,,1506.0,,36,Colorado State,fbs,Pac-12,,,,1327.0,,,,,
401858465,2026,4,regular,2026-09-26T16:00:00.000Z,False,False,False,True,,3861.0,Ohio Stadium,194,Ohio State,fbs,Big Ten,,,,2032.0,,356,Illinois,fbs,Big Ten,,,,1589.0,,,,,
401858242,2026,4,regular,2026-09-26T16:00:00.000Z,False,False,False,True,,3615.0,"Alumni Stadium (Chestnut Hill, MA)",103,Boston College,fbs,ACC,,,,1380.0,,259,Virginia Tech,fbs,ACC,,,,1489.0,,,,,
401856813,2026,4,regular,2026-09-26T16:00:00.000Z,False,False,False,True,,4727.0,McLane Stadium,239,Baylor,fbs,Big 12,,,,1534.0,,38,Colorado,fbs,Big 12,,,,1330.0,,,,,
401856805,2026,4,regular,2026-09-26T16:00:00.000Z,False,False,False,False,,3784.0,Jones AT&T Stadium,2641,Texas Tech,fbs,Big 12,,,,1841.0,,2534,Sam Houston,fbs,Conference USA,,,,1161.0,,,,,
401907468,2026,4,regular,2026-09-26T16:00:00.000Z,False,False,False,True,,6096.0,Austin E. Knowlton Athletics Complex,391,Oberlin,iii,North Coast,,,,,,143,Washington St. Louis,iii,North Coast,,,,,,,,,
401870839,2026,4,regular,2026-09-26T16:00:00.000Z,False,False,False,False,,3623.0,Arthur J. Rooney Athletic Field,2184,Duquesne,fcs,NEC,,,,,,131239,University of Rio Grande,,,,,,,,,,,
401866642,2026,4,regular,2026-09-26T16:00:00.000Z,False,False,False,True,,3668.0,Campus Field,2529,Sacred Heart,fcs,Coastal Athletic,,,,,,160,New Hampshire,fcs,Coastal Athletic,,,,,,,,,
401860893,2026,4,regular,2026-09-26T16:00:00.000Z,False,False,False,False,,3739.0,Glass Bowl,2649,Toledo,fbs,Mid-American,,,,1561.0,,21,San Diego State,fbs,Pac-12,,,,1468.0,,,,,
401908165,2026,4,regular,2026-09-26T16:00:00.000Z,False,False,False,True,,5127.0,Gene L. Shirk Stadium,2015,Albright,iii,Mid Atlantic,,,,,,2969,Misericordia,iii,Mid Atlantic,,,,,,,,,
401908197,2026,4,regular,2026-09-26T16:00:00.000Z,False,False,False,True,,3851.0,Mustang Stadium,471,Stevenson,iii,Mid Atlantic,,,,,,2221,FDU Florham,iii,Mid Atlantic,,,,,,,,,
401907560,2026,4,regular,2026-09-26T16:00:00.000Z,False,False,False,True,,6066.0,Pace Stadium,2487,Pace,ii,Northeast 10,,,,,,2830,Saint Anselm,ii,Northeast 10,,,,,,,,,
401907570,2026,4,regular,2026-09-26T16:00:00.000Z,False,False,False,True,,4432.0,Andre Reed Stadium,2315,Kutztown,ii,Pennsylvania State Athletic,,,,,,2974,Shepherd,ii,Pennsylvania State Athletic,,,,,,,,,
401907748,2026,4,regular,2026-09-26T16:00:00.000Z,False,False,False,True,,7512.0,St. Francis High School,125974,Hilbert,iii,Empire 8,,,,,,184,Rochester (NY),iii,Liberty League,,,,,,,,,
401907865,2026,4,regular,2026-09-26T16:00:00.000Z,False,False,False,True,,5788.0,Merrill Field at Yunevich Stadium,365,Alfred,iii,Empire 8,,,,,,374,St. John Fisher,iii,Empire 8,,,,,,,,,
401907874,2026,4,regular,2026-09-26T16:00:00.000Z,False,False,False,True,,5636.0,Wright Stadium,173,Hartwick,iii,Empire 8,,,,,,2781,Brockport,iii,Empire 8,,,,,,,,,
401867818,2026,4,regular,2026-09-26T16:30:00.000Z,False,False,False,False,,3847.0,Cooper Field,46,Georgetown,fcs,Patriot,,,,,,171,Columbia,fcs,Ivy,,,,,,,,,
401868024,2026,4,regular,2026-09-26T16:30:00.000Z,False,False,False,True,,3721.0,Fisher Field,322,Lafayette,fcs,Patriot,,,,,,107,Holy Cross,fcs,Patriot,,,,,,,,,
401864576,2026,4,regular,2026-09-26T16:45:00.000Z,False,False,False,False,,3683.0,Kroger Field,96,Kentucky,fbs,SEC,,,,1506.0,,6,South Alabama,fbs,Sun Belt,,,,1393.0,,,,,
401908892,2026,4,regular,2026-09-26T17:00:00.000Z,False,False,False,True,,5997.0,Brooks Stadium (NY),2383,Merchant Marine,iii,NEWMAC,,,,,,2467,Norwich,iii,NEWMAC,,,,,,,,,
401866647,2026,4,regular,2026-09-26T17:00:00.000Z,False,False,False,False,,3826.0,Memorial Field,159,Dartmouth,fcs,Ivy,,,,,,2405,Monmouth,fcs,Coastal Athletic,,,,,,,,,
401868219,2026,4,regular,2026-09-26T17:00:00.000Z,False,False,False,True,,3897.0,Richardson Stadium,2166,Davidson,fcs,Pioneer,,,,,,2181,Drake,fcs,Pioneer,,,,,,,,,
401867858,2026,4,regular,2026-09-26T17:00:00.000Z,False,False,False,True,,3829.0,Memorial Stadium,282,Indiana State,fcs,MVFC,,,,,,155,North Dakota,fcs,MVFC,,,,,,,,,
401909028,2026,4,regular,2026-09-26T17:00:00.000Z,False,False,False,True,,5803.0,Bison Stadium,2062,Bethany (WV),iii,Presidents',,,,,,2242,Geneva,iii,Presidents',,,,,,,,,
401909041,2026,4,regular,2026-09-26T17:00:00.000Z,False,False,False,True,,3694.0,DeGol Field,2598,Saint Francis,iii,Presidents',,,,,,146,Grove City,iii,Presidents',,,,,,,,,
401909067,2026,4,regular,2026-09-26T17:00:00.000Z,False,False,False,True,,6140.0,John F. Wiley Stadium,2845,Waynesburg,iii,Presidents',,,,,,2849,Westminster (PA),iii,Presidents',,,,,,,,,
401909133,2026,4,regular,2026-09-26T17:00:00.000Z,False,False,False,True,,5906.0,McBride Field,352,Kenyon,iii,North Coast,,,,,,83,DePauw,iii,North Coast,,,,,,,,,
401908749,2026,4,regular,2026-09-26T17:00:00.000Z,False,False,False,True,,5795.0,Edor Nelson Field,124,Augsburg,iii,Minnesota,,,,,,2600,Saint John's (MN),iii,Minnesota,,,,,,,,,
401908825,2026,4,regular,2026-09-26T17:00:00.000Z,False,False,False,True,,5894.0,Steuben Field,348,Hamilton,iii,NESCAC,,,,,,7,Amherst,iii,NESCAC,,,,,,,,,
401908833,2026,4,regular,2026-09-26T17:00:00.000Z,False,False,False,True,,3733.0,Garcelon Field,121,Bates,iii,NESCAC,,,,,,2977,Trinity (CT),iii,NESCAC,,,,,,,,,
401908867,2026,4,regular,2026-09-26T17:00:00.000Z,False,False,False,True,,5806.0,Whittier Field,340,Bowdoin,iii,NESCAC,,,,,,2394,Middlebury,iii,NESCAC,,,,,,,,,
401908887,2026,4,regular,2026-09-26T17:00:00.000Z,False,False,False,True,,3889.0,Reinhart Field,2951,SUNY Maritime,iii,NEWMAC,,,,,,2776,Salve Regina,iii,NEWMAC,,,,,,,,,
401908898,2026,4,regular,2026-09-26T17:00:00.000Z,False,False,False,True,,5689.0,Seaverns Field At Harold Alfond Stadium,33,Colby,iii,NESCAC,,,,,,2731,Williams,iii,NESCAC,,,,,,,,,
401909015,2026,4,regular,2026-09-26T17:00:00.000Z,False,False,False,False,,5848.0,Hotchkiss Field,417,Gallaudet,iii,Southern Collegiate Athletic,,,,,,131109,Roanoke College,,,,,,,,,,,
401909021,2026,4,regular,2026-09-26T17:00:00.000Z,False,False,False,True,,3677.0,Chuck Noll Field,2614,Saint Vincent,iii,Presidents',,,,,,2018,Allegheny,iii,Presidents',,,,,,,,,
401907415,2026,4,regular,2026-09-26T17:00:00.000Z,False,False,False,True,,3663.0,Burke-Tarr Stadium,2105,Carson Newman,ii,South Atlantic,,,,,,2369,Mars Hill,ii,South Atlantic,,,,,,,,,
401867827,2026,4,regular,2026-09-26T17:00:00.000Z,False,False,False,True,,3921.0,Schoellkopf Field,172,Cornell,fcs,Ivy,,,,,,43,Yale,fcs,Ivy,,,,,,,,,
401866648,2026,4,regular,2026-09-26T17:00:00.000Z,False,False,False,False,,150.0,Jack Coffey Field,2230,Fordham,fcs,Patriot,,,,,,2619,Stony Brook,fcs,Coastal Athletic,,,,,,,,,
401872618,2026,4,regular,2026-09-26T17:00:00.000Z,False,False,False,False,,6048.0,Duane Stadium,2771,Merrimack,fcs,FCS Independents,,,,,,2441,New Haven,fcs,NEC,,,,,,,,,
401868034,2026,4,regular,2026-09-26T17:00:00.000Z,False,False,False,False,,3730.0,Franklin Field,219,Pennsylvania,fcs,Ivy,,,,,,2329,Lehigh,fcs,Patriot,,,,,,,,,
401866427,2026,4,regular,2026-09-26T17:00:00.000Z,False,False,False,False,,3912.0,Rynearson Stadium,2199,Eastern Michigan,fbs,Mid-American,,,,1182.0,1182.0,2815,Lindenwood,fcs,OVC,,,,,,,,,
401906052,2026,4,regular,2026-09-26T17:00:00.000Z,False,False,False,True,,3808.0,Lincoln University Stadium,2339,Lincoln (PA),ii,CIAA,,,,,,124180,Bluefield State,ii,CIAA,,,,,,,,,
401906119,2026,4,regular,2026-09-26T17:00:00.000Z,False,False,False,True,,5941.0,Roebuck Stadium,2207,Elizabeth City State,ii,CIAA,,,,,,2075,Bowie State,ii,CIAA,,,,,,,,,
401906140,2026,4,regular,2026-09-26T17:00:00.000Z,False,False,False,True,,3904.0,Rogers Stadium (VA),330,Virginia State,ii,CIAA,,,,,,2736,Winston-Salem State,ii,CIAA,,,,,,,,,
401906148,2026,4,regular,2026-09-26T17:00:00.000Z,False,False,False,True,,3813.0,"Luther ""Nick"" Jeralds Stadium",2220,Fayetteville State,ii,CIAA,,,,,,2676,Virginia Union,ii,CIAA,,,,,,,,,
401906164,2026,4,regular,2026-09-26T17:00:00.000Z,False,False,False,True,,6068.0,George Williams Athletic Complex,2551,Shaw,ii,CIAA,,,,,,2940,Livingstone,ii,CIAA,,,,,,,,,
401906196,2026,4,regular,2026-09-26T17:00:00.000Z,False,False,False,False,,6060.0,Grace P. Johnson Stadium,2882,UNC Pembroke,ii,Carolinas,,,,,,134001,Monroe,,,,,,,,,,,
401906634,2026,4,regular,2026-09-26T17:00:00.000Z,False,False,False,True,,5263.0,Steele Stadium,2316,Kentucky Wesleyan,ii,Great Midwest Athletic,,,,,,2838,Tiffin,ii,Great Midwest Athletic,,,,,,,,,
401906913,2026,4,regular,2026-09-26T17:00:00.000Z,False,False,False,True,,5867.0,Albany State University Coliseum,2013,Albany State,ii,SIAC,,,,,,2310,Kentucky State,ii,SIAC,,,,,,,,,
401906959,2026,4,regular,2026-09-26T17:00:00.000Z,False,False,False,True,,6056.0,B.T. Harvey Stadium,60,Morehouse,ii,SIAC,,,,,,2206,Edward Waters,ii,SIAC,,,,,,,,,
401907422,2026,4,regular,2026-09-26T17:00:00.000Z,False,False,False,True,,5840.0,Fred Selfe Stadium at Nicewonder Field,2213,Emory & Henry,ii,South Atlantic,,,,,,2444,Newberry,ii,South Atlantic,,,,,,,,,
401907477,2026,4,regular,2026-09-26T17:00:00.000Z,False,False,False,True,,5868.0,Ronald J. Abdow Field,2022,American International,ii,Northeast 10,,,,,,2038,Assumption,ii,Northeast 10,,,,,,,,,
401907554,2026,4,regular,2026-09-26T17:00:00.000Z,False,False,False,True,,4441.0,McConnell Family Stadium,367,Gannon,ii,Pennsylvania State Athletic,,,,,,209,Lock Haven,ii,Pennsylvania State Athletic,,,,,,,,,
401907579,2026,4,regular,2026-09-26T17:00:00.000Z,False,False,False,True,,7422.0,Municipal Stadium,126086,Post,ii,Northeast 10,,,,,,2583,Southern Connecticut State,ii,Northeast 10,,,,,,,,,
401907581,2026,4,regular,2026-09-26T17:00:00.000Z,False,False,False,True,,5121.0,University of Charleston Stadium,2128,Charleston (WV),ii,Mountain East,,,,,,2249,Glenville State,ii,Mountain East,,,,,,,,,
401907588,2026,4,regular,2026-09-26T17:00:00.000Z,False,False,False,True,,5886.0,West Family Stadium,2699,West Liberty,ii,Mountain East,,,,,,2148,Concord,ii,Mountain East,,,,,,,,,
401907597,2026,4,regular,2026-09-26T17:00:00.000Z,False,False,False,True,,5943.0,Duvall-Rosier Field,2986,Fairmont State,ii,Mountain East,,,,,,2707,West Virginia State,ii,Mountain East,,,,,,,,,
401907606,2026,4,regular,2026-09-26T17:00:00.000Z,False,False,False,True,,3642.0,Bobcat Stadium (MD),341,Frostburg State,ii,Mountain East,,,,,,455,West Virginia Wesleyan,ii,Mountain East,,,,,,,,,
401907646,2026,4,regular,2026-09-26T17:00:00.000Z,False,False,False,True,,3606.0,Scheels Field at Nemzek Stadium,2817,Minnesota St Moorhead,ii,Northern Sun,,,,,,134,Minnesota Duluth,ii,Northern Sun,,,,,,,,,
401907855,2026,4,regular,2026-09-26T17:00:00.000Z,False,False,False,True,,3877.0,Pioneer Stadium,3162,Alfred State,iii,Empire 8,,,,,,390,Utica,iii,Empire 8,,,,,,,,,
401907882,2026,4,regular,2026-09-26T17:00:00.000Z,False,False,False,True,,5125.0,Stadium Red Field,2782,SUNY Cortland,iii,Empire 8,,,,,,3110,SUNY Morrisville,iii,Empire 8,,,,,,,,,
401908096,2026,4,regular,2026-09-26T17:00:00.000Z,False,False,False,False,,3618.0,Apprentice Field,3111,Apprentice School,iii,Independent DIII,,,,,,291,Methodist,iii,USA South,,,,,,,,,
401908174,2026,4,regular,2026-09-26T17:00:00.000Z,False,False,False,True,,5791.0,Turf Field,111674,Alvernia,iii,Mid Atlantic,,,,,,388,Lebanon Valley,iii,Mid Atlantic,,,,,,,,,
401908203,2026,4,regular,2026-09-26T17:00:00.000Z,False,False,False,True,,5907.0,McCarthy Stadium (Wilkes Barre),247,King's,iii,Mid Atlantic,,,,,,2725,Widener,iii,Mid Atlantic,,,,,,,,,
401908520,2026,4,regular,2026-09-26T17:00:00.000Z,False,False,False,True,,6143.0,Golden Bear Stadium,2702,Western New England,iii,Commonwealth Coast,,,,,,111675,New England,iii,Commonwealth Coast,,,,,,,,,
401908599,2026,4,regular,2026-09-26T17:00:00.000Z,False,False,False,True,,5940.0,Clean Harbors Stadium,110,Mass Maritime,iii,MSCAC,,,,,,2972,Plymouth State,iii,MSCAC,,,,,,,,,
401908618,2026,4,regular,2026-09-26T17:00:00.000Z,False,False,False,True,,5898.0,John Coughlin Memorial Field,402,Worcester State,iii,MSCAC,,,,,,2909,Westfield State,iii,MSCAC,,,,,,,,,
401908632,2026,4,regular,2026-09-26T17:00:00.000Z,False,False,False,False,,6114.0,Sea Gull Stadium,2532,Salisbury,iii,New Jersey,,,,,,2108,Catholic,iii,Landmark Conference,,,,,,,,,
401908639,2026,4,regular,2026-09-26T17:00:00.000Z,False,False,False,False,,5902.0,Knox Stadium,246,Juniata,iii,Landmark Conference,,,,,,2442,The College of New Jersey,iii,New Jersey,,,,,,,,,
401908646,2026,4,regular,2026-09-26T17:00:00.000Z,False,False,False,False,,6112.0,Richard Wackar Stadium,2827,Rowan,iii,New Jersey,,,,,,2354,Lycoming,iii,Landmark Conference,,,,,,,,,
401908678,2026,4,regular,2026-09-26T17:00:00.000Z,False,False,False,True,,5863.0,Don Shula Stadium at Wasmer Field,2302,John Carroll,iii,Ohio,,,,,,2746,Wittenberg,iii,North Coast,,,,,,,,,
401908685,2026,4,regular,2026-09-26T17:00:00.000Z,False,False,False,True,,6134.0,Frank Bailey Field,237,Union,iii,Liberty League,,,,,,2085,Buffalo State,iii,Liberty League,,,,,,,,,
401908692,2026,4,regular,2026-09-26T17:00:00.000Z,False,False,False,True,,5862.0,Butterfield Stadium,175,Ithaca,iii,Liberty League,,,,,,2779,St. Lawrence,iii,Liberty League,,,,,,,,,
401908700,2026,4,regular,2026-09-26T17:00:00.000Z,False,False,False,False,,6150.0,Wightman Stadium,2970,William Paterson,iii,New Jersey,,,,,,323,Moravian,iii,Landmark Conference,,,,,,,,,
401908706,2026,4,regular,2026-09-26T17:00:00.000Z,False,False,False,True,,3755.0,Ray and Sue Smith Stadium,2812,Hope,iii,Michigan,,,,,,2790,Albion,iii,Michigan,,,,,,,,,
401868390,2026,4,regular,2026-09-26T17:30:00.000Z,False,False,False,True,,3737.0,Gibbs Stadium,2747,Wofford,fcs,Southern,,,,,,2635,Tennessee Tech,fcs,Southern,,,,,,,,,
401908844,2026,4,regular,2026-09-26T17:30:00.000Z,False,False,False,True,,6098.0,Dial-Roberson Stadium,427,Ohio Northern,iii,Ohio,,,,,,2733,Wilmington (OH),iii,Ohio,,,,,,,,,
401908922,2026,4,regular,2026-09-26T17:30:00.000Z,False,False,False,True,,6141.0,Corwin Stadium,336,Wesleyan (CT),iii,NESCAC,,,,,,112,Tufts,iii,NESCAC,,,,,,,,,
401858462,2026,4,regular,2026-09-26T17:30:00.000Z,False,False,False,True,,3665.0,SECU Stadium,120,Maryland,fbs,Big Ten,,,,1474.0,,26,UCLA,fbs,Big Ten,,,,1502.0,,,,,
401908494,2026,4,regular,2026-09-26T17:30:00.000Z,False,False,False,True,,5801.0,George Finnie Stadium,188,Baldwin Wallace,iii,Ohio,,,,,,424,Capital,iii,Ohio,,,,,,,,,
401906188,2026,4,regular,2026-09-26T17:30:00.000Z,False,False,False,True,,7076.0,J.W. Babb Stadium,101784,Erskine,ii,Carolinas,,,,,,2560,Shorter,ii,Carolinas,,,,,,,,,
401908672,2026,4,regular,2026-09-26T17:30:00.000Z,False,False,False,True,,5854.0,Hoernemann Stadium,191,Heidelberg,iii,Ohio,,,,,,332,Muskingum,iii,Ohio,,,,,,,,,
401868211,2026,4,regular,2026-09-26T18:00:00.000Z,False,False,False,True,,3655.0,Brown Field,2674,Valparaiso,fcs,Pioneer,,,,,,2086,Butler,fcs,Pioneer,,,,,,,,,
401868037,2026,4,regular,2026-09-26T18:00:00.000Z,False,False,False,False,,2068.0,E. Claiborne Robins Stadium,257,Richmond,fcs,Patriot,,,,,,231,Furman,fcs,Southern,,,,,,,,,
401868063,2026,4,regular,2026-09-26T18:00:00.000Z,False,False,False,False,,3742.0,Governors Stadium,2046,Austin Peay,fcs,UAC,,,,,,2630,UT Martin,fcs,OVC,,,,,,,,,
401907253,2026,4,regular,2026-09-26T18:00:00.000Z,False,False,False,False,,5881.0,CAU Panther Stadium,2805,Clark Atlanta,ii,SIAC,,,,,,2683,Warner,,,,,,,,,,,
401907717,2026,4,regular,2026-09-26T18:00:00.000Z,False,False,False,True,,6070.0,Bob Young Field,2894,Sioux Falls,ii,Northern Sun,,,,,,2364,Minnesota State,ii,Northern Sun,,,,,,,,,
401907693,2026,4,regular,2026-09-26T18:00:00.000Z,False,False,False,True,,11539.0,Charlotte & Gordon Hansen Stadium,2939,Jamestown,ii,Northern Sun,,,,,,3066,Concordia St. Paul,ii,Northern Sun,,,,,,,,,
401907668,2026,4,regular,2026-09-26T18:00:00.000Z,False,False,False,True,,5908.0,Harley Knosher Bowl,255,Knox,iii,Midwest,,,,,,80,Chicago,iii,Midwest,,,,,,,,,
401907654,2026,4,regular,2026-09-26T18:00:00.000Z,False,False,False,True,,4427.0,John A. Farrell Stadium,223,West Chester,ii,Pennsylvania State Athletic,,,,,,210,Millersville,ii,Pennsylvania State Athletic,,,,,,,,,
401907496,2026,4,regular,2026-09-26T18:00:00.000Z,False,False,False,True,,4435.0,Robert B. Redman Stadium,2071,Bloomsburg,ii,Pennsylvania State Athletic,,,,,,2559,Shippensburg,ii,Pennsylvania State Athletic,,,,,,,,,
401908791,2026,4,regular,2026-09-26T18:00:00.000Z,False,False,False,True,,6101.0,"Memorial Stadium (Westerville, OH)",359,Otterbein,iii,Ohio,,,,,,317,Marietta,iii,Ohio,,,,,,,,,
401908540,2026,4,regular,2026-09-26T18:00:00.000Z,False,False,False,True,,,,131108,New England College,,,,,,,,2884,Nichols,iii,Commonwealth Coast,,,,,,,,,
401909125,2026,4,regular,2026-09-26T18:00:00.000Z,False,False,False,True,,6121.0,Donald J. Schneider Stadium,2832,St. Norbert,iii,NACC,,,,,,2741,Wisconsin Lutheran,iii,NACC,,,,,,,,,
401864511,2026,4,regular,2026-09-26T18:00:00.000Z,False,False,False,False,,4246.0,Center Parc Stadium,2247,Georgia State,fbs,Sun Belt,,,,1274.0,,2459,Northern Illinois,fbs,Mountain West,,,,1240.0,,,,,
401907382,2026,4,regular,2026-09-26T18:00:00.000Z,False,False,False,True,,6057.0,Ron & Carol Cope Stadium at Foster Field,2438,Nebraska Kearney,ii,Mid America,,,,,,2687,Washburn,ii,Mid America,,,,,,,,,
401907338,2026,4,regular,2026-09-26T18:00:00.000Z,False,False,False,True,,6054.0,Fred G. Hughes Stadium,2403,Missouri Southern State,ii,Mid America,,,,,,2118,Central Missouri,ii,Mid America,,,,,,,,,
401906882,2026,4,regular,2026-09-26T18:00:00.000Z,False,False,False,False,,3723.0,QU Stadium,2825,Quincy,ii,Great Lakes,,,,,,131,Wayne State (MI),ii,GLIAC,,,,,,,,,
401906678,2026,4,regular,2026-09-26T18:00:00.000Z,False,False,False,True,,3698.0,Donnell Stadium,2224,Findlay,ii,Great Midwest Athletic,,,,,,2886,Northwood,ii,Great Midwest Athletic,,,,,,,,,
401906202,2026,4,regular,2026-09-26T18:00:00.000Z,False,False,False,True,,5843.0,W.B. Adams Stadium,366,Ferrum,ii,Carolinas,,,,,,2822,North Greenville,ii,Carolinas,,,,,,,,,
401907396,2026,4,regular,2026-09-26T18:00:00.000Z,False,False,False,True,,10461.0,Spero Financial Field,129469,Anderson (SC),ii,South Atlantic,,,,,,2331,Lenoir Rhyne,ii,South Atlantic,,,,,,,,,
401909146,2026,4,regular,2026-09-26T18:00:00.000Z,False,False,False,True,,5123.0,Little Giant Stadium,89,Wabash,iii,North Coast,,,,,,2748,Wooster,iii,North Coast,,,,,,,,,
401907834,2026,4,regular,2026-09-26T18:00:00.000Z,False,False,False,True,,5859.0,Tucci Stadium,306,Illinois Wesleyan,iii,CCIW,,,,,,396,Wheaton (IL),iii,CCIW,,,,,,,,,
401908104,2026,4,regular,2026-09-26T18:00:00.000Z,False,False,False,True,,6108.0,Crain Field,2519,Rhodes,iii,Southern Athletic,,,,,,2373,Maryville (TN),iii,USA South,,,,,,,,,
401908236,2026,4,regular,2026-09-26T18:00:00.000Z,False,False,False,False,,5836.0,Chalmers Field,49,Dubuque,iii,American Rivers,,,,,,241,McMurry,iii,American Southwest,,,,,,,,,
401908548,2026,4,regular,2026-09-26T18:00:00.000Z,False,False,False,True,,5798.0,Jerry E. Apple Stadium,2045,Austin,iii,Southern Collegiate Athletic,,,,,,418,Hendrix,iii,Southern Athletic,,,,,,,,,
401908652,2026,4,regular,2026-09-26T18:00:00.000Z,False,False,False,True,,5790.0,Bahlke Field,2800,Alma,iii,Michigan,,,,,,2003,Adrian,iii,Michigan,,,,,,,,,
401908726,2026,4,regular,2026-09-26T18:00:00.000Z,False,False,False,True,,5923.0,Legacy Field in Carlson Stadium,67,Luther,iii,Midwest,,,,,,2155,Cornell (IA),iii,Midwest,,,,,,,,,
401908733,2026,4,regular,2026-09-26T18:00:00.000Z,False,False,False,True,,5861.0,Rosenbloom Field,65,Grinnell,iii,Midwest,,,,,,266,Beloit,iii,Midwest,,,,,,,,,
401908278,2026,4,regular,2026-09-26T18:00:00.000Z,False,False,False,False,,5838.0,Ornelas Stadium,2194,East Texas Baptist,iii,American Southwest,,,,,,2639,Texas Lutheran,iii,Southern Collegiate Athletic,,,,,,,,,
401908778,2026,4,regular,2026-09-26T18:00:00.000Z,False,False,False,True,,5858.0,England Stadium,2286,Illinois College,iii,Midwest,,,,,,262,Lake Forest,iii,Midwest,,,,,,,,,
401908768,2026,4,regular,2026-09-26T18:00:00.000Z,False,False,False,True,,6084.0,April Zorn Memorial Stadium,2919,Monmouth (IL),iii,Midwest,,,,,,2891,Ripon,iii,Midwest,,,,,,,,,
401908818,2026,4,regular,2026-09-26T18:00:00.000Z,False,False,False,True,,5893.0,Hollingsworth Field,2968,Gustavus Adolphus,iii,Minnesota,,,,,,2152,Concordia (MN),iii,Minnesota,,,,,,,,,
401908809,2026,4,regular,2026-09-26T18:00:00.000Z,False,False,False,True,,5813.0,Klein Field at Manitou,133,St. Olaf,iii,Minnesota,,,,,,2101,Carleton,iii,Minnesota,,,,,,,,,
401866643,2026,4,regular,2026-09-26T18:00:00.000Z,False,False,False,True,,3894.0,Rhodes Stadium,2210,Elon,fcs,Coastal Athletic,,,,,,311,Maine,fcs,Coastal Athletic,,,,,,,,,
401858467,2026,4,regular,2026-09-26T18:00:00.000Z,False,False,False,False,,3907.0,Ross-Ade Stadium,2509,Purdue,fbs,Big Ten,,,,1311.0,,87,Notre Dame,fbs,FBS Independents,,,,2061.0,,,,,
401868338,2026,4,regular,2026-09-26T18:00:00.000Z,False,False,False,True,,3782.0,Johnson Hagood Stadium,2643,The Citadel,fcs,Southern,,,,,,236,Chattanooga,fcs,Southern,,,,,,,,,
401868281,2026,4,regular,2026-09-26T18:00:00.000Z,False,False,False,True,,5116.0,O'Shaughnessy Stadium,2900,St. Thomas (MN),fcs,Pioneer,,,,,,301,San Diego,fcs,Pioneer,,,,,,,,,
401867885,2026,4,regular,2026-09-26T18:00:00.000Z,False,False,False,True,,844.0,Stambaugh Stadium,2754,Youngstown State,fcs,MVFC,,,,,,233,South Dakota,fcs,MVFC,,,,,,,,,
401868001,2026,4,regular,2026-09-26T18:30:00.000Z,False,False,False,True,,717.0,Villanova Stadium,222,Villanova,fcs,Patriot,,,,,,2142,Colgate,fcs,Patriot,,,,,,,,,
401909128,2026,4,regular,2026-09-26T18:30:00.000Z,False,False,False,True,,5834.0,Deeds Field-Piper Stadium,2171,Denison,iii,North Coast,,,,,,2980,Ohio Wesleyan,iii,North Coast,,,,,,,,,
401864510,2026,4,regular,2026-09-26T19:00:00.000Z,False,False,False,True,,3984.0,War Memorial Stadium,2751,Wyoming,fbs,Mountain West,,,,1268.0,,62,Hawai'i,fbs,Mountain West,,,,1432.0,,,,,
401866646,2026,4,regular,2026-09-26T19:00:00.000Z,False,False,False,False,,3881.0,Princeton University Stadium,163,Princeton,fcs,Ivy,,,,,,399,UAlbany,fcs,Coastal Athletic,,,,,,,,,
401873396,2026,4,regular,2026-09-26T19:00:00.000Z,False,False,False,True,,6110.0,Sam Greeley Field,2524,Rockford,iii,NACC,,,,,,2044,Aurora,iii,NACC,,,,,,,,,
401907010,2026,4,regular,2026-09-26T19:00:00.000Z,False,False,False,False,,3960.0,Top Taggart Field,2222,Ferris State,ii,GLIAC,,,,,,3077,Kentucky Christian,,,,,,,,,,,
401858237,2026,4,regular,2026-09-26T19:00:00.000Z,False,False,False,False,,3697.0,Doak Campbell Stadium,52,Florida State,fbs,ACC,,,,1544.0,1544.0,2110,Central Arkansas,fcs,UAC,,,,,,,,,
401908956,2026,4,regular,2026-09-26T19:00:00.000Z,False,False,False,True,,6119.0,Stagg Field,81,Springfield,iii,NEWMAC,,,,,,109,MIT,iii,NEWMAC,,,,,,,,,
401909048,2026,4,regular,2026-09-26T19:00:00.000Z,False,False,False,True,,6128.0,Alumni Stadium (PA),2644,Thiel,iii,Presidents',,,,,,2274,Hiram,iii,Presidents',,,,,,,,,
401908581,2026,4,regular,2026-09-26T19:00:00.000Z,False,False,False,True,,5808.0,Edward C. Swenson Athletic Complex,18,Bridgewater State,iii,MSCAC,,,,,,2967,Framingham State,iii,MSCAC,,,,,,,,,
401907782,2026,4,regular,2026-09-26T19:00:00.000Z,False,False,False,True,,5839.0,Langhorst Field,72,Elmhurst,iii,CCIW,,,,,,2042,Augustana (IL),iii,CCIW,,,,,,,,,
401907637,2026,4,regular,2026-09-26T19:00:00.000Z,False,False,False,True,,5874.0,Chet Anderson Stadium,132,Bemidji State,ii,Northern Sun,,,,,,568,Minot State,ii,Northern Sun,,,,,,,,,
401907207,2026,4,regular,2026-09-26T19:00:00.000Z,False,False,False,True,,6045.0,Dwight T. Reed Stadium,2876,Lincoln (MO),ii,Great Lakes,,,,,,389,Upper Iowa,ii,Great Lakes,,,,,,,,,
401907157,2026,4,regular,2026-09-26T19:00:00.000Z,False,False,False,True,,3860.0,O'Harra Stadium,613,South Dakota Mines,ii,Rocky Mountain,,,,,,2424,New Mexico Highlands,ii,Rocky Mountain,,,,,,,,,
401907124,2026,4,regular,2026-09-26T19:00:00.000Z,False,False,False,True,,5880.0,Elliott Field at Don Beebe Stadium,2123,Chadron State,ii,Rocky Mountain,,,,,,2146,Colorado School of Mines,ii,Rocky Mountain,,,,,,,,,
401907113,2026,4,regular,2026-09-26T19:00:00.000Z,False,False,False,True,,5877.0,Lyle Hare Stadium,2069,Black Hills State,ii,Rocky Mountain,,,,,,2237,Fort Lewis,ii,Rocky Mountain,,,,,,,,,
401906576,2026,4,regular,2026-09-26T19:00:00.000Z,False,False,False,True,,3875.0,Paul Laird Field,199,Southeastern Oklahoma State,ii,Great American,,,,,,200,Southern Nazarene,ii,Great American,,,,,,,,,
401868387,2026,4,regular,2026-09-26T19:30:00.000Z,False,False,False,True,,3925.0,Seibert Stadium,2535,Samford,fcs,Southern,,,,,,2678,VMI,fcs,Southern,,,,,,,,,
401868188,2026,4,regular,2026-09-26T19:30:00.000Z,False,False,False,False,,3775.0,Joan C. Edwards Stadium,276,Marshall,fbs,Sun Belt,,,,1397.0,1397.0,2241,Gardner-Webb,fcs,OVC,,,,,,,,,
401866428,2026,4,regular,2026-09-26T19:30:00.000Z,False,False,False,False,,3876.0,Peden Stadium,195,Ohio,fbs,Mid-American,,,,1318.0,1318.0,284,Stonehill,fcs,NEC,,,,,,,,,
401858463,2026,4,regular,2026-09-26T19:30:00.000Z,False,False,False,True,,3558.0,Michigan Stadium,130,Michigan,fbs,Big Ten,,,,1735.0,,2294,Iowa,fbs,Big Ten,,,,1845.0,,,,,
401861970,2026,4,regular,2026-09-26T19:30:00.000Z,False,False,False,False,,3996.0,Yager Stadium,193,Miami (OH),fbs,Mid-American,,,,1263.0,,41,UConn,fbs,FBS Independents,,,,1474.0,,,,,
401864579,2026,4,regular,2026-09-26T19:30:00.000Z,False,False,False,False,,3601.0,Aggie Memorial Stadium,166,New Mexico State,fbs,Conference USA,,,,1261.0,,167,New Mexico,fbs,Mountain West,,,,1559.0,,,,,
401866426,2026,4,regular,2026-09-26T19:30:00.000Z,False,False,False,False,,3965.0,UB Stadium,2084,Buffalo,fbs,Mid-American,,,,1262.0,1262.0,2523,Robert Morris,fcs,NEC,,,,,,,,,
401856816,2026,4,regular,2026-09-26T19:30:00.000Z,False,False,False,True,,3772.0,Jack Trice Stadium,66,Iowa State,fbs,Big 12,,,,1683.0,,254,Utah,fbs,Big 12,,,,1907.0,,,,,
401856815,2026,4,regular,2026-09-26T19:30:00.000Z,False,False,False,True,,3652.0,FBC Mortgage Stadium,2116,UCF,fbs,Big 12,,,,1481.0,,2628,TCU,fbs,Big 12,,,,1629.0,,,,,
401907700,2026,4,regular,2026-09-26T19:30:00.000Z,False,False,False,True,,3951.0,Swisher Field,425,Northern State,ii,Northern Sun,,,,,,559,University of Mary,ii,Northern Sun,,,,,,,,,
401860897,2026,4,regular,2026-09-26T19:30:00.000Z,False,False,False,False,,3980.0,Waldo Stadium,2711,Western Michigan,fbs,Mid-American,,,,1519.0,,68,Boise State,fbs,Pac-12,,,,1609.0,,,,,
401858244,2026,4,regular,2026-09-26T19:30:00.000Z,False,False,False,False,,3982.0,Wallace Wade Stadium,150,Duke,fbs,ACC,,,,1667.0,1667.0,2729,William & Mary,fcs,Patriot,,,,,,,,,
401868346,2026,4,regular,2026-09-26T19:30:00.000Z,False,False,False,True,,5400.0,William B. Greene Jr. Stadium,2193,East Tennessee State,fcs,Southern,,,,,,2717,Western Carolina,fcs,Southern,,,,,,,,,
401856700,2026,4,regular,2026-09-26T19:30:00.000Z,False,False,False,True,,3917.0,Sanford Stadium,61,Georgia,fbs,SEC,,,,1972.0,,201,Oklahoma,fbs,SEC,,,,1782.0,,,,,
401856699,2026,4,regular,2026-09-26T19:30:00.000Z,False,False,False,True,,3634.0,Ben Hill Griffin Stadium,57,Florida,fbs,SEC,,,,1668.0,,145,Ole Miss,fbs,SEC,,,,1859.0,,,,,
401866644,2026,4,regular,2026-09-26T20:00:00.000Z,False,False,False,True,,3603.0,Aggie Stadium,2448,North Carolina A&T,fcs,Coastal Athletic,,,,,,227,Rhode Island,fcs,Coastal Athletic,,,,,,,,,
401862781,2026,4,regular,2026-09-26T20:00:00.000Z,False,False,False,False,,3699.0,Dowdy-Ficklen Stadium,151,East Carolina,fbs,American Athletic,,,,1462.0,1462.0,2428,North Carolina Central,fcs,MEAC,,,,,,,,,
401856806,2026,4,regular,2026-09-26T20:00:00.000Z,False,False,False,False,,3608.0,Allen E. Paulson Stadium,290,Georgia Southern,fbs,Sun Belt,,,,1358.0,,248,Houston,fbs,Big 12,,,,1518.0,,,,,
401909115,2026,4,regular,2026-09-26T20:00:00.000Z,False,False,False,True,,5918.0,Taylor Field,6353,Lakeland,iii,NACC,,,,,,409,Concordia (WI),iii,NACC,,,,,,,,,
401908740,2026,4,regular,2026-09-26T20:00:00.000Z,False,False,False,True,,10463.0,Grand Rapids Christian High School,129738,Calvin,iii,Michigan,,,,,,354,Olivet,iii,Michigan,,,,,,,,,
401908252,2026,4,regular,2026-09-26T20:00:00.000Z,False,False,False,False,,3635.0,Bill Buxton Stadium,2564,Simpson (IA),iii,American Rivers,,,,,,2758,Howard Payne,iii,American Southwest,,,,,,,,,
401907565,2026,4,regular,2026-09-26T20:00:00.000Z,False,False,False,True,,4433.0,George P. Miller Stadium,2291,IU Pennsylvania,ii,Pennsylvania State Athletic,,,,,,611,Seton Hill,ii,Pennsylvania State Athletic,,,,,,,,,
401907286,2026,4,regular,2026-09-26T20:00:00.000Z,False,False,False,True,,5938.0,Al Whitehead Field at Greyhound Stadium,2201,Eastern New Mexico,ii,Lone Star,,,,,,110243,UT Permian Basin,ii,Lone Star,,,,,,,,,
401907213,2026,4,regular,2026-09-26T20:00:00.000Z,False,False,False,True,,3990.0,William H. Greene Stadium,2911,William Jewell,ii,Great Lakes,,,,,,2816,McKendree,ii,Great Lakes,,,,,,,,,
401907133,2026,4,regular,2026-09-26T20:00:00.000Z,False,False,False,True,,4852.0,Neta and Eddie DeRose ThunderBowl,2570,CSU Pueblo,ii,Rocky Mountain,,,,,,11,Colorado Mesa,ii,Rocky Mountain,,,,,,,,,
401906171,2026,4,regular,2026-09-26T20:00:00.000Z,False,False,False,False,,7075.0,Electric Supply Company Field,122666,Barton,ii,Carolinas,,,,,,2695,West Alabama,ii,Gulf South,,,,,,,,,
401868206,2026,4,regular,2026-09-26T20:00:00.000Z,False,False,False,False,,4133.0,Braly Municipal Stadium,2453,North Alabama,fcs,UAC,,,,,,2710,Western Illinois,fcs,OVC,,,,,,,,,
401868358,2026,4,regular,2026-09-26T20:00:00.000Z,False,False,False,True,,3771.0,Jack Spinks Stadium,2016,Alcorn State,fcs,SWAC,,,,,,2640,Texas Southern,fcs,SWAC,,,,,,,,,
401869143,2026,4,regular,2026-09-26T20:00:00.000Z,False,False,False,True,,3779.0,Manning Field at John L. Guidry Stadium,2447,Nicholls,fcs,Southland,,,,,,2320,Lamar,fcs,Southland,,,,,,,,,
401907277,2026,4,regular,2026-09-26T20:05:00.000Z,False,False,False,True,,5783.0,McArthur Field,2848,Western Oregon,ii,Lone Star,,,,,,2025,Angelo State,ii,Lone Star,,,,,,,,,
401856698,2026,4,regular,2026-09-26T20:15:00.000Z,False,False,False,True,,3785.0,Jordan-Hare Stadium,2,Auburn,fbs,SEC,,,,1668.0,,238,Vanderbilt,fbs,SEC,,,,1742.0,,,,,
401858466,2026,4,regular,2026-09-26T21:00:00.000Z,False,False,False,True,,3632.0,Beaver Stadium,213,Penn State,fbs,Big Ten,,,,1933.0,,275,Wisconsin,fbs,Big Ten,,,,1580.0,,,,,
401862785,2026,4,regular,2026-09-26T21:00:00.000Z,False,False,False,False,,3700.0,Doyt L. Perry Stadium,189,Bowling Green,fbs,Mid-American,,,,1132.0,,58,South Florida,fbs,American Athletic,,,,1676.0,,,,,
401906951,2026,4,regular,2026-09-26T21:00:00.000Z,False,False,False,True,,6044.0,Lane Field,2323,Lane College,ii,SIAC,,,,,,2119,Central State,ii,SIAC,,,,,,,,,
401867847,2026,4,regular,2026-09-26T21:00:00.000Z,False,False,False,True,,3967.0,UNI-Dome,2460,Northern Iowa,fcs,MVFC,,,,,,2287,Illinois State,fcs,MVFC,,,,,,,,,
401858464,2026,4,regular,2026-09-26T21:00:00.000Z,False,False,False,True,,3936.0,Spartan Stadium,127,Michigan State,fbs,Big Ten,,,,1537.0,,158,Nebraska,fbs,Big Ten,,,,1705.0,,,,,
401868243,2026,4,regular,2026-09-26T22:00:00.000Z,False,False,False,False,,5888.0,University Stadium (GA),2698,West Georgia,fcs,UAC,,,,,,2232,Fort Valley State,ii,SIAC,,,,,,,,,
401906651,2026,4,regular,2026-09-26T22:00:00.000Z,False,False,False,True,,3769.0,Jack Britt Memorial Stadium,437,Lake Erie,ii,Great Midwest Athletic,,,,,,2477,Ohio Dominican,ii,Great Midwest Athletic,,,,,,,,,
401858239,2026,4,regular,2026-09-26T22:00:00.000Z,False,False,False,False,,3923.0,Scott Stadium,258,Virginia,fbs,ACC,,,,1612.0,,48,Delaware,fbs,Conference USA,,,,1414.0,,,,,
401867909,2026,4,regular,2026-09-26T22:00:00.000Z,False,False,False,False,,2031.0,Pitbull Stadium,2229,Florida International,fbs,Conference USA,,,,1397.0,1397.0,2341,Long Island University,fcs,NEC,,,,,,,,,
401866645,2026,4,regular,2026-09-26T22:00:00.000Z,False,False,False,True,,3620.0,Armstrong Stadium,2261,Hampton,fcs,Coastal Athletic,,,,,,2097,Campbell,fcs,Coastal Athletic,,,,,,,,,
401860892,2026,4,regular,2026-09-26T22:00:00.000Z,False,False,False,False,,3644.0,Bobcat Stadium (TX),326,Texas State,fbs,Pac-12,,,,1475.0,1475.0,2916,Incarnate Word,fcs,Southland,,,,,,,,,
401907197,2026,4,regular,2026-09-26T22:00:00.000Z,False,False,False,True,,6040.0,Key Stadium,2292,Indianapolis,ii,Great Lakes,,,,,,2654,Truman State,ii,Great Lakes,,,,,,,,,
401869961,2026,4,regular,2026-09-26T22:00:00.000Z,False,False,False,True,,3918.0,S.B. Ballard Stadium,295,Old Dominion,fbs,Sun Belt,,,,1295.0,,256,James Madison,fbs,Sun Belt,,,,1777.0,,,,,
401907335,2026,4,regular,2026-09-26T22:00:00.000Z,False,False,False,True,,3952.0,Ted Wright Stadium,2542,Savannah State,ii,SIAC,,,,,,2396,Miles,ii,SIAC,,,,,,,,,
401907406,2026,4,regular,2026-09-26T22:00:00.000Z,False,False,False,True,,6078.0,Pioneer Field (TN),2839,Tusculum,ii,South Atlantic,,,,,,2107,Catawba,ii,South Atlantic,,,,,,,,,
401907463,2026,4,regular,2026-09-26T22:00:00.000Z,False,False,False,True,,5781.0,Irwin Belk Stadium,351,Wingate,ii,South Atlantic,,,,,,2842,UVA Wise,ii,South Atlantic,,,,,,,,,
401907506,2026,4,regular,2026-09-26T22:00:00.000Z,False,False,False,True,,6211.0,Sodexo Field,112334,Franklin Pierce,ii,Northeast 10,,,,,,2060,Bentley,ii,Northeast 10,,,,,,,,,
401907725,2026,4,regular,2026-09-26T22:00:00.000Z,False,False,False,True,,6072.0,Schwan Regional Event Center,2587,Southwest Minnesota State,ii,Northern Sun,,,,,,2844,Wayne State (NE),ii,Northern Sun,,,,,,,,,
401908378,2026,4,regular,2026-09-26T22:00:00.000Z,False,False,False,False,,5892.0,Armfield Athletic Center,2258,Guilford,iii,Old Dominion,,,,,,2913,Brevard,iii,USA South,,,,,,,,,
401908806,2026,4,regular,2026-09-26T22:00:00.000Z,False,False,False,True,,5904.0,Angell Field,126,Kalamazoo,iii,Michigan,,,,,,2651,Trine,iii,Michigan,,,,,,,,,
401868327,2026,4,regular,2026-09-26T22:00:00.000Z,False,False,False,True,,4582.0,Hornet Stadium,2011,Alabama State,fcs,SWAC,,,,,,2400,Mississippi Valley State,fcs,SWAC,,,,,,,,,
401868308,2026,4,regular,2026-09-26T22:00:00.000Z,False,False,False,False,,3756.0,Homer Bryce Stadium,2617,Stephen F. Austin,fcs,Southland,,,,,,196,Northeastern State,ii,Independent DII,,,,,,,,,
401866649,2026,4,regular,2026-09-26T22:00:00.000Z,False,False,False,False,,3613.0,Alumni Stadium,2169,Delaware State,fcs,MEAC,,,,,,119,Towson,fcs,Coastal Athletic,,,,,,,,,
401907539,2026,4,regular,2026-09-26T22:30:00.000Z,False,False,False,True,,4439.0,Eiler-Martin Stadium,2188,East Stroudsburg,ii,Pennsylvania State Athletic,,,,,,132714,Lackawanna,,,,,,,,,,,
401858238,2026,4,regular,2026-09-26T22:30:00.000Z,False,False,False,False,,3948.0,Hard Rock Stadium,2390,Miami,fbs,ACC,,,,1895.0,,2117,Central Michigan,fbs,Mid-American,,,,1291.0,,,,,
401862780,2026,4,regular,2026-09-26T22:30:00.000Z,False,False,False,False,,4418.0,Jerry Richardson Stadium,2429,Charlotte,fbs,American Athletic,,,,1169.0,,309,Louisiana,fbs,Sun Belt,,,,1397.0,,,,,
401906518,2026,4,regular,2026-09-26T23:00:00.000Z,False,False,False,True,,5871.0,Convoy Leslie Cotton Boll Stadium,2028,Arkansas Monticello,ii,Great American,,,,,,2033,Arkansas Tech,ii,Great American,,,,,,,,,
401856881,2026,4,regular,2026-09-26T23:00:00.000Z,False,False,False,True,,3842.0,Milan Puskar Stadium,277,West Virginia,fbs,Big 12,,,,1408.0,,197,Oklahoma State,fbs,Big 12,,,,1274.0,,,,,
401867687,2026,4,regular,2026-09-26T23:00:00.000Z,False,False,False,False,,3453.0,SeatGeek Stadium,2130,Chicago State,fcs,FCS Independents,,,,,,2450,Norfolk State,fcs,MEAC,,,,,,,,,
401868076,2026,4,regular,2026-09-26T23:00:00.000Z,False,False,False,True,,3906.0,Roos Field,331,Eastern Washington,fcs,Big Sky,,,,,,13,Cal Poly,fcs,Big Sky,,,,,,,,,
401906555,2026,4,regular,2026-09-26T23:00:00.000Z,False,False,False,True,,5891.0,Wilkins Stadium,2568,Southern Arkansas,ii,Great American,,,,,,2271,Henderson State,ii,Great American,,,,,,,,,
401906567,2026,4,regular,2026-09-26T23:00:00.000Z,False,False,False,True,,6064.0,Crain Family Stadium,319,Oklahoma Baptist,ii,Great American,,,,,,2927,Southwestern Oklahoma State,ii,Great American,,,,,,,,,
401868179,2026,4,regular,2026-09-26T23:00:00.000Z,False,False,False,False,,5237.0,Dana J. Dykhouse Stadium,2571,South Dakota State,fcs,MVFC,,,,,,2197,Eastern Illinois,fcs,OVC,,,,,,,,,
401856696,2026,4,regular,2026-09-26T23:00:00.000Z,False,False,False,True,,3657.0,Bryant-Denny Stadium,333,Alabama,fbs,SEC,,,,1863.0,,2579,South Carolina,fbs,SEC,,,,1721.0,,,,,
401868954,2026,4,regular,2026-09-26T23:00:00.000Z,False,False,True,True,,499.0,Cotton Bowl,2755,Grambling,fcs,SWAC,,,,,,2504,Prairie View A&M,fcs,SWAC,,,,,,,,State Fair Classic,
401907222,2026,4,regular,2026-09-26T23:00:00.000Z,False,False,False,True,,3609.0,Allgood-Bailey Stadium,2402,Missouri S&T,ii,Great Lakes,,,,,,2586,Southwest Baptist,ii,Great Lakes,,,,,,,,,
401907707,2026,4,regular,2026-09-26T23:00:00.000Z,False,False,False,True,,5780.0,Altra Federal Credit Union Stadium,2851,Winona State,ii,Northern Sun,,,,,,2043,Augustana (SD),ii,Northern Sun,,,,,,,,,
401871472,2026,4,regular,2026-09-26T23:00:00.000Z,False,False,False,False,,7003.0,Houck Field,2546,Southeast Missouri State,fcs,OVC,,,,,,110242,West Florida,fcs,UAC,,,,,,,,,
401907738,2026,4,regular,2026-09-26T23:00:00.000Z,False,False,False,True,,3671.0,Case Field,2963,Case Western Reserve,iii,Presidents',,,,,,2686,Washington & Jefferson,iii,Presidents',,,,,,,,,
401871048,2026,4,regular,2026-09-26T23:00:00.000Z,False,False,False,True,,3662.0,AmFirst Stadium,55,Jacksonville State,fbs,Conference USA,,,,1427.0,,2393,Middle Tennessee,fbs,Conference USA,,,,1298.0,,,,,
401856814,2026,4,regular,2026-09-26T23:00:00.000Z,False,False,False,True,,3854.0,Nippert Stadium,2132,Cincinnati,fbs,Big 12,,,,1512.0,,2306,Kansas State,fbs,Big 12,,,,1692.0,,,,,
401907792,2026,4,regular,2026-09-26T23:00:00.000Z,False,False,False,True,,5815.0,Schneider Stadium,32,Carroll (WI),iii,CCIW,,,,,,2106,Carthage,iii,CCIW,,,,,,,,,
401869137,2026,4,regular,2026-09-26T23:00:00.000Z,False,False,False,True,,3686.0,Cowboy Stadium,2377,McNeese,fcs,Southland,,,,,,2837,East Texas A&M,fcs,Southland,,,,,,,,,
401906538,2026,4,regular,2026-09-26T23:00:00.000Z,False,False,False,True,,5936.0,Koi Ishto Stadium,2191,East Central,ii,Great American,,,,,,2823,Northwestern (OK),ii,Great American,,,,,,,,,
401867868,2026,4,regular,2026-09-26T23:00:00.000Z,False,False,False,True,,3909.0,Roy Stewart Stadium,93,Murray State,fcs,MVFC,,,,,,79,Southern Illinois,fcs,MVFC,,,,,,,,,
401862784,2026,4,regular,2026-09-26T23:00:00.000Z,False,False,False,False,,4729.0,Yulman Stadium,2655,Tulane,fbs,American Athletic,,,,1520.0,,2572,Southern Miss,fbs,Sun Belt,,,,1224.0,,,,,
401869931,2026,4,regular,2026-09-26T23:00:00.000Z,False,False,False,False,,3625.0,Centennial Bank Stadium,2032,Arkansas State,fbs,Sun Belt,,,,1319.0,,338,Kennesaw State,fbs,Conference USA,,,,1285.0,,,,,
401870745,2026,4,regular,2026-09-26T23:00:00.000Z,False,False,False,False,,3796.0,Houchens Industries-L.T. Smith Stadium,98,Western Kentucky,fbs,Conference USA,,,,1202.0,1202.0,2385,Mercyhurst,fcs,NEC,,,,,,,,,
401867985,2026,4,regular,2026-09-26T23:00:00.000Z,False,False,False,False,,3850.0,Municipal Stadium,2065,Bethune-Cookman,fcs,SWAC,,,,,,2569,South Carolina State,fcs,MEAC,,,,,,,,,
401908328,2026,4,regular,2026-09-26T23:00:00.000Z,False,False,False,False,,10465.0,Mayo Field,101442,Centenary (LA),iii,Southern Collegiate Athletic,,,,,,102549,Schreiner,,,,,,,,,,,
401908932,2026,4,regular,2026-09-26T23:00:00.000Z,False,False,False,False,,3920.0,Schmidt Stadium,398,Wilkes,iii,Landmark Conference,,,,,,2818,Montclair State,iii,New Jersey,,,,,,,,,
401908380,2026,4,regular,2026-09-26T23:00:00.000Z,False,False,False,False,,5818.0,Farris Stadium,2121,Centre,iii,Southern Athletic,,,,,,2079,Bridgewater,iii,Old Dominion,,,,,,,,,
401868960,2026,4,regular,2026-09-26T23:00:00.000Z,False,False,False,True,,3976.0,Mississippi Veterans Memorial Stadium,2296,Jackson State,fcs,SWAC,,,,,,2582,Southern,fcs,SWAC,,,,,,,,Boombox Classic,
401868318,2026,4,regular,2026-09-26T23:00:00.000Z,False,False,False,True,,3963.0,Harry Turpin Stadium,2466,Northwestern State,fcs,Southland,,,,,,2545,SE Louisiana,fcs,Southland,,,,,,,,,
401868299,2026,4,regular,2026-09-26T23:00:00.000Z,False,False,False,True,,3650.0,Bragg Memorial Stadium,50,Florida A&M,fcs,SWAC,,,,,,2010,Alabama A&M,fcs,SWAC,,,,,,,,,
401908875,2026,4,regular,2026-09-26T23:00:00.000Z,False,False,False,True,,6284.0,Village of Lisle-Benedictine University Sports Complex,2283,Benedictine (IL),iii,NACC,,,,,,101,Eureka,iii,NACC,,,,,,,,,
401907841,2026,4,regular,2026-09-26T23:00:00.000Z,False,False,False,True,,6080.0,Frank M. Lindsay Field,74,Millikin,iii,CCIW,,,,,,75,North Park,iii,CCIW,,,,,,,,,
401858469,2026,4,regular,2026-09-26T23:30:00.000Z,False,False,False,True,,477.0,Los Angeles Memorial Coliseum,30,USC,fbs,Big Ten,,,,1817.0,,2483,Oregon,fbs,Big Ten,,,,1811.0,,,,,
401856804,2026,4,regular,2026-09-26T23:30:00.000Z,False,False,False,False,,3820.0,Gesa Field,265,Washington State,fbs,Pac-12,,,,1533.0,,12,Arizona,fbs,Big 12,,,,1634.0,,,,,
401860894,2026,4,regular,2026-09-26T23:30:00.000Z,False,False,False,False,,3905.0,Maverik Stadium,328,Utah State,fbs,Pac-12,,,,1348.0,,2653,Troy,fbs,Sun Belt,,,,1421.0,,,,,
401862783,2026,4,regular,2026-09-26T23:30:00.000Z,False,False,False,False,,3825.0,DATCU Stadium,249,North Texas,fbs,American Athletic,,,,1662.0,1662.0,2277,Houston Christian,fcs,Southland,,,,,,,,,
401856702,2026,4,regular,2026-09-26T23:30:00.000Z,False,False,False,True,,3958.0,Tiger Stadium (LA),99,LSU,fbs,SEC,,,,1786.0,,245,Texas A&M,fbs,SEC,,,,1824.0,,,,,
401864572,2026,4,regular,2026-09-26T23:30:00.000Z,False,False,False,False,,3670.0,Carter-Finley Stadium,152,NC State,fbs,ACC,,,,1510.0,,2026,App State,fbs,Sun Belt,,,,1324.0,,,,,
401856703,2026,4,regular,2026-09-26T23:45:00.000Z,False,False,False,True,,3693.0,Davis Wade Stadium,344,Mississippi State,fbs,SEC,,,,1663.0,,142,Missouri,fbs,SEC,,,,1690.0,,,,,
401907365,2026,4,regular,2026-09-27T00:00:00.000Z,False,False,False,True,,6055.0,Craig Field at Spratt Memorial Stadium,137,Missouri Western,ii,Mid America,,,,,,2231,Fort Hays,ii,Mid America,,,,,,,,,
401906548,2026,4,regular,2026-09-27T00:00:00.000Z,False,False,False,True,,6065.0,Cliff Harris Stadium,2888,Ouachita Baptist,ii,Great American,,,,,,2264,Harding,ii,Great American,,,,,,,,,
401907103,2026,4,regular,2026-09-27T00:00:00.000Z,False,False,False,True,,5782.0,Mountaineer Bowl,2714,Western Colorado,ii,Rocky Mountain,,,,,,2001,Adams State,ii,Rocky Mountain,,,,,,,,,
401907299,2026,4,regular,2026-09-27T00:00:00.000Z,False,False,False,True,,5884.0,Buffalo Stadium,2704,West Texas,ii,Lone Star,,,,,,2395,Midwestern State,ii,Lone Star,,,,,,,,,
401907309,2026,4,regular,2026-09-27T00:00:00.000Z,False,False,False,True,,3633.0,Ben Altamirano Field,2703,Western New Mexico,ii,Lone Star,,,,,,2658,Texas A&M-Kingsville,ii,Lone Star,,,,,,,,,
401907348,2026,4,regular,2026-09-27T00:00:00.000Z,False,False,False,True,,5878.0,Wantland Stadium,2122,Central Oklahoma,ii,Mid America,,,,,,138,Northwest Missouri State,ii,Mid America,,,,,,,,,
401908529,2026,4,regular,2026-09-27T00:00:00.000Z,False,False,False,False,,6145.0,Blue Jay Stadium,433,Westminster (MO),iii,Upper Midwest,,,,,,101161,Lyon,iii,Southern Collegiate Athletic,,,,,,,,,
401908798,2026,4,regular,2026-09-27T00:00:00.000Z,False,False,False,True,,5804.0,Royal Stadium,2802,Bethel (MN),iii,Minnesota,,,,,,162,Hamline,iii,Minnesota,,,,,,,,,
401908903,2026,4,regular,2026-09-27T00:00:00.000Z,False,False,False,True,,5928.0,Macalester Stadium,2359,Macalester,iii,Minnesota,,,,,,375,St. Scholastica,iii,Minnesota,,,,,,,,,
401862782,2026,4,regular,2026-09-27T00:00:00.000Z,False,False,False,False,,3817.0,Malone Stadium,2433,UL Monroe,fbs,Sun Belt,,,,1079.0,,2226,Florida Atlantic,fbs,American Athletic,,,,1243.0,,,,,
401868155,2026,4,regular,2026-09-27T00:00:00.000Z,False,False,False,True,,3942.0,Stewart Stadium,2692,Weber State,fcs,Big Sky,,,,,,2502,Portland State,fcs,Big Sky,,,,,,,,,
401856697,2026,4,regular,2026-09-27T00:00:00.000Z,False,False,False,False,,3887.0,Razorback Stadium,8,Arkansas,fbs,SEC,,,,1466.0,,202,Tulsa,fbs,American Athletic,,,,1271.0,,,,,
401868131,2026,4,regular,2026-09-27T00:00:00.000Z,False,False,False,True,,3856.0,Nottingham Field,2458,Northern Colorado,fcs,Big Sky,,,,,,3101,Utah Tech,fcs,Big Sky,,,,,,,,,
401868052,2026,4,regular,2026-09-27T00:00:00.000Z,False,False,False,False,,5440.0,Wildcat Stadium (TX),2000,Abilene Christian,fcs,UAC,,,,,,2382,Mercer,fcs,Southern,,,,,,,,,
401868103,2026,4,regular,2026-09-27T00:00:00.000Z,False,False,False,True,,3706.0,Eccles Coliseum,253,Southern Utah,fcs,Big Sky,,,,,,304,Idaho State,fcs,Big Sky,,,,,,,,,
401860895,2026,4,regular,2026-09-27T01:00:00.000Z,False,False,False,False,,3946.0,Sun Bowl,2638,UTEP,fbs,Mountain West,,,,1130.0,,204,Oregon State,fbs,Pac-12,,,,1285.0,,,,,
401858241,2026,4,regular,2026-09-27T01:00:00.000Z,False,False,False,False,,3735.0,Gerald J. Ford Stadium,2567,SMU,fbs,ACC,,,,1706.0,,2623,Missouri State,fbs,Conference USA,,,,1281.0,,,,,
401866429,2026,4,regular,2026-09-27T01:00:00.000Z,False,False,False,True,,3757.0,Hornet Stadium,16,Sacramento State,fbs,Mid-American,,,,1297.0,,113,Massachusetts,fbs,Mid-American,,,,1076.0,,,,,
401907331,2026,4,regular,2026-09-27T01:00:00.000Z,False,False,False,True,,5879.0,Tomlinson Stadium,2120,Central Washington,ii,Lone Star,,,,,,2834,Sul Ross State,ii,Lone Star,,,,,,,,,
401908449,2026,4,regular,2026-09-27T02:00:00.000Z,False,False,False,True,,6103.0,Merritt Field,2923,Pomona Pitzer,iii,So. Cal.,,,,,,17,Claremont Mudd Scripps,iii,So. Cal.,,,,,,,,,
401860891,2026,4,regular,2026-09-27T02:00:00.000Z,False,False,False,False,,3660.0,Valley Children's Stadium,278,Fresno State,fbs,Pac-12,,,,1611.0,,242,Rice,fbs,American Athletic,,,,1162.0,,,,,
401908442,2026,4,regular,2026-09-27T02:00:00.000Z,False,False,False,True,,5819.0,Ernie Chapman Stadium,411,Chapman,iii,So. Cal.,,,,,,2318,La Verne,iii,So. Cal.,,,,,,,,,
401868113,2026,4,regular,2026-09-27T02:00:00.000Z,False,False,False,True,,3602.0,Aggie Stadium,302,UC Davis,fcs,Big Sky,,,,,,149,Montana,fcs,Big Sky,,,,,,,,,
401908435,2026,4,regular,2026-09-27T02:05:00.000Z,False,False,False,True,,5811.0,William Rolland Stadium,2094,Cal Lutheran,iii,So. Cal.,,,,,,29,Redlands,iii,So. Cal.,,,,,,,,,
401864509,2026,4,regular,2026-09-27T02:30:00.000Z,False,False,False,True,,3816.0,Mackay Stadium,2440,Nevada,fbs,Mountain West,,,,1441.0,,2005,Air Force,fbs,Mountain West,,,,1423.0,,,,,
401858240,2026,4,regular,2026-09-27T02:30:00.000Z,False,False,False,True,,3940.0,Stanford Stadium,24,Stanford,fbs,ACC,,,,1311.0,,59,Georgia Tech,fbs,ACC,,,,1515.0,,,,,
401868120,2026,4,regular,2026-09-27T02:30:00.000Z,False,False,False,True,,3643.0,Bobcat Stadium,147,Montana State,fcs,Big Sky,,,,,,2464,Northern Arizona,fcs,Big Sky,,,,,,,,,
401858470,2026,4,regular,2026-09-27T03:00:00.000Z,False,False,False,True,,3765.0,Husky Stadium,264,Washington,fbs,Big Ten,,,,1757.0,,135,Minnesota,fbs,Big Ten,,,,1484.0,,,,,
401871049,2026,5,regular,2026-10-02T00:00:00.000Z,False,False,False,True,,3601.0,Aggie Memorial Stadium,166,New Mexico State,fbs,Conference USA,,,,1261.0,,98,Western Kentucky,fbs,Conference USA,,,,1242.0,,,,,
401862786,2026,5,regular,2026-10-02T01:00:00.000Z,False,False,False,True,,3674.0,Chapman Stadium,202,Tulsa,fbs,American Athletic,,,,1271.0,,249,North Texas,fbs,American Athletic,,,,1646.0,,,,,
401908333,2026,5,regular,2026-10-02T22:00:00.000Z,False,False,False,True,,5835.0,Biddle Field,2175,Dickinson,iii,Centennial,,,,,,118,Johns Hopkins,iii,Centennial,,,,,,,,,
401871050,2026,5,regular,2026-10-02T23:00:00.000Z,False,False,False,True,,3695.0,Delaware Stadium,48,Delaware,fbs,Conference USA,,,,1414.0,,2335,Liberty,fbs,Conference USA,,,,1750.0,,,,,
401908367,2026,5,regular,2026-10-02T23:00:00.000Z,False,False,False,True,,6136.0,Patterson Field,2667,Ursinus,iii,Centennial,,,,,,2422,Muhlenberg,iii,Centennial,,,,,,,,,
401908686,2026,5,regular,2026-10-02T23:00:00.000Z,False,False,False,True,,6113.0,Leckonby Stadium,2779,St. Lawrence,iii,Liberty League,,,,,,237,Union,iii,Liberty League,,,,,,,,,
401858245,2026,5,regular,2026-10-02T23:00:00.000Z,False,False,False,True,,3799.0,Lane Stadium,259,Virginia Tech,fbs,ACC,,,,1489.0,,221,Pittsburgh,fbs,ACC,,,,1675.0,,,,,
401858476,2026,5,regular,2026-10-03T00:00:00.000Z,False,False,False,True,,11823.0,Ryan Field,77,Northwestern,fbs,Big Ten,,,,1625.0,,213,Penn State,fbs,Big Ten,,,,1933.0,,,,,
401868094,2026,5,regular,2026-10-03T02:30:00.000Z,False,False,False,True,,3791.0,Kibbie Dome,70,Idaho,fcs,Big Sky,,,,,,147,Montana State,fcs,Big Sky,,,,,,,,,
401858250,2026,5,regular,2026-10-03T04:00:00.000Z,True,False,False,False,,3787.0,Kenan Stadium,153,North Carolina,fbs,ACC,,,,1396.0,,87,Notre Dame,fbs,FBS Independents,,,,2061.0,,,,,
401858249,2026,5,regular,2026-10-03T04:00:00.000Z,True,False,False,True,,3836.0,"Memorial Stadium (Clemson, SC)",228,Clemson,fbs,ACC,,,,1560.0,,2390,Miami,fbs,ACC,,,,1895.0,,,,,
401856707,2026,5,regular,2026-10-03T04:00:00.000Z,True,False,False,True,,3693.0,Davis Wade Stadium,344,Mississippi State,fbs,SEC,,,,1663.0,,333,Alabama,fbs,SEC,,,,1863.0,,,,EARLY: Noon - 1pm ET start,
401856705,2026,5,regular,2026-10-03T04:00:00.000Z,True,False,False,True,,3917.0,Sanford Stadium,61,Georgia,fbs,SEC,,,,1972.0,,238,Vanderbilt,fbs,SEC,,,,1742.0,,,,EARLY: Noon - 1pm ET start,
401908626,2026,5,regular,2026-10-03T16:00:00.000Z,False,False,False,True,,5899.0,"Alumni Stadium (Worcester, MA)",2749,WPI,iii,NEWMAC,,,,,,2467,Norwich,iii,NEWMAC,,,,,,,,,
401908640,2026,5,regular,2026-10-03T16:00:00.000Z,False,False,False,True,,5902.0,Knox Stadium,246,Juniata,iii,Landmark Conference,,,,,,398,Wilkes,iii,Landmark Conference,,,,,,,,,
401908893,2026,5,regular,2026-10-03T16:00:00.000Z,False,False,False,True,,5926.0,Henry G. Steinbrenner '27 Stadium,109,MIT,iii,NEWMAC,,,,,,2383,Merchant Marine,iii,NEWMAC,,,,,,,,,
401908960,2026,5,regular,2026-10-03T16:00:00.000Z,False,False,False,True,,6115.0,Toppa Field,2776,Salve Regina,iii,NEWMAC,,,,,,81,Springfield,iii,NEWMAC,,,,,,,,,
401907478,2026,5,regular,2026-10-03T16:00:00.000Z,False,False,False,True,,5868.0,Ronald J. Abdow Field,2022,American International,ii,Northeast 10,,,,,,112334,Franklin Pierce,ii,Northeast 10,,,,,,,,,
401858246,2026,5,regular,2026-10-03T16:00:00.000Z,False,False,False,True,,3735.0,Gerald J. Ford Stadium,2567,SMU,fbs,ACC,,,,1706.0,,103,Boston College,fbs,ACC,,,,1380.0,,,,,
401856819,2026,5,regular,2026-10-03T16:00:00.000Z,False,False,False,True,,4728.0,TDECU Stadium,248,Houston,fbs,Big 12,,,,1518.0,,2116,UCF,fbs,Big 12,,,,1481.0,,,,,
401856807,2026,5,regular,2026-10-03T16:00:00.000Z,False,False,False,False,,3833.0,Memorial Stadium,2305,Kansas,fbs,Big 12,,,,1481.0,,2393,Middle Tennessee,fbs,Conference USA,,,,1298.0,,,,,
401858252,2026,5,regular,2026-10-03T16:00:00.000Z,False,False,False,False,,3892.0,Pratt & Whitney Stadium,41,UConn,fbs,FBS Independents,,,,1474.0,,183,Syracuse,fbs,ACC,,,,1290.0,,,,,
401858474,2026,5,regular,2026-10-03T16:00:00.000Z,False,False,False,True,,3953.0,Huntington Bank Stadium,135,Minnesota,fbs,Big Ten,,,,1484.0,,130,Michigan,fbs,Big Ten,,,,1735.0,,,,,
401906679,2026,5,regular,2026-10-03T16:00:00.000Z,False,False,False,True,,3747.0,Hantz Stadium,2886,Northwood,ii,Great Midwest Athletic,,,,,,2316,Kentucky Wesleyan,ii,Great Midwest Athletic,,,,,,,,,
401906652,2026,5,regular,2026-10-03T16:00:00.000Z,False,False,False,True,,3870.0,Panther Stadium (OH),2477,Ohio Dominican,ii,Great Midwest Athletic,,,,,,2224,Findlay,ii,Great Midwest Athletic,,,,,,,,,
401867899,2026,5,regular,2026-10-03T16:00:00.000Z,False,False,False,True,,3624.0,Arute Field,2115,Central Connecticut,fcs,NEC,,,,,,2681,Wagner,fcs,NEC,,,,,,,,,
401867910,2026,5,regular,2026-10-03T16:00:00.000Z,False,False,False,True,,11553.0,Shark Stadium,2341,Long Island University,fcs,NEC,,,,,,2385,Mercyhurst,fcs,NEC,,,,,,,,,
401870840,2026,5,regular,2026-10-03T16:00:00.000Z,False,False,False,False,,3997.0,Yale Bowl,43,Yale,fcs,Ivy,,,,,,2771,Merrimack,fcs,FCS Independents,,,,,,,,,
401866654,2026,5,regular,2026-10-03T16:00:00.000Z,False,False,False,False,,11488.0,Centreville Bank Stadium,227,Rhode Island,fcs,Coastal Athletic,,,,,,225,Brown,fcs,Ivy,,,,,,,,,
401867819,2026,5,regular,2026-10-03T16:00:00.000Z,False,False,False,True,,3802.0,Lawrence A. Wien Stadium,171,Columbia,fcs,Ivy,,,,,,163,Princeton,fcs,Ivy,,,,,,,,,
401907856,2026,5,regular,2026-10-03T16:00:00.000Z,False,False,False,True,,6087.0,Drake Field (NY),3110,SUNY Morrisville,iii,Empire 8,,,,,,3162,Alfred State,iii,Empire 8,,,,,,,,,
401907866,2026,5,regular,2026-10-03T16:00:00.000Z,False,False,False,True,,5636.0,Wright Stadium,173,Hartwick,iii,Empire 8,,,,,,365,Alfred,iii,Empire 8,,,,,,,,,
401908071,2026,5,regular,2026-10-03T16:00:00.000Z,False,False,False,True,,6107.0,ECAV Stadium,2528,Rensselaer,iii,Liberty League,,,,,,125974,Hilbert,iii,Empire 8,,,,,,,,,
401908079,2026,5,regular,2026-10-03T16:00:00.000Z,False,False,False,True,,12023.0,Stallings Field,286,North Carolina Wesleyan,iii,USA South,,,,,,548,LaGrange,iii,USA South,,,,,,,,,
401908209,2026,5,regular,2026-10-03T16:00:00.000Z,False,False,False,True,,5805.0,Alumni Field (OH),2074,Bluffton,iii,Heartland,,,,,,2023,Anderson (IN),iii,Heartland,,,,,,,,,
401908479,2026,5,regular,2026-10-03T16:00:00.000Z,False,False,False,True,,5830.0,Walter M. Katz Field,40,Curry,iii,Commonwealth Coast,,,,,,131108,New England College,,,,,,,,,,,
401908486,2026,5,regular,2026-10-03T16:00:00.000Z,False,False,False,True,,6135.0,Blue Storm Stadium,111675,New England,iii,Commonwealth Coast,,,,,,452,Endicott,iii,Commonwealth Coast,,,,,,,,,
401908570,2026,5,regular,2026-10-03T16:00:00.000Z,False,False,False,True,,3819.0,Bowditch Field,2967,Framingham State,iii,MSCAC,,,,,,114,Fitchburg State,iii,MSCAC,,,,,,,,,
401908600,2026,5,regular,2026-10-03T16:00:00.000Z,False,False,False,True,,5940.0,Clean Harbors Stadium,110,Mass Maritime,iii,MSCAC,,,,,,379,UMass Dartmouth,iii,MSCAC,,,,,,,,,
401907675,2026,5,regular,2026-10-03T16:00:00.000Z,False,False,False,True,,5133.0,Ram Stadium (WV),2974,Shepherd,ii,Pennsylvania State Athletic,,,,,,210,Millersville,ii,Pennsylvania State Athletic,,,,,,,,,
401907487,2026,5,regular,2026-10-03T16:00:00.000Z,False,False,False,True,,3848.0,Multi-Sport Stadium,2038,Assumption,ii,Northeast 10,,,,,,2060,Bentley,ii,Northeast 10,,,,,,,,,
401862791,2026,5,regular,2026-10-03T16:00:00.000Z,False,False,False,False,,3713.0,Falcon Stadium,2005,Air Force,fbs,Mountain West,,,,1423.0,,2426,Navy,fbs,American Athletic,,,,1513.0,,,,,
401858251,2026,5,regular,2026-10-03T16:00:00.000Z,False,False,False,True,,3630.0,Allegacy Federal Credit Union Stadium,154,Wake Forest,fbs,ACC,,,,1514.0,,24,Stanford,fbs,ACC,,,,1311.0,,,,,
401856822,2026,5,regular,2026-10-03T16:00:00.000Z,False,False,False,True,,3772.0,Jack Trice Stadium,66,Iowa State,fbs,Big 12,,,,1683.0,,277,West Virginia,fbs,Big 12,,,,1408.0,,,,,
401868010,2026,5,regular,2026-10-03T16:00:00.000Z,False,False,False,True,,3741.0,Goodman Stadium,2329,Lehigh,fcs,Patriot,,,,,,2230,Fordham,fcs,Patriot,,,,,,,,,
401868029,2026,5,regular,2026-10-03T16:30:00.000Z,False,False,False,True,,3721.0,Fisher Field,322,Lafayette,fcs,Patriot,,,,,,257,Richmond,fcs,Patriot,,,,,,,,,
401867828,2026,5,regular,2026-10-03T16:30:00.000Z,False,False,False,False,,3847.0,Cooper Field,46,Georgetown,fcs,Patriot,,,,,,172,Cornell,fcs,Ivy,,,,,,,,,
401858479,2026,5,regular,2026-10-03T16:30:00.000Z,False,False,False,True,,347.0,Camp Randall Stadium,275,Wisconsin,fbs,Big Ten,,,,1580.0,,127,Michigan State,fbs,Big Ten,,,,1537.0,,,,,
401908588,2026,5,regular,2026-10-03T16:30:00.000Z,False,False,False,True,,3690.0,Charles L. Currier Memorial Field,2972,Plymouth State,iii,MSCAC,,,,,,110438,Dean,iii,MSCAC,,,,,,,,,
401909000,2026,5,regular,2026-10-03T17:00:00.000Z,False,False,False,True,,5892.0,Armfield Athletic Center,2258,Guilford,iii,Old Dominion,,,,,,131109,Roanoke College,,,,,,,,,,,
401873231,2026,5,regular,2026-10-03T17:00:00.000Z,False,False,False,True,,6104.0,Baker Stadium,2508,Puget Sound,iii,Northwest,,,,,,2333,Lewis & Clark,iii,Northwest,,,,,,,,,
401866432,2026,5,regular,2026-10-03T17:00:00.000Z,False,False,False,True,,3965.0,UB Stadium,2084,Buffalo,fbs,Mid-American,,,,1288.0,,2711,Western Michigan,fbs,Mid-American,,,,1519.0,,,,,
401906053,2026,5,regular,2026-10-03T17:00:00.000Z,False,False,False,True,,6221.0,Mitchell Stadium,124180,Bluefield State,ii,CIAA,,,,,,2304,Johnson C. Smith,ii,CIAA,,,,,,,,,
401906120,2026,5,regular,2026-10-03T17:00:00.000Z,False,False,False,True,,5873.0,Bulldogs Stadium,2075,Bowie State,ii,CIAA,,,,,,2551,Shaw,ii,CIAA,,,,,,,,,
401906128,2026,5,regular,2026-10-03T17:00:00.000Z,False,False,False,True,,6032.0,Hovey Field,2676,Virginia Union,ii,CIAA,,,,,,2207,Elizabeth City State,ii,CIAA,,,,,,,,,
401906135,2026,5,regular,2026-10-03T17:00:00.000Z,False,False,False,True,,3808.0,Lincoln University Stadium,2339,Lincoln (PA),ii,CIAA,,,,,,330,Virginia State,ii,CIAA,,,,,,,,,
401906197,2026,5,regular,2026-10-03T17:00:00.000Z,False,False,False,True,,6060.0,Grace P. Johnson Stadium,2882,UNC Pembroke,ii,Carolinas,,,,,,2822,North Greenville,ii,Carolinas,,,,,,,,,
401906635,2026,5,regular,2026-10-03T17:00:00.000Z,False,False,False,True,,3770.0,Jack Miller Stadium,308,Ashland,ii,Great Midwest Athletic,,,,,,2838,Tiffin,ii,Great Midwest Athletic,,,,,,,,,
401906684,2026,5,regular,2026-10-03T17:00:00.000Z,False,False,False,True,,3769.0,Jack Britt Memorial Stadium,437,Lake Erie,ii,Great Midwest Athletic,,,,,,2273,Hillsdale,ii,Great Midwest Athletic,,,,,,,,,
401906945,2026,5,regular,2026-10-03T17:00:00.000Z,False,False,False,True,,3950.0,Superior Dome,128,Northern Michigan,ii,GLIAC,,,,,,2222,Ferris State,ii,GLIAC,,,,,,,,,
401906952,2026,5,regular,2026-10-03T17:00:00.000Z,False,False,False,True,,4749.0,McPherson Memorial Stadium,2119,Central State,ii,SIAC,,,,,,2232,Fort Valley State,ii,SIAC,,,,,,,,,
401907397,2026,5,regular,2026-10-03T17:00:00.000Z,False,False,False,True,,10461.0,Spero Financial Field,129469,Anderson (SC),ii,South Atlantic,,,,,,2213,Emory & Henry,ii,South Atlantic,,,,,,,,,
401907497,2026,5,regular,2026-10-03T17:00:00.000Z,False,False,False,True,,11955.0,PENFED Field at Scranton Memorial Stadium,132714,Lackawanna,,,,,,,,2071,Bloomsburg,ii,Pennsylvania State Athletic,,,,,,,,,
401907530,2026,5,regular,2026-10-03T17:00:00.000Z,False,False,False,True,,3760.0,Hubert Jack Stadium,209,Lock Haven,ii,Pennsylvania State Athletic,,,,,,2134,Clarion,ii,Pennsylvania State Athletic,,,,,,,,,
401907561,2026,5,regular,2026-10-03T17:00:00.000Z,False,False,False,True,,7422.0,Municipal Stadium,126086,Post,ii,Northeast 10,,,,,,2487,Pace,ii,Northeast 10,,,,,,,,,
401907571,2026,5,regular,2026-10-03T17:00:00.000Z,False,False,False,True,,4429.0,Seth Grove Stadium,2559,Shippensburg,ii,Pennsylvania State Athletic,,,,,,2315,Kutztown,ii,Pennsylvania State Athletic,,,,,,,,,
401907589,2026,5,regular,2026-10-03T17:00:00.000Z,False,False,False,True,,3667.0,Callaghan Stadium,2148,Concord,ii,Mountain East,,,,,,341,Frostburg State,ii,Mountain East,,,,,,,,,
401907602,2026,5,regular,2026-10-03T17:00:00.000Z,False,False,False,True,,6074.0,Grappone Stadium,2830,Saint Anselm,ii,Northeast 10,,,,,,2583,Southern Connecticut State,ii,Northeast 10,,,,,,,,,
401907623,2026,5,regular,2026-10-03T17:00:00.000Z,False,False,False,True,,5784.0,Cebe Ross Field,455,West Virginia Wesleyan,ii,Mountain East,,,,,,112335,Wheeling,ii,Mountain East,,,,,,,,,
401907658,2026,5,regular,2026-10-03T17:00:00.000Z,False,False,False,True,,3922.0,Kenneth R. Gill Stadium,2700,McDaniel,iii,Centennial,,,,,,2102,Carnegie Mellon,iii,Presidents',,,,,,,,,
401907669,2026,5,regular,2026-10-03T17:00:00.000Z,False,False,False,True,,3945.0,Strong Stadium,266,Beloit,iii,Midwest,,,,,,80,Chicago,iii,Midwest,,,,,,,,,
401907739,2026,5,regular,2026-10-03T17:00:00.000Z,False,False,False,True,,6146.0,Memorial Field (PA),2849,Westminster (PA),iii,Presidents',,,,,,2963,Case Western Reserve,iii,Presidents',,,,,,,,,
401907749,2026,5,regular,2026-10-03T17:00:00.000Z,False,False,False,True,,3717.0,Edwin Fauver Stadium,184,Rochester (NY),iii,Liberty League,,,,,,2085,Buffalo State,iii,Liberty League,,,,,,,,,
401907883,2026,5,regular,2026-10-03T17:00:00.000Z,False,False,False,True,,3675.0,Charles A. Gaetano Stadium,390,Utica,iii,Empire 8,,,,,,2782,SUNY Cortland,iii,Empire 8,,,,,,,,,
401908097,2026,5,regular,2026-10-03T17:00:00.000Z,False,False,False,True,,5998.0,Monarch Stadium,291,Methodist,iii,USA South,,,,,,2938,Huntingdon,iii,USA South,,,,,,,,,
401908311,2026,5,regular,2026-10-03T17:00:00.000Z,False,False,False,True,,6132.0,Trinity University Stadium,386,Trinity (TX),iii,Southern Athletic,,,,,,2757,Berry,iii,Southern Athletic,,,,,,,,,
401908341,2026,5,regular,2026-10-03T17:00:00.000Z,False,False,False,True,,7077.0,Shadek Stadium,2234,Franklin & Marshall,iii,Centennial,,,,,,2248,Gettysburg,iii,Centennial,,,,,,,,,
401908379,2026,5,regular,2026-10-03T17:00:00.000Z,False,False,False,True,,5807.0,Brevard Memorial Stadium,2913,Brevard,iii,USA South,,,,,,2056,Belhaven,iii,USA South,,,,,,,,,
401908521,2026,5,regular,2026-10-03T17:00:00.000Z,False,False,False,True,,3995.0,Dr. John W. Winkin Sports Complex,2280,Husson,iii,Commonwealth Coast,,,,,,2702,Western New England,iii,Commonwealth Coast,,,,,,,,,
401908611,2026,5,regular,2026-10-03T17:00:00.000Z,False,False,False,True,,6142.0,Westside Athletic Complex,2843,Western Connecticut State,iii,Landmark Conference,,,,,,323,Moravian,iii,Landmark Conference,,,,,,,,,
401908633,2026,5,regular,2026-10-03T17:00:00.000Z,False,False,False,True,,5925.0,David Person Field,2354,Lycoming,iii,Landmark Conference,,,,,,2108,Catholic,iii,Landmark Conference,,,,,,,,,
401908707,2026,5,regular,2026-10-03T17:00:00.000Z,False,False,False,True,,5786.0,Sprankle-Sprandel Stadium,2790,Albion,iii,Michigan,,,,,,126,Kalamazoo,iii,Michigan,,,,,,,,,
401908713,2026,5,regular,2026-10-03T17:00:00.000Z,False,False,False,True,,6130.0,Fred Zollner Athletic Stadium,2651,Trine,iii,Michigan,,,,,,2800,Alma,iii,Michigan,,,,,,,,,
401908719,2026,5,regular,2026-10-03T17:00:00.000Z,False,False,False,True,,5856.0,Boswell Field at David J. Urick Stadium,174,Hobart,iii,Liberty League,,,,,,175,Ithaca,iii,Liberty League,,,,,,,,,
401908826,2026,5,regular,2026-10-03T17:00:00.000Z,False,False,False,True,,5792.0,Pratt Field at Lehrman Stadium,7,Amherst,iii,NESCAC,,,,,,340,Bowdoin,iii,NESCAC,,,,,,,,,
401908899,2026,5,regular,2026-10-03T17:00:00.000Z,False,False,False,True,,6079.0,Alumni Stadium (VT),2394,Middlebury,iii,NESCAC,,,,,,33,Colby,iii,NESCAC,,,,,,,,,
401908909,2026,5,regular,2026-10-03T17:00:00.000Z,False,False,False,True,,5894.0,Steuben Field,348,Hamilton,iii,NESCAC,,,,,,336,Wesleyan (CT),iii,NESCAC,,,,,,,,,
401908926,2026,5,regular,2026-10-03T17:00:00.000Z,False,False,False,True,,6112.0,Richard Wackar Stadium,2827,Rowan,iii,New Jersey,,,,,,293,Vermont State Castleton,iii,New Jersey,,,,,,,,,
401908934,2026,5,regular,2026-10-03T17:00:00.000Z,False,False,False,True,,3879.0,TowneBank Stadium,3112,Christopher Newport,iii,New Jersey,,,,,,2970,William Paterson,iii,New Jersey,,,,,,,,,
401908993,2026,5,regular,2026-10-03T17:00:00.000Z,False,False,False,True,,6105.0,Day Field,2516,Randolph Macon,iii,Old Dominion,,,,,,2079,Bridgewater,iii,Old Dominion,,,,,,,,,
401909006,2026,5,regular,2026-10-03T17:00:00.000Z,False,False,False,True,,6116.0,Shentel Stadium,2828,Shenandoah,iii,Old Dominion,,,,,,297,Hampden Sydney,iii,Old Dominion,,,,,,,,,
401909034,2026,5,regular,2026-10-03T17:00:00.000Z,False,False,False,True,,6139.0,Cameron Stadium,2686,Washington & Jefferson,iii,Presidents',,,,,,2242,Geneva,iii,Presidents',,,,,,,,,
401909052,2026,5,regular,2026-10-03T17:00:00.000Z,False,False,False,True,,6140.0,John F. Wiley Stadium,2845,Waynesburg,iii,Presidents',,,,,,2614,Saint Vincent,iii,Presidents',,,,,,,,,
401909129,2026,5,regular,2026-10-03T17:00:00.000Z,False,False,False,True,,5834.0,Deeds Field-Piper Stadium,2171,Denison,iii,North Coast,,,,,,89,Wabash,iii,North Coast,,,,,,,,,
401909134,2026,5,regular,2026-10-03T17:00:00.000Z,False,False,False,True,,3640.0,Blackstock Stadium,83,DePauw,iii,North Coast,,,,,,391,Oberlin,iii,North Coast,,,,,,,,,
401867967,2026,5,regular,2026-10-03T17:00:00.000Z,False,False,False,False,,717.0,Villanova Stadium,222,Villanova,fcs,Patriot,,,,,,2415,Morgan State,fcs,MEAC,,,,,,,,,
401866651,2026,5,regular,2026-10-03T17:00:00.000Z,False,False,False,True,,5389.0,Kessler Stadium,2405,Monmouth,fcs,Coastal Athletic,,,,,,119,Towson,fcs,Coastal Athletic,,,,,,,,,
401868270,2026,5,regular,2026-10-03T17:00:00.000Z,False,False,False,True,,3774.0,Jayne Stadium,2413,Morehead State,fcs,Pioneer,,,,,,2674,Valparaiso,fcs,Pioneer,,,,,,,,,
401868276,2026,5,regular,2026-10-03T17:00:00.000Z,False,False,False,True,,3627.0,Bailey Memorial Stadium,2506,Presbyterian,fcs,Pioneer,,,,,,2900,St. Thomas (MN),fcs,Pioneer,,,,,,,,,
401868228,2026,5,regular,2026-10-03T17:00:00.000Z,False,False,False,True,,3701.0,Drake Stadium,2181,Drake,fcs,Pioneer,,,,,,2168,Dayton,fcs,Pioneer,,,,,,,,,
401868264,2026,5,regular,2026-10-03T17:00:00.000Z,False,False,False,True,,4416.0,Spec Martin Municipal Stadium,56,Stetson,fcs,Pioneer,,,,,,2368,Marist,fcs,Pioneer,,,,,,,,,
401866650,2026,5,regular,2026-10-03T17:00:00.000Z,False,False,False,True,,3688.0,Wildcat Stadium,160,New Hampshire,fcs,Coastal Athletic,,,,,,2210,Elon,fcs,Coastal Athletic,,,,,,,,,
401907540,2026,5,regular,2026-10-03T17:05:00.000Z,False,False,False,True,,4439.0,Eiler-Martin Stadium,2188,East Stroudsburg,ii,Pennsylvania State Athletic,,,,,,223,West Chester,ii,Pennsylvania State Athletic,,,,,,,,,
401908918,2026,5,regular,2026-10-03T17:30:00.000Z,False,False,False,True,,6131.0,Jessee/Miller Field,2977,Trinity (CT),iii,NESCAC,,,,,,2731,Williams,iii,NESCAC,,,,,,,,,
401908233,2026,5,regular,2026-10-03T17:30:00.000Z,False,False,False,True,,3614.0,Alumni Stadium (IN),2262,Hanover,iii,Heartland,,,,,,2419,Mount St Joseph,iii,Heartland,,,,,,,,,
401907616,2026,5,regular,2026-10-03T17:30:00.000Z,False,False,False,True,,5785.0,Dickerson Stadium,2707,West Virginia State,ii,Mountain East,,,,,,2699,West Liberty,ii,Mountain East,,,,,,,,,
401908260,2026,5,regular,2026-10-03T17:30:00.000Z,False,False,False,False,,6101.0,"Memorial Stadium (Westerville, OH)",359,Otterbein,iii,Ohio,,,,,,2362,Manchester,iii,Heartland,,,,,,,,,
401908837,2026,5,regular,2026-10-03T17:30:00.000Z,False,False,False,True,,6090.0,Sherman Field at McConagha Stadium,332,Muskingum,iii,Ohio,,,,,,426,Mount Union,iii,Ohio,,,,,,,,,
401867835,2026,5,regular,2026-10-03T17:30:00.000Z,False,False,False,True,,3826.0,Memorial Field,159,Dartmouth,fcs,Ivy,,,,,,219,Pennsylvania,fcs,Ivy,,,,,,,,,
401908881,2026,5,regular,2026-10-03T17:30:00.000Z,False,False,False,True,,5822.0,Cadet Memorial Field,2557,Coast Guard,iii,NEWMAC,,,,,,2951,SUNY Maritime,iii,NEWMAC,,,,,,,,,
401868381,2026,5,regular,2026-10-03T17:30:00.000Z,False,False,False,True,,3597.0,Alumni Memorial Field,2678,VMI,fcs,Southern,,,,,,2382,Mercer,fcs,Southern,,,,,,,,,
401907980,2026,5,regular,2026-10-03T18:00:00.000Z,False,False,False,True,,5916.0,Carson Park,2738,Wisconsin Eau Claire,iii,Wisconsin,,,,,,2743,Wisconsin Stevens Point,iii,Wisconsin,,,,,,,,,
401867869,2026,5,regular,2026-10-03T18:00:00.000Z,False,False,False,True,,3605.0,Alerus Center,155,North Dakota,fcs,MVFC,,,,,,93,Murray State,fcs,MVFC,,,,,,,,,
401867918,2026,5,regular,2026-10-03T18:00:00.000Z,False,False,False,False,,3777.0,Joe Walton Stadium,2523,Robert Morris,fcs,NEC,,,,,,2450,Norfolk State,fcs,MEAC,,,,,,,,,
401867986,2026,5,regular,2026-10-03T18:00:00.000Z,False,False,False,False,,3864.0,Oliver C. Dawson Stadium,2569,South Carolina State,fcs,MEAC,,,,,,2643,The Citadel,fcs,Southern,,,,,,,,,
401868375,2026,5,regular,2026-10-03T18:00:00.000Z,False,False,False,True,,3868.0,Paladin Stadium,231,Furman,fcs,Southern,,,,,,2747,Wofford,fcs,Southern,,,,,,,,,
401907208,2026,5,regular,2026-10-03T18:00:00.000Z,False,False,False,True,,3878.0,Plaster Sports Complex,2586,Southwest Baptist,ii,Great Lakes,,,,,,2876,Lincoln (MO),ii,Great Lakes,,,,,,,,,
401907223,2026,5,regular,2026-10-03T18:00:00.000Z,False,False,False,True,,6030.0,Harms-Eischeid Stadium,389,Upper Iowa,ii,Great Lakes,,,,,,2402,Missouri S&T,ii,Great Lakes,,,,,,,,,
401907359,2026,5,regular,2026-10-03T18:00:00.000Z,False,False,False,True,,5942.0,Francis G. Welch Stadium,2214,Emporia State,ii,Mid America,,,,,,137,Missouri Western,ii,Mid America,,,,,,,,,
401907416,2026,5,regular,2026-10-03T18:00:00.000Z,False,False,False,True,,6553.0,Helen and Leonard Moretz Stadium,2331,Lenoir Rhyne,ii,South Atlantic,,,,,,2105,Carson Newman,ii,South Atlantic,,,,,,,,,
401907469,2026,5,regular,2026-10-03T18:00:00.000Z,False,False,False,True,,5897.0,Francis Field (MO),143,Washington St. Louis,iii,North Coast,,,,,,2302,John Carroll,iii,Ohio,,,,,,,,,
401907547,2026,5,regular,2026-10-03T18:00:00.000Z,False,False,False,True,,4440.0,Sox Harrison Stadium,2205,Edinboro,ii,Pennsylvania State Athletic,,,,,,2291,IU Pennsylvania,ii,Pennsylvania State Athletic,,,,,,,,,
401907598,2026,5,regular,2026-10-03T18:00:00.000Z,False,False,False,True,,5943.0,Duvall-Rosier Field,2986,Fairmont State,ii,Mountain East,,,,,,2249,Glenville State,ii,Mountain East,,,,,,,,,
401907708,2026,5,regular,2026-10-03T18:00:00.000Z,False,False,False,True,,5872.0,Kirkeby-Over Stadium,2043,Augustana (SD),ii,Northern Sun,,,,,,2894,Sioux Falls,ii,Northern Sun,,,,,,,,,
401907730,2026,5,regular,2026-10-03T18:00:00.000Z,False,False,False,True,,6035.0,"Memorial Stadium (Wayne, NE)",2844,Wayne State (NE),ii,Northern Sun,,,,,,2851,Winona State,ii,Northern Sun,,,,,,,,,
401907783,2026,5,regular,2026-10-03T18:00:00.000Z,False,False,False,True,,980.0,Benedetti-Wehrli Stadium,3071,North Central College,iii,CCIW,,,,,,2042,Augustana (IL),iii,CCIW,,,,,,,,,
401907793,2026,5,regular,2026-10-03T18:00:00.000Z,False,False,False,True,,6080.0,Frank M. Lindsay Field,74,Millikin,iii,CCIW,,,,,,32,Carroll (WI),iii,CCIW,,,,,,,,,
401907820,2026,5,regular,2026-10-03T18:00:00.000Z,False,False,False,True,,5859.0,Tucci Stadium,306,Illinois Wesleyan,iii,CCIW,,,,,,2106,Carthage,iii,CCIW,,,,,,,,,
401907849,2026,5,regular,2026-10-03T18:00:00.000Z,False,False,False,True,,5115.0,McCully Stadium,396,Wheaton (IL),iii,CCIW,,,,,,75,North Park,iii,CCIW,,,,,,,,,
401907888,2026,5,regular,2026-10-03T18:00:00.000Z,False,False,False,True,,4854.0,Perkins Stadium,2745,Wisconsin Whitewater,iii,Wisconsin,,,,,,2723,Wisconsin River Falls,iii,Wisconsin,,,,,,,,,
401908021,2026,5,regular,2026-10-03T18:00:00.000Z,False,False,False,True,,5120.0,J.J. Keller Field at Titan Stadium,271,Wisconsin Oshkosh,iii,Wisconsin,,,,,,2740,Wisconsin La Crosse,iii,Wisconsin,,,,,,,,,
401908144,2026,5,regular,2026-10-03T18:00:00.000Z,False,False,False,True,,5817.0,Ron and Joyce Schipper Stadium,2964,Central College,iii,American Rivers,,,,,,49,Dubuque,iii,American Rivers,,,,,,,,,
401908151,2026,5,regular,2026-10-03T18:00:00.000Z,False,False,False,True,,5823.0,Clark Field,2141,Coe,iii,American Rivers,,,,,,263,Loras,iii,American Rivers,,,,,,,,,
401908226,2026,5,regular,2026-10-03T18:00:00.000Z,False,False,False,True,,6111.0,Cook Stadium,86,Rose Hulman,iii,Heartland,,,,,,2233,Franklin,iii,Heartland,,,,,,,,,
401908249,2026,5,regular,2026-10-03T18:00:00.000Z,False,False,False,True,,6091.0,Abel Stadium,6845,Nebraska Wesleyan,iii,American Rivers,,,,,,2685,Wartburg,iii,American Rivers,,,,,,,,,
401908286,2026,5,regular,2026-10-03T18:00:00.000Z,False,False,False,False,,5114.0,Shelton Stadium,2810,Hardin Simmons,iii,American Southwest,,,,,,124110,UFTL,,,,,,,,,,,
401908413,2026,5,regular,2026-10-03T18:00:00.000Z,False,False,False,True,,3823.0,Hardee-McGee Field,2553,Sewanee,iii,Southern Athletic,,,,,,2588,Southwestern U,iii,Southern Athletic,,,,,,,,,
401908502,2026,5,regular,2026-10-03T18:00:00.000Z,False,False,False,True,,6145.0,Blue Jay Stadium,433,Westminster (MO),iii,Upper Midwest,,,,,,2257,Greenville,iii,Upper Midwest,,,,,,,,,
401908510,2026,5,regular,2026-10-03T18:00:00.000Z,False,False,False,True,,3843.0,MLC Bowl,446,Martin Luther,iii,Upper Midwest,,,,,,583,Northwestern (MN),iii,Upper Midwest,,,,,,,,,
401908541,2026,5,regular,2026-10-03T18:00:00.000Z,False,False,False,True,,5637.0,Vendetti Field,2884,Nichols,iii,Commonwealth Coast,,,,,,274,Maine Maritime,iii,Commonwealth Coast,,,,,,,,,
401908745,2026,5,regular,2026-10-03T18:00:00.000Z,False,False,False,True,,6100.0,Cutler Field,354,Olivet,iii,Michigan,,,,,,2812,Hope,iii,Michigan,,,,,,,,,
401908750,2026,5,regular,2026-10-03T18:00:00.000Z,False,False,False,True,,5813.0,Klein Field at Manitou,133,St. Olaf,iii,Minnesota,,,,,,124,Augsburg,iii,Minnesota,,,,,,,,,
401908761,2026,5,regular,2026-10-03T18:00:00.000Z,False,False,False,True,,5915.0,Farwell Field,262,Lake Forest,iii,Midwest,,,,,,268,Lawrence,iii,Midwest,,,,,,,,,
401908774,2026,5,regular,2026-10-03T18:00:00.000Z,False,False,False,True,,5861.0,Rosenbloom Field,65,Grinnell,iii,Midwest,,,,,,255,Knox,iii,Midwest,,,,,,,,,
401908779,2026,5,regular,2026-10-03T18:00:00.000Z,False,False,False,True,,5923.0,Legacy Field in Carlson Stadium,67,Luther,iii,Midwest,,,,,,2286,Illinois College,iii,Midwest,,,,,,,,,
401908799,2026,5,regular,2026-10-03T18:00:00.000Z,False,False,False,True,,5117.0,Clemens Stadium,2600,Saint John's (MN),iii,Minnesota,,,,,,2802,Bethel (MN),iii,Minnesota,,,,,,,,,
401908810,2026,5,regular,2026-10-03T18:00:00.000Z,False,False,False,True,,7079.0,Laird Stadium,2101,Carleton,iii,Minnesota,,,,,,2968,Gustavus Adolphus,iii,Minnesota,,,,,,,,,
401908819,2026,5,regular,2026-10-03T18:00:00.000Z,False,False,False,True,,6122.0,Public Schools Stadium,375,St. Scholastica,iii,Minnesota,,,,,,2152,Concordia (MN),iii,Minnesota,,,,,,,,,
401908874,2026,5,regular,2026-10-03T18:00:00.000Z,False,False,False,True,,5895.0,Klas Field,162,Hamline,iii,Minnesota,,,,,,2359,Macalester,iii,Minnesota,,,,,,,,,
401908967,2026,5,regular,2026-10-03T18:00:00.000Z,False,False,False,True,,4757.0,Edwards-Maurer Field,2746,Wittenberg,iii,North Coast,,,,,,352,Kenyon,iii,North Coast,,,,,,,,,
401909144,2026,5,regular,2026-10-03T18:00:00.000Z,False,False,False,True,,6099.0,Selby Stadium,2980,Ohio Wesleyan,iii,North Coast,,,,,,2748,Wooster,iii,North Coast,,,,,,,,,
401907114,2026,5,regular,2026-10-03T18:00:00.000Z,False,False,False,True,,5883.0,Marv Kay Stadium at Campbell Field,2146,Colorado School of Mines,ii,Rocky Mountain,,,,,,2069,Black Hills State,ii,Rocky Mountain,,,,,,,,,
401866431,2026,5,regular,2026-10-03T18:00:00.000Z,False,False,False,True,,3919.0,Scheumann Stadium,2050,Ball State,fbs,Mid-American,,,,1081.0,,2649,Toledo,fbs,Mid-American,,,,1561.0,,,,,
401873397,2026,5,regular,2026-10-03T18:00:00.000Z,False,False,False,True,,6110.0,Sam Greeley Field,2524,Rockford,iii,NACC,,,,,,2832,St. Norbert,iii,NACC,,,,,,,,,
401906905,2026,5,regular,2026-10-03T18:00:00.000Z,False,False,False,True,,3885.0,Harvey Randall Wickes Memorial Stadium,129,Saginaw Valley State,ii,GLIAC,,,,,,110254,Davenport,ii,GLIAC,,,,,,,,,
401907198,2026,5,regular,2026-10-03T18:00:00.000Z,False,False,False,True,,3990.0,William H. Greene Stadium,2911,William Jewell,ii,Great Lakes,,,,,,2292,Indianapolis,ii,Great Lakes,,,,,,,,,
401907153,2026,5,regular,2026-10-03T18:00:00.000Z,False,False,False,True,,5944.0,Ray Dennison Memorial Field,2237,Fort Lewis,ii,Rocky Mountain,,,,,,613,South Dakota Mines,ii,Rocky Mountain,,,,,,,,,
401906932,2026,5,regular,2026-10-03T18:00:00.000Z,False,False,False,True,,3844.0,Morris Field,127991,Roosevelt,ii,GLIAC,,,,,,2392,Michigan Tech,ii,GLIAC,,,,,,,,,
401906939,2026,5,regular,2026-10-03T18:00:00.000Z,False,False,False,True,,5875.0,Charlie W. Johnson Stadium,490,Benedict,ii,SIAC,,,,,,2805,Clark Atlanta,ii,SIAC,,,,,,,,,
401906960,2026,5,regular,2026-10-03T18:00:00.000Z,False,False,False,True,,3705.0,Earl Kitchings Stadium,2206,Edward Waters,ii,SIAC,,,,,,2310,Kentucky State,ii,SIAC,,,,,,,,,
401907109,2026,5,regular,2026-10-03T18:00:00.000Z,False,False,False,True,,5866.0,Rex Stadium,2001,Adams State,ii,Rocky Mountain,,,,,,2570,CSU Pueblo,ii,Rocky Mountain,,,,,,,,,
401906172,2026,5,regular,2026-10-03T18:00:00.000Z,False,False,False,True,,7075.0,Electric Supply Company Field,122666,Barton,ii,Carolinas,,,,,,366,Ferrum,ii,Carolinas,,,,,,,,,
401906556,2026,5,regular,2026-10-03T18:00:00.000Z,False,False,False,True,,5113.0,Ruggles Field at Carpenter-Haygood Stadium,2271,Henderson State,ii,Great American,,,,,,2927,Southwestern Oklahoma State,ii,Great American,,,,,,,,,
401906155,2026,5,regular,2026-10-03T18:00:00.000Z,False,False,False,True,,3612.0,Alumni Memorial Stadium (NC),2940,Livingstone,ii,CIAA,,,,,,2220,Fayetteville State,ii,CIAA,,,,,,,,,
401907957,2026,5,regular,2026-10-03T18:05:00.000Z,False,False,False,True,,5900.0,Don and Nona Williams Stadium,2744,Wisconsin Stout,iii,Wisconsin,,,,,,272,Wisconsin Platteville,iii,Wisconsin,,,,,,,,,
401907432,2026,5,regular,2026-10-03T18:30:00.000Z,False,False,False,True,,6046.0,Meares Stadium,2369,Mars Hill,ii,South Atlantic,,,,,,2839,Tusculum,ii,South Atlantic,,,,,,,,,
401867859,2026,5,regular,2026-10-03T19:00:00.000Z,False,False,False,True,,1905.0,DakotaDome,233,South Dakota,fcs,MVFC,,,,,,282,Indiana State,fcs,MVFC,,,,,,,,,
401868359,2026,5,regular,2026-10-03T19:00:00.000Z,False,False,False,True,,3902.0,Eddie Robinson Stadium,2755,Grambling,fcs,SWAC,,,,,,2016,Alcorn State,fcs,SWAC,,,,,,,,,
401866656,2026,5,regular,2026-10-03T19:00:00.000Z,False,False,True,False,,6274.0,Audi Field,2261,Hampton,fcs,Coastal Athletic,,,,,,47,Howard,fcs,MEAC,,,,,,,,,
401906519,2026,5,regular,2026-10-03T19:00:00.000Z,False,False,False,True,,3875.0,Paul Laird Field,199,Southeastern Oklahoma State,ii,Great American,,,,,,2033,Arkansas Tech,ii,Great American,,,,,,,,,
401868965,2026,5,regular,2026-10-03T19:00:00.000Z,False,False,False,True,,3896.0,Rice-Totten Field,2400,Mississippi Valley State,fcs,SWAC,,,,,,2504,Prairie View A&M,fcs,SWAC,,,,,,,,,
401909102,2026,5,regular,2026-10-03T19:00:00.000Z,False,False,False,True,,5827.0,Tomasini Stadium,409,Concordia (WI),iii,NACC,,,,,,2151,Concordia Chicago,iii,NACC,,,,,,,,,
401908981,2026,5,regular,2026-10-03T19:00:00.000Z,False,False,False,True,,5824.0,Lions Stadium,2442,The College of New Jersey,iii,New Jersey,,,,,,2532,Salisbury,iii,New Jersey,,,,,,,,,
401908727,2026,5,regular,2026-10-03T19:00:00.000Z,False,False,False,True,,5828.0,Van Metre Field at Ash Park,2155,Cornell (IA),iii,Midwest,,,,,,2891,Ripon,iii,Midwest,,,,,,,,,
401908653,2026,5,regular,2026-10-03T19:00:00.000Z,False,False,False,True,,5787.0,Docking Stadium,2003,Adrian,iii,Michigan,,,,,,129738,Calvin,iii,Michigan,,,,,,,,,
401907761,2026,5,regular,2026-10-03T19:00:00.000Z,False,False,False,True,,5809.0,J. Leslie Rollins Stadium,63,Buena Vista,iii,American Rivers,,,,,,2564,Simpson (IA),iii,American Rivers,,,,,,,,,
401907712,2026,5,regular,2026-10-03T19:00:00.000Z,False,False,False,True,,3641.0,Blakeslee Stadium,2364,Minnesota State,ii,Northern Sun,,,,,,3066,Concordia St. Paul,ii,Northern Sun,,,,,,,,,
401907694,2026,5,regular,2026-10-03T19:00:00.000Z,False,False,False,True,,3638.0,MDU Resources Community Bowl,559,University of Mary,ii,Northern Sun,,,,,,2939,Jamestown,ii,Northern Sun,,,,,,,,,
401907325,2026,5,regular,2026-10-03T19:00:00.000Z,False,False,False,True,,6027.0,Albert J. H. Sloan - Alumni Stadium,2396,Miles,ii,SIAC,,,,,,2323,Lane College,ii,SIAC,,,,,,,,,
401907300,2026,5,regular,2026-10-03T19:00:00.000Z,False,False,False,True,,6049.0,"Memorial Stadium (Wichita Falls, TX)",2395,Midwestern State,ii,Lone Star,,,,,,2848,Western Oregon,ii,Lone Star,,,,,,,,,
401906883,2026,5,regular,2026-10-03T19:00:00.000Z,False,False,False,True,,3811.0,Lubbers Stadium,125,Grand Valley State,ii,GLIAC,,,,,,131,Wayne State (MI),ii,GLIAC,,,,,,,,,
401906568,2026,5,regular,2026-10-03T19:00:00.000Z,False,False,False,True,,6064.0,Crain Family Stadium,319,Oklahoma Baptist,ii,Great American,,,,,,2888,Ouachita Baptist,ii,Great American,,,,,,,,,
401906529,2026,5,regular,2026-10-03T19:00:00.000Z,False,False,False,True,,3934.0,Southern Nazarene University Football Stadium,200,Southern Nazarene,ii,Great American,,,,,,2028,Arkansas Monticello,ii,Great American,,,,,,,,,
401906539,2026,5,regular,2026-10-03T19:00:00.000Z,False,False,False,True,,5936.0,Koi Ishto Stadium,2191,East Central,ii,Great American,,,,,,2264,Harding,ii,Great American,,,,,,,,,
401906561,2026,5,regular,2026-10-03T19:00:00.000Z,False,False,False,True,,5891.0,Wilkins Stadium,2568,Southern Arkansas,ii,Great American,,,,,,2823,Northwestern (OK),ii,Great American,,,,,,,,,
401907383,2026,5,regular,2026-10-03T19:00:00.000Z,False,False,False,True,,6057.0,Ron & Carol Cope Stadium at Foster Field,2438,Nebraska Kearney,ii,Mid America,,,,,,90,Pittsburg State,ii,Mid America,,,,,,,,,
401907680,2026,5,regular,2026-10-03T19:00:00.000Z,False,False,False,True,,6052.0,Herb Parker Stadium,568,Minot State,ii,Northern Sun,,,,,,2817,Minnesota St Moorhead,ii,Northern Sun,,,,,,,,,
401868339,2026,5,regular,2026-10-03T19:30:00.000Z,False,False,False,True,,5400.0,William B. Greene Jr. Stadium,2193,East Tennessee State,fcs,Southern,,,,,,236,Chattanooga,fcs,Southern,,,,,,,,,
401866430,2026,5,regular,2026-10-03T19:30:00.000Z,False,False,False,True,,3786.0,Kelly/Shorts Stadium,2117,Central Michigan,fbs,Mid-American,,,,1291.0,,2006,Akron,fbs,Mid-American,,,,897.0,,,,,
401866433,2026,5,regular,2026-10-03T19:30:00.000Z,False,False,False,True,,3985.0,Warren McGuirk Alumni Stadium,113,Massachusetts,fbs,Mid-American,,,,1076.0,,2199,Eastern Michigan,fbs,Mid-American,,,,1188.0,,,,,
401866434,2026,5,regular,2026-10-03T19:30:00.000Z,False,False,False,True,,3696.0,Dix Stadium,2309,Kent State,fbs,Mid-American,,,,1007.0,,195,Ohio,fbs,Mid-American,,,,1318.0,,,,,
401858248,2026,5,regular,2026-10-03T19:30:00.000Z,False,False,False,True,,3670.0,Carter-Finley Stadium,152,NC State,fbs,ACC,,,,1510.0,,97,Louisville,fbs,ACC,,,,1690.0,,,,,
401869956,2026,5,regular,2026-10-03T19:30:00.000Z,False,False,False,True,,4246.0,Center Parc Stadium,2247,Georgia State,fbs,Sun Belt,,,,1274.0,,295,Old Dominion,fbs,Sun Belt,,,,1295.0,,,,,
401858247,2026,5,regular,2026-10-03T19:30:00.000Z,False,False,False,False,,6501.0,Allegiant Stadium,2439,UNLV,fbs,Mountain West,,,,1480.0,,25,California,fbs,ACC,,,,1350.0,,,,,
401862793,2026,5,regular,2026-10-03T19:30:00.000Z,False,False,False,False,,7221.0,Protective Stadium,5,UAB,fbs,American Athletic,,,,1394.0,1394.0,2535,Samford,fcs,Southern,,,,,,,,,
401864515,2026,5,regular,2026-10-03T19:30:00.000Z,False,False,False,True,,3714.0,Fargodome,2449,North Dakota State,fbs,Mountain West,,,,1594.0,,2751,Wyoming,fbs,Mountain West,,,,1268.0,,,,,
401866652,2026,5,regular,2026-10-03T19:30:00.000Z,False,False,False,True,,3607.0,Alfond Stadium,311,Maine,fcs,Coastal Athletic,,,,,,2529,Sacred Heart,fcs,Coastal Athletic,,,,,,,,,
401868025,2026,5,regular,2026-10-03T19:30:00.000Z,False,False,False,True,,3998.0,Zable Stadium,2729,William & Mary,fcs,Patriot,,,,,,107,Holy Cross,fcs,Patriot,,,,,,,,,
401866655,2026,5,regular,2026-10-03T19:30:00.000Z,False,False,False,False,,4419.0,Bob Ford Field,399,UAlbany,fcs,Coastal Athletic,,,,,,2169,Delaware State,fcs,MEAC,,,,,,,,,
401856710,2026,5,regular,2026-10-03T19:30:00.000Z,False,False,False,True,,3853.0,Neyland Stadium,2633,Tennessee,fbs,SEC,,,,1771.0,,2,Auburn,fbs,SEC,,,,1668.0,,,,,
401862787,2026,5,regular,2026-10-03T19:30:00.000Z,False,False,False,True,,4418.0,Jerry Richardson Stadium,2429,Charlotte,fbs,American Athletic,,,,1169.0,,235,Memphis,fbs,American Athletic,,,,1526.0,,,,,
401856708,2026,5,regular,2026-10-03T19:30:00.000Z,False,False,False,True,,3838.0,Memorial Stadium,142,Missouri,fbs,SEC,,,,1690.0,,57,Florida,fbs,SEC,,,,1668.0,,,,,
401858473,2026,5,regular,2026-10-03T19:30:00.000Z,False,False,False,True,,3793.0,Kinnick Stadium,2294,Iowa,fbs,Big Ten,,,,1845.0,,194,Ohio State,fbs,Big Ten,,,,2032.0,,,,,
401866477,2026,5,regular,2026-10-03T19:30:00.000Z,False,False,False,True,,3996.0,Yager Stadium,193,Miami (OH),fbs,Mid-American,,,,1263.0,,189,Bowling Green,fbs,Mid-American,,,,1132.0,,,,,
401858253,2026,5,regular,2026-10-03T19:30:00.000Z,False,False,False,True,,3697.0,Doak Campbell Stadium,52,Florida State,fbs,ACC,,,,1553.0,,258,Virginia,fbs,ACC,,,,1612.0,,,,,
401869962,2026,5,regular,2026-10-03T19:45:00.000Z,False,False,False,True,,3651.0,Bridgeforth Stadium,256,James Madison,fbs,Sun Belt,,,,1777.0,,276,Marshall,fbs,Sun Belt,,,,1391.0,,,,,
401907214,2026,5,regular,2026-10-03T20:00:00.000Z,False,False,False,True,,6047.0,Leemon Field,2816,McKendree,ii,Great Lakes,,,,,,2825,Quincy,ii,Great Lakes,,,,,,,,,
401906189,2026,5,regular,2026-10-03T20:00:00.000Z,False,False,False,False,,4851.0,Bazemore-Hyder Stadium,2673,Valdosta State,ii,Gulf South,,,,,,101784,Erskine,ii,Carolinas,,,,,,,,,
401908986,2026,5,regular,2026-10-03T20:00:00.000Z,False,False,False,True,,6138.0,Wilson Field,2688,Washington and Lee,iii,Old Dominion,,,,,,2047,Averett,iii,Old Dominion,,,,,,,,,
401858475,2026,5,regular,2026-10-03T20:00:00.000Z,False,False,False,True,,3834.0,"Memorial Stadium (Lincoln, NE)",158,Nebraska,fbs,Big Ten,,,,1705.0,,120,Maryland,fbs,Big Ten,,,,1474.0,,,,,
401864514,2026,5,regular,2026-10-03T20:00:00.000Z,False,False,False,True,,3971.0,University Stadium (NM),167,New Mexico,fbs,Mountain West,,,,1559.0,,2638,UTEP,fbs,Mountain West,,,,1130.0,,,,,
401908549,2026,5,regular,2026-10-03T20:00:00.000Z,False,False,False,True,,5798.0,Jerry E. Apple Stadium,2045,Austin,iii,Southern Collegiate Athletic,,,,,,101442,Centenary (LA),iii,Southern Collegiate Athletic,,,,,,,,,
401908423,2026,5,regular,2026-10-03T20:00:00.000Z,False,False,False,True,,6148.0,The Pine Bowl,2721,Whitworth,iii,Northwest,,,,,,205,Pacific (OR),iii,Northwest,,,,,,,,,
401908395,2026,5,regular,2026-10-03T20:00:00.000Z,False,False,False,True,,5119.0,Maxwell Field,203,Linfield,iii,Northwest,,,,,,415,George Fox,iii,Northwest,,,,,,,,,
401908294,2026,5,regular,2026-10-03T20:00:00.000Z,False,False,False,False,,5857.0,Gordon Wood Stadium,2758,Howard Payne,iii,American Southwest,,,,,,2904,Nelson (TX),,,,,,,,,,,
401907647,2026,5,regular,2026-10-03T20:00:00.000Z,False,False,False,True,,6072.0,Schwan Regional Event Center,2587,Southwest Minnesota State,ii,Northern Sun,,,,,,134,Minnesota Duluth,ii,Northern Sun,,,,,,,,,
401907520,2026,5,regular,2026-10-03T20:00:00.000Z,False,False,False,True,,3859.0,Offutt Field,611,Seton Hill,ii,Pennsylvania State Athletic,,,,,,2858,California (PA),ii,Pennsylvania State Athletic,,,,,,,,,
401908582,2026,5,regular,2026-10-03T20:00:00.000Z,False,False,False,True,,5808.0,Edward C. Swenson Athletic Complex,18,Bridgewater State,iii,MSCAC,,,,,,402,Worcester State,iii,MSCAC,,,,,,,,,
401908436,2026,5,regular,2026-10-03T20:00:00.000Z,False,False,False,True,,5821.0,Fritz B. Burns Stadium,17,Claremont Mudd Scripps,iii,So. Cal.,,,,,,2094,Cal Lutheran,iii,So. Cal.,,,,,,,,,
401868328,2026,5,regular,2026-10-03T20:00:00.000Z,False,False,False,True,,3850.0,Municipal Stadium,2065,Bethune-Cookman,fcs,SWAC,,,,,,2011,Alabama State,fcs,SWAC,,,,,,,,,
401868220,2026,5,regular,2026-10-03T20:00:00.000Z,False,False,False,True,,716.0,Torero Stadium,301,San Diego,fcs,Pioneer,,,,,,2166,Davidson,fcs,Pioneer,,,,,,,,,
401868197,2026,5,regular,2026-10-03T20:00:00.000Z,False,False,False,True,,3746.0,Hanson Field,2710,Western Illinois,fcs,OVC,,,,,,2634,Tennessee State,fcs,OVC,,,,,,,,,
401868114,2026,5,regular,2026-10-03T20:00:00.000Z,False,False,False,True,,3987.0,Washington-Grizzly Stadium,149,Montana,fcs,Big Sky,,,,,,2458,Northern Colorado,fcs,Big Sky,,,,,,,,,
401856709,2026,5,regular,2026-10-03T20:15:00.000Z,False,False,False,True,,3994.0,Williams-Brice Stadium,2579,South Carolina,fbs,SEC,,,,1721.0,,96,Kentucky,fbs,SEC,,,,1506.0,,,,,
401858472,2026,5,regular,2026-10-03T20:15:00.000Z,False,False,False,True,,3832.0,"Memorial Stadium (Champaign, IL)",356,Illinois,fbs,Big Ten,,,,1589.0,,2509,Purdue,fbs,Big Ten,,,,1311.0,,,,,
401908279,2026,5,regular,2026-10-03T21:00:00.000Z,False,False,False,False,,5922.0,Wildcat Field,2347,Louisiana Christian,,,,,,,,2194,East Texas Baptist,iii,American Southwest,,,,,,,,,
401906179,2026,5,regular,2026-10-03T21:00:00.000Z,False,False,False,False,,3957.0,Tiger Stadium (AL),2695,West Alabama,ii,Gulf South,,,,,,2804,Chowan,ii,Carolinas,,,,,,,,,
401908544,2026,5,regular,2026-10-03T21:00:00.000Z,False,False,False,True,,6125.0,Bulldog Stadium (TX),2639,Texas Lutheran,iii,Southern Collegiate Athletic,,,,,,101161,Lyon,iii,Southern Collegiate Athletic,,,,,,,,,
401868064,2026,5,regular,2026-10-03T21:00:00.000Z,False,False,False,False,,3742.0,Governors Stadium,2046,Austin Peay,fcs,UAC,,,,,,2441,New Haven,fcs,NEC,,,,,,,,,
401867891,2026,5,regular,2026-10-03T21:00:00.000Z,False,False,False,True,,3913.0,Saluki Stadium,79,Southern Illinois,fcs,MVFC,,,,,,2754,Youngstown State,fcs,MVFC,,,,,,,,,
401873406,2026,5,regular,2026-10-03T21:00:00.000Z,False,False,False,True,,6085.0,Sprague Field,2818,Montclair State,iii,New Jersey,,,,,,2871,Kean,iii,New Jersey,,,,,,,,,
401868295,2026,5,regular,2026-10-03T21:00:00.000Z,False,False,True,True,,3797.0,Ladd Peebles Stadium,2296,Jackson State,fcs,SWAC,,,,,,2010,Alabama A&M,fcs,SWAC,,,,,,,,,
401868309,2026,5,regular,2026-10-03T22:00:00.000Z,False,False,False,True,,3756.0,Homer Bryce Stadium,2617,Stephen F. Austin,fcs,Southland,,,,,,2916,Incarnate Word,fcs,Southland,,,,,,,,,
401862790,2026,5,regular,2026-10-03T22:00:00.000Z,False,False,False,False,,3715.0,FAU Stadium,2226,Florida Atlantic,fbs,American Athletic,,,,1238.0,1238.0,2640,Texas Southern,fcs,SWAC,,,,,,,,,
401868173,2026,5,regular,2026-10-03T22:00:00.000Z,False,False,False,True,,3658.0,Buccaneer Field,2127,Charleston Southern,fcs,OVC,,,,,,2241,Gardner-Webb,fcs,OVC,,,,,,,,,
401868143,2026,5,regular,2026-10-03T22:00:00.000Z,False,False,False,True,,3908.0,Roy Kidd Stadium,2198,Eastern Kentucky,fcs,UAC,,,,,,2453,North Alabama,fcs,UAC,,,,,,,,,
401866657,2026,5,regular,2026-10-03T22:00:00.000Z,False,False,False,False,,3862.0,O'Kelly-Riddick Stadium,2428,North Carolina Central,fcs,MEAC,,,,,,2097,Campbell,fcs,Coastal Athletic,,,,,,,,,
401866653,2026,5,regular,2026-10-03T22:00:00.000Z,False,False,False,True,,3661.0,Bulldog Stadium,2803,Bryant,fcs,Coastal Athletic,,,,,,2448,North Carolina A&T,fcs,Coastal Athletic,,,,,,,,,
401860899,2026,5,regular,2026-10-03T22:00:00.000Z,False,False,False,True,,5388.0,Canvas Stadium,36,Colorado State,fbs,Pac-12,,,,1327.0,,204,Oregon State,fbs,Pac-12,,,,1285.0,,,,,
401909049,2026,5,regular,2026-10-03T22:00:00.000Z,False,False,False,True,,5855.0,Charles A. Henry Field,2274,Hiram,iii,Presidents',,,,,,2598,Saint Francis,iii,Presidents',,,,,,,,,
401909120,2026,5,regular,2026-10-03T22:00:00.000Z,False,False,False,True,,5913.0,Warrior Field at Raabe Stadium,2741,Wisconsin Lutheran,iii,NACC,,,,,,101,Eureka,iii,NACC,,,,,,,,,
401908051,2026,5,regular,2026-10-03T22:00:00.000Z,False,False,False,True,,5852.0,Jamieson Stadium,2256,Greensboro,iii,USA South,,,,,,2896,Southern Virginia,iii,USA South,,,,,,,,,
401909029,2026,5,regular,2026-10-03T22:00:00.000Z,False,False,False,True,,5864.0,Robert E. Thorn Field,146,Grove City,iii,Presidents',,,,,,2062,Bethany (WV),iii,Presidents',,,,,,,,,
401908389,2026,5,regular,2026-10-03T22:00:00.000Z,False,False,False,True,,6081.0,Harper Davis Field,2398,Millsaps,iii,Southern Athletic,,,,,,2519,Rhodes,iii,Southern Athletic,,,,,,,,,
401907875,2026,5,regular,2026-10-03T22:00:00.000Z,False,False,False,True,,6126.0,Bob Boozer Field,2781,Brockport,iii,Empire 8,,,,,,374,St. John Fisher,iii,Empire 8,,,,,,,,,
401907555,2026,5,regular,2026-10-03T22:00:00.000Z,False,False,False,True,,4430.0,Mihalik-Thompson Stadium,215,Slippery Rock,ii,Pennsylvania State Athletic,,,,,,367,Gannon,ii,Pennsylvania State Athletic,,,,,,,,,
401907407,2026,5,regular,2026-10-03T22:00:00.000Z,False,False,False,True,,5122.0,Shuford Stadium,2107,Catawba,ii,South Atlantic,,,,,,351,Wingate,ii,South Atlantic,,,,,,,,,
401906923,2026,5,regular,2026-10-03T22:00:00.000Z,False,False,False,True,,3952.0,Ted Wright Stadium,2542,Savannah State,ii,SIAC,,,,,,2019,Allen,ii,SIAC,,,,,,,,,
401906591,2026,5,regular,2026-10-03T22:00:00.000Z,False,False,False,False,,6062.0,Gable Field at Doc Wadley Stadium,196,Northeastern State,ii,Independent DII,,,,,,110243,UT Permian Basin,ii,Lone Star,,,,,,,,,
401868391,2026,5,regular,2026-10-03T22:00:00.000Z,False,False,False,True,,3704.0,E. J. Whitmire Stadium,2717,Western Carolina,fcs,Southern,,,,,,2635,Tennessee Tech,fcs,Southern,,,,,,,,,
401869942,2026,5,regular,2026-10-03T23:00:00.000Z,False,False,False,True,,3654.0,Brooks Stadium (SC),324,Coastal Carolina,fbs,Sun Belt,,,,1245.0,,290,Georgia Southern,fbs,Sun Belt,,,,1358.0,,,,,
401867688,2026,5,regular,2026-10-03T23:00:00.000Z,False,False,False,False,,3827.0,"Memorial Stadium (Stephenville, TX)",2627,Tarleton State,fcs,UAC,,,,,,2130,Chicago State,fcs,FCS Independents,,,,,,,,,
401868936,2026,5,regular,2026-10-03T23:00:00.000Z,False,False,False,True,,3599.0,Ace W. Mumford Stadium,2582,Southern,fcs,SWAC,,,,,,2029,Arkansas-Pine Bluff,fcs,SWAC,,,,,,,,,
401868248,2026,5,regular,2026-10-03T23:00:00.000Z,False,False,False,True,,4762.0,Memorial Stadium (Commerce TX),2837,East Texas A&M,fcs,Southland,,,,,,292,UT Rio Grande Valley,fcs,Southland,,,,,,,,,
401867848,2026,5,regular,2026-10-03T23:00:00.000Z,False,False,False,True,,3744.0,Hancock Stadium,2287,Illinois State,fcs,MVFC,,,,,,2571,South Dakota State,fcs,MVFC,,,,,,,,,
401867840,2026,5,regular,2026-10-03T23:00:00.000Z,False,False,False,False,,3750.0,Harvard Stadium,108,Harvard,fcs,Ivy,,,,,,2142,Colgate,fcs,Patriot,,,,,,,,,
401871089,2026,5,regular,2026-10-03T23:00:00.000Z,False,False,False,True,,6526.0,Hancock Whitney Stadium,6,South Alabama,fbs,Sun Belt,,,,1393.0,,2433,UL Monroe,fbs,Sun Belt,,,,1079.0,,,,,
401908472,2026,5,regular,2026-10-03T23:00:00.000Z,False,False,False,True,,6082.0,Big Cat Stadium,2399,Minnesota Morris,iii,Upper Midwest,,,,,,509,Crown,iii,Upper Midwest,,,,,,,,,
401869151,2026,5,regular,2026-10-03T23:00:00.000Z,False,False,False,True,,4424.0,Husky Stadium,2277,Houston Christian,fcs,Southland,,,,,,2447,Nicholls,fcs,Southland,,,,,,,,,
401869131,2026,5,regular,2026-10-03T23:00:00.000Z,False,False,False,True,,3882.0,Provost Umphrey Stadium,2320,Lamar,fcs,Southland,,,,,,2466,Northwestern State,fcs,Southland,,,,,,,,,
401906207,2026,5,regular,2026-10-03T23:00:00.000Z,False,False,False,False,,5935.0,Parker Field at McCool Stadium,2170,Delta State,ii,Gulf South,,,,,,2560,Shorter,ii,Carolinas,,,,,,,,,
401906624,2026,5,regular,2026-10-03T23:00:00.000Z,False,False,False,True,,6129.0,BB&T Field at Griffin Plaza,2646,Thomas More,ii,Great Midwest Athletic,,,,,,2682,Walsh,ii,Great Midwest Athletic,,,,,,,,,
401907278,2026,5,regular,2026-10-03T23:00:00.000Z,False,False,False,True,,5869.0,LeGrand Stadium at 1st Community Credit Union Field,2025,Angelo State,ii,Lone Star,,,,,,2120,Central Washington,ii,Lone Star,,,,,,,,,
401907294,2026,5,regular,2026-10-03T23:00:00.000Z,False,False,True,True,,3689.0,Cramton Bowl,60,Morehouse,ii,SIAC,,,,,,2657,Tuskegee,ii,SIAC,,,,,,,,,
401907458,2026,5,regular,2026-10-03T23:00:00.000Z,False,False,False,True,,3926.0,Setzler Field,2444,Newberry,ii,South Atlantic,,,,,,2842,UVA Wise,ii,South Atlantic,,,,,,,,,
401907638,2026,5,regular,2026-10-03T23:00:00.000Z,False,False,False,True,,3951.0,Swisher Field,425,Northern State,ii,Northern Sun,,,,,,132,Bemidji State,ii,Northern Sun,,,,,,,,,
401908105,2026,5,regular,2026-10-03T23:00:00.000Z,False,False,False,True,,5818.0,Farris Stadium,2121,Centre,iii,Southern Athletic,,,,,,2373,Maryville (TN),iii,USA South,,,,,,,,,
401908431,2026,5,regular,2026-10-03T23:00:00.000Z,False,False,False,True,,6149.0,McCulloch Stadium,2930,Willamette,iii,Northwest,,,,,,2486,Pacific Lutheran,iii,Northwest,,,,,,,,,
401906614,2026,5,regular,2026-10-03T23:00:00.000Z,False,False,False,False,,4463.0,Crusader Stadium,2371,Mary Hardin Baylor,iii,American Southwest,,,,,,122774,Keystone,iii,Independent DIII,,,,,,,,,
401908655,2026,5,regular,2026-10-03T23:00:00.000Z,False,False,False,True,,5854.0,Hoernemann Stadium,191,Heidelberg,iii,Ohio,,,,,,188,Baldwin Wallace,iii,Ohio,,,,,,,,,
401908834,2026,5,regular,2026-10-03T23:00:00.000Z,False,False,False,True,,3733.0,Garcelon Field,121,Bates,iii,NESCAC,,,,,,112,Tufts,iii,NESCAC,,,,,,,,,
401909022,2026,5,regular,2026-10-03T23:00:00.000Z,False,False,False,True,,6128.0,Alumni Stadium (PA),2644,Thiel,iii,Presidents',,,,,,2018,Allegheny,iii,Presidents',,,,,,,,,
401908329,2026,5,regular,2026-10-03T23:00:00.000Z,False,False,False,False,,11956.0,Antler Stadium,102549,Schreiner,,,,,,,,418,Hendrix,iii,Southern Athletic,,,,,,,,,
401862788,2026,5,regular,2026-10-03T23:00:00.000Z,False,False,False,True,,3895.0,Rice Stadium,242,Rice,fbs,American Athletic,,,,1162.0,,2636,UTSA,fbs,American Athletic,,,,1506.0,,,,,
401856818,2026,5,regular,2026-10-03T23:00:00.000Z,False,False,False,True,,3616.0,Amon G. Carter Stadium,2628,TCU,fbs,Big 12,,,,1629.0,,252,BYU,fbs,Big 12,,,,1692.0,,,,,
401856711,2026,5,regular,2026-10-03T23:00:00.000Z,False,False,False,True,,3795.0,Kyle Field,245,Texas A&M,fbs,SEC,,,,1824.0,,8,Arkansas,fbs,SEC,,,,1466.0,,,,,
401856821,2026,5,regular,2026-10-03T23:30:00.000Z,False,False,False,True,,3726.0,Folsom Field,38,Colorado,fbs,Big 12,,,,1330.0,,2641,Texas Tech,fbs,Big 12,,,,1841.0,,,,,
401869842,2026,5,regular,2026-10-03T23:30:00.000Z,False,False,False,False,,3776.0,Joe Aillet Stadium,2348,Louisiana Tech,fbs,Sun Belt,,,,1377.0,,349,Army,fbs,American Athletic,,,,1530.0,,,,,
401858478,2026,5,regular,2026-10-03T23:30:00.000Z,False,False,False,True,,477.0,Los Angeles Memorial Coliseum,30,USC,fbs,Big Ten,,,,1817.0,,264,Washington,fbs,Big Ten,,,,1757.0,,,,,
401862792,2026,5,regular,2026-10-03T23:30:00.000Z,False,False,False,True,,3886.0,Raymond James Stadium,58,South Florida,fbs,American Athletic,,,,1676.0,,218,Temple,fbs,American Athletic,,,,1330.0,,,,,
401860898,2026,5,regular,2026-10-03T23:30:00.000Z,False,False,False,True,,3653.0,Albertsons Stadium,68,Boise State,fbs,Pac-12,,,,1609.0,,328,Utah State,fbs,Pac-12,,,,1348.0,,,,,
401856706,2026,5,regular,2026-10-03T23:45:00.000Z,False,False,False,False,,3958.0,Tiger Stadium (LA),99,LSU,fbs,SEC,,,,1786.0,1786.0,2377,McNeese,fcs,Southland,,,,,,,,,
401868053,2026,5,regular,2026-10-04T00:00:00.000Z,False,False,False,True,,5440.0,Wildcat Stadium (TX),2000,Abilene Christian,fcs,UAC,,,,,,110242,West Florida,fcs,UAC,,,,,,,,,
401907366,2026,5,regular,2026-10-04T00:00:00.000Z,False,False,False,True,,5890.0,Lewis Field Stadium,2231,Fort Hays,ii,Mid America,,,,,,2403,Missouri Southern State,ii,Mid America,,,,,,,,,
401907339,2026,5,regular,2026-10-04T00:00:00.000Z,False,False,False,True,,4724.0,Audrey J. Walton Stadium at Vernon Kennedy Field,2118,Central Missouri,ii,Mid America,,,,,,2122,Central Oklahoma,ii,Mid America,,,,,,,,,
401907310,2026,5,regular,2026-10-04T00:00:00.000Z,False,False,False,True,,6076.0,Javelina Stadium,2658,Texas A&M-Kingsville,ii,Lone Star,,,,,,2704,West Texas,ii,Lone Star,,,,,,,,,
401907287,2026,5,regular,2026-10-04T00:00:00.000Z,False,False,False,True,,6123.0,Jackson Field,2834,Sul Ross State,ii,Lone Star,,,,,,2201,Eastern New Mexico,ii,Lone Star,,,,,,,,,
401907158,2026,5,regular,2026-10-04T00:00:00.000Z,False,False,False,True,,6059.0,Sanchez Family Stadium,2424,New Mexico Highlands,ii,Rocky Mountain,,,,,,2714,Western Colorado,ii,Rocky Mountain,,,,,,,,,
401907125,2026,5,regular,2026-10-04T00:00:00.000Z,False,False,False,True,,5882.0,Ralph Stocker Stadium,11,Colorado Mesa,ii,Rocky Mountain,,,,,,2123,Chadron State,ii,Rocky Mountain,,,,,,,,,
401868077,2026,5,regular,2026-10-04T00:00:00.000Z,False,False,False,True,,1027.0,Alex G. Spanos Stadium,13,Cal Poly,fcs,Big Sky,,,,,,2692,Weber State,fcs,Big Sky,,,,,,,,,
401868104,2026,5,regular,2026-10-04T00:00:00.000Z,False,False,False,True,,1930.0,Holt Arena,304,Idaho State,fcs,Big Sky,,,,,,2464,Northern Arizona,fcs,Big Sky,,,,,,,,,
401869932,2026,5,regular,2026-10-04T00:00:00.000Z,False,False,False,True,,3666.0,Cajun Field,309,Louisiana,fbs,Sun Belt,,,,1397.0,,2032,Arkansas State,fbs,Sun Belt,,,,1319.0,,,,,
401908876,2026,5,regular,2026-10-04T00:00:00.000Z,False,False,False,True,,5918.0,Taylor Field,6353,Lakeland,iii,NACC,,,,,,2283,Benedictine (IL),iii,NACC,,,,,,,,,
401858477,2026,5,regular,2026-10-04T00:00:00.000Z,False,False,False,True,,6577.0,SHI Stadium,164,Rutgers,fbs,Big Ten,,,,1391.0,,84,Indiana,fbs,Big Ten,,,,2121.0,,,,,
401868160,2026,5,regular,2026-10-04T00:00:00.000Z,False,False,False,True,,3745.0,Greater Zion Stadium,3101,Utah Tech,fcs,Big Sky,,,,,,253,Southern Utah,fcs,Big Sky,,,,,,,,,
401908465,2026,5,regular,2026-10-04T01:00:00.000Z,False,False,False,True,,3684.0,Citrus Stadium,2049,Azusa Pacific,iii,So. Cal.,,,,,,29,Redlands,iii,So. Cal.,,,,,,,,,
401860921,2026,5,regular,2026-10-04T01:30:00.000Z,False,False,False,True,,3820.0,Gesa Field,265,Washington State,fbs,Pac-12,,,,1533.0,,278,Fresno State,fbs,Pac-12,,,,1611.0,,,,,
401908456,2026,5,regular,2026-10-04T02:00:00.000Z,False,False,False,True,,6103.0,Merritt Field,2923,Pomona Pitzer,iii,So. Cal.,,,,,,2318,La Verne,iii,So. Cal.,,,,,,,,,
401908443,2026,5,regular,2026-10-04T02:00:00.000Z,False,False,False,True,,5819.0,Ernie Chapman Stadium,411,Chapman,iii,So. Cal.,,,,,,2850,Whittier,iii,So. Cal.,,,,,,,,,
401860900,2026,5,regular,2026-10-04T02:30:00.000Z,False,False,False,True,,7311.0,Snapdragon Stadium,21,San Diego State,fbs,Pac-12,,,,1468.0,,326,Texas State,fbs,Pac-12,,,,1491.0,,,,,
401868086,2026,5,regular,2026-10-04T02:30:00.000Z,False,False,False,True,,3602.0,Aggie Stadium,302,UC Davis,fcs,Big Sky,,,,,,331,Eastern Washington,fcs,Big Sky,,,,,,,,,
401856817,2026,5,regular,2026-10-04T02:30:00.000Z,False,False,False,True,,3947.0,Mountain America Stadium,9,Arizona State,fbs,Big 12,,,,1535.0,,239,Baylor,fbs,Big 12,,,,1534.0,,,,,
401856820,2026,5,regular,2026-10-04T03:00:00.000Z,False,False,False,True,,3619.0,Arizona Stadium,12,Arizona,fbs,Big 12,,,,1634.0,,2132,Cincinnati,fbs,Big 12,,,,1512.0,,,,,
401864513,2026,5,regular,2026-10-04T03:59:00.000Z,False,False,False,True,,7220.0,Clarence T.C. Ching Athletics Complex,62,Hawai'i,fbs,Mountain West,,,,1432.0,,23,San José State,fbs,Mountain West,,,,1393.0,,,,,
401871090,2026,6,regular,2026-10-07T00:00:00.000Z,False,False,False,True,,3975.0,Veterans Memorial Stadium (AL),2653,Troy,fbs,Sun Belt,,,,1421.0,,2572,Southern Miss,fbs,Sun Belt,,,,1224.0,,,,,
401871051,2026,6,regular,2026-10-07T23:00:00.000Z,False,False,False,True,,4899.0,Fifth Third Stadium,338,Kennesaw State,fbs,Conference USA,,,,1285.0,,55,Jacksonville State,fbs,Conference USA,,,,1427.0,,,,,
401871066,2026,6,regular,2026-10-07T23:30:00.000Z,False,False,False,True,,2031.0,Pitbull Stadium,2229,Florida International,fbs,Conference USA,,,,1392.0,,166,New Mexico State,fbs,Conference USA,,,,1261.0,,,,,
401871052,2026,6,regular,2026-10-08T23:00:00.000Z,False,False,False,True,,3796.0,Houchens Industries-L.T. Smith Stadium,98,Western Kentucky,fbs,Conference USA,,,,1242.0,,2623,Missouri State,fbs,Conference USA,,,,1281.0,,,,,
401870766,2026,6,regular,2026-10-08T23:00:00.000Z,False,False,False,True,,3992.0,Williams Stadium (VA),2335,Liberty,fbs,Conference USA,,,,1750.0,,2534,Sam Houston,fbs,Conference USA,,,,1161.0,,,,,
401862794,2026,6,regular,2026-10-08T23:30:00.000Z,False,False,False,True,,3604.0,Alamodome,2636,UTSA,fbs,American Athletic,,,,1506.0,,58,South Florida,fbs,American Athletic,,,,1676.0,,,,,
401869933,2026,6,regular,2026-10-08T23:30:00.000Z,False,False,False,True,,3625.0,Centennial Bank Stadium,2032,Arkansas State,fbs,Sun Belt,,,,1319.0,,6,South Alabama,fbs,Sun Belt,,,,1393.0,,,,,
401858254,2026,6,regular,2026-10-09T23:00:00.000Z,False,False,False,True,,3873.0,L&N Federal Credit Union Stadium,97,Louisville,fbs,ACC,,,,1690.0,,52,Florida State,fbs,ACC,,,,1553.0,,,,,
401868265,2026,6,regular,2026-10-09T23:00:00.000Z,False,False,False,False,,36.0,Leonidoff Field,2368,Marist,fcs,Pioneer,,,,,,171,Columbia,fcs,Ivy,,,,,,,,,
401864519,2026,6,regular,2026-10-10T01:00:00.000Z,False,False,False,True,,3935.0,CEFCU Stadium,23,San José State,fbs,Mountain West,,,,1393.0,,2751,Wyoming,fbs,Mountain West,,,,1268.0,,,,,
401858487,2026,6,regular,2026-10-10T01:00:00.000Z,False,False,False,True,,3765.0,Husky Stadium,264,Washington,fbs,Big Ten,,,,1757.0,,2294,Iowa,fbs,Big Ten,,,,1845.0,,,,,
401860922,2026,6,regular,2026-10-10T01:00:00.000Z,False,False,False,True,,3905.0,Maverik Stadium,328,Utah State,fbs,Pac-12,,,,1348.0,,265,Washington State,fbs,Pac-12,,,,1533.0,,,,,
401856826,2026,6,regular,2026-10-10T02:15:00.000Z,False,False,False,True,,3801.0,LaVell Edwards Stadium,252,BYU,fbs,Big 12,,,,1692.0,,66,Iowa State,fbs,Big 12,,,,1683.0,,,,,
401856716,2026,6,regular,2026-10-10T04:00:00.000Z,True,False,False,True,,3838.0,Memorial Stadium,142,Missouri,fbs,SEC,,,,1690.0,,245,Texas A&M,fbs,SEC,,,,1824.0,,,,EARLY: Noon - 1pm ET start,
401866437,2026,6,regular,2026-10-10T04:00:00.000Z,True,False,False,True,,3739.0,Glass Bowl,2649,Toledo,fbs,Mid-American,,,,1561.0,,2084,Buffalo,fbs,Mid-American,,,,1288.0,,,,,
401858482,2026,6,regular,2026-10-10T04:00:00.000Z,True,False,False,False,,11823.0,Ryan Field,77,Northwestern,fbs,Big Ten,,,,1625.0,,2050,Ball State,fbs,Mid-American,,,,1081.0,,,,,
401869943,2026,6,regular,2026-10-10T04:00:00.000Z,True,False,False,True,,3775.0,Joan C. Edwards Stadium,276,Marshall,fbs,Sun Belt,,,,1391.0,,324,Coastal Carolina,fbs,Sun Belt,,,,1245.0,,,,,
401869965,2026,6,regular,2026-10-10T04:00:00.000Z,True,False,False,True,,3776.0,Joe Aillet Stadium,2348,Louisiana Tech,fbs,Sun Belt,,,,1377.0,,309,Louisiana,fbs,Sun Belt,,,,1397.0,,,,,
401856827,2026,6,regular,2026-10-10T04:00:00.000Z,True,False,False,True,,587.0,Rice-Eccles Stadium,254,Utah,fbs,Big 12,,,,1907.0,,2305,Kansas,fbs,Big 12,,,,1481.0,,,,,
401858256,2026,6,regular,2026-10-10T04:00:00.000Z,True,False,False,True,,3752.0,Acrisure Stadium,221,Pittsburgh,fbs,ACC,,,,1675.0,,153,North Carolina,fbs,ACC,,,,1396.0,,,,,
401858260,2026,6,regular,2026-10-10T04:00:00.000Z,True,False,False,True,,3670.0,Carter-Finley Stadium,152,NC State,fbs,ACC,,,,1510.0,,154,Wake Forest,fbs,ACC,,,,1514.0,,,,,
401858481,2026,6,regular,2026-10-10T04:00:00.000Z,True,False,False,True,,3834.0,"Memorial Stadium (Lincoln, NE)",158,Nebraska,fbs,Big Ten,,,,1705.0,,84,Indiana,fbs,Big Ten,,,,2121.0,,,,,
401858483,2026,6,regular,2026-10-10T04:00:00.000Z,True,False,False,True,,3861.0,Ohio Stadium,194,Ohio State,fbs,Big Ten,,,,2032.0,,120,Maryland,fbs,Big Ten,,,,1474.0,,,,,
401858484,2026,6,regular,2026-10-10T04:00:00.000Z,True,False,False,True,,3626.0,Autzen Stadium,2483,Oregon,fbs,Big Ten,,,,1811.0,,26,UCLA,fbs,Big Ten,,,,1502.0,,,,,
401862797,2026,6,regular,2026-10-10T04:00:00.000Z,True,False,False,True,,3699.0,Dowdy-Ficklen Stadium,151,East Carolina,fbs,American Athletic,,,,1456.0,,242,Rice,fbs,American Athletic,,,,1162.0,,,,,
401858486,2026,6,regular,2026-10-10T04:00:00.000Z,True,False,False,True,,3907.0,Ross-Ade Stadium,2509,Purdue,fbs,Big Ten,,,,1311.0,,135,Minnesota,fbs,Big Ten,,,,1484.0,,,,,
401856823,2026,6,regular,2026-10-10T04:00:00.000Z,True,False,False,True,,3842.0,Milan Puskar Stadium,277,West Virginia,fbs,Big 12,,,,1408.0,,12,Arizona,fbs,Big 12,,,,1634.0,,,,,
401856712,2026,6,regular,2026-10-10T04:00:00.000Z,True,False,False,True,,3657.0,Bryant-Denny Stadium,333,Alabama,fbs,SEC,,,,1863.0,,61,Georgia,fbs,SEC,,,,1972.0,,,,NIGHT: 6 - 8pm ET start,
401856713,2026,6,regular,2026-10-10T04:00:00.000Z,True,False,False,True,,3887.0,Razorback Stadium,8,Arkansas,fbs,SEC,,,,1466.0,,2633,Tennessee,fbs,SEC,,,,1771.0,,,,FLEX: 3:30 - 4:30pm OR 6 - 8pm ET start,
401856714,2026,6,regular,2026-10-10T04:00:00.000Z,True,False,False,True,,3634.0,Ben Hill Griffin Stadium,57,Florida,fbs,SEC,,,,1668.0,,2579,South Carolina,fbs,SEC,,,,1721.0,,,,EARLY: Noon - 1pm ET start,
401856715,2026,6,regular,2026-10-10T04:00:00.000Z,True,False,False,True,,3683.0,Kroger Field,96,Kentucky,fbs,SEC,,,,1506.0,,99,LSU,fbs,SEC,,,,1786.0,,,,NIGHT: 6 - 8pm ET start,
401869843,2026,6,regular,2026-10-10T04:00:00.000Z,True,False,False,True,,3792.0,Kidd Brewer Stadium,2026,App State,fbs,Sun Belt,,,,1324.0,,295,Old Dominion,fbs,Sun Belt,,,,1295.0,,,,,
401858255,2026,6,regular,2026-10-10T04:00:00.000Z,True,False,False,True,,721.0,Bobby Dodd Stadium,59,Georgia Tech,fbs,ACC,,,,1515.0,,150,Duke,fbs,ACC,,,,1656.0,,,,,
401869949,2026,6,regular,2026-10-10T04:00:00.000Z,True,False,False,True,,3608.0,Allen E. Paulson Stadium,290,Georgia Southern,fbs,Sun Belt,,,,1358.0,,256,James Madison,fbs,Sun Belt,,,,1777.0,,,,,
401856718,2026,6,regular,2026-10-10T04:00:00.000Z,True,False,False,True,,3973.0,FirstBank Stadium,238,Vanderbilt,fbs,SEC,,,,1742.0,,145,Ole Miss,fbs,SEC,,,,1859.0,,,,FLEX: 3:30 - 4:30pm OR 6 - 8pm ET start,
401866439,2026,6,regular,2026-10-10T04:00:00.000Z,True,False,False,True,,3980.0,Waldo Stadium,2711,Western Michigan,fbs,Mid-American,,,,1519.0,,2309,Kent State,fbs,Mid-American,,,,1007.0,,,,,
401862798,2026,6,regular,2026-10-10T04:00:00.000Z,True,False,False,True,,3805.0,Simmons Bank Liberty Stadium,235,Memphis,fbs,American Athletic,,,,1526.0,,5,UAB,fbs,American Athletic,,,,1393.0,,,,,
401856824,2026,6,regular,2026-10-10T04:00:00.000Z,True,False,False,True,,3646.0,Boone Pickens Stadium,197,Oklahoma State,fbs,Big 12,,,,1274.0,,2116,UCF,fbs,Big 12,,,,1481.0,,,,,
401867907,2026,6,regular,2026-10-10T04:00:00.000Z,True,False,False,False,,3624.0,Arute Field,2115,Central Connecticut,fcs,NEC,,,,,,2022,American International,ii,Northeast 10,,,,,,,,,
401858258,2026,6,regular,2026-10-10T04:00:00.000Z,True,False,False,True,,3923.0,Scott Stadium,258,Virginia,fbs,ACC,,,,1612.0,,183,Syracuse,fbs,ACC,,,,1290.0,,,,,
401864517,2026,6,regular,2026-10-10T04:00:00.000Z,True,False,False,True,,3946.0,Sun Bowl,2638,UTEP,fbs,Mountain West,,,,1130.0,,2440,Nevada,fbs,Mountain West,,,,1441.0,,,,,
401866440,2026,6,regular,2026-10-10T04:00:00.000Z,True,False,False,True,,3985.0,Warren McGuirk Alumni Stadium,113,Massachusetts,fbs,Mid-American,,,,1076.0,,193,Miami (OH),fbs,Mid-American,,,,1263.0,,,,,
401856825,2026,6,regular,2026-10-10T04:00:00.000Z,True,False,False,True,,3636.0,Bill Snyder Family Stadium,2306,Kansas State,fbs,Big 12,,,,1692.0,,248,Houston,fbs,Big 12,,,,1518.0,,,,,
401866438,2026,6,regular,2026-10-10T04:00:00.000Z,True,False,False,True,,3876.0,Peden Stadium,195,Ohio,fbs,Mid-American,,,,1318.0,,2117,Central Michigan,fbs,Mid-American,,,,1291.0,,,,,
401858480,2026,6,regular,2026-10-10T04:00:00.000Z,True,False,False,True,,3936.0,Spartan Stadium,127,Michigan State,fbs,Big Ten,,,,1537.0,,356,Illinois,fbs,Big Ten,,,,1589.0,,,,,
401858259,2026,6,regular,2026-10-10T04:00:00.000Z,True,False,False,True,,3831.0,California Memorial Stadium,25,California,fbs,ACC,,,,1350.0,,259,Virginia Tech,fbs,ACC,,,,1489.0,,,,,
401867930,2026,6,regular,2026-10-10T04:00:00.000Z,True,False,False,False,,3979.0,Wagner College Stadium,2681,Wagner,fcs,NEC,,,,,,163,Princeton,fcs,Ivy,,,,,,,,,
401858485,2026,6,regular,2026-10-10T04:00:00.000Z,True,False,False,True,,3632.0,Beaver Stadium,213,Penn State,fbs,Big Ten,,,,1933.0,,30,USC,fbs,Big Ten,,,,1817.0,,,,,
401862796,2026,6,regular,2026-10-10T04:00:00.000Z,True,False,False,True,,3825.0,DATCU Stadium,249,North Texas,fbs,American Athletic,,,,1646.0,,2429,Charlotte,fbs,American Athletic,,,,1169.0,,,,,
401866436,2026,6,regular,2026-10-10T04:00:00.000Z,True,False,False,True,,3700.0,Doyt L. Perry Stadium,189,Bowling Green,fbs,Mid-American,,,,1132.0,,16,Sacramento State,fbs,Mid-American,,,,1297.0,,,,,
401856808,2026,6,regular,2026-10-10T04:00:00.000Z,True,False,False,False,,3947.0,Mountain America Stadium,9,Arizona State,fbs,Big 12,,,,1535.0,,62,Hawai'i,fbs,Mountain West,,,,1432.0,,,,,
401861964,2026,6,regular,2026-10-10T04:00:00.000Z,True,False,False,False,,3806.0,Lincoln Financial Field,218,Temple,fbs,American Athletic,,,,1330.0,,41,UConn,fbs,FBS Independents,,,,1474.0,,,,,
401866658,2026,6,regular,2026-10-10T16:00:00.000Z,False,False,False,True,,3603.0,Aggie Stadium,2448,North Carolina A&T,fcs,Coastal Athletic,,,,,,160,New Hampshire,fcs,Coastal Athletic,,,,,,,,,
401866660,2026,6,regular,2026-10-10T16:00:00.000Z,False,False,False,False,,3668.0,Campus Field,2529,Sacred Heart,fcs,Coastal Athletic,,,,,,284,Stonehill,fcs,NEC,,,,,,,,,
401906180,2026,6,regular,2026-10-10T16:00:00.000Z,False,False,False,True,,6061.0,Younts Stadium,2822,North Greenville,ii,Carolinas,,,,,,2804,Chowan,ii,Carolinas,,,,,,,,,
401906643,2026,6,regular,2026-10-10T16:00:00.000Z,False,False,False,True,,3870.0,Panther Stadium (OH),2477,Ohio Dominican,ii,Great Midwest Athletic,,,,,,2646,Thomas More,ii,Great Midwest Athletic,,,,,,,,,
401906862,2026,6,regular,2026-10-10T16:00:00.000Z,False,False,False,True,,3698.0,Donnell Stadium,2224,Findlay,ii,Great Midwest Athletic,,,,,,308,Ashland,ii,Great Midwest Athletic,,,,,,,,,
401906997,2026,6,regular,2026-10-10T16:00:00.000Z,False,False,False,True,,3927.0,Sherman Field,2392,Michigan Tech,ii,GLIAC,,,,,,125,Grand Valley State,ii,GLIAC,,,,,,,,,
401907572,2026,6,regular,2026-10-10T16:00:00.000Z,False,False,False,True,,4432.0,Andre Reed Stadium,2315,Kutztown,ii,Pennsylvania State Athletic,,,,,,132714,Lackawanna,,,,,,,,,,,
401907582,2026,6,regular,2026-10-10T16:00:00.000Z,False,False,False,True,,5121.0,University of Charleston Stadium,2128,Charleston (WV),ii,Mountain East,,,,,,112335,Wheeling,ii,Mountain East,,,,,,,,,
401907659,2026,6,regular,2026-10-10T16:00:00.000Z,False,False,False,True,,5814.0,Gesling Stadium,2102,Carnegie Mellon,iii,Presidents',,,,,,118,Johns Hopkins,iii,Centennial,,,,,,,,,
401907676,2026,6,regular,2026-10-10T16:00:00.000Z,False,False,False,True,,4431.0,Chryst Field at Biemesderfer Stadium,210,Millersville,ii,Pennsylvania State Athletic,,,,,,2559,Shippensburg,ii,Pennsylvania State Athletic,,,,,,,,,
401908086,2026,6,regular,2026-10-10T16:00:00.000Z,False,False,False,True,,6087.0,Drake Field (NY),3110,SUNY Morrisville,iii,Empire 8,,,,,,390,Utica,iii,Empire 8,,,,,,,,,
401908175,2026,6,regular,2026-10-10T16:00:00.000Z,False,False,False,True,,5791.0,Turf Field,111674,Alvernia,iii,Mid Atlantic,,,,,,2969,Misericordia,iii,Mid Atlantic,,,,,,,,,
401908565,2026,6,regular,2026-10-10T16:00:00.000Z,False,False,False,False,,5929.0,Ritchie Field,274,Maine Maritime,iii,Commonwealth Coast,,,,,,2467,Norwich,iii,NEWMAC,,,,,,,,,
401908571,2026,6,regular,2026-10-10T16:00:00.000Z,False,False,False,True,,5845.0,Elliot Field Athletic Complex,114,Fitchburg State,iii,MSCAC,,,,,,402,Worcester State,iii,MSCAC,,,,,,,,,
401908589,2026,6,regular,2026-10-10T16:00:00.000Z,False,False,False,False,,5831.0,Dale Lippert Field,110438,Dean,iii,MSCAC,,,,,,417,Gallaudet,iii,Southern Collegiate Athletic,,,,,,,,,
401908594,2026,6,regular,2026-10-10T16:00:00.000Z,False,False,False,True,,3690.0,Charles L. Currier Memorial Field,2972,Plymouth State,iii,MSCAC,,,,,,2967,Framingham State,iii,MSCAC,,,,,,,,,
401908619,2026,6,regular,2026-10-10T16:00:00.000Z,False,False,False,True,,6144.0,"Alumni Field (Westfield, MA)",2909,Westfield State,iii,MSCAC,,,,,,110,Mass Maritime,iii,MSCAC,,,,,,,,,
401908634,2026,6,regular,2026-10-10T16:00:00.000Z,False,False,False,True,,6202.0,Cardinal Stadium (DC),2108,Catholic,iii,Landmark Conference,,,,,,216,Susquehanna,iii,Landmark Conference,,,,,,,,,
401908641,2026,6,regular,2026-10-10T16:00:00.000Z,False,False,False,True,,6086.0,Rocco Calvo Field,323,Moravian,iii,Landmark Conference,,,,,,246,Juniata,iii,Landmark Conference,,,,,,,,,
401908717,2026,6,regular,2026-10-10T16:00:00.000Z,False,False,False,True,,5810.0,Coyer Field,2085,Buffalo State,iii,Liberty League,,,,,,2528,Rensselaer,iii,Liberty League,,,,,,,,,
401868229,2026,6,regular,2026-10-10T16:00:00.000Z,False,False,False,True,,3988.0,Welcome Stadium,2168,Dayton,fcs,Pioneer,,,,,,2413,Morehead State,fcs,Pioneer,,,,,,,,,
401867919,2026,6,regular,2026-10-10T16:00:00.000Z,False,False,False,False,,3762.0,Hughes Stadium,2415,Morgan State,fcs,MEAC,,,,,,2523,Robert Morris,fcs,NEC,,,,,,,,,
401867836,2026,6,regular,2026-10-10T16:00:00.000Z,False,False,False,True,,3997.0,Yale Bowl,43,Yale,fcs,Ivy,,,,,,159,Dartmouth,fcs,Ivy,,,,,,,,,
401866662,2026,6,regular,2026-10-10T16:00:00.000Z,False,False,False,False,,3656.0,Brown Stadium,225,Brown,fcs,Ivy,,,,,,2803,Bryant,fcs,Coastal Athletic,,,,,,,,,
401862795,2026,6,regular,2026-10-10T16:00:00.000Z,False,False,False,True,,3841.0,Michie Stadium,349,Army,fbs,American Athletic,,,,1530.0,,2655,Tulane,fbs,American Athletic,,,,1520.0,,,,,
401908192,2026,6,regular,2026-10-10T16:30:00.000Z,False,False,False,True,,7513.0,O'Hara Field,127954,Eastern,iii,Mid Atlantic,,,,,,247,King's,iii,Mid Atlantic,,,,,,,,,
401867992,2026,6,regular,2026-10-10T16:30:00.000Z,False,False,False,True,,3847.0,Cooper Field,46,Georgetown,fcs,Patriot,,,,,,2083,Bucknell,fcs,Patriot,,,,,,,,,
401907398,2026,6,regular,2026-10-10T17:00:00.000Z,False,False,False,True,,3663.0,Burke-Tarr Stadium,2105,Carson Newman,ii,South Atlantic,,,,,,129469,Anderson (SC),ii,South Atlantic,,,,,,,,,
401908900,2026,6,regular,2026-10-10T17:00:00.000Z,False,False,False,True,,6141.0,Corwin Stadium,336,Wesleyan (CT),iii,NESCAC,,,,,,33,Colby,iii,NESCAC,,,,,,,,,
401908910,2026,6,regular,2026-10-10T17:00:00.000Z,False,False,False,True,,6131.0,Jessee/Miller Field,2977,Trinity (CT),iii,NESCAC,,,,,,348,Hamilton,iii,NESCAC,,,,,,,,,
401908977,2026,6,regular,2026-10-10T17:00:00.000Z,False,False,False,True,,6114.0,Sea Gull Stadium,2532,Salisbury,iii,New Jersey,,,,,,2827,Rowan,iii,New Jersey,,,,,,,,,
401908994,2026,6,regular,2026-10-10T17:00:00.000Z,False,False,False,True,,5892.0,Armfield Athletic Center,2258,Guilford,iii,Old Dominion,,,,,,2079,Bridgewater,iii,Old Dominion,,,,,,,,,
401909010,2026,6,regular,2026-10-10T17:00:00.000Z,False,False,False,True,,6138.0,Wilson Field,2688,Washington and Lee,iii,Old Dominion,,,,,,2516,Randolph Macon,iii,Old Dominion,,,,,,,,,
401909053,2026,6,regular,2026-10-10T17:00:00.000Z,False,False,False,True,,3677.0,Chuck Noll Field,2614,Saint Vincent,iii,Presidents',,,,,,2644,Thiel,iii,Presidents',,,,,,,,,
401867960,2026,6,regular,2026-10-10T17:00:00.000Z,False,False,False,False,,3730.0,Franklin Field,219,Pennsylvania,fcs,Ivy,,,,,,47,Howard,fcs,MEAC,,,,,,,,,
401867911,2026,6,regular,2026-10-10T17:00:00.000Z,False,False,False,True,,3623.0,Arthur J. Rooney Athletic Field,2184,Duquesne,fcs,NEC,,,,,,2341,Long Island University,fcs,NEC,,,,,,,,,
401868212,2026,6,regular,2026-10-10T17:00:00.000Z,False,False,False,True,,3664.0,Butler Bowl,2086,Butler,fcs,Pioneer,,,,,,301,San Diego,fcs,Pioneer,,,,,,,,,
401868340,2026,6,regular,2026-10-10T17:00:00.000Z,False,False,False,True,,3720.0,Finley Stadium,236,Chattanooga,fcs,Southern,,,,,,2535,Samford,fcs,Southern,,,,,,,,,
401907590,2026,6,regular,2026-10-10T17:00:00.000Z,False,False,False,True,,5785.0,Dickerson Stadium,2707,West Virginia State,ii,Mountain East,,,,,,2148,Concord,ii,Mountain East,,,,,,,,,
401907599,2026,6,regular,2026-10-10T17:00:00.000Z,False,False,False,True,,5784.0,Cebe Ross Field,455,West Virginia Wesleyan,ii,Mountain East,,,,,,2986,Fairmont State,ii,Mountain East,,,,,,,,,
401907607,2026,6,regular,2026-10-10T17:00:00.000Z,False,False,False,True,,5887.0,I.L. & Sue Morris Stadium,2249,Glenville State,ii,Mountain East,,,,,,341,Frostburg State,ii,Mountain East,,,,,,,,,
401907648,2026,6,regular,2026-10-10T17:00:00.000Z,False,False,False,True,,6051.0,James S. Malosky Stadium,134,Minnesota Duluth,ii,Northern Sun,,,,,,425,Northern State,ii,Northern Sun,,,,,,,,,
401907681,2026,6,regular,2026-10-10T17:00:00.000Z,False,False,False,True,,3606.0,Scheels Field at Nemzek Stadium,2817,Minnesota St Moorhead,ii,Northern Sun,,,,,,559,University of Mary,ii,Northern Sun,,,,,,,,,
401907709,2026,6,regular,2026-10-10T17:00:00.000Z,False,False,False,True,,5933.0,Sea Foam Stadium,3066,Concordia St. Paul,ii,Northern Sun,,,,,,2043,Augustana (SD),ii,Northern Sun,,,,,,,,,
401907740,2026,6,regular,2026-10-10T17:00:00.000Z,False,False,False,True,,3671.0,Case Field,2963,Case Western Reserve,iii,Presidents',,,,,,2598,Saint Francis,iii,Presidents',,,,,,,,,
401907750,2026,6,regular,2026-10-10T17:00:00.000Z,False,False,False,True,,5862.0,Butterfield Stadium,175,Ithaca,iii,Liberty League,,,,,,184,Rochester (NY),iii,Liberty League,,,,,,,,,
401908052,2026,6,regular,2026-10-10T17:00:00.000Z,False,False,False,True,,6117.0,Knight Stadium,2896,Southern Virginia,iii,USA South,,,,,,2913,Brevard,iii,USA South,,,,,,,,,
401908080,2026,6,regular,2026-10-10T17:00:00.000Z,False,False,False,True,,5802.0,Belhaven Bowl Stadium,2056,Belhaven,iii,USA South,,,,,,286,North Carolina Wesleyan,iii,USA South,,,,,,,,,
401908098,2026,6,regular,2026-10-10T17:00:00.000Z,False,False,False,True,,5910.0,Callaway Stadium,548,LaGrange,iii,USA South,,,,,,291,Methodist,iii,USA South,,,,,,,,,
401908106,2026,6,regular,2026-10-10T17:00:00.000Z,False,False,False,True,,5932.0,Lloyd L. Thornton Stadium,2373,Maryville (TN),iii,USA South,,,,,,2553,Sewanee,iii,Southern Athletic,,,,,,,,,
401908166,2026,6,regular,2026-10-10T17:00:00.000Z,False,False,False,True,,4855.0,Leslie C. Quick Jr. Stadium,2725,Widener,iii,Mid Atlantic,,,,,,2015,Albright,iii,Mid Atlantic,,,,,,,,,
401908184,2026,6,regular,2026-10-10T17:00:00.000Z,False,False,False,True,,5833.0,Robert A. Lipinski Field at James Work Memorial Stadium,2808,Delaware Valley,iii,Mid Atlantic,,,,,,2221,FDU Florham,iii,Mid Atlantic,,,,,,,,,
401908264,2026,6,regular,2026-10-10T17:00:00.000Z,False,False,False,True,,3621.0,Arnold Field (PA),388,Lebanon Valley,iii,Mid Atlantic,,,,,,471,Stevenson,iii,Mid Atlantic,,,,,,,,,
401908334,2026,6,regular,2026-10-10T17:00:00.000Z,False,False,False,True,,5851.0,Shirk Field at Musselman Stadium,2248,Gettysburg,iii,Centennial,,,,,,2175,Dickinson,iii,Centennial,,,,,,,,,
401908342,2026,6,regular,2026-10-10T17:00:00.000Z,False,False,False,True,,6089.0,Scotty Wood Stadium,2422,Muhlenberg,iii,Centennial,,,,,,2234,Franklin & Marshall,iii,Centennial,,,,,,,,,
401908362,2026,6,regular,2026-10-10T17:00:00.000Z,False,False,False,True,,3922.0,Kenneth R. Gill Stadium,2700,McDaniel,iii,Centennial,,,,,,2667,Ursinus,iii,Centennial,,,,,,,,,
401908473,2026,6,regular,2026-10-10T17:00:00.000Z,False,False,False,True,,5829.0,Old National Bank Stadium,509,Crown,iii,Upper Midwest,,,,,,433,Westminster (MO),iii,Upper Midwest,,,,,,,,,
401908503,2026,6,regular,2026-10-10T17:00:00.000Z,False,False,False,True,,5853.0,Francis Field (IL),2257,Greenville,iii,Upper Midwest,,,,,,446,Martin Luther,iii,Upper Midwest,,,,,,,,,
401908647,2026,6,regular,2026-10-10T17:00:00.000Z,False,False,False,True,,3920.0,Schmidt Stadium,398,Wilkes,iii,Landmark Conference,,,,,,2354,Lycoming,iii,Landmark Conference,,,,,,,,,
401908687,2026,6,regular,2026-10-10T17:00:00.000Z,False,False,False,True,,5856.0,Boswell Field at David J. Urick Stadium,174,Hobart,iii,Liberty League,,,,,,237,Union,iii,Liberty League,,,,,,,,,
401908734,2026,6,regular,2026-10-10T17:00:00.000Z,False,False,False,True,,5919.0,Ron Roberts Field at the Banta Bowl,268,Lawrence,iii,Midwest,,,,,,266,Beloit,iii,Midwest,,,,,,,,,
401908775,2026,6,regular,2026-10-10T17:00:00.000Z,False,False,False,True,,5858.0,England Stadium,2286,Illinois College,iii,Midwest,,,,,,65,Grinnell,iii,Midwest,,,,,,,,,
401908855,2026,6,regular,2026-10-10T17:00:00.000Z,False,False,False,True,,6151.0,Farley-Lamb Field,2731,Williams,iii,NESCAC,,,,,,121,Bates,iii,NESCAC,,,,,,,,,
401908888,2026,6,regular,2026-10-10T17:00:00.000Z,False,False,False,True,,3889.0,Reinhart Field,2951,SUNY Maritime,iii,NEWMAC,,,,,,2383,Merchant Marine,iii,NEWMAC,,,,,,,,,
401873407,2026,6,regular,2026-10-10T17:00:00.000Z,False,False,False,True,,5905.0,Kean Alumni Stadium,2871,Kean,iii,New Jersey,,,,,,3112,Christopher Newport,iii,New Jersey,,,,,,,,,
401907423,2026,6,regular,2026-10-10T17:00:00.000Z,False,False,False,True,,5840.0,Fred Selfe Stadium at Nicewonder Field,2213,Emory & Henry,ii,South Atlantic,,,,,,2369,Mars Hill,ii,South Atlantic,,,,,,,,,
401907521,2026,6,regular,2026-10-10T17:00:00.000Z,False,False,False,True,,4436.0,Adamson Stadium,2858,California (PA),ii,Pennsylvania State Athletic,,,,,,2205,Edinboro,ii,Pennsylvania State Athletic,,,,,,,,,
401906190,2026,6,regular,2026-10-10T17:00:00.000Z,False,False,False,True,,6060.0,Grace P. Johnson Stadium,2882,UNC Pembroke,ii,Carolinas,,,,,,101784,Erskine,ii,Carolinas,,,,,,,,,
401906572,2026,6,regular,2026-10-10T17:00:00.000Z,False,False,False,True,,6065.0,Cliff Harris Stadium,2888,Ouachita Baptist,ii,Great American,,,,,,200,Southern Nazarene,ii,Great American,,,,,,,,,
401867954,2026,6,regular,2026-10-10T17:00:00.000Z,False,False,False,False,,3613.0,Alumni Stadium,2169,Delaware State,fcs,MEAC,,,,,,112334,Franklin Pierce,ii,Northeast 10,,,,,,,,,
401867860,2026,6,regular,2026-10-10T17:00:00.000Z,False,False,False,True,,3829.0,Memorial Stadium,282,Indiana State,fcs,MVFC,,,,,,2754,Youngstown State,fcs,MVFC,,,,,,,,,
401906884,2026,6,regular,2026-10-10T17:00:00.000Z,False,False,False,True,,3600.0,Tom Adams Field,131,Wayne State (MI),ii,GLIAC,,,,,,127991,Roosevelt,ii,GLIAC,,,,,,,,,
401906906,2026,6,regular,2026-10-10T17:00:00.000Z,False,False,False,True,,3960.0,Top Taggart Field,2222,Ferris State,ii,GLIAC,,,,,,129,Saginaw Valley State,ii,GLIAC,,,,,,,,,
401906953,2026,6,regular,2026-10-10T17:00:00.000Z,False,False,False,True,,4749.0,McPherson Memorial Stadium,2119,Central State,ii,SIAC,,,,,,2657,Tuskegee,ii,SIAC,,,,,,,,,
401906974,2026,6,regular,2026-10-10T17:00:00.000Z,False,False,False,True,,5945.0,Wildcat Stadium (GA),2232,Fort Valley State,ii,SIAC,,,,,,2805,Clark Atlanta,ii,SIAC,,,,,,,,,
401906160,2026,6,regular,2026-10-10T17:00:00.000Z,False,False,False,True,,6041.0,Irwin Belk Complex,2304,Johnson C. Smith,ii,CIAA,,,,,,2551,Shaw,ii,CIAA,,,,,,,,,
401907387,2026,6,regular,2026-10-10T17:00:00.000Z,False,False,False,True,,6034.0,Yager Stadium at Moore Bowl,2687,Washburn,ii,Mid America,,,,,,90,Pittsburg State,ii,Mid America,,,,,,,,,
401906129,2026,6,regular,2026-10-10T17:00:00.000Z,False,False,False,True,,5941.0,Roebuck Stadium,2207,Elizabeth City State,ii,CIAA,,,,,,2339,Lincoln (PA),ii,CIAA,,,,,,,,,
401867829,2026,6,regular,2026-10-10T17:00:00.000Z,False,False,False,True,,3921.0,Schoellkopf Field,172,Cornell,fcs,Ivy,,,,,,108,Harvard,fcs,Ivy,,,,,,,,,
401906141,2026,6,regular,2026-10-10T17:00:00.000Z,False,False,False,True,,3904.0,Rogers Stadium (VA),330,Virginia State,ii,CIAA,,,,,,2940,Livingstone,ii,CIAA,,,,,,,,,
401906121,2026,6,regular,2026-10-10T17:00:00.000Z,False,False,False,True,,3649.0,Bowman Gray Stadium,2736,Winston-Salem State,ii,CIAA,,,,,,2075,Bowie State,ii,CIAA,,,,,,,,,
401867980,2026,6,regular,2026-10-10T17:00:00.000Z,False,False,False,False,,3862.0,O'Kelly-Riddick Stadium,2428,North Carolina Central,fcs,MEAC,,,,,,2729,William & Mary,fcs,Patriot,,,,,,,,,
401873232,2026,6,regular,2026-10-10T17:00:00.000Z,False,False,False,True,,6102.0,Sparks Stadium,2486,Pacific Lutheran,iii,Northwest,,,,,,2508,Puget Sound,iii,Northwest,,,,,,,,,
401906208,2026,6,regular,2026-10-10T17:00:00.000Z,False,False,False,True,,4015.0,Barron Stadium,2560,Shorter,ii,Carolinas,,,,,,366,Ferrum,ii,Carolinas,,,,,,,,,
401907295,2026,6,regular,2026-10-10T17:00:00.000Z,False,False,False,True,,6056.0,B.T. Harvey Stadium,60,Morehouse,ii,SIAC,,,,,,2542,Savannah State,ii,SIAC,,,,,,,,,
401908792,2026,6,regular,2026-10-10T17:30:00.000Z,False,False,False,True,,4856.0,Mount Union Stadium,426,Mount Union,iii,Ohio,,,,,,317,Marietta,iii,Ohio,,,,,,,,,
401908219,2026,6,regular,2026-10-10T17:30:00.000Z,False,False,False,True,,5930.0,Carl W. Burt Memorial Stadium,2362,Manchester,iii,Heartland,,,,,,2074,Bluffton,iii,Heartland,,,,,,,,,
401908227,2026,6,regular,2026-10-10T17:30:00.000Z,False,False,False,True,,3716.0,"Stewart """"Red"""" Faught Stadium",2233,Franklin,iii,Heartland,,,,,,2419,Mount St Joseph,iii,Heartland,,,,,,,,,
401908665,2026,6,regular,2026-10-10T17:30:00.000Z,False,False,False,True,,6090.0,Sherman Field at McConagha Stadium,332,Muskingum,iii,Ohio,,,,,,424,Capital,iii,Ohio,,,,,,,,,
401868256,2026,6,regular,2026-10-10T18:00:00.000Z,False,False,False,True,,3655.0,Brown Field,2674,Valparaiso,fcs,Pioneer,,,,,,2181,Drake,fcs,Pioneer,,,,,,,,,
401908072,2026,6,regular,2026-10-10T18:00:00.000Z,False,False,False,True,,7512.0,St. Francis High School,125974,Hilbert,iii,Empire 8,,,,,,2779,St. Lawrence,iii,Liberty League,,,,,,,,,
401908011,2026,6,regular,2026-10-10T18:00:00.000Z,False,False,False,True,,5911.0,Ralph E. Davis Pioneer Stadium,272,Wisconsin Platteville,iii,Wisconsin,,,,,,2738,Wisconsin Eau Claire,iii,Wisconsin,,,,,,,,,
401907998,2026,6,regular,2026-10-10T18:00:00.000Z,False,False,False,True,,5901.0,David Smith Stadium at Ramer Field,2723,Wisconsin River Falls,iii,Wisconsin,,,,,,271,Wisconsin Oshkosh,iii,Wisconsin,,,,,,,,,
401907968,2026,6,regular,2026-10-10T18:00:00.000Z,False,False,False,True,,6120.0,Growney Stadium,374,St. John Fisher,iii,Empire 8,,,,,,173,Hartwick,iii,Empire 8,,,,,,,,,
401907958,2026,6,regular,2026-10-10T18:00:00.000Z,False,False,False,True,,5903.0,Community Stadium at Goerke Park,2743,Wisconsin Stevens Point,iii,Wisconsin,,,,,,2744,Wisconsin Stout,iii,Wisconsin,,,,,,,,,
401907889,2026,6,regular,2026-10-10T18:00:00.000Z,False,False,False,True,,5914.0,Veterans Memorial Stadium (WI),2740,Wisconsin La Crosse,iii,Wisconsin,,,,,,2745,Wisconsin Whitewater,iii,Wisconsin,,,,,,,,,
401907821,2026,6,regular,2026-10-10T18:00:00.000Z,False,False,False,True,,5816.0,Art Keller Field,2106,Carthage,iii,CCIW,,,,,,72,Elmhurst,iii,CCIW,,,,,,,,,
401907784,2026,6,regular,2026-10-10T18:00:00.000Z,False,False,False,True,,5796.0,Charles D. Lindberg Stadium,2042,Augustana (IL),iii,CCIW,,,,,,74,Millikin,iii,CCIW,,,,,,,,,
401907566,2026,6,regular,2026-10-10T18:00:00.000Z,False,False,False,True,,4433.0,George P. Miller Stadium,2291,IU Pennsylvania,ii,Pennsylvania State Athletic,,,,,,209,Lock Haven,ii,Pennsylvania State Athletic,,,,,,,,,
401868347,2026,6,regular,2026-10-10T18:00:00.000Z,False,False,False,True,,3782.0,Johnson Hagood Stadium,2643,The Citadel,fcs,Southern,,,,,,2193,East Tennessee State,fcs,Southern,,,,,,,,,
401867974,2026,6,regular,2026-10-10T18:00:00.000Z,False,False,False,False,,3991.0,"William Dick"""" Price Stadium""""",2450,Norfolk State,fcs,MEAC,,,,,,2355,Virginia Lynchburg,,,,,,,,,,,
401867886,2026,6,regular,2026-10-10T18:00:00.000Z,False,False,False,True,,1905.0,DakotaDome,233,South Dakota,fcs,MVFC,,,,,,79,Southern Illinois,fcs,MVFC,,,,,,,,,
401907531,2026,6,regular,2026-10-10T18:00:00.000Z,False,False,False,True,,4437.0,"Memorial Stadium (Clarion, PA)",2134,Clarion,ii,Pennsylvania State Athletic,,,,,,367,Gannon,ii,Pennsylvania State Athletic,,,,,,,,,
401906625,2026,6,regular,2026-10-10T18:00:00.000Z,False,False,False,True,,3729.0,"Frank ""Muddy"" Waters Stadium",2273,Hillsdale,ii,Great Midwest Athletic,,,,,,2682,Walsh,ii,Great Midwest Athletic,,,,,,,,,
401906914,2026,6,regular,2026-10-10T18:00:00.000Z,False,False,False,True,,5867.0,Albany State University Coliseum,2013,Albany State,ii,SIAC,,,,,,2323,Lane College,ii,SIAC,,,,,,,,,
401906924,2026,6,regular,2026-10-10T18:00:00.000Z,False,False,False,True,,6217.0,W.C. Hawkins Stadium,2019,Allen,ii,SIAC,,,,,,490,Benedict,ii,SIAC,,,,,,,,,
401906946,2026,6,regular,2026-10-10T18:00:00.000Z,False,False,False,True,,5934.0,Farmers Insurance Athletic Complex,110254,Davenport,ii,GLIAC,,,,,,128,Northern Michigan,ii,GLIAC,,,,,,,,,
401907215,2026,6,regular,2026-10-10T18:00:00.000Z,False,False,False,True,,6047.0,Leemon Field,2816,McKendree,ii,Great Lakes,,,,,,2586,Southwest Baptist,ii,Great Lakes,,,,,,,,,
401907244,2026,6,regular,2026-10-10T18:00:00.000Z,False,False,False,True,,6030.0,Harms-Eischeid Stadium,389,Upper Iowa,ii,Great Lakes,,,,,,2654,Truman State,ii,Great Lakes,,,,,,,,,
401907305,2026,6,regular,2026-10-10T18:00:00.000Z,False,False,False,True,,6042.0,Alumni Stadium (KY),2310,Kentucky State,ii,SIAC,,,,,,2396,Miles,ii,SIAC,,,,,,,,,
401907731,2026,6,regular,2026-10-10T18:00:00.000Z,False,False,False,True,,5874.0,Chet Anderson Stadium,132,Bemidji State,ii,Northern Sun,,,,,,2844,Wayne State (NE),ii,Northern Sun,,,,,,,,,
401907721,2026,6,regular,2026-10-10T18:00:00.000Z,False,False,False,True,,6070.0,Bob Young Field,2894,Sioux Falls,ii,Northern Sun,,,,,,2587,Southwest Minnesota State,ii,Northern Sun,,,,,,,,,
401907670,2026,6,regular,2026-10-10T18:00:00.000Z,False,False,False,True,,5820.0,Amos Alonzo Stagg Field,80,Chicago,iii,Midwest,,,,,,2155,Cornell (IA),iii,Midwest,,,,,,,,,
401907603,2026,6,regular,2026-10-10T18:00:00.000Z,False,False,False,False,,6071.0,Jess Dow Field,2583,Southern Connecticut State,ii,Northeast 10,,,,,,134001,Monroe,,,,,,,,,,,
401908751,2026,6,regular,2026-10-10T18:00:00.000Z,False,False,False,True,,5804.0,Royal Stadium,2802,Bethel (MN),iii,Minnesota,,,,,,124,Augsburg,iii,Minnesota,,,,,,,,,
401908769,2026,6,regular,2026-10-10T18:00:00.000Z,False,False,False,True,,6109.0,Ingalls Field,2891,Ripon,iii,Midwest,,,,,,262,Lake Forest,iii,Midwest,,,,,,,,,
401908811,2026,6,regular,2026-10-10T18:00:00.000Z,False,False,False,True,,7079.0,Laird Stadium,2101,Carleton,iii,Minnesota,,,,,,375,St. Scholastica,iii,Minnesota,,,,,,,,,
401908820,2026,6,regular,2026-10-10T18:00:00.000Z,False,False,False,True,,5825.0,Jake Christiansen Stadium,2152,Concordia (MN),iii,Minnesota,,,,,,162,Hamline,iii,Minnesota,,,,,,,,,
401908827,2026,6,regular,2026-10-10T18:00:00.000Z,False,False,False,True,,5792.0,Pratt Field at Lehrman Stadium,7,Amherst,iii,NESCAC,,,,,,2394,Middlebury,iii,NESCAC,,,,,,,,,
401908848,2026,6,regular,2026-10-10T18:00:00.000Z,False,False,False,True,,5797.0,Vago Field,2044,Aurora,iii,NACC,,,,,,2151,Concordia Chicago,iii,NACC,,,,,,,,,
401908904,2026,6,regular,2026-10-10T18:00:00.000Z,False,False,False,True,,5928.0,Macalester Stadium,2359,Macalester,iii,Minnesota,,,,,,2600,Saint John's (MN),iii,Minnesota,,,,,,,,,
401908861,2026,6,regular,2026-10-10T18:00:00.000Z,False,False,False,True,,5893.0,Hollingsworth Field,2968,Gustavus Adolphus,iii,Minnesota,,,,,,133,St. Olaf,iii,Minnesota,,,,,,,,,
401871473,2026,6,regular,2026-10-10T18:00:00.000Z,False,False,False,True,,3749.0,Hunter Stadium,2815,Lindenwood,fcs,OVC,,,,,,2546,Southeast Missouri State,fcs,OVC,,,,,,,,,
401909030,2026,6,regular,2026-10-10T18:00:00.000Z,False,False,False,True,,6139.0,Cameron Stadium,2686,Washington & Jefferson,iii,Presidents',,,,,,2062,Bethany (WV),iii,Presidents',,,,,,,,,
401866661,2026,6,regular,2026-10-10T18:00:00.000Z,False,False,False,False,,3894.0,Rhodes Stadium,2210,Elon,fcs,Coastal Athletic,,,,,,2747,Wofford,fcs,Southern,,,,,,,,,
401868282,2026,6,regular,2026-10-10T18:00:00.000Z,False,False,False,True,,5116.0,O'Shaughnessy Stadium,2900,St. Thomas (MN),fcs,Pioneer,,,,,,56,Stetson,fcs,Pioneer,,,,,,,,,
401909123,2026,6,regular,2026-10-10T18:00:00.000Z,False,False,False,True,,6121.0,Donald J. Schneider Stadium,2832,St. Norbert,iii,NACC,,,,,,6353,Lakeland,iii,NACC,,,,,,,,,
401909116,2026,6,regular,2026-10-10T18:00:00.000Z,False,False,False,True,,5841.0,Pete FioRito Stadium at McKinzie Field,101,Eureka,iii,NACC,,,,,,409,Concordia (WI),iii,NACC,,,,,,,,,
401908145,2026,6,regular,2026-10-10T18:00:00.000Z,False,False,False,True,,5823.0,Clark Field,2141,Coe,iii,American Rivers,,,,,,2964,Central College,iii,American Rivers,,,,,,,,,
401908210,2026,6,regular,2026-10-10T18:00:00.000Z,False,False,False,True,,6111.0,Cook Stadium,86,Rose Hulman,iii,Heartland,,,,,,2023,Anderson (IN),iii,Heartland,,,,,,,,,
401908287,2026,6,regular,2026-10-10T18:00:00.000Z,False,False,False,True,,5996.0,Wilford Moore Stadium,241,McMurry,iii,American Southwest,,,,,,2810,Hardin Simmons,iii,American Southwest,,,,,,,,,
401908301,2026,6,regular,2026-10-10T18:00:00.000Z,False,False,False,True,,3915.0,Charles Lee Field at Samford Stadium,2938,Huntingdon,iii,USA South,,,,,,2256,Greensboro,iii,USA South,,,,,,,,,
401908312,2026,6,regular,2026-10-10T18:00:00.000Z,False,False,False,True,,6108.0,Crain Field,2519,Rhodes,iii,Southern Athletic,,,,,,2757,Berry,iii,Southern Athletic,,,,,,,,,
401908315,2026,6,regular,2026-10-10T18:00:00.000Z,False,False,False,True,,4463.0,Crusader Stadium,2371,Mary Hardin Baylor,iii,American Southwest,,,,,,2758,Howard Payne,iii,American Southwest,,,,,,,,,
401908381,2026,6,regular,2026-10-10T18:00:00.000Z,False,False,False,True,,6081.0,Harper Davis Field,2398,Millsaps,iii,Southern Athletic,,,,,,2121,Centre,iii,Southern Athletic,,,,,,,,,
401908428,2026,6,regular,2026-10-10T18:00:00.000Z,False,False,False,True,,6118.0,Birkelbach Field,2588,Southwestern U,iii,Southern Athletic,,,,,,386,Trinity (TX),iii,Southern Athletic,,,,,,,,,
401908525,2026,6,regular,2026-10-10T18:00:00.000Z,False,False,False,True,,6094.0,Reynolds Field,583,Northwestern (MN),iii,Upper Midwest,,,,,,2399,Minnesota Morris,iii,Upper Midwest,,,,,,,,,
401908550,2026,6,regular,2026-10-10T18:00:00.000Z,False,False,False,True,,5798.0,Jerry E. Apple Stadium,2045,Austin,iii,Southern Collegiate Athletic,,,,,,101161,Lyon,iii,Southern Collegiate Athletic,,,,,,,,,
401908554,2026,6,regular,2026-10-10T18:00:00.000Z,False,False,False,True,,4423.0,Young-Wise Memorial Stadium,418,Hendrix,iii,Southern Athletic,,,,,,101442,Centenary (LA),iii,Southern Collegiate Athletic,,,,,,,,,
401908656,2026,6,regular,2026-10-10T18:00:00.000Z,False,False,False,True,,5801.0,George Finnie Stadium,188,Baldwin Wallace,iii,Ohio,,,,,,427,Ohio Northern,iii,Ohio,,,,,,,,,
401907762,2026,6,regular,2026-10-10T18:30:00.000Z,False,False,False,True,,6137.0,Walston-Hoover Stadium,2685,Wartburg,iii,American Rivers,,,,,,63,Buena Vista,iii,American Rivers,,,,,,,,,
401907340,2026,6,regular,2026-10-10T18:30:00.000Z,False,False,False,True,,5134.0,Bearcat Stadium,138,Northwest Missouri State,ii,Mid America,,,,,,2118,Central Missouri,ii,Mid America,,,,,,,,,
401907461,2026,6,regular,2026-10-10T19:00:00.000Z,False,False,False,True,,5781.0,Irwin Belk Stadium,351,Wingate,ii,South Atlantic,,,,,,2839,Tusculum,ii,South Atlantic,,,,,,,,,
401909035,2026,6,regular,2026-10-10T19:00:00.000Z,False,False,False,True,,5849.0,Reeves Field (PA),2242,Geneva,iii,Presidents',,,,,,2274,Hiram,iii,Presidents',,,,,,,,,
401908927,2026,6,regular,2026-10-10T19:00:00.000Z,False,False,False,True,,5824.0,Lions Stadium,2442,The College of New Jersey,iii,New Jersey,,,,,,293,Vermont State Castleton,iii,New Jersey,,,,,,,,,
401908868,2026,6,regular,2026-10-10T19:00:00.000Z,False,False,False,True,,6133.0,Ellis Oval at Zimman Field,112,Tufts,iii,NESCAC,,,,,,340,Bowdoin,iii,NESCAC,,,,,,,,,
401908786,2026,6,regular,2026-10-10T19:00:00.000Z,False,False,False,True,,5923.0,Legacy Field in Carlson Stadium,67,Luther,iii,Midwest,,,,,,2919,Monmouth (IL),iii,Midwest,,,,,,,,,
401908280,2026,6,regular,2026-10-10T19:00:00.000Z,False,False,False,True,,5838.0,Ornelas Stadium,2194,East Texas Baptist,iii,American Southwest,,,,,,102549,Schreiner,,,,,,,,,,,
401908244,2026,6,regular,2026-10-10T19:00:00.000Z,False,False,False,True,,5921.0,Rock Bowl,263,Loras,iii,American Rivers,,,,,,2564,Simpson (IA),iii,American Rivers,,,,,,,,,
401908237,2026,6,regular,2026-10-10T19:00:00.000Z,False,False,False,True,,5836.0,Chalmers Field,49,Dubuque,iii,American Rivers,,,,,,6845,Nebraska Wesleyan,iii,American Rivers,,,,,,,,,
401907794,2026,6,regular,2026-10-10T19:00:00.000Z,False,False,False,True,,5815.0,Schneider Stadium,32,Carroll (WI),iii,CCIW,,,,,,306,Illinois Wesleyan,iii,CCIW,,,,,,,,,
401907718,2026,6,regular,2026-10-10T19:00:00.000Z,False,False,False,True,,5780.0,Altra Federal Credit Union Stadium,2851,Winona State,ii,Northern Sun,,,,,,2364,Minnesota State,ii,Northern Sun,,,,,,,,,
401907687,2026,6,regular,2026-10-10T19:00:00.000Z,False,False,False,True,,11539.0,Charlotte & Gordon Hansen Stadium,2939,Jamestown,ii,Northern Sun,,,,,,568,Minot State,ii,Northern Sun,,,,,,,,,
401907360,2026,6,regular,2026-10-10T19:00:00.000Z,False,False,False,True,,6054.0,Fred G. Hughes Stadium,2403,Missouri Southern State,ii,Mid America,,,,,,2214,Emporia State,ii,Mid America,,,,,,,,,
401906580,2026,6,regular,2026-10-10T19:00:00.000Z,False,False,False,True,,6073.0,Milam Stadium,2927,Southwestern Oklahoma State,ii,Great American,,,,,,2568,Southern Arkansas,ii,Great American,,,,,,,,,
401906549,2026,6,regular,2026-10-10T19:00:00.000Z,False,False,False,True,,5885.0,First Security Stadium,2264,Harding,ii,Great American,,,,,,199,Southeastern Oklahoma State,ii,Great American,,,,,,,,,
401906530,2026,6,regular,2026-10-10T19:00:00.000Z,False,False,False,True,,5871.0,Convoy Leslie Cotton Boll Stadium,2028,Arkansas Monticello,ii,Great American,,,,,,319,Oklahoma Baptist,ii,Great American,,,,,,,,,
401868360,2026,6,regular,2026-10-10T19:00:00.000Z,False,False,False,False,,3771.0,Jack Spinks Stadium,2016,Alcorn State,fcs,SWAC,,,,,,124386,Arkansas Baptist,,,,,,,,,,,
401868382,2026,6,regular,2026-10-10T19:00:00.000Z,False,False,False,True,,4417.0,Five Star Stadium at the Moye Complex,2382,Mercer,fcs,Southern,,,,,,2717,Western Carolina,fcs,Southern,,,,,,,,,
401868968,2026,6,regular,2026-10-10T19:00:00.000Z,False,False,False,True,,5238.0,Panther Stadium,2504,Prairie View A&M,fcs,SWAC,,,,,,2582,Southern,fcs,SWAC,,,,,,,,,
401868966,2026,6,regular,2026-10-10T19:00:00.000Z,False,False,False,True,,3631.0,BBVA Compass Stadium,2640,Texas Southern,fcs,SWAC,,,,,,2400,Mississippi Valley State,fcs,SWAC,,,,,,,,,
401868095,2026,6,regular,2026-10-10T19:00:00.000Z,False,False,False,True,,3942.0,Stewart Stadium,2692,Weber State,fcs,Big Sky,,,,,,70,Idaho,fcs,Big Sky,,,,,,,,,
401868180,2026,6,regular,2026-10-10T19:30:00.000Z,False,False,False,True,,3710.0,Ernest W. Spangler Stadium,2241,Gardner-Webb,fcs,OVC,,,,,,2197,Eastern Illinois,fcs,OVC,,,,,,,,,
401866435,2026,6,regular,2026-10-10T19:30:00.000Z,False,False,False,True,,3768.0,InfoCision Stadium,2006,Akron,fbs,Mid-American,,,,897.0,,2199,Eastern Michigan,fbs,Mid-American,,,,1188.0,,,,,
401868198,2026,6,regular,2026-10-10T19:30:00.000Z,False,False,False,True,,3810.0,Nissan Stadium,2634,Tennessee State,fcs,OVC,,,,,,2630,UT Martin,fcs,OVC,,,,,,,,,
401868376,2026,6,regular,2026-10-10T19:30:00.000Z,False,False,False,True,,3962.0,Tucker Stadium,2635,Tennessee Tech,fcs,Southern,,,,,,231,Furman,fcs,Southern,,,,,,,,,
401856717,2026,6,regular,2026-10-10T19:30:00.000Z,False,False,True,True,,499.0,Cotton Bowl,201,Oklahoma,fbs,SEC,,,,1782.0,,251,Texas,fbs,SEC,,,,1935.0,,,,,
401858257,2026,6,regular,2026-10-10T19:30:00.000Z,False,False,False,False,,3855.0,Notre Dame Stadium,87,Notre Dame,fbs,FBS Independents,,,,2061.0,,24,Stanford,fbs,ACC,,,,1311.0,,,,,
401868011,2026,6,regular,2026-10-10T19:30:00.000Z,False,False,False,True,,150.0,Jack Coffey Field,2230,Fordham,fcs,Patriot,,,,,,257,Richmond,fcs,Patriot,,,,,,,,,
401862799,2026,6,regular,2026-10-10T19:30:00.000Z,False,False,False,True,,3852.0,Navy-Marine Corps Memorial Stadium,2426,Navy,fbs,American Athletic,,,,1513.0,,202,Tulsa,fbs,American Athletic,,,,1271.0,,,,,
401906685,2026,6,regular,2026-10-10T20:00:00.000Z,False,False,False,True,,5263.0,Steele Stadium,2316,Kentucky Wesleyan,ii,Great Midwest Athletic,,,,,,437,Lake Erie,ii,Great Midwest Athletic,,,,,,,,,
401907235,2026,6,regular,2026-10-10T20:00:00.000Z,False,False,False,True,,3723.0,QU Stadium,2825,Quincy,ii,Great Lakes,,,,,,2911,William Jewell,ii,Great Lakes,,,,,,,,,
401907288,2026,6,regular,2026-10-10T20:00:00.000Z,False,False,False,True,,3633.0,Ben Altamirano Field,2703,Western New Mexico,ii,Lone Star,,,,,,2201,Eastern New Mexico,ii,Lone Star,,,,,,,,,
401908396,2026,6,regular,2026-10-10T20:00:00.000Z,False,False,False,True,,5850.0,Stoffer Family Stadium,415,George Fox,iii,Northwest,,,,,,2721,Whitworth,iii,Northwest,,,,,,,,,
401908407,2026,6,regular,2026-10-10T20:00:00.000Z,False,False,False,True,,5920.0,Griswold Stadium,2333,Lewis & Clark,iii,Northwest,,,,,,2930,Willamette,iii,Northwest,,,,,,,,,
401908418,2026,6,regular,2026-10-10T20:00:00.000Z,False,False,False,True,,6153.0,Hanson Stadium,205,Pacific (OR),iii,Northwest,,,,,,203,Linfield,iii,Northwest,,,,,,,,,
401908461,2026,6,regular,2026-10-10T20:00:00.000Z,False,False,False,True,,6147.0,"Memorial Stadium (Whittier, CA)",2850,Whittier,iii,So. Cal.,,,,,,2923,Pomona Pitzer,iii,So. Cal.,,,,,,,,,
401908987,2026,6,regular,2026-10-10T20:00:00.000Z,False,False,False,True,,5799.0,Daly Field at Frank R. Campbell Stadium,2047,Averett,iii,Old Dominion,,,,,,2828,Shenandoah,iii,Old Dominion,,,,,,,,,
401906557,2026,6,regular,2026-10-10T20:00:00.000Z,False,False,False,True,,4763.0,Ranger Field,2823,Northwestern (OK),ii,Great American,,,,,,2271,Henderson State,ii,Great American,,,,,,,,,
401908450,2026,6,regular,2026-10-10T20:00:00.000Z,False,False,False,True,,5909.0,Ortmayer Stadium,2318,La Verne,iii,So. Cal.,,,,,,17,Claremont Mudd Scripps,iii,So. Cal.,,,,,,,,,
401906636,2026,6,regular,2026-10-10T20:00:00.000Z,False,False,False,True,,3731.0,Frost-Kalnow Stadium,2838,Tiffin,ii,Great Midwest Athletic,,,,,,2886,Northwood,ii,Great Midwest Athletic,,,,,,,,,
401909007,2026,6,regular,2026-10-10T20:00:00.000Z,False,False,False,True,,4134.0,Salem Stadium,131109,Roanoke College,,,,,,,,297,Hampden Sydney,iii,Old Dominion,,,,,,,,,
401866659,2026,6,regular,2026-10-10T20:00:00.000Z,False,False,False,True,,3781.0,Johnny Unitas Stadium,119,Towson,fcs,Coastal Athletic,,,,,,2619,Stony Brook,fcs,Coastal Athletic,,,,,,,,,
401868329,2026,6,regular,2026-10-10T20:00:00.000Z,False,False,False,True,,4582.0,Hornet Stadium,2011,Alabama State,fcs,SWAC,,,,,,50,Florida A&M,fcs,SWAC,,,,,,,,,
401868156,2026,6,regular,2026-10-10T20:00:00.000Z,False,False,False,True,,4765.0,Hillsboro Stadium,2502,Portland State,fcs,Big Sky,,,,,,3101,Utah Tech,fcs,Big Sky,,,,,,,,,
401869144,2026,6,regular,2026-10-10T20:00:00.000Z,False,False,False,True,,3882.0,Provost Umphrey Stadium,2320,Lamar,fcs,Southland,,,,,,2916,Incarnate Word,fcs,Southland,,,,,,,,,
401907311,2026,6,regular,2026-10-10T20:05:00.000Z,False,False,False,True,,5783.0,McArthur Field,2848,Western Oregon,ii,Lone Star,,,,,,2658,Texas A&M-Kingsville,ii,Lone Star,,,,,,,,,
401906520,2026,6,regular,2026-10-10T21:00:00.000Z,False,False,False,True,,5870.0,Thone Stadium at Buerkle Field,2033,Arkansas Tech,ii,Great American,,,,,,2191,East Central,ii,Great American,,,,,,,,,
401908973,2026,6,regular,2026-10-10T21:00:00.000Z,False,False,False,True,,6085.0,Sprague Field,2818,Montclair State,iii,New Jersey,,,,,,2970,William Paterson,iii,New Jersey,,,,,,,,,
401874036,2026,6,regular,2026-10-10T21:00:00.000Z,False,False,False,False,,10803.0,Pen-Air Field,110242,West Florida,fcs,UAC,,,,,,196,Northeastern State,ii,Independent DII,,,,,,,,,
401868115,2026,6,regular,2026-10-10T21:00:00.000Z,False,False,False,True,,2023.0,Walkup Skydome,2464,Northern Arizona,fcs,Big Sky,,,,,,149,Montana,fcs,Big Sky,,,,,,,,,
401867877,2026,6,regular,2026-10-10T21:00:00.000Z,False,False,False,True,,3967.0,UNI-Dome,2460,Northern Iowa,fcs,MVFC,,,,,,155,North Dakota,fcs,MVFC,,,,,,,,,
401868955,2026,6,regular,2026-10-10T21:00:00.000Z,False,False,False,True,,3902.0,Eddie Robinson Stadium,2755,Grambling,fcs,SWAC,,,,,,2296,Jackson State,fcs,SWAC,,,,,,,,,
401868221,2026,6,regular,2026-10-10T21:30:00.000Z,False,False,False,True,,3627.0,Bailey Memorial Stadium,2506,Presbyterian,fcs,Pioneer,,,,,,2166,Davidson,fcs,Pioneer,,,,,,,,,
401907498,2026,6,regular,2026-10-10T22:00:00.000Z,False,False,False,True,,4435.0,Robert B. Redman Stadium,2071,Bloomsburg,ii,Pennsylvania State Athletic,,,,,,2188,East Stroudsburg,ii,Pennsylvania State Athletic,,,,,,,,,
401860902,2026,6,regular,2026-10-10T22:00:00.000Z,False,False,False,True,,3893.0,Reser Stadium,204,Oregon State,fbs,Pac-12,,,,1285.0,,21,San Diego State,fbs,Pac-12,,,,1468.0,,,,,
401907733,2026,6,regular,2026-10-10T22:00:00.000Z,False,False,False,True,,4430.0,Mihalik-Thompson Stadium,215,Slippery Rock,ii,Pennsylvania State Athletic,,,,,,611,Seton Hill,ii,Pennsylvania State Athletic,,,,,,,,,
401907734,2026,6,regular,2026-10-10T22:00:00.000Z,False,False,False,True,,4427.0,John A. Farrell Stadium,223,West Chester,ii,Pennsylvania State Athletic,,,,,,2974,Shepherd,ii,Pennsylvania State Athletic,,,,,,,,,
401907408,2026,6,regular,2026-10-10T22:00:00.000Z,False,False,False,True,,5122.0,Shuford Stadium,2107,Catawba,ii,South Atlantic,,,,,,2444,Newberry,ii,South Atlantic,,,,,,,,,
401907199,2026,6,regular,2026-10-10T22:00:00.000Z,False,False,False,True,,6040.0,Key Stadium,2292,Indianapolis,ii,Great Lakes,,,,,,2402,Missouri S&T,ii,Great Lakes,,,,,,,,,
401907429,2026,6,regular,2026-10-10T22:00:00.000Z,False,False,False,True,,6033.0,Carl Smith Stadium,2842,UVA Wise,ii,South Atlantic,,,,,,2331,Lenoir Rhyne,ii,South Atlantic,,,,,,,,,
401868078,2026,6,regular,2026-10-10T22:00:00.000Z,False,False,False,True,,1930.0,Holt Arena,304,Idaho State,fcs,Big Sky,,,,,,13,Cal Poly,fcs,Big Sky,,,,,,,,,
401868144,2026,6,regular,2026-10-10T22:00:00.000Z,False,False,False,True,,3908.0,Roy Kidd Stadium,2198,Eastern Kentucky,fcs,UAC,,,,,,2698,West Georgia,fcs,UAC,,,,,,,,,
401867987,2026,6,regular,2026-10-10T22:00:00.000Z,False,False,False,False,,3658.0,Buccaneer Field,2127,Charleston Southern,fcs,OVC,,,,,,2569,South Carolina State,fcs,MEAC,,,,,,,,,
401868087,2026,6,regular,2026-10-10T23:00:00.000Z,False,False,False,True,,3906.0,Roos Field,331,Eastern Washington,fcs,Big Sky,,,,,,2458,Northern Colorado,fcs,Big Sky,,,,,,,,,
401868065,2026,6,regular,2026-10-10T23:00:00.000Z,False,False,False,True,,3742.0,Governors Stadium,2046,Austin Peay,fcs,UAC,,,,,,2627,Tarleton State,fcs,UAC,,,,,,,,,
401864518,2026,6,regular,2026-10-10T23:00:00.000Z,False,False,False,True,,6501.0,Allegiant Stadium,2439,UNLV,fbs,Mountain West,,,,1480.0,,2449,North Dakota State,fbs,Mountain West,,,,1594.0,,,,,
401909042,2026,6,regular,2026-10-10T23:00:00.000Z,False,False,False,True,,6146.0,Memorial Field (PA),2849,Westminster (PA),iii,Presidents',,,,,,146,Grove City,iii,Presidents',,,,,,,,,
401907279,2026,6,regular,2026-10-10T23:00:00.000Z,False,False,False,True,,5869.0,LeGrand Stadium at 1st Community Credit Union Field,2025,Angelo State,ii,Lone Star,,,,,,2834,Sul Ross State,ii,Lone Star,,,,,,,,,
401907377,2026,6,regular,2026-10-10T23:00:00.000Z,False,False,False,True,,6055.0,Craig Field at Spratt Memorial Stadium,137,Missouri Western,ii,Mid America,,,,,,2438,Nebraska Kearney,ii,Mid America,,,,,,,,,
401907846,2026,6,regular,2026-10-10T23:00:00.000Z,False,False,False,True,,980.0,Benedetti-Wehrli Stadium,3071,North Central College,iii,CCIW,,,,,,396,Wheaton (IL),iii,CCIW,,,,,,,,,
401908234,2026,6,regular,2026-10-10T23:00:00.000Z,False,False,False,False,,6152.0,Wiliams Stadium (OH),2733,Wilmington (OH),iii,Ohio,,,,,,2262,Hanover,iii,Heartland,,,,,,,,,
401908877,2026,6,regular,2026-10-10T23:00:00.000Z,False,False,False,True,,5913.0,Warrior Field at Raabe Stadium,2741,Wisconsin Lutheran,iii,NACC,,,,,,2283,Benedictine (IL),iii,NACC,,,,,,,,,
401868300,2026,6,regular,2026-10-10T23:00:00.000Z,False,False,False,True,,3809.0,Louis Crews Stadium,2010,Alabama A&M,fcs,SWAC,,,,,,2065,Bethune-Cookman,fcs,SWAC,,,,,,,,,
401864516,2026,6,regular,2026-10-10T23:30:00.000Z,False,False,False,True,,3764.0,Huskie Stadium,2459,Northern Illinois,fbs,Mountain West,,,,1240.0,,2005,Air Force,fbs,Mountain West,,,,1423.0,,,,,
401907317,2026,6,regular,2026-10-11T00:00:00.000Z,False,False,False,True,,5884.0,Buffalo Stadium,2704,West Texas,ii,Lone Star,,,,,,110243,UT Permian Basin,ii,Lone Star,,,,,,,,,
401868249,2026,6,regular,2026-10-11T00:00:00.000Z,False,False,False,True,,6006.0,Robert and Janet Vackar Stadium,292,UT Rio Grande Valley,fcs,Southland,,,,,,2545,SE Louisiana,fcs,Southland,,,,,,,,,
401868054,2026,6,regular,2026-10-11T00:00:00.000Z,False,False,False,True,,5440.0,Wildcat Stadium (TX),2000,Abilene Christian,fcs,UAC,,,,,,2110,Central Arkansas,fcs,UAC,,,,,,,,,
401907349,2026,6,regular,2026-10-11T00:00:00.000Z,False,False,False,True,,5878.0,Wantland Stadium,2122,Central Oklahoma,ii,Mid America,,,,,,2231,Fort Hays,ii,Mid America,,,,,,,,,
401907301,2026,6,regular,2026-10-11T01:00:00.000Z,False,False,False,True,,5879.0,Tomlinson Stadium,2120,Central Washington,ii,Lone Star,,,,,,2395,Midwestern State,ii,Lone Star,,,,,,,,,
401908437,2026,6,regular,2026-10-11T02:00:00.000Z,False,False,False,True,,5811.0,William Rolland Stadium,2094,Cal Lutheran,iii,So. Cal.,,,,,,2049,Azusa Pacific,iii,So. Cal.,,,,,,,,,
401908444,2026,6,regular,2026-10-11T02:05:00.000Z,False,False,False,True,,6106.0,Ted Runner Stadium,29,Redlands,iii,So. Cal.,,,,,,411,Chapman,iii,So. Cal.,,,,,,,,,
401860901,2026,6,regular,2026-10-11T02:30:00.000Z,False,False,False,True,,3660.0,Valley Children's Stadium,278,Fresno State,fbs,Pac-12,,,,1611.0,,68,Boise State,fbs,Pac-12,,,,1609.0,,,,,
401871067,2026,7,regular,2026-10-13T23:00:00.000Z,False,False,False,True,,3725.0,"Johnny ""Red"" Floyd Stadium",2393,Middle Tennessee,fbs,Conference USA,,,,1298.0,,48,Delaware,fbs,Conference USA,,,,1414.0,,,,,
401871053,2026,7,regular,2026-10-14T00:00:00.000Z,False,False,False,True,,3662.0,AmFirst Stadium,55,Jacksonville State,fbs,Conference USA,,,,1427.0,,2229,Florida International,fbs,Conference USA,,,,1392.0,,,,,
401871054,2026,7,regular,2026-10-14T23:30:00.000Z,False,False,False,True,,3878.0,Plaster Sports Complex,2623,Missouri State,fbs,Conference USA,,,,1281.0,,338,Kennesaw State,fbs,Conference USA,,,,1285.0,,,,,
401871068,2026,7,regular,2026-10-15T00:00:00.000Z,False,False,False,True,,3647.0,Elliott T. Bowers Stadium,2534,Sam Houston,fbs,Conference USA,,,,1161.0,,98,Western Kentucky,fbs,Conference USA,,,,1242.0,,,,,
401908708,2026,7,regular,2026-10-15T23:00:00.000Z,False,False,False,True,,6130.0,Fred Zollner Athletic Stadium,2651,Trine,iii,Michigan,,,,,,2790,Albion,iii,Michigan,,,,,,,,,
401862800,2026,7,regular,2026-10-15T23:30:00.000Z,False,False,False,True,,7221.0,Protective Stadium,5,UAB,fbs,American Athletic,,,,1393.0,,151,East Carolina,fbs,American Athletic,,,,1456.0,,,,,
401869950,2026,7,regular,2026-10-15T23:30:00.000Z,False,False,False,True,,3918.0,S.B. Ballard Stadium,295,Old Dominion,fbs,Sun Belt,,,,1295.0,,290,Georgia Southern,fbs,Sun Belt,,,,1358.0,,,,,
401906581,2026,7,regular,2026-10-16T00:00:00.000Z,False,False,False,True,,6073.0,Milam Stadium,2927,Southwestern Oklahoma State,ii,Great American,,,,,,200,Southern Nazarene,ii,Great American,,,,,,,,,
401906540,2026,7,regular,2026-10-16T00:00:00.000Z,False,False,False,True,,6064.0,Crain Family Stadium,319,Oklahoma Baptist,ii,Great American,,,,,,2191,East Central,ii,Great American,,,,,,,,,
401860923,2026,7,regular,2026-10-16T00:00:00.000Z,False,False,False,True,,3644.0,Bobcat Stadium (TX),326,Texas State,fbs,Pac-12,,,,1491.0,,36,Colorado State,fbs,Pac-12,,,,1327.0,,,,,
401867821,2026,7,regular,2026-10-16T23:00:00.000Z,False,False,False,True,,3730.0,Franklin Field,219,Pennsylvania,fcs,Ivy,,,,,,171,Columbia,fcs,Ivy,,,,,,,,,
401862801,2026,7,regular,2026-10-16T23:30:00.000Z,False,False,False,True,,4729.0,Yulman Stadium,2655,Tulane,fbs,American Athletic,,,,1520.0,,235,Memphis,fbs,American Athletic,,,,1526.0,,,,,
401869844,2026,7,regular,2026-10-17T00:00:00.000Z,False,False,False,True,,3654.0,Brooks Stadium (SC),324,Coastal Carolina,fbs,Sun Belt,,,,1245.0,,2026,App State,fbs,Sun Belt,,,,1324.0,,,,,
401858493,2026,7,regular,2026-10-17T00:00:00.000Z,False,False,False,True,,3907.0,Ross-Ade Stadium,2509,Purdue,fbs,Big Ten,,,,1311.0,,264,Washington,fbs,Big Ten,,,,1757.0,,,,,
401856830,2026,7,regular,2026-10-17T04:00:00.000Z,True,False,False,True,,3636.0,Bill Snyder Family Stadium,2306,Kansas State,fbs,Big 12,,,,1692.0,,2305,Kansas,fbs,Big 12,,,,1481.0,,,,,
401866443,2026,7,regular,2026-10-17T04:00:00.000Z,True,False,False,True,,3786.0,Kelly/Shorts Stadium,2117,Central Michigan,fbs,Mid-American,,,,1291.0,,2711,Western Michigan,fbs,Mid-American,,,,1519.0,,,,,
401866442,2026,7,regular,2026-10-17T04:00:00.000Z,True,False,False,True,,3965.0,UB Stadium,2084,Buffalo,fbs,Mid-American,,,,1288.0,,113,Massachusetts,fbs,Mid-American,,,,1076.0,,,,,
401862804,2026,7,regular,2026-10-17T04:00:00.000Z,True,False,False,True,,3604.0,Alamodome,2636,UTSA,fbs,American Athletic,,,,1506.0,,2426,Navy,fbs,American Athletic,,,,1513.0,,,,,
401862803,2026,7,regular,2026-10-17T04:00:00.000Z,True,False,False,True,,3806.0,Lincoln Financial Field,218,Temple,fbs,American Athletic,,,,1330.0,,2429,Charlotte,fbs,American Athletic,,,,1169.0,,,,,
401856828,2026,7,regular,2026-10-17T04:00:00.000Z,True,False,False,True,,3784.0,Jones AT&T Stadium,2641,Texas Tech,fbs,Big 12,,,,1841.0,,9,Arizona State,fbs,Big 12,,,,1535.0,,,,,
401858490,2026,7,regular,2026-10-17T04:00:00.000Z,True,False,False,True,,3558.0,Michigan Stadium,130,Michigan,fbs,Big Ten,,,,1735.0,,213,Penn State,fbs,Big Ten,,,,1933.0,,,,,
401858488,2026,7,regular,2026-10-17T04:00:00.000Z,True,False,False,True,,3830.0,"Memorial Stadium (Bloomington, IN)",84,Indiana,fbs,Big Ten,,,,2121.0,,194,Ohio State,fbs,Big Ten,,,,2032.0,,,,,
401858268,2026,7,regular,2026-10-17T04:00:00.000Z,True,False,False,True,,3735.0,Gerald J. Ford Stadium,2567,SMU,fbs,ACC,,,,1706.0,,258,Virginia,fbs,ACC,,,,1612.0,,,,,
401858267,2026,7,regular,2026-10-17T04:00:00.000Z,True,False,False,True,,3615.0,"Alumni Stadium (Chestnut Hill, MA)",103,Boston College,fbs,ACC,,,,1380.0,,221,Pittsburgh,fbs,ACC,,,,1675.0,,,,,
401858264,2026,7,regular,2026-10-17T04:00:00.000Z,True,False,False,True,,3799.0,Lane Stadium,259,Virginia Tech,fbs,ACC,,,,1489.0,,59,Georgia Tech,fbs,ACC,,,,1515.0,,,,,
401858263,2026,7,regular,2026-10-17T04:00:00.000Z,True,False,False,True,,3948.0,Hard Rock Stadium,2390,Miami,fbs,ACC,,,,1895.0,,52,Florida State,fbs,ACC,,,,1553.0,,,,,
401906531,2026,7,regular,2026-10-17T04:00:00.000Z,True,False,False,True,,6065.0,Cliff Harris Stadium,2888,Ouachita Baptist,ii,Great American,,,,,,2028,Arkansas Monticello,ii,Great American,,,,,,,,,
401856833,2026,7,regular,2026-10-17T04:00:00.000Z,True,False,False,True,,3726.0,Folsom Field,38,Colorado,fbs,Big 12,,,,1330.0,,254,Utah,fbs,Big 12,,,,1907.0,,,,,
401856829,2026,7,regular,2026-10-17T04:00:00.000Z,True,False,False,True,,3842.0,Milan Puskar Stadium,277,West Virginia,fbs,Big 12,,,,1408.0,,2132,Cincinnati,fbs,Big 12,,,,1512.0,,,,,
401856724,2026,7,regular,2026-10-17T04:00:00.000Z,True,False,False,True,,3910.0,DKR-Texas Memorial Stadium,251,Texas,fbs,SEC,,,,1935.0,,57,Florida,fbs,SEC,,,,1668.0,,,,EARLY: Noon - 1pm ET start,
401856723,2026,7,regular,2026-10-17T04:00:00.000Z,True,False,False,True,,3853.0,Neyland Stadium,2633,Tennessee,fbs,SEC,,,,1771.0,,333,Alabama,fbs,SEC,,,,1863.0,,,,FLEX: 3:30 - 4:30pm OR 6 - 8pm ET start,
401856722,2026,7,regular,2026-10-17T04:00:00.000Z,True,False,False,True,,3835.0,"Memorial Stadium (Norman, OK)",201,Oklahoma,fbs,SEC,,,,1782.0,,96,Kentucky,fbs,SEC,,,,1506.0,,,,FLEX: 3:30 - 4:30pm OR 6 - 8pm ET start,
401856719,2026,7,regular,2026-10-17T04:00:00.000Z,True,False,False,True,,3917.0,Sanford Stadium,61,Georgia,fbs,SEC,,,,1972.0,,2,Auburn,fbs,SEC,,,,1668.0,,,,AFTERNOON: 3:30 - 4:30pm ET start,
401856721,2026,7,regular,2026-10-17T04:00:00.000Z,True,False,False,True,,3974.0,Vaught-Hemingway Stadium,145,Ole Miss,fbs,SEC,,,,1859.0,,142,Missouri,fbs,SEC,,,,1690.0,,,,AFTERNOON: 3:30 - 4:30pm ET start,
401856831,2026,7,regular,2026-10-17T04:00:00.000Z,True,False,False,True,,4728.0,TDECU Stadium,248,Houston,fbs,Big 12,,,,1518.0,,197,Oklahoma State,fbs,Big 12,,,,1274.0,,,,,
401862805,2026,7,regular,2026-10-17T04:00:00.000Z,True,False,False,True,,3895.0,Rice Stadium,242,Rice,fbs,American Athletic,,,,1162.0,,202,Tulsa,fbs,American Athletic,,,,1271.0,,,,,
401864521,2026,7,regular,2026-10-17T04:00:00.000Z,True,False,False,True,,7220.0,Clarence T.C. Ching Athletics Complex,62,Hawai'i,fbs,Mountain West,,,,1432.0,,167,New Mexico,fbs,Mountain West,,,,1559.0,,,,,
401866441,2026,7,regular,2026-10-17T04:00:00.000Z,True,False,False,True,,3700.0,Doyt L. Perry Stadium,189,Bowling Green,fbs,Mid-American,,,,1132.0,,2050,Ball State,fbs,Mid-American,,,,1081.0,,,,,
401871091,2026,7,regular,2026-10-17T04:00:00.000Z,True,False,False,True,,3817.0,Malone Stadium,2433,UL Monroe,fbs,Sun Belt,,,,1079.0,,2348,Louisiana Tech,fbs,Sun Belt,,,,1377.0,,,,,
401866478,2026,7,regular,2026-10-17T04:00:00.000Z,True,False,False,True,,3996.0,Yager Stadium,193,Miami (OH),fbs,Mid-American,,,,1263.0,,2006,Akron,fbs,Mid-American,,,,897.0,,,,,
401869957,2026,7,regular,2026-10-17T04:00:00.000Z,True,False,False,True,,3651.0,Bridgeforth Stadium,256,James Madison,fbs,Sun Belt,,,,1777.0,,2247,Georgia State,fbs,Sun Belt,,,,1274.0,,,,,
401856720,2026,7,regular,2026-10-17T04:00:00.000Z,True,False,False,True,,3958.0,Tiger Stadium (LA),99,LSU,fbs,SEC,,,,1786.0,,344,Mississippi State,fbs,SEC,,,,1663.0,,,,EARLY: Noon - 1pm ET start,
401866444,2026,7,regular,2026-10-17T04:00:00.000Z,True,False,False,True,,3912.0,Rynearson Stadium,2199,Eastern Michigan,fbs,Mid-American,,,,1188.0,,2649,Toledo,fbs,Mid-American,,,,1561.0,,,,,
401867849,2026,7,regular,2026-10-17T04:00:00.000Z,True,False,False,True,,3913.0,Saluki Stadium,79,Southern Illinois,fcs,MVFC,,,,,,2287,Illinois State,fcs,MVFC,,,,,,,,,
401858489,2026,7,regular,2026-10-17T04:00:00.000Z,True,False,False,True,,3665.0,SECU Stadium,120,Maryland,fbs,Big Ten,,,,1474.0,,164,Rutgers,fbs,Big Ten,,,,1391.0,,,,,
401866445,2026,7,regular,2026-10-17T04:00:00.000Z,True,False,False,True,,3757.0,Hornet Stadium,16,Sacramento State,fbs,Mid-American,,,,1297.0,,195,Ohio,fbs,Mid-American,,,,1318.0,,,,,
401862806,2026,7,regular,2026-10-17T04:00:00.000Z,True,False,False,False,,3886.0,Raymond James Stadium,58,South Florida,fbs,American Athletic,,,,1676.0,,2309,Kent State,fbs,Mid-American,,,,1007.0,,,,,
401856832,2026,7,regular,2026-10-17T04:00:00.000Z,True,False,False,True,,4727.0,McLane Stadium,239,Baylor,fbs,Big 12,,,,1534.0,,2628,TCU,fbs,Big 12,,,,1629.0,,,,,
401869966,2026,7,regular,2026-10-17T04:00:00.000Z,True,False,False,True,,3666.0,Cajun Field,309,Louisiana,fbs,Sun Belt,,,,1397.0,,2653,Troy,fbs,Sun Belt,,,,1421.0,,,,,
401858269,2026,7,regular,2026-10-17T04:00:00.000Z,True,False,False,True,,3831.0,California Memorial Stadium,25,California,fbs,ACC,,,,1350.0,,154,Wake Forest,fbs,ACC,,,,1514.0,,,,,
401858261,2026,7,regular,2026-10-17T04:00:00.000Z,True,False,False,False,,3836.0,"Memorial Stadium (Clemson, SC)",228,Clemson,fbs,ACC,,,,1563.0,1563.0,2127,Charleston Southern,fcs,OVC,,,,,,,,,
401856726,2026,7,regular,2026-10-17T04:00:00.000Z,True,False,False,True,,3973.0,FirstBank Stadium,238,Vanderbilt,fbs,SEC,,,,1742.0,,8,Arkansas,fbs,SEC,,,,1466.0,,,,FLEX: 3:30 - 4:30pm OR 6 - 8pm ET start,
401858491,2026,7,regular,2026-10-17T04:00:00.000Z,True,False,False,True,,3936.0,Spartan Stadium,127,Michigan State,fbs,Big Ten,,,,1537.0,,77,Northwestern,fbs,Big Ten,,,,1625.0,,,,,
401869934,2026,7,regular,2026-10-17T04:00:00.000Z,True,False,False,True,,3815.0,M. M. Roberts Stadium,2572,Southern Miss,fbs,Sun Belt,,,,1224.0,,2032,Arkansas State,fbs,Sun Belt,,,,1319.0,,,,,
401858266,2026,7,regular,2026-10-17T04:00:00.000Z,True,False,False,True,,3982.0,Wallace Wade Stadium,150,Duke,fbs,ACC,,,,1656.0,,153,North Carolina,fbs,ACC,,,,1396.0,,,,,
401858265,2026,7,regular,2026-10-17T04:00:00.000Z,True,False,False,True,,1964.0,JMA Wireless Dome,183,Syracuse,fbs,ACC,,,,1290.0,,97,Louisville,fbs,ACC,,,,1690.0,,,,,
401858494,2026,7,regular,2026-10-17T04:00:00.000Z,True,False,False,True,,1056.0,Rose Bowl,26,UCLA,fbs,Big Ten,,,,1502.0,,275,Wisconsin,fbs,Big Ten,,,,1580.0,,,,,
401858492,2026,7,regular,2026-10-17T04:00:00.000Z,True,False,False,True,,3626.0,Autzen Stadium,2483,Oregon,fbs,Big Ten,,,,1811.0,,158,Nebraska,fbs,Big Ten,,,,1705.0,,,,,
401856809,2026,7,regular,2026-10-17T04:00:00.000Z,True,False,False,False,,3801.0,LaVell Edwards Stadium,252,BYU,fbs,Big 12,,,,1692.0,,87,Notre Dame,fbs,FBS Independents,,,,2061.0,,,,,
401867901,2026,7,regular,2026-10-17T04:00:00.000Z,True,False,False,True,,4428.0,Saxon Stadium,2385,Mercyhurst,fcs,NEC,,,,,,2115,Central Connecticut,fcs,NEC,,,,,,,,,
401867912,2026,7,regular,2026-10-17T04:00:00.000Z,True,False,False,True,,3979.0,Wagner College Stadium,2681,Wagner,fcs,NEC,,,,,,2341,Long Island University,fcs,NEC,,,,,,,,,
401867807,2026,7,regular,2026-10-17T16:00:00.000Z,False,False,False,True,,3881.0,Princeton University Stadium,163,Princeton,fcs,Ivy,,,,,,225,Brown,fcs,Ivy,,,,,,,,,
401866669,2026,7,regular,2026-10-17T16:00:00.000Z,False,False,False,False,,3997.0,Yale Bowl,43,Yale,fcs,Ivy,,,,,,227,Rhode Island,fcs,Coastal Athletic,,,,,,,,,
401867920,2026,7,regular,2026-10-17T16:00:00.000Z,False,False,False,True,,3777.0,Joe Walton Stadium,2523,Robert Morris,fcs,NEC,,,,,,2441,New Haven,fcs,NEC,,,,,,,,,
401866663,2026,7,regular,2026-10-17T16:00:00.000Z,False,False,False,True,,3668.0,Campus Field,2529,Sacred Heart,fcs,Coastal Athletic,,,,,,2261,Hampton,fcs,Coastal Athletic,,,,,,,,,
401866668,2026,7,regular,2026-10-17T16:00:00.000Z,False,False,False,False,,3603.0,Aggie Stadium,2448,North Carolina A&T,fcs,Coastal Athletic,,,,,,2130,Chicago State,fcs,FCS Independents,,,,,,,,,
401908894,2026,7,regular,2026-10-17T16:00:00.000Z,False,False,False,True,,5997.0,Brooks Stadium (NY),2383,Merchant Marine,iii,NEWMAC,,,,,,2776,Salve Regina,iii,NEWMAC,,,,,,,,,
401908935,2026,7,regular,2026-10-17T16:00:00.000Z,False,False,False,True,,6085.0,Sprague Field,2818,Montclair State,iii,New Jersey,,,,,,3112,Christopher Newport,iii,New Jersey,,,,,,,,,
401909016,2026,7,regular,2026-10-17T16:00:00.000Z,False,False,False,True,,6116.0,Shentel Stadium,2828,Shenandoah,iii,Old Dominion,,,,,,131109,Roanoke College,,,,,,,,,,,
401862802,2026,7,regular,2026-10-17T16:00:00.000Z,False,False,False,True,,3841.0,Michie Stadium,349,Army,fbs,American Athletic,,,,1530.0,,2226,Florida Atlantic,fbs,American Athletic,,,,1243.0,,,,,
401907556,2026,7,regular,2026-10-17T16:00:00.000Z,False,False,False,True,,4441.0,McConnell Family Stadium,367,Gannon,ii,Pennsylvania State Athletic,,,,,,611,Seton Hill,ii,Pennsylvania State Athletic,,,,,,,,,
401907522,2026,7,regular,2026-10-17T16:00:00.000Z,False,False,False,True,,4437.0,"Memorial Stadium (Clarion, PA)",2134,Clarion,ii,Pennsylvania State Athletic,,,,,,2858,California (PA),ii,Pennsylvania State Athletic,,,,,,,,,
401907512,2026,7,regular,2026-10-17T16:00:00.000Z,False,False,False,True,,6211.0,Sodexo Field,112334,Franklin Pierce,ii,Northeast 10,,,,,,126086,Post,ii,Northeast 10,,,,,,,,,
401907499,2026,7,regular,2026-10-17T16:00:00.000Z,False,False,False,True,,5133.0,Ram Stadium (WV),2974,Shepherd,ii,Pennsylvania State Athletic,,,,,,2071,Bloomsburg,ii,Pennsylvania State Athletic,,,,,,,,,
401906947,2026,7,regular,2026-10-17T16:00:00.000Z,False,False,False,True,,3927.0,Sherman Field,2392,Michigan Tech,ii,GLIAC,,,,,,128,Northern Michigan,ii,GLIAC,,,,,,,,,
401906653,2026,7,regular,2026-10-17T16:00:00.000Z,False,False,False,True,,3870.0,Panther Stadium (OH),2477,Ohio Dominican,ii,Great Midwest Athletic,,,,,,2316,Kentucky Wesleyan,ii,Great Midwest Athletic,,,,,,,,,
401906644,2026,7,regular,2026-10-17T16:00:00.000Z,False,False,False,True,,6129.0,BB&T Field at Griffin Plaza,2646,Thomas More,ii,Great Midwest Athletic,,,,,,308,Ashland,ii,Great Midwest Athletic,,,,,,,,,
401906626,2026,7,regular,2026-10-17T16:00:00.000Z,False,False,False,True,,3718.0,Tom Benson Hall of Fame Stadium,2682,Walsh,ii,Great Midwest Athletic,,,,,,2838,Tiffin,ii,Great Midwest Athletic,,,,,,,,,
401908526,2026,7,regular,2026-10-17T16:00:00.000Z,False,False,False,True,,6145.0,Blue Jay Stadium,433,Westminster (MO),iii,Upper Midwest,,,,,,583,Northwestern (MN),iii,Upper Midwest,,,,,,,,,
401907620,2026,7,regular,2026-10-17T16:00:00.000Z,False,False,False,True,,6212.0,Bishop Schmitt Field,112335,Wheeling,ii,Mountain East,,,,,,2707,West Virginia State,ii,Mountain East,,,,,,,,,
401907857,2026,7,regular,2026-10-17T16:00:00.000Z,False,False,False,True,,3877.0,Pioneer Stadium,3162,Alfred State,iii,Empire 8,,,,,,2781,Brockport,iii,Empire 8,,,,,,,,,
401907867,2026,7,regular,2026-10-17T16:00:00.000Z,False,False,False,True,,5788.0,Merrill Field at Yunevich Stadium,365,Alfred,iii,Empire 8,,,,,,2782,SUNY Cortland,iii,Empire 8,,,,,,,,,
401908081,2026,7,regular,2026-10-17T16:00:00.000Z,False,False,False,True,,12023.0,Stallings Field,286,North Carolina Wesleyan,iii,USA South,,,,,,2938,Huntingdon,iii,USA South,,,,,,,,,
401908167,2026,7,regular,2026-10-17T16:00:00.000Z,False,False,False,True,,5127.0,Gene L. Shirk Stadium,2015,Albright,iii,Mid Atlantic,,,,,,111674,Alvernia,iii,Mid Atlantic,,,,,,,,,
401908313,2026,7,regular,2026-10-17T16:00:00.000Z,False,False,False,True,,4422.0,Valhalla Stadium,2757,Berry,iii,Southern Athletic,,,,,,2588,Southwestern U,iii,Southern Athletic,,,,,,,,,
401908480,2026,7,regular,2026-10-17T16:00:00.000Z,False,False,False,True,,5637.0,Vendetti Field,2884,Nichols,iii,Commonwealth Coast,,,,,,40,Curry,iii,Commonwealth Coast,,,,,,,,,
401908533,2026,7,regular,2026-10-17T16:00:00.000Z,False,False,False,True,,6135.0,Blue Storm Stadium,111675,New England,iii,Commonwealth Coast,,,,,,274,Maine Maritime,iii,Commonwealth Coast,,,,,,,,,
401908560,2026,7,regular,2026-10-17T16:00:00.000Z,False,False,False,True,,,,131108,New England College,,,,,,,,2280,Husson,iii,Commonwealth Coast,,,,,,,,,
401908572,2026,7,regular,2026-10-17T16:00:00.000Z,False,False,False,True,,5845.0,Elliot Field Athletic Complex,114,Fitchburg State,iii,MSCAC,,,,,,110,Mass Maritime,iii,MSCAC,,,,,,,,,
401908583,2026,7,regular,2026-10-17T16:00:00.000Z,False,False,False,True,,5831.0,Dale Lippert Field,110438,Dean,iii,MSCAC,,,,,,18,Bridgewater State,iii,MSCAC,,,,,,,,,
401908627,2026,7,regular,2026-10-17T16:00:00.000Z,False,False,False,True,,6119.0,Stagg Field,81,Springfield,iii,NEWMAC,,,,,,2749,WPI,iii,NEWMAC,,,,,,,,,
401908701,2026,7,regular,2026-10-17T16:00:00.000Z,False,False,False,True,,6124.0,Amos Alonzo Stagg Field (PA),216,Susquehanna,iii,Landmark Conference,,,,,,323,Moravian,iii,Landmark Conference,,,,,,,,,
401908741,2026,7,regular,2026-10-17T16:00:00.000Z,False,False,False,True,,10463.0,Grand Rapids Christian High School,129738,Calvin,iii,Michigan,,,,,,126,Kalamazoo,iii,Michigan,,,,,,,,,
401908845,2026,7,regular,2026-10-17T16:00:00.000Z,False,False,False,True,,6098.0,Dial-Roberson Stadium,427,Ohio Northern,iii,Ohio,,,,,,359,Otterbein,iii,Ohio,,,,,,,,,
401908882,2026,7,regular,2026-10-17T16:00:00.000Z,False,False,False,True,,5926.0,Henry G. Steinbrenner '27 Stadium,109,MIT,iii,NEWMAC,,,,,,2557,Coast Guard,iii,NEWMAC,,,,,,,,,
401908928,2026,7,regular,2026-10-17T16:00:00.000Z,False,False,False,True,,5638.0,Dave Wolk Stadium,293,Vermont State Castleton,iii,New Jersey,,,,,,2532,Salisbury,iii,New Jersey,,,,,,,,,
401906142,2026,7,regular,2026-10-17T17:00:00.000Z,False,False,False,True,,6068.0,George Williams Athletic Complex,2551,Shaw,ii,CIAA,,,,,,330,Virginia State,ii,CIAA,,,,,,,,,
401906181,2026,7,regular,2026-10-17T17:00:00.000Z,False,False,False,True,,5220.0,Garrison Stadium,2804,Chowan,ii,Carolinas,,,,,,101784,Erskine,ii,Carolinas,,,,,,,,,
401873408,2026,7,regular,2026-10-17T17:00:00.000Z,False,False,False,True,,6112.0,Richard Wackar Stadium,2827,Rowan,iii,New Jersey,,,,,,2871,Kean,iii,New Jersey,,,,,,,,,
401915932,2026,7,regular,2026-10-17T17:00:00.000Z,False,False,False,False,,7082.0,Athletic Field Complex,122774,Keystone,iii,Independent DIII,,,,,,3111,Apprentice School,iii,Independent DIII,,,,,,,,,
401867841,2026,7,regular,2026-10-17T17:00:00.000Z,False,False,False,False,,3750.0,Harvard Stadium,108,Harvard,fcs,Ivy,,,,,,107,Holy Cross,fcs,Patriot,,,,,,,,,
401869132,2026,7,regular,2026-10-17T17:00:00.000Z,False,False,False,True,,3963.0,Harry Turpin Stadium,2466,Northwestern State,fcs,Southland,,,,,,2377,McNeese,fcs,Southland,,,,,,,,,
401868257,2026,7,regular,2026-10-17T17:00:00.000Z,False,False,False,True,,3701.0,Drake Stadium,2181,Drake,fcs,Pioneer,,,,,,2368,Marist,fcs,Pioneer,,,,,,,,,
401856725,2026,7,regular,2026-10-17T17:00:00.000Z,False,False,False,False,,3795.0,Kyle Field,245,Texas A&M,fbs,SEC,,,,1845.0,1845.0,2643,The Citadel,fcs,Southern,,,,,,,,,
401868222,2026,7,regular,2026-10-17T17:00:00.000Z,False,False,False,True,,3897.0,Richardson Stadium,2166,Davidson,fcs,Pioneer,,,,,,2413,Morehead State,fcs,Pioneer,,,,,,,,,
401906054,2026,7,regular,2026-10-17T17:00:00.000Z,False,False,False,True,,3649.0,Bowman Gray Stadium,2736,Winston-Salem State,ii,CIAA,,,,,,124180,Bluefield State,ii,CIAA,,,,,,,,,
401906592,2026,7,regular,2026-10-17T17:00:00.000Z,False,False,False,False,,6062.0,Gable Field at Doc Wadley Stadium,196,Northeastern State,ii,Independent DII,,,,,,2911,William Jewell,ii,Great Lakes,,,,,,,,,
401906607,2026,7,regular,2026-10-17T17:00:00.000Z,False,False,False,False,,5843.0,W.B. Adams Stadium,366,Ferrum,ii,Carolinas,,,,,,2170,Delta State,ii,Gulf South,,,,,,,,,
401906846,2026,7,regular,2026-10-17T17:00:00.000Z,False,False,False,True,,3729.0,"Frank ""Muddy"" Waters Stadium",2273,Hillsdale,ii,Great Midwest Athletic,,,,,,2224,Findlay,ii,Great Midwest Athletic,,,,,,,,,
401906122,2026,7,regular,2026-10-17T17:00:00.000Z,False,False,False,True,,5873.0,Bulldogs Stadium,2075,Bowie State,ii,CIAA,,,,,,2676,Virginia Union,ii,CIAA,,,,,,,,,
401868002,2026,7,regular,2026-10-17T17:00:00.000Z,False,False,False,True,,3617.0,Andy Kerr Stadium,2142,Colgate,fcs,Patriot,,,,,,46,Georgetown,fcs,Patriot,,,,,,,,,
401867925,2026,7,regular,2026-10-17T17:00:00.000Z,False,False,False,True,,6075.0,W.B. Mason Stadium,284,Stonehill,fcs,NEC,,,,,,2184,Duquesne,fcs,NEC,,,,,,,,,
401908193,2026,7,regular,2026-10-17T17:00:00.000Z,False,False,False,True,,7513.0,O'Hara Field,127954,Eastern,iii,Mid Atlantic,,,,,,2725,Widener,iii,Mid Atlantic,,,,,,,,,
401909130,2026,7,regular,2026-10-17T17:00:00.000Z,False,False,False,True,,3640.0,Blackstock Stadium,83,DePauw,iii,North Coast,,,,,,2171,Denison,iii,North Coast,,,,,,,,,
401909054,2026,7,regular,2026-10-17T17:00:00.000Z,False,False,False,True,,3694.0,DeGol Field,2598,Saint Francis,iii,Presidents',,,,,,2614,Saint Vincent,iii,Presidents',,,,,,,,,
401909043,2026,7,regular,2026-10-17T17:00:00.000Z,False,False,False,True,,5864.0,Robert E. Thorn Field,146,Grove City,iii,Presidents',,,,,,2274,Hiram,iii,Presidents',,,,,,,,,
401909023,2026,7,regular,2026-10-17T17:00:00.000Z,False,False,False,True,,5789.0,Frank B. Fuhrer Field,2018,Allegheny,iii,Presidents',,,,,,2686,Washington & Jefferson,iii,Presidents',,,,,,,,,
401909001,2026,7,regular,2026-10-17T17:00:00.000Z,False,False,False,True,,5896.0,Lewis C. Everett Stadium,297,Hampden Sydney,iii,Old Dominion,,,,,,2258,Guilford,iii,Old Dominion,,,,,,,,,
401908983,2026,7,regular,2026-10-17T17:00:00.000Z,False,False,False,True,,6150.0,Wightman Stadium,2970,William Paterson,iii,New Jersey,,,,,,2442,The College of New Jersey,iii,New Jersey,,,,,,,,,
401908968,2026,7,regular,2026-10-17T17:00:00.000Z,False,False,False,True,,6099.0,Selby Stadium,2980,Ohio Wesleyan,iii,North Coast,,,,,,2746,Wittenberg,iii,North Coast,,,,,,,,,
401908869,2026,7,regular,2026-10-17T17:00:00.000Z,False,False,False,True,,5806.0,Whittier Field,340,Bowdoin,iii,NESCAC,,,,,,348,Hamilton,iii,NESCAC,,,,,,,,,
401908856,2026,7,regular,2026-10-17T17:00:00.000Z,False,False,False,True,,6141.0,Corwin Stadium,336,Wesleyan (CT),iii,NESCAC,,,,,,121,Bates,iii,NESCAC,,,,,,,,,
401908828,2026,7,regular,2026-10-17T17:00:00.000Z,False,False,False,True,,5689.0,Seaverns Field At Harold Alfond Stadium,33,Colby,iii,NESCAC,,,,,,7,Amherst,iii,NESCAC,,,,,,,,,
401908752,2026,7,regular,2026-10-17T17:00:00.000Z,False,False,False,True,,5795.0,Edor Nelson Field,124,Augsburg,iii,Minnesota,,,,,,2359,Macalester,iii,Minnesota,,,,,,,,,
401908714,2026,7,regular,2026-10-17T17:00:00.000Z,False,False,False,True,,5790.0,Bahlke Field,2800,Alma,iii,Michigan,,,,,,354,Olivet,iii,Michigan,,,,,,,,,
401908679,2026,7,regular,2026-10-17T17:00:00.000Z,False,False,False,True,,5863.0,Don Shula Stadium at Wasmer Field,2302,John Carroll,iii,Ohio,,,,,,89,Wabash,iii,North Coast,,,,,,,,,
401908642,2026,7,regular,2026-10-17T17:00:00.000Z,False,False,False,True,,5925.0,David Person Field,2354,Lycoming,iii,Landmark Conference,,,,,,246,Juniata,iii,Landmark Conference,,,,,,,,,
401908612,2026,7,regular,2026-10-17T17:00:00.000Z,False,False,False,True,,6202.0,Cardinal Stadium (DC),2108,Catholic,iii,Landmark Conference,,,,,,2843,Western Connecticut State,iii,Landmark Conference,,,,,,,,,
401908487,2026,7,regular,2026-10-17T17:00:00.000Z,False,False,False,True,,6143.0,Golden Bear Stadium,2702,Western New England,iii,Commonwealth Coast,,,,,,452,Endicott,iii,Commonwealth Coast,,,,,,,,,
401908474,2026,7,regular,2026-10-17T17:00:00.000Z,False,False,False,True,,5853.0,Francis Field (IL),2257,Greenville,iii,Upper Midwest,,,,,,509,Crown,iii,Upper Midwest,,,,,,,,,
401908382,2026,7,regular,2026-10-17T17:00:00.000Z,False,False,False,True,,5818.0,Farris Stadium,2121,Centre,iii,Southern Athletic,,,,,,2519,Rhodes,iii,Southern Athletic,,,,,,,,,
401908370,2026,7,regular,2026-10-17T17:00:00.000Z,False,False,False,False,,5996.0,Wilford Moore Stadium,241,McMurry,iii,American Southwest,,,,,,134087,Westgate Christian University,,,,,,,,,,,
401908356,2026,7,regular,2026-10-17T17:00:00.000Z,False,False,False,True,,6136.0,Patterson Field,2667,Ursinus,iii,Centennial,,,,,,118,Johns Hopkins,iii,Centennial,,,,,,,,,
401908335,2026,7,regular,2026-10-17T17:00:00.000Z,False,False,False,True,,7077.0,Shadek Stadium,2234,Franklin & Marshall,iii,Centennial,,,,,,2175,Dickinson,iii,Centennial,,,,,,,,,
401908307,2026,7,regular,2026-10-17T17:00:00.000Z,False,False,False,True,,5852.0,Jamieson Stadium,2256,Greensboro,iii,USA South,,,,,,2056,Belhaven,iii,USA South,,,,,,,,,
401908295,2026,7,regular,2026-10-17T17:00:00.000Z,False,False,False,False,,6111.0,Cook Stadium,86,Rose Hulman,iii,Heartland,,,,,,191,Heidelberg,iii,Ohio,,,,,,,,,
401908204,2026,7,regular,2026-10-17T17:00:00.000Z,False,False,False,True,,5907.0,McCarthy Stadium (Wilkes Barre),247,King's,iii,Mid Atlantic,,,,,,388,Lebanon Valley,iii,Mid Atlantic,,,,,,,,,
401908198,2026,7,regular,2026-10-17T17:00:00.000Z,False,False,False,True,,6083.0,Mangelsdorf Field,2969,Misericordia,iii,Mid Atlantic,,,,,,2221,FDU Florham,iii,Mid Atlantic,,,,,,,,,
401908185,2026,7,regular,2026-10-17T17:00:00.000Z,False,False,False,True,,3851.0,Mustang Stadium,471,Stevenson,iii,Mid Atlantic,,,,,,2808,Delaware Valley,iii,Mid Atlantic,,,,,,,,,
401908053,2026,7,regular,2026-10-17T17:00:00.000Z,False,False,False,True,,5998.0,Monarch Stadium,291,Methodist,iii,USA South,,,,,,2896,Southern Virginia,iii,USA South,,,,,,,,,
401907660,2026,7,regular,2026-10-17T17:00:00.000Z,False,False,False,True,,5851.0,Shirk Field at Musselman Stadium,2248,Gettysburg,iii,Centennial,,,,,,2102,Carnegie Mellon,iii,Presidents',,,,,,,,,
401907617,2026,7,regular,2026-10-17T17:00:00.000Z,False,False,False,True,,5886.0,West Family Stadium,2699,West Liberty,ii,Mountain East,,,,,,455,West Virginia Wesleyan,ii,Mountain East,,,,,,,,,
401907583,2026,7,regular,2026-10-17T17:00:00.000Z,False,False,False,True,,3642.0,Bobcat Stadium (MD),341,Frostburg State,ii,Mountain East,,,,,,2128,Charleston (WV),ii,Mountain East,,,,,,,,,
401907548,2026,7,regular,2026-10-17T17:00:00.000Z,False,False,False,True,,3760.0,Hubert Jack Stadium,209,Lock Haven,ii,Pennsylvania State Athletic,,,,,,2205,Edinboro,ii,Pennsylvania State Athletic,,,,,,,,,
401907541,2026,7,regular,2026-10-17T17:00:00.000Z,False,False,False,True,,4429.0,Seth Grove Stadium,2559,Shippensburg,ii,Pennsylvania State Athletic,,,,,,2188,East Stroudsburg,ii,Pennsylvania State Athletic,,,,,,,,,
401907488,2026,7,regular,2026-10-17T17:00:00.000Z,False,False,False,True,,6071.0,Jess Dow Field,2583,Southern Connecticut State,ii,Northeast 10,,,,,,2038,Assumption,ii,Northeast 10,,,,,,,,,
401907479,2026,7,regular,2026-10-17T17:00:00.000Z,False,False,False,True,,6066.0,Pace Stadium,2487,Pace,ii,Northeast 10,,,,,,2022,American International,ii,Northeast 10,,,,,,,,,
401907470,2026,7,regular,2026-10-17T17:00:00.000Z,False,False,False,True,,5906.0,McBride Field,352,Kenyon,iii,North Coast,,,,,,143,Washington St. Louis,iii,North Coast,,,,,,,,,
401907433,2026,7,regular,2026-10-17T17:00:00.000Z,False,False,False,True,,6046.0,Meares Stadium,2369,Mars Hill,ii,South Atlantic,,,,,,2444,Newberry,ii,South Atlantic,,,,,,,,,
401907417,2026,7,regular,2026-10-17T17:00:00.000Z,False,False,False,True,,3663.0,Burke-Tarr Stadium,2105,Carson Newman,ii,South Atlantic,,,,,,2213,Emory & Henry,ii,South Atlantic,,,,,,,,,
401907306,2026,7,regular,2026-10-17T17:00:00.000Z,False,False,False,True,,6042.0,Alumni Stadium (KY),2310,Kentucky State,ii,SIAC,,,,,,2323,Lane College,ii,SIAC,,,,,,,,,
401907200,2026,7,regular,2026-10-17T17:00:00.000Z,False,False,False,True,,6045.0,Dwight T. Reed Stadium,2876,Lincoln (MO),ii,Great Lakes,,,,,,2292,Indianapolis,ii,Great Lakes,,,,,,,,,
401906925,2026,7,regular,2026-10-17T17:00:00.000Z,False,False,False,True,,5881.0,CAU Panther Stadium,2805,Clark Atlanta,ii,SIAC,,,,,,2019,Allen,ii,SIAC,,,,,,,,,
401866664,2026,7,regular,2026-10-17T17:00:00.000Z,False,False,False,True,,3607.0,Alfond Stadium,311,Maine,fcs,Coastal Athletic,,,,,,2803,Bryant,fcs,Coastal Athletic,,,,,,,,,
401866665,2026,7,regular,2026-10-17T17:00:00.000Z,False,False,False,True,,3688.0,Wildcat Stadium,160,New Hampshire,fcs,Coastal Athletic,,,,,,2405,Monmouth,fcs,Coastal Athletic,,,,,,,,,
401868213,2026,7,regular,2026-10-17T17:00:00.000Z,False,False,False,True,,3664.0,Butler Bowl,2086,Butler,fcs,Pioneer,,,,,,2168,Dayton,fcs,Pioneer,,,,,,,,,
401867837,2026,7,regular,2026-10-17T17:00:00.000Z,False,False,False,False,,3826.0,Memorial Field,159,Dartmouth,fcs,Ivy,,,,,,2771,Merrimack,fcs,FCS Independents,,,,,,,,,
401908919,2026,7,regular,2026-10-17T17:30:00.000Z,False,False,False,True,,6133.0,Ellis Oval at Zimman Field,112,Tufts,iii,NESCAC,,,,,,2977,Trinity (CT),iii,NESCAC,,,,,,,,,
401908666,2026,7,regular,2026-10-17T17:30:00.000Z,False,False,False,True,,5812.0,Bernlohr Stadium,424,Capital,iii,Ohio,,,,,,426,Mount Union,iii,Ohio,,,,,,,,,
401908657,2026,7,regular,2026-10-17T17:30:00.000Z,False,False,False,True,,5931.0,Don Drumm Stadium,317,Marietta,iii,Ohio,,,,,,188,Baldwin Wallace,iii,Ohio,,,,,,,,,
401908228,2026,7,regular,2026-10-17T17:30:00.000Z,False,False,False,True,,5930.0,Carl W. Burt Memorial Stadium,2362,Manchester,iii,Heartland,,,,,,2233,Franklin,iii,Heartland,,,,,,,,,
401908220,2026,7,regular,2026-10-17T17:30:00.000Z,False,False,False,True,,6088.0,Schueler Field,2419,Mount St Joseph,iii,Heartland,,,,,,2074,Bluffton,iii,Heartland,,,,,,,,,
401908211,2026,7,regular,2026-10-17T17:30:00.000Z,False,False,False,True,,5793.0,Macholtz Stadium,2023,Anderson (IN),iii,Heartland,,,,,,2262,Hanover,iii,Heartland,,,,,,,,,
401906130,2026,7,regular,2026-10-17T17:30:00.000Z,False,False,False,True,,3813.0,"Luther ""Nick"" Jeralds Stadium",2220,Fayetteville State,ii,CIAA,,,,,,2207,Elizabeth City State,ii,CIAA,,,,,,,,,
401868398,2026,7,regular,2026-10-17T17:30:00.000Z,False,False,False,True,,3737.0,Gibbs Stadium,2747,Wofford,fcs,Southern,,,,,,2678,VMI,fcs,Southern,,,,,,,,,
401868066,2026,7,regular,2026-10-17T18:00:00.000Z,False,False,False,True,,5888.0,University Stadium (GA),2698,West Georgia,fcs,UAC,,,,,,2046,Austin Peay,fcs,UAC,,,,,,,,,
401907399,2026,7,regular,2026-10-17T18:00:00.000Z,False,False,False,True,,10461.0,Spero Financial Field,129469,Anderson (SC),ii,South Atlantic,,,,,,2107,Catawba,ii,South Atlantic,,,,,,,,,
401907430,2026,7,regular,2026-10-17T18:00:00.000Z,False,False,False,True,,6553.0,Helen and Leonard Moretz Stadium,2331,Lenoir Rhyne,ii,South Atlantic,,,,,,351,Wingate,ii,South Atlantic,,,,,,,,,
401908878,2026,7,regular,2026-10-17T18:00:00.000Z,False,False,False,True,,6284.0,Village of Lisle-Benedictine University Sports Complex,2283,Benedictine (IL),iii,NACC,,,,,,2832,St. Norbert,iii,NACC,,,,,,,,,
401908889,2026,7,regular,2026-10-17T18:00:00.000Z,False,False,False,True,,6095.0,Sabine Field at Haynes Family Stadium,2467,Norwich,iii,NEWMAC,,,,,,2951,SUNY Maritime,iii,NEWMAC,,,,,,,,,
401908915,2026,7,regular,2026-10-17T18:00:00.000Z,False,False,False,True,,6079.0,Alumni Stadium (VT),2394,Middlebury,iii,NESCAC,,,,,,2731,Williams,iii,NESCAC,,,,,,,,,
401908995,2026,7,regular,2026-10-17T18:00:00.000Z,False,False,False,True,,5800.0,Jopson Athletic Complex,2079,Bridgewater,iii,Old Dominion,,,,,,2688,Washington and Lee,iii,Old Dominion,,,,,,,,,
401909103,2026,7,regular,2026-10-17T18:00:00.000Z,False,False,False,True,,5826.0,Concordia Stadium,2151,Concordia Chicago,iii,NACC,,,,,,6353,Lakeland,iii,NACC,,,,,,,,,
401873398,2026,7,regular,2026-10-17T18:00:00.000Z,False,False,False,True,,6110.0,Sam Greeley Field,2524,Rockford,iii,NACC,,,,,,409,Concordia (WI),iii,NACC,,,,,,,,,
401867878,2026,7,regular,2026-10-17T18:00:00.000Z,False,False,False,True,,3605.0,Alerus Center,155,North Dakota,fcs,MVFC,,,,,,2571,South Dakota State,fcs,MVFC,,,,,,,,,
401907241,2026,7,regular,2026-10-17T18:00:00.000Z,False,False,False,True,,3878.0,Plaster Sports Complex,2586,Southwest Baptist,ii,Great Lakes,,,,,,389,Upper Iowa,ii,Great Lakes,,,,,,,,,
401907216,2026,7,regular,2026-10-17T18:00:00.000Z,False,False,False,True,,3609.0,Allgood-Bailey Stadium,2402,Missouri S&T,ii,Great Lakes,,,,,,2816,McKendree,ii,Great Lakes,,,,,,,,,
401907573,2026,7,regular,2026-10-17T18:00:00.000Z,False,False,False,True,,4431.0,Chryst Field at Biemesderfer Stadium,210,Millersville,ii,Pennsylvania State Athletic,,,,,,2315,Kutztown,ii,Pennsylvania State Athletic,,,,,,,,,
401906933,2026,7,regular,2026-10-17T18:00:00.000Z,False,False,False,True,,3844.0,Morris Field,127991,Roosevelt,ii,GLIAC,,,,,,110254,Davenport,ii,GLIAC,,,,,,,,,
401906680,2026,7,regular,2026-10-17T18:00:00.000Z,False,False,False,True,,3769.0,Jack Britt Memorial Stadium,437,Lake Erie,ii,Great Midwest Athletic,,,,,,2886,Northwood,ii,Great Midwest Athletic,,,,,,,,,
401906203,2026,7,regular,2026-10-17T18:00:00.000Z,False,False,False,True,,6061.0,Younts Stadium,2822,North Greenville,ii,Carolinas,,,,,,2560,Shorter,ii,Carolinas,,,,,,,,,
401906136,2026,7,regular,2026-10-17T18:00:00.000Z,False,False,False,True,,6041.0,Irwin Belk Complex,2304,Johnson C. Smith,ii,CIAA,,,,,,2339,Lincoln (PA),ii,CIAA,,,,,,,,,
401906940,2026,7,regular,2026-10-17T18:00:00.000Z,False,False,False,True,,5875.0,Charlie W. Johnson Stadium,490,Benedict,ii,SIAC,,,,,,2206,Edward Waters,ii,SIAC,,,,,,,,,
401907567,2026,7,regular,2026-10-17T18:00:00.000Z,False,False,False,True,,4433.0,George P. Miller Stadium,2291,IU Pennsylvania,ii,Pennsylvania State Athletic,,,,,,215,Slippery Rock,ii,Pennsylvania State Athletic,,,,,,,,,
401907507,2026,7,regular,2026-10-17T18:00:00.000Z,False,False,False,True,,5876.0,Bentley University Football Stadium,2060,Bentley,ii,Northeast 10,,,,,,2830,Saint Anselm,ii,Northeast 10,,,,,,,,,
401907462,2026,7,regular,2026-10-17T18:00:00.000Z,False,False,False,True,,6078.0,Pioneer Field (TN),2839,Tusculum,ii,South Atlantic,,,,,,2842,UVA Wise,ii,South Atlantic,,,,,,,,,
401907372,2026,7,regular,2026-10-17T18:00:00.000Z,False,False,False,True,,6057.0,Ron & Carol Cope Stadium at Foster Field,2438,Nebraska Kearney,ii,Mid America,,,,,,2403,Missouri Southern State,ii,Mid America,,,,,,,,,
401907350,2026,7,regular,2026-10-17T18:00:00.000Z,False,False,False,True,,5942.0,Francis G. Welch Stadium,2214,Emporia State,ii,Mid America,,,,,,2122,Central Oklahoma,ii,Mid America,,,,,,,,,
401907341,2026,7,regular,2026-10-17T18:00:00.000Z,False,False,False,True,,4724.0,Audrey J. Walton Stadium at Vernon Kennedy Field,2118,Central Missouri,ii,Mid America,,,,,,2687,Washburn,ii,Mid America,,,,,,,,,
401908785,2026,7,regular,2026-10-17T18:00:00.000Z,False,False,False,True,,5915.0,Farwell Field,262,Lake Forest,iii,Midwest,,,,,,67,Luther,iii,Midwest,,,,,,,,,
401908762,2026,7,regular,2026-10-17T18:00:00.000Z,False,False,False,True,,5919.0,Ron Roberts Field at the Banta Bowl,268,Lawrence,iii,Midwest,,,,,,65,Grinnell,iii,Midwest,,,,,,,,,
401908755,2026,7,regular,2026-10-17T18:00:00.000Z,False,False,False,True,,3945.0,Strong Stadium,266,Beloit,iii,Midwest,,,,,,2919,Monmouth (IL),iii,Midwest,,,,,,,,,
401908728,2026,7,regular,2026-10-17T18:00:00.000Z,False,False,False,True,,5828.0,Van Metre Field at Ash Park,2155,Cornell (IA),iii,Midwest,,,,,,255,Knox,iii,Midwest,,,,,,,,,
401908654,2026,7,regular,2026-10-17T18:00:00.000Z,False,False,False,True,,3755.0,Ray and Sue Smith Stadium,2812,Hope,iii,Michigan,,,,,,2003,Adrian,iii,Michigan,,,,,,,,,
401908595,2026,7,regular,2026-10-17T18:00:00.000Z,False,False,False,True,,6144.0,"Alumni Field (Westfield, MA)",2909,Westfield State,iii,MSCAC,,,,,,2967,Framingham State,iii,MSCAC,,,,,,,,,
401908545,2026,7,regular,2026-10-17T18:00:00.000Z,False,False,False,True,,6125.0,Bulldog Stadium (TX),2639,Texas Lutheran,iii,Southern Collegiate Athletic,,,,,,418,Hendrix,iii,Southern Athletic,,,,,,,,,
401908511,2026,7,regular,2026-10-17T18:00:00.000Z,False,False,False,True,,6082.0,Big Cat Stadium,2399,Minnesota Morris,iii,Upper Midwest,,,,,,446,Martin Luther,iii,Upper Midwest,,,,,,,,,
401908390,2026,7,regular,2026-10-17T18:00:00.000Z,False,False,False,True,,3823.0,Hardee-McGee Field,2553,Sewanee,iii,Southern Athletic,,,,,,2398,Millsaps,iii,Southern Athletic,,,,,,,,,
401908363,2026,7,regular,2026-10-17T18:00:00.000Z,False,False,False,True,,6089.0,Scotty Wood Stadium,2422,Muhlenberg,iii,Centennial,,,,,,2700,McDaniel,iii,Centennial,,,,,,,,,
401908321,2026,7,regular,2026-10-17T18:00:00.000Z,False,False,False,False,,,,102626,Texas Wesleyan,,,,,,,,2371,Mary Hardin Baylor,iii,American Southwest,,,,,,,,,
401908281,2026,7,regular,2026-10-17T18:00:00.000Z,False,False,False,True,,5114.0,Shelton Stadium,2810,Hardin Simmons,iii,American Southwest,,,,,,2194,East Texas Baptist,iii,American Southwest,,,,,,,,,
401908245,2026,7,regular,2026-10-17T18:00:00.000Z,False,False,False,True,,5921.0,Rock Bowl,263,Loras,iii,American Rivers,,,,,,2685,Wartburg,iii,American Rivers,,,,,,,,,
401908146,2026,7,regular,2026-10-17T18:00:00.000Z,False,False,False,True,,6091.0,Abel Stadium,6845,Nebraska Wesleyan,iii,American Rivers,,,,,,2964,Central College,iii,American Rivers,,,,,,,,,
401908114,2026,7,regular,2026-10-17T18:00:00.000Z,False,False,False,True,,5807.0,Brevard Memorial Stadium,2913,Brevard,iii,USA South,,,,,,548,LaGrange,iii,USA South,,,,,,,,,
401908107,2026,7,regular,2026-10-17T18:00:00.000Z,False,False,False,True,,6132.0,Trinity University Stadium,386,Trinity (TX),iii,Southern Athletic,,,,,,2373,Maryville (TN),iii,USA South,,,,,,,,,
401908022,2026,7,regular,2026-10-17T18:00:00.000Z,False,False,False,True,,5916.0,Carson Park,2738,Wisconsin Eau Claire,iii,Wisconsin,,,,,,271,Wisconsin Oshkosh,iii,Wisconsin,,,,,,,,,
401907999,2026,7,regular,2026-10-17T18:00:00.000Z,False,False,False,True,,5911.0,Ralph E. Davis Pioneer Stadium,272,Wisconsin Platteville,iii,Wisconsin,,,,,,2723,Wisconsin River Falls,iii,Wisconsin,,,,,,,,,
401907981,2026,7,regular,2026-10-17T18:00:00.000Z,False,False,False,True,,5914.0,Veterans Memorial Stadium (WI),2740,Wisconsin La Crosse,iii,Wisconsin,,,,,,2743,Wisconsin Stevens Point,iii,Wisconsin,,,,,,,,,
401907890,2026,7,regular,2026-10-17T18:00:00.000Z,False,False,False,True,,5900.0,Don and Nona Williams Stadium,2744,Wisconsin Stout,iii,Wisconsin,,,,,,2745,Wisconsin Whitewater,iii,Wisconsin,,,,,,,,,
401907827,2026,7,regular,2026-10-17T18:00:00.000Z,False,False,False,True,,5839.0,Langhorst Field,72,Elmhurst,iii,CCIW,,,,,,3071,North Central College,iii,CCIW,,,,,,,,,
401907822,2026,7,regular,2026-10-17T18:00:00.000Z,False,False,False,True,,5816.0,Art Keller Field,2106,Carthage,iii,CCIW,,,,,,75,North Park,iii,CCIW,,,,,,,,,
401907815,2026,7,regular,2026-10-17T18:00:00.000Z,False,False,False,True,,5115.0,McCully Stadium,396,Wheaton (IL),iii,CCIW,,,,,,32,Carroll (WI),iii,CCIW,,,,,,,,,
401907763,2026,7,regular,2026-10-17T18:00:00.000Z,False,False,False,True,,5809.0,J. Leslie Rollins Stadium,63,Buena Vista,iii,American Rivers,,,,,,2141,Coe,iii,American Rivers,,,,,,,,,
401907671,2026,7,regular,2026-10-17T18:00:00.000Z,False,False,False,True,,5820.0,Amos Alonzo Stagg Field,80,Chicago,iii,Midwest,,,,,,2286,Illinois College,iii,Midwest,,,,,,,,,
401907591,2026,7,regular,2026-10-17T18:00:00.000Z,False,False,False,True,,3667.0,Callaghan Stadium,2148,Concord,ii,Mountain East,,,,,,2249,Glenville State,ii,Mountain East,,,,,,,,,
401867830,2026,7,regular,2026-10-17T18:00:00.000Z,False,False,False,False,,3921.0,Schoellkopf Field,172,Cornell,fcs,Ivy,,,,,,2329,Lehigh,fcs,Patriot,,,,,,,,,
401868277,2026,7,regular,2026-10-17T18:00:00.000Z,False,False,False,True,,4416.0,Spec Martin Municipal Stadium,56,Stetson,fcs,Pioneer,,,,,,2506,Presbyterian,fcs,Pioneer,,,,,,,,,
401908862,2026,7,regular,2026-10-17T18:00:00.000Z,False,False,False,True,,6122.0,Public Schools Stadium,375,St. Scholastica,iii,Minnesota,,,,,,2968,Gustavus Adolphus,iii,Minnesota,,,,,,,,,
401908849,2026,7,regular,2026-10-17T18:00:00.000Z,False,False,False,True,,5797.0,Vago Field,2044,Aurora,iii,NACC,,,,,,2741,Wisconsin Lutheran,iii,NACC,,,,,,,,,
401908821,2026,7,regular,2026-10-17T18:00:00.000Z,False,False,False,True,,5117.0,Clemens Stadium,2600,Saint John's (MN),iii,Minnesota,,,,,,2152,Concordia (MN),iii,Minnesota,,,,,,,,,
401908800,2026,7,regular,2026-10-17T18:00:00.000Z,False,False,False,True,,5813.0,Klein Field at Manitou,133,St. Olaf,iii,Minnesota,,,,,,2802,Bethel (MN),iii,Minnesota,,,,,,,,,
401866666,2026,7,regular,2026-10-17T18:30:00.000Z,False,False,False,True,,3788.0,Kenneth P. LaValle Stadium,2619,Stony Brook,fcs,Coastal Athletic,,,,,,399,UAlbany,fcs,Coastal Athletic,,,,,,,,,
401868145,2026,7,regular,2026-10-17T18:30:00.000Z,False,False,False,False,,3962.0,Tucker Stadium,2635,Tennessee Tech,fcs,Southern,,,,,,2198,Eastern Kentucky,fcs,UAC,,,,,,,,,
401908607,2026,7,regular,2026-10-17T18:30:00.000Z,False,False,False,True,,5898.0,John Coughlin Memorial Field,402,Worcester State,iii,MSCAC,,,,,,379,UMass Dartmouth,iii,MSCAC,,,,,,,,,
401906550,2026,7,regular,2026-10-17T19:00:00.000Z,False,False,False,True,,5885.0,First Security Stadium,2264,Harding,ii,Great American,,,,,,2271,Henderson State,ii,Great American,,,,,,,,,
401908238,2026,7,regular,2026-10-17T19:00:00.000Z,False,False,False,True,,3635.0,Bill Buxton Stadium,2564,Simpson (IA),iii,American Rivers,,,,,,49,Dubuque,iii,American Rivers,,,,,,,,,
401867993,2026,7,regular,2026-10-17T19:00:00.000Z,False,False,False,True,,3676.0,Christy Mathewson-Memorial Stadium,2083,Bucknell,fcs,Patriot,,,,,,322,Lafayette,fcs,Patriot,,,,,,,,,
401868105,2026,7,regular,2026-10-17T19:00:00.000Z,False,False,False,True,,3942.0,Stewart Stadium,2692,Weber State,fcs,Big Sky,,,,,,304,Idaho State,fcs,Big Sky,,,,,,,,,
401908988,2026,7,regular,2026-10-17T19:00:00.000Z,False,False,False,True,,5799.0,Daly Field at Frank R. Campbell Stadium,2047,Averett,iii,Old Dominion,,,,,,2516,Randolph Macon,iii,Old Dominion,,,,,,,,,
401909142,2026,7,regular,2026-10-17T19:00:00.000Z,False,False,False,True,,6127.0,John P. Papp Stadium,2748,Wooster,iii,North Coast,,,,,,391,Oberlin,iii,North Coast,,,,,,,,,
401907005,2026,7,regular,2026-10-17T19:00:00.000Z,False,False,False,True,,3811.0,Lubbers Stadium,125,Grand Valley State,ii,GLIAC,,,,,,2222,Ferris State,ii,GLIAC,,,,,,,,,
401906915,2026,7,regular,2026-10-17T19:00:00.000Z,False,False,False,True,,4747.0,Abbott Memorial Alumni Stadium,2657,Tuskegee,ii,SIAC,,,,,,2013,Albany State,ii,SIAC,,,,,,,,,
401906562,2026,7,regular,2026-10-17T19:00:00.000Z,False,False,False,True,,4763.0,Ranger Field,2823,Northwestern (OK),ii,Great American,,,,,,199,Southeastern Oklahoma State,ii,Great American,,,,,,,,,
401907104,2026,7,regular,2026-10-17T19:00:00.000Z,False,False,False,True,,5880.0,Elliott Field at Don Beebe Stadium,2123,Chadron State,ii,Rocky Mountain,,,,,,2001,Adams State,ii,Rocky Mountain,,,,,,,,,
401906975,2026,7,regular,2026-10-17T19:00:00.000Z,False,False,False,True,,3952.0,Ted Wright Stadium,2542,Savannah State,ii,SIAC,,,,,,2232,Fort Valley State,ii,SIAC,,,,,,,,,
401907378,2026,7,regular,2026-10-17T19:00:00.000Z,False,False,False,True,,6067.0,Carnie Smith Stadium,90,Pittsburg State,ii,Mid America,,,,,,137,Missouri Western,ii,Mid America,,,,,,,,,
401907236,2026,7,regular,2026-10-17T19:00:00.000Z,False,False,False,True,,3723.0,QU Stadium,2825,Quincy,ii,Great Lakes,,,,,,2654,Truman State,ii,Great Lakes,,,,,,,,,
401907134,2026,7,regular,2026-10-17T19:00:00.000Z,False,False,False,True,,5882.0,Ralph Stocker Stadium,11,Colorado Mesa,ii,Rocky Mountain,,,,,,2146,Colorado School of Mines,ii,Rocky Mountain,,,,,,,,,
401868189,2026,7,regular,2026-10-17T19:00:00.000Z,False,False,False,True,,3748.0,Graham Stadium,2630,UT Martin,fcs,OVC,,,,,,2241,Gardner-Webb,fcs,OVC,,,,,,,,,
401868949,2026,7,regular,2026-10-17T19:00:00.000Z,False,False,False,True,,3976.0,Mississippi Veterans Memorial Stadium,2296,Jackson State,fcs,SWAC,,,,,,50,Florida A&M,fcs,SWAC,,,,,,,,,
401868943,2026,7,regular,2026-10-17T19:00:00.000Z,False,False,False,True,,3896.0,Rice-Totten Field,2400,Mississippi Valley State,fcs,SWAC,,,,,,2065,Bethune-Cookman,fcs,SWAC,,,,,,,,,
401868361,2026,7,regular,2026-10-17T19:00:00.000Z,False,False,False,True,,5238.0,Panther Stadium,2504,Prairie View A&M,fcs,SWAC,,,,,,2016,Alcorn State,fcs,SWAC,,,,,,,,,
401868330,2026,7,regular,2026-10-17T19:00:00.000Z,False,False,False,True,,3740.0,Golden Lion Stadium,2029,Arkansas-Pine Bluff,fcs,SWAC,,,,,,2011,Alabama State,fcs,SWAC,,,,,,,,,
401868301,2026,7,regular,2026-10-17T19:00:00.000Z,False,False,False,True,,3809.0,Louis Crews Stadium,2010,Alabama A&M,fcs,SWAC,,,,,,2755,Grambling,fcs,SWAC,,,,,,,,,
401868207,2026,7,regular,2026-10-17T19:00:00.000Z,False,False,False,True,,7003.0,Houck Field,2546,Southeast Missouri State,fcs,OVC,,,,,,2710,Western Illinois,fcs,OVC,,,,,,,,,
401868181,2026,7,regular,2026-10-17T19:00:00.000Z,False,False,False,True,,3858.0,O'Brien Stadium,2197,Eastern Illinois,fcs,OVC,,,,,,2815,Lindenwood,fcs,OVC,,,,,,,,,
401868096,2026,7,regular,2026-10-17T19:00:00.000Z,False,False,False,True,,3987.0,Washington-Grizzly Stadium,149,Montana,fcs,Big Sky,,,,,,70,Idaho,fcs,Big Sky,,,,,,,,,
401864524,2026,7,regular,2026-10-17T19:30:00.000Z,False,False,False,True,,3713.0,Falcon Stadium,2005,Air Force,fbs,Mountain West,,,,1423.0,,2439,UNLV,fbs,Mountain West,,,,1480.0,,,,,
401866667,2026,7,regular,2026-10-17T19:30:00.000Z,False,False,False,True,,3629.0,Barker-Lane Stadium,2097,Campbell,fcs,Coastal Athletic,,,,,,119,Towson,fcs,Coastal Athletic,,,,,,,,,
401868012,2026,7,regular,2026-10-17T19:30:00.000Z,False,False,False,True,,150.0,Jack Coffey Field,2230,Fordham,fcs,Patriot,,,,,,222,Villanova,fcs,Patriot,,,,,,,,,
401864522,2026,7,regular,2026-10-17T19:30:00.000Z,False,False,False,True,,3984.0,War Memorial Stadium,2751,Wyoming,fbs,Mountain West,,,,1268.0,,2459,Northern Illinois,fbs,Mountain West,,,,1240.0,,,,,
401867961,2026,7,regular,2026-10-17T19:30:00.000Z,False,False,False,False,,3990.0,William H. Greene Stadium,47,Howard,fcs,MEAC,,,,,,60,Morehouse,ii,SIAC,,,,,,,,,
401907146,2026,7,regular,2026-10-17T20:00:00.000Z,False,False,False,True,,4852.0,Neta and Eddie DeRose ThunderBowl,2570,CSU Pueblo,ii,Rocky Mountain,,,,,,2424,New Mexico Highlands,ii,Rocky Mountain,,,,,,,,,
401908397,2026,7,regular,2026-10-17T20:00:00.000Z,False,False,False,True,,5920.0,Griswold Stadium,2333,Lewis & Clark,iii,Northwest,,,,,,415,George Fox,iii,Northwest,,,,,,,,,
401908424,2026,7,regular,2026-10-17T20:00:00.000Z,False,False,False,True,,6153.0,Hanson Stadium,205,Pacific (OR),iii,Northwest,,,,,,2486,Pacific Lutheran,iii,Northwest,,,,,,,,,
401908419,2026,7,regular,2026-10-17T20:00:00.000Z,False,False,False,True,,6148.0,The Pine Bowl,2721,Whitworth,iii,Northwest,,,,,,203,Linfield,iii,Northwest,,,,,,,,,
401908316,2026,7,regular,2026-10-17T20:00:00.000Z,False,False,False,True,,11956.0,Antler Stadium,102549,Schreiner,,,,,,,,2758,Howard Payne,iii,American Southwest,,,,,,,,,
401906173,2026,7,regular,2026-10-17T20:00:00.000Z,False,False,False,True,,7075.0,Electric Supply Company Field,122666,Barton,ii,Carolinas,,,,,,2882,UNC Pembroke,ii,Carolinas,,,,,,,,,
401868289,2026,7,regular,2026-10-17T20:00:00.000Z,False,False,False,True,,716.0,Torero Stadium,301,San Diego,fcs,Pioneer,,,,,,2674,Valparaiso,fcs,Pioneer,,,,,,,,,
401908842,2026,7,regular,2026-10-17T20:00:00.000Z,False,False,False,True,,6152.0,Wiliams Stadium (OH),2733,Wilmington (OH),iii,Ohio,,,,,,332,Muskingum,iii,Ohio,,,,,,,,,
401908451,2026,7,regular,2026-10-17T20:00:00.000Z,False,False,False,True,,5821.0,Fritz B. Burns Stadium,17,Claremont Mudd Scripps,iii,So. Cal.,,,,,,2850,Whittier,iii,So. Cal.,,,,,,,,,
401873233,2026,7,regular,2026-10-17T20:00:00.000Z,False,False,False,True,,6149.0,McCulloch Stadium,2930,Willamette,iii,Northwest,,,,,,2508,Puget Sound,iii,Northwest,,,,,,,,,
401868310,2026,7,regular,2026-10-17T20:00:00.000Z,False,False,False,True,,3779.0,Manning Field at John L. Guidry Stadium,2447,Nicholls,fcs,Southland,,,,,,2617,Stephen F. Austin,fcs,Southland,,,,,,,,,
401867870,2026,7,regular,2026-10-17T21:00:00.000Z,False,False,False,True,,3909.0,Roy Stewart Stadium,93,Murray State,fcs,MVFC,,,,,,233,South Dakota,fcs,MVFC,,,,,,,,,
401907289,2026,7,regular,2026-10-17T21:00:00.000Z,False,False,False,True,,5938.0,Al Whitehead Field at Greyhound Stadium,2201,Eastern New Mexico,ii,Lone Star,,,,,,2704,West Texas,ii,Lone Star,,,,,,,,,
401874037,2026,7,regular,2026-10-17T21:00:00.000Z,False,False,False,False,,10803.0,Pen-Air Field,110242,West Florida,fcs,UAC,,,,,,2695,West Alabama,ii,Gulf South,,,,,,,,,
401867897,2026,7,regular,2026-10-17T22:00:00.000Z,False,False,False,True,,844.0,Stambaugh Stadium,2754,Youngstown State,fcs,MVFC,,,,,,2460,Northern Iowa,fcs,MVFC,,,,,,,,,
401860903,2026,7,regular,2026-10-17T22:00:00.000Z,False,False,False,True,,3893.0,Reser Stadium,204,Oregon State,fbs,Pac-12,,,,1285.0,,265,Washington State,fbs,Pac-12,,,,1533.0,,,,,
401906885,2026,7,regular,2026-10-17T22:00:00.000Z,False,False,False,True,,3600.0,Tom Adams Field,131,Wayne State (MI),ii,GLIAC,,,,,,129,Saginaw Valley State,ii,GLIAC,,,,,,,,,
401907626,2026,7,regular,2026-10-17T22:00:00.000Z,False,False,False,True,,4427.0,John A. Farrell Stadium,223,West Chester,ii,Pennsylvania State Athletic,,,,,,132714,Lackawanna,,,,,,,,,,,
401867968,2026,7,regular,2026-10-17T22:30:00.000Z,False,False,False,False,,3810.0,Nissan Stadium,2634,Tennessee State,fcs,OVC,,,,,,2415,Morgan State,fcs,MEAC,,,,,,,,,
401868250,2026,7,regular,2026-10-17T23:00:00.000Z,False,False,False,True,,3734.0,Gayle and Tom Benson Stadium,2916,Incarnate Word,fcs,Southland,,,,,,292,UT Rio Grande Valley,fcs,Southland,,,,,,,,,
401869152,2026,7,regular,2026-10-17T23:00:00.000Z,False,False,False,True,,4424.0,Husky Stadium,2277,Houston Christian,fcs,Southland,,,,,,2837,East Texas A&M,fcs,Southland,,,,,,,,,
401868319,2026,7,regular,2026-10-17T23:00:00.000Z,False,False,False,True,,3944.0,Strawberry Stadium,2545,SE Louisiana,fcs,Southland,,,,,,2320,Lamar,fcs,Southland,,,,,,,,,
401868134,2026,7,regular,2026-10-17T23:00:00.000Z,False,False,False,True,,3827.0,"Memorial Stadium (Stephenville, TX)",2627,Tarleton State,fcs,UAC,,,,,,2110,Central Arkansas,fcs,UAC,,,,,,,,,
401868383,2026,7,regular,2026-10-17T23:00:00.000Z,False,False,False,True,,3925.0,Seibert Stadium,2535,Samford,fcs,Southern,,,,,,2382,Mercer,fcs,Southern,,,,,,,,,
401868055,2026,7,regular,2026-10-17T23:00:00.000Z,False,False,False,True,,4133.0,Braly Municipal Stadium,2453,North Alabama,fcs,UAC,,,,,,2000,Abilene Christian,fcs,UAC,,,,,,,,,
401868088,2026,7,regular,2026-10-17T23:00:00.000Z,False,False,False,True,,3906.0,Roos Field,331,Eastern Washington,fcs,Big Sky,,,,,,147,Montana State,fcs,Big Sky,,,,,,,,,
401868125,2026,7,regular,2026-10-17T23:00:00.000Z,False,False,False,True,,2023.0,Walkup Skydome,2464,Northern Arizona,fcs,Big Sky,,,,,,2502,Portland State,fcs,Big Sky,,,,,,,,,
401907835,2026,7,regular,2026-10-17T23:00:00.000Z,False,False,False,True,,6080.0,Frank M. Lindsay Field,74,Millikin,iii,CCIW,,,,,,306,Illinois Wesleyan,iii,CCIW,,,,,,,,,
401864520,2026,7,regular,2026-10-17T23:00:00.000Z,False,False,False,True,,3714.0,Fargodome,2449,North Dakota State,fbs,Mountain West,,,,1594.0,,2440,Nevada,fbs,Mountain West,,,,1441.0,,,,,
401908551,2026,7,regular,2026-10-17T23:00:00.000Z,False,False,False,True,,10465.0,Mayo Field,101442,Centenary (LA),iii,Southern Collegiate Athletic,,,,,,2045,Austin,iii,Southern Collegiate Athletic,,,,,,,,,
401907741,2026,7,regular,2026-10-17T23:00:00.000Z,False,False,False,True,,3671.0,Case Field,2963,Case Western Reserve,iii,Presidents',,,,,,2845,Waynesburg,iii,Presidents',,,,,,,,,
401907318,2026,7,regular,2026-10-17T23:00:00.000Z,False,False,False,True,,5917.0,Ratliff Stadium,110243,UT Permian Basin,ii,Lone Star,,,,,,2848,Western Oregon,ii,Lone Star,,,,,,,,,
401906521,2026,7,regular,2026-10-17T23:00:00.000Z,False,False,False,True,,5870.0,Thone Stadium at Buerkle Field,2033,Arkansas Tech,ii,Great American,,,,,,2568,Southern Arkansas,ii,Great American,,,,,,,,,
401858262,2026,7,regular,2026-10-17T23:30:00.000Z,False,False,False,False,,3940.0,Stanford Stadium,24,Stanford,fbs,ACC,,,,1300.0,1300.0,2210,Elon,fcs,Coastal Athletic,,,,,,,,,
401909036,2026,7,regular,2026-10-17T23:30:00.000Z,False,False,False,True,,5849.0,Reeves Field (PA),2242,Geneva,iii,Presidents',,,,,,2849,Westminster (PA),iii,Presidents',,,,,,,,,
401907154,2026,7,regular,2026-10-18T00:00:00.000Z,False,False,False,True,,5782.0,Mountaineer Bowl,2714,Western Colorado,ii,Rocky Mountain,,,,,,2237,Fort Lewis,ii,Rocky Mountain,,,,,,,,,
401907312,2026,7,regular,2026-10-18T00:00:00.000Z,False,False,False,True,,6076.0,Javelina Stadium,2658,Texas A&M-Kingsville,ii,Lone Star,,,,,,2120,Central Washington,ii,Lone Star,,,,,,,,,
401907327,2026,7,regular,2026-10-18T00:00:00.000Z,False,False,False,True,,6123.0,Jackson Field,2834,Sul Ross State,ii,Lone Star,,,,,,2703,Western New Mexico,ii,Lone Star,,,,,,,,,
401907367,2026,7,regular,2026-10-18T00:00:00.000Z,False,False,False,True,,5890.0,Lewis Field Stadium,2231,Fort Hays,ii,Mid America,,,,,,138,Northwest Missouri State,ii,Mid America,,,,,,,,,
401908812,2026,7,regular,2026-10-18T00:00:00.000Z,False,False,False,True,,5895.0,Klas Field,162,Hamline,iii,Minnesota,,,,,,2101,Carleton,iii,Minnesota,,,,,,,,,
401907115,2026,7,regular,2026-10-18T00:00:00.000Z,False,False,False,True,,3860.0,O'Harra Stadium,613,South Dakota Mines,ii,Rocky Mountain,,,,,,2069,Black Hills State,ii,Rocky Mountain,,,,,,,,,
401868161,2026,7,regular,2026-10-18T00:00:00.000Z,False,False,False,True,,3706.0,Eccles Coliseum,253,Southern Utah,fcs,Big Sky,,,,,,302,UC Davis,fcs,Big Sky,,,,,,,,,
401868079,2026,7,regular,2026-10-18T00:00:00.000Z,False,False,False,True,,3856.0,Nottingham Field,2458,Northern Colorado,fcs,Big Sky,,,,,,13,Cal Poly,fcs,Big Sky,,,,,,,,,
401864523,2026,7,regular,2026-10-18T01:00:00.000Z,False,False,False,True,,3946.0,Sun Bowl,2638,UTEP,fbs,Mountain West,,,,1130.0,,23,San José State,fbs,Mountain West,,,,1393.0,,,,,
401908445,2026,7,regular,2026-10-18T01:00:00.000Z,False,False,False,True,,3684.0,Citrus Stadium,2049,Azusa Pacific,iii,So. Cal.,,,,,,411,Chapman,iii,So. Cal.,,,,,,,,,
401907280,2026,7,regular,2026-10-18T01:00:00.000Z,False,False,False,True,,6049.0,"Memorial Stadium (Wichita Falls, TX)",2395,Midwestern State,ii,Lone Star,,,,,,2025,Angelo State,ii,Lone Star,,,,,,,,,
401908438,2026,7,regular,2026-10-18T02:00:00.000Z,False,False,False,True,,5811.0,William Rolland Stadium,2094,Cal Lutheran,iii,So. Cal.,,,,,,2923,Pomona Pitzer,iii,So. Cal.,,,,,,,,,
401908457,2026,7,regular,2026-10-18T02:05:00.000Z,False,False,False,True,,6106.0,Ted Runner Stadium,29,Redlands,iii,So. Cal.,,,,,,2318,La Verne,iii,So. Cal.,,,,,,,,,
401860904,2026,7,regular,2026-10-18T02:30:00.000Z,False,False,False,True,,7311.0,Snapdragon Stadium,21,San Diego State,fbs,Pac-12,,,,1468.0,,278,Fresno State,fbs,Pac-12,,,,1611.0,,,,,
401871069,2026,8,regular,2026-10-20T23:00:00.000Z,False,False,False,True,,3695.0,Delaware Stadium,48,Delaware,fbs,Conference USA,,,,1414.0,,2623,Missouri State,fbs,Conference USA,,,,1281.0,,,,,
401871055,2026,8,regular,2026-10-20T23:00:00.000Z,False,False,False,True,,2031.0,Pitbull Stadium,2229,Florida International,fbs,Conference USA,,,,1392.0,,2393,Middle Tennessee,fbs,Conference USA,,,,1298.0,,,,,
401871092,2026,8,regular,2026-10-20T23:30:00.000Z,False,False,False,True,,3775.0,Joan C. Edwards Stadium,276,Marshall,fbs,Sun Belt,,,,1391.0,,6,South Alabama,fbs,Sun Belt,,,,1393.0,,,,,
401871070,2026,8,regular,2026-10-22T00:00:00.000Z,False,False,False,True,,3647.0,Elliott T. Bowers Stadium,2534,Sam Houston,fbs,Conference USA,,,,1161.0,,166,New Mexico State,fbs,Conference USA,,,,1261.0,,,,,
401869845,2026,8,regular,2026-10-22T23:00:00.000Z,False,False,False,True,,3792.0,Kidd Brewer Stadium,2026,App State,fbs,Sun Belt,,,,1324.0,,256,James Madison,fbs,Sun Belt,,,,1777.0,,,,,
401871056,2026,8,regular,2026-10-22T23:00:00.000Z,False,False,False,True,,4899.0,Fifth Third Stadium,338,Kennesaw State,fbs,Conference USA,,,,1285.0,,2335,Liberty,fbs,Conference USA,,,,1750.0,,,,,
401862807,2026,8,regular,2026-10-22T23:30:00.000Z,False,False,False,True,,3805.0,Simmons Bank Liberty Stadium,235,Memphis,fbs,American Athletic,,,,1526.0,,151,East Carolina,fbs,American Athletic,,,,1456.0,,,,,
401867955,2026,8,regular,2026-10-23T21:00:00.000Z,False,False,False,True,,3613.0,Alumni Stadium,2169,Delaware State,fcs,MEAC,,,,,,2428,North Carolina Central,fcs,MEAC,,,,,,,,,
401908352,2026,8,regular,2026-10-23T22:00:00.000Z,False,False,False,True,,5124.0,Homewood Field,118,Johns Hopkins,iii,Centennial,,,,,,2248,Gettysburg,iii,Centennial,,,,,,,,,
401858271,2026,8,regular,2026-10-23T23:00:00.000Z,False,False,False,True,,3923.0,Scott Stadium,258,Virginia,fbs,ACC,,,,1612.0,,150,Duke,fbs,ACC,,,,1656.0,,,,,
401870841,2026,8,regular,2026-10-23T23:00:00.000Z,False,False,False,True,,3730.0,Franklin Field,219,Pennsylvania,fcs,Ivy,,,,,,43,Yale,fcs,Ivy,,,,,,,,,
401861965,2026,8,regular,2026-10-23T23:00:00.000Z,False,False,False,False,,3892.0,Pratt & Whitney Stadium,41,UConn,fbs,FBS Independents,,,,1474.0,,113,Massachusetts,fbs,Mid-American,,,,1076.0,,,,,
401862808,2026,8,regular,2026-10-24T00:30:00.000Z,False,False,False,True,,3674.0,Chapman Stadium,202,Tulsa,fbs,American Athletic,,,,1271.0,,349,Army,fbs,American Athletic,,,,1530.0,,,,,
401864525,2026,8,regular,2026-10-24T01:00:00.000Z,False,False,False,True,,3984.0,War Memorial Stadium,2751,Wyoming,fbs,Mountain West,,,,1268.0,,2005,Air Force,fbs,Mountain West,,,,1423.0,,,,,
401858272,2026,8,regular,2026-10-24T02:30:00.000Z,False,False,False,True,,3940.0,Stanford Stadium,24,Stanford,fbs,ACC,,,,1311.0,,152,NC State,fbs,ACC,,,,1510.0,,,,,
401867913,2026,8,regular,2026-10-24T04:00:00.000Z,True,False,False,True,,11553.0,Shark Stadium,2341,Long Island University,fcs,NEC,,,,,,284,Stonehill,fcs,NEC,,,,,,,,,
401866448,2026,8,regular,2026-10-24T04:00:00.000Z,True,False,False,True,,3965.0,UB Stadium,2084,Buffalo,fbs,Mid-American,,,,1288.0,,189,Bowling Green,fbs,Mid-American,,,,1132.0,,,,,
401856730,2026,8,regular,2026-10-24T04:00:00.000Z,True,False,False,True,,3693.0,Davis Wade Stadium,344,Mississippi State,fbs,SEC,,,,1663.0,,201,Oklahoma,fbs,SEC,,,,1782.0,,,,FLEX: 3:30 - 4:30pm OR 6 - 8pm ET start,
401866450,2026,8,regular,2026-10-24T04:00:00.000Z,True,False,False,True,,3739.0,Glass Bowl,2649,Toledo,fbs,Mid-American,,,,1561.0,,2711,Western Michigan,fbs,Mid-American,,,,1519.0,,,,,
401856727,2026,8,regular,2026-10-24T04:00:00.000Z,True,False,False,True,,3657.0,Bryant-Denny Stadium,333,Alabama,fbs,SEC,,,,1863.0,,245,Texas A&M,fbs,SEC,,,,1824.0,,,,FLEX: 3:30 - 4:30pm OR 6 - 8pm ET start,
401856729,2026,8,regular,2026-10-24T04:00:00.000Z,True,False,False,True,,3683.0,Kroger Field,96,Kentucky,fbs,SEC,,,,1506.0,,238,Vanderbilt,fbs,SEC,,,,1742.0,,,,NIGHT: 6 - 8pm ET start,
401856731,2026,8,regular,2026-10-24T04:00:00.000Z,True,False,False,True,,3994.0,Williams-Brice Stadium,2579,South Carolina,fbs,SEC,,,,1721.0,,2633,Tennessee,fbs,SEC,,,,1771.0,,,,AFTERNOON: 3:30 - 4:30pm ET start,
401858270,2026,8,regular,2026-10-24T04:00:00.000Z,True,False,False,True,,3735.0,Gerald J. Ford Stadium,2567,SMU,fbs,ACC,,,,1706.0,,25,California,fbs,ACC,,,,1350.0,,,,,
401866476,2026,8,regular,2026-10-24T04:00:00.000Z,True,False,False,True,,3786.0,Kelly/Shorts Stadium,2117,Central Michigan,fbs,Mid-American,,,,1291.0,,193,Miami (OH),fbs,Mid-American,,,,1263.0,,,,,
401871094,2026,8,regular,2026-10-24T04:00:00.000Z,True,False,False,True,,3975.0,Veterans Memorial Stadium (AL),2653,Troy,fbs,Sun Belt,,,,1421.0,,2433,UL Monroe,fbs,Sun Belt,,,,1079.0,,,,,
401869967,2026,8,regular,2026-10-24T04:00:00.000Z,True,False,False,True,,3815.0,M. M. Roberts Stadium,2572,Southern Miss,fbs,Sun Belt,,,,1224.0,,309,Louisiana,fbs,Sun Belt,,,,1397.0,,,,,
401866449,2026,8,regular,2026-10-24T04:00:00.000Z,True,False,False,True,,3876.0,Peden Stadium,195,Ohio,fbs,Mid-American,,,,1318.0,,2199,Eastern Michigan,fbs,Mid-American,,,,1188.0,,,,,
401862809,2026,8,regular,2026-10-24T04:00:00.000Z,True,False,False,True,,3715.0,FAU Stadium,2226,Florida Atlantic,fbs,American Athletic,,,,1243.0,,242,Rice,fbs,American Athletic,,,,1162.0,,,,,
401858500,2026,8,regular,2026-10-24T04:00:00.000Z,True,False,False,True,,347.0,Camp Randall Stadium,275,Wisconsin,fbs,Big Ten,,,,1580.0,,30,USC,fbs,Big Ten,,,,1817.0,,,,,
401858498,2026,8,regular,2026-10-24T04:00:00.000Z,True,False,False,True,,11823.0,Ryan Field,77,Northwestern,fbs,Big Ten,,,,1625.0,,164,Rutgers,fbs,Big Ten,,,,1391.0,,,,,
401858497,2026,8,regular,2026-10-24T04:00:00.000Z,True,False,False,True,,3953.0,Huntington Bank Stadium,135,Minnesota,fbs,Big Ten,,,,1484.0,,2294,Iowa,fbs,Big Ten,,,,1845.0,,,,,
401858496,2026,8,regular,2026-10-24T04:00:00.000Z,True,False,False,True,,3558.0,Michigan Stadium,130,Michigan,fbs,Big Ten,,,,1735.0,,84,Indiana,fbs,Big Ten,,,,2121.0,,,,,
401858276,2026,8,regular,2026-10-24T04:00:00.000Z,True,False,False,True,,3836.0,"Memorial Stadium (Clemson, SC)",228,Clemson,fbs,ACC,,,,1560.0,,259,Virginia Tech,fbs,ACC,,,,1489.0,,,,,
401858275,2026,8,regular,2026-10-24T04:00:00.000Z,True,False,False,True,,3787.0,Kenan Stadium,153,North Carolina,fbs,ACC,,,,1396.0,,183,Syracuse,fbs,ACC,,,,1290.0,,,,,
401858274,2026,8,regular,2026-10-24T04:00:00.000Z,True,False,False,True,,3948.0,Hard Rock Stadium,2390,Miami,fbs,ACC,,,,1895.0,,221,Pittsburgh,fbs,ACC,,,,1675.0,,,,,
401858273,2026,8,regular,2026-10-24T04:00:00.000Z,True,False,False,True,,721.0,Bobby Dodd Stadium,59,Georgia Tech,fbs,ACC,,,,1515.0,,103,Boston College,fbs,ACC,,,,1380.0,,,,,
401856841,2026,8,regular,2026-10-24T04:00:00.000Z,True,False,False,True,,3616.0,Amon G. Carter Stadium,2628,TCU,fbs,Big 12,,,,1629.0,,277,West Virginia,fbs,Big 12,,,,1408.0,,,,,
401856840,2026,8,regular,2026-10-24T04:00:00.000Z,True,False,False,True,,3854.0,Nippert Stadium,2132,Cincinnati,fbs,Big 12,,,,1512.0,,2641,Texas Tech,fbs,Big 12,,,,1841.0,,,,,
401856839,2026,8,regular,2026-10-24T04:00:00.000Z,True,False,False,True,,3947.0,Mountain America Stadium,9,Arizona State,fbs,Big 12,,,,1535.0,,2306,Kansas State,fbs,Big 12,,,,1692.0,,,,,
401856838,2026,8,regular,2026-10-24T04:00:00.000Z,True,False,False,True,,3619.0,Arizona Stadium,12,Arizona,fbs,Big 12,,,,1634.0,,66,Iowa State,fbs,Big 12,,,,1683.0,,,,,
401856837,2026,8,regular,2026-10-24T04:00:00.000Z,True,False,False,True,,587.0,Rice-Eccles Stadium,254,Utah,fbs,Big 12,,,,1907.0,,248,Houston,fbs,Big 12,,,,1518.0,,,,,
401856835,2026,8,regular,2026-10-24T04:00:00.000Z,True,False,False,True,,3652.0,FBC Mortgage Stadium,2116,UCF,fbs,Big 12,,,,1481.0,,252,BYU,fbs,Big 12,,,,1692.0,,,,,
401856834,2026,8,regular,2026-10-24T04:00:00.000Z,True,False,False,True,,3833.0,Memorial Stadium,2305,Kansas,fbs,Big 12,,,,1481.0,,239,Baylor,fbs,Big 12,,,,1534.0,,,,,
401856732,2026,8,regular,2026-10-24T04:00:00.000Z,True,False,False,True,,3910.0,DKR-Texas Memorial Stadium,251,Texas,fbs,SEC,,,,1935.0,,145,Ole Miss,fbs,SEC,,,,1859.0,,,,FLEX: 3:30 - 4:30pm OR 6 - 8pm ET start,
401866447,2026,8,regular,2026-10-24T04:00:00.000Z,True,False,False,True,,3919.0,Scheumann Stadium,2050,Ball State,fbs,Mid-American,,,,1081.0,,16,Sacramento State,fbs,Mid-American,,,,1297.0,,,,,
401864526,2026,8,regular,2026-10-24T04:00:00.000Z,True,False,False,True,,3764.0,Huskie Stadium,2459,Northern Illinois,fbs,Mountain West,,,,1240.0,,62,Hawai'i,fbs,Mountain West,,,,1432.0,,,,,
401858495,2026,8,regular,2026-10-24T04:00:00.000Z,True,False,False,True,,3832.0,"Memorial Stadium (Champaign, IL)",356,Illinois,fbs,Big Ten,,,,1589.0,,2483,Oregon,fbs,Big Ten,,,,1811.0,,,,,
401858499,2026,8,regular,2026-10-24T04:00:00.000Z,True,False,False,True,,1056.0,Rose Bowl,26,UCLA,fbs,Big Ten,,,,1502.0,,127,Michigan State,fbs,Big Ten,,,,1537.0,,,,,
401856836,2026,8,regular,2026-10-24T04:00:00.000Z,True,False,False,True,,3646.0,Boone Pickens Stadium,197,Oklahoma State,fbs,Big 12,,,,1274.0,,38,Colorado,fbs,Big 12,,,,1330.0,,,,,
401871093,2026,8,regular,2026-10-24T04:00:00.000Z,True,False,False,True,,3776.0,Joe Aillet Stadium,2348,Louisiana Tech,fbs,Sun Belt,,,,1377.0,,295,Old Dominion,fbs,Sun Belt,,,,1295.0,,,,,
401862811,2026,8,regular,2026-10-24T04:00:00.000Z,True,False,False,True,,4729.0,Yulman Stadium,2655,Tulane,fbs,American Athletic,,,,1520.0,,2636,UTSA,fbs,American Athletic,,,,1506.0,,,,,
401866446,2026,8,regular,2026-10-24T04:00:00.000Z,True,False,False,True,,3696.0,Dix Stadium,2309,Kent State,fbs,Mid-American,,,,1007.0,,2006,Akron,fbs,Mid-American,,,,897.0,,,,,
401908561,2026,8,regular,2026-10-24T15:00:00.000Z,False,False,False,True,,5929.0,Ritchie Field,274,Maine Maritime,iii,Commonwealth Coast,,,,,,131108,New England College,,,,,,,,,,,
401906842,2026,8,regular,2026-10-24T16:00:00.000Z,False,False,False,True,,3770.0,Jack Miller Stadium,308,Ashland,ii,Great Midwest Athletic,,,,,,2316,Kentucky Wesleyan,ii,Great Midwest Athletic,,,,,,,,,
401906886,2026,8,regular,2026-10-24T16:00:00.000Z,False,False,False,True,,5934.0,Farmers Insurance Athletic Complex,110254,Davenport,ii,GLIAC,,,,,,131,Wayne State (MI),ii,GLIAC,,,,,,,,,
401907508,2026,8,regular,2026-10-24T16:00:00.000Z,False,False,False,True,,5876.0,Bentley University Football Stadium,2060,Bentley,ii,Northeast 10,,,,,,2583,Southern Connecticut State,ii,Northeast 10,,,,,,,,,
401907549,2026,8,regular,2026-10-24T16:00:00.000Z,False,False,False,True,,4440.0,Sox Harrison Stadium,2205,Edinboro,ii,Pennsylvania State Athletic,,,,,,367,Gannon,ii,Pennsylvania State Athletic,,,,,,,,,
401907574,2026,8,regular,2026-10-24T16:00:00.000Z,False,False,False,True,,4432.0,Andre Reed Stadium,2315,Kutztown,ii,Pennsylvania State Athletic,,,,,,223,West Chester,ii,Pennsylvania State Athletic,,,,,,,,,
401907621,2026,8,regular,2026-10-24T16:00:00.000Z,False,False,False,False,,5785.0,Dickerson Stadium,2707,West Virginia State,ii,Mountain East,,,,,,134001,Monroe,,,,,,,,,,,
401907661,2026,8,regular,2026-10-24T16:00:00.000Z,False,False,False,True,,5814.0,Gesling Stadium,2102,Carnegie Mellon,iii,Presidents',,,,,,2422,Muhlenberg,iii,Centennial,,,,,,,,,
401907751,2026,8,regular,2026-10-24T16:00:00.000Z,False,False,False,True,,3717.0,Edwin Fauver Stadium,184,Rochester (NY),iii,Liberty League,,,,,,2528,Rensselaer,iii,Liberty League,,,,,,,,,
401907868,2026,8,regular,2026-10-24T16:00:00.000Z,False,False,False,True,,3675.0,Charles A. Gaetano Stadium,390,Utica,iii,Empire 8,,,,,,365,Alfred,iii,Empire 8,,,,,,,,,
401907876,2026,8,regular,2026-10-24T16:00:00.000Z,False,False,False,True,,6126.0,Bob Boozer Field,2781,Brockport,iii,Empire 8,,,,,,3110,SUNY Morrisville,iii,Empire 8,,,,,,,,,
401908199,2026,8,regular,2026-10-24T16:00:00.000Z,False,False,False,True,,5842.0,Robert T. Shields Field,2221,FDU Florham,iii,Mid Atlantic,,,,,,247,King's,iii,Mid Atlantic,,,,,,,,,
401908481,2026,8,regular,2026-10-24T16:00:00.000Z,False,False,False,True,,6143.0,Golden Bear Stadium,2702,Western New England,iii,Commonwealth Coast,,,,,,40,Curry,iii,Commonwealth Coast,,,,,,,,,
401908488,2026,8,regular,2026-10-24T16:00:00.000Z,False,False,False,True,,3709.0,Hempstead Stadium,452,Endicott,iii,Commonwealth Coast,,,,,,2884,Nichols,iii,Commonwealth Coast,,,,,,,,,
401908596,2026,8,regular,2026-10-24T16:00:00.000Z,False,False,False,True,,3819.0,Bowditch Field,2967,Framingham State,iii,MSCAC,,,,,,110,Mass Maritime,iii,MSCAC,,,,,,,,,
401908604,2026,8,regular,2026-10-24T16:00:00.000Z,False,False,False,True,,3690.0,Charles L. Currier Memorial Field,2972,Plymouth State,iii,MSCAC,,,,,,2909,Westfield State,iii,MSCAC,,,,,,,,,
401908635,2026,8,regular,2026-10-24T16:00:00.000Z,False,False,False,True,,6086.0,Rocco Calvo Field,323,Moravian,iii,Landmark Conference,,,,,,2108,Catholic,iii,Landmark Conference,,,,,,,,,
401908705,2026,8,regular,2026-10-24T16:00:00.000Z,False,False,False,True,,3920.0,Schmidt Stadium,398,Wilkes,iii,Landmark Conference,,,,,,216,Susquehanna,iii,Landmark Conference,,,,,,,,,
401908901,2026,8,regular,2026-10-24T16:00:00.000Z,False,False,False,True,,5894.0,Steuben Field,348,Hamilton,iii,NESCAC,,,,,,33,Colby,iii,NESCAC,,,,,,,,,
401908929,2026,8,regular,2026-10-24T16:00:00.000Z,False,False,False,True,,3879.0,TowneBank Stadium,3112,Christopher Newport,iii,New Jersey,,,,,,293,Vermont State Castleton,iii,New Jersey,,,,,,,,,
401908955,2026,8,regular,2026-10-24T16:00:00.000Z,False,False,False,True,,5997.0,Brooks Stadium (NY),2383,Merchant Marine,iii,NEWMAC,,,,,,81,Springfield,iii,NEWMAC,,,,,,,,,
401909044,2026,8,regular,2026-10-24T16:00:00.000Z,False,False,False,True,,6140.0,John F. Wiley Stadium,2845,Waynesburg,iii,Presidents',,,,,,146,Grove City,iii,Presidents',,,,,,,,,
401908957,2026,8,regular,2026-10-24T16:00:00.000Z,False,False,False,True,,6115.0,Toppa Field,2776,Salve Regina,iii,NEWMAC,,,,,,109,MIT,iii,NEWMAC,,,,,,,,,
401856728,2026,8,regular,2026-10-24T16:00:00.000Z,False,False,False,True,,3785.0,Jordan-Hare Stadium,2,Auburn,fbs,SEC,,,,1668.0,,99,LSU,fbs,SEC,,,,1786.0,,,,,
401906654,2026,8,regular,2026-10-24T16:00:00.000Z,False,False,False,True,,3747.0,Hantz Stadium,2886,Northwood,ii,Great Midwest Athletic,,,,,,2477,Ohio Dominican,ii,Great Midwest Athletic,,,,,,,,,
401906627,2026,8,regular,2026-10-24T16:00:00.000Z,False,False,False,True,,3698.0,Donnell Stadium,2224,Findlay,ii,Great Midwest Athletic,,,,,,2682,Walsh,ii,Great Midwest Athletic,,,,,,,,,
401868230,2026,8,regular,2026-10-24T16:00:00.000Z,False,False,False,True,,3988.0,Welcome Stadium,2168,Dayton,fcs,Pioneer,,,,,,301,San Diego,fcs,Pioneer,,,,,,,,,
401868266,2026,8,regular,2026-10-24T16:00:00.000Z,False,False,False,True,,36.0,Leonidoff Field,2368,Marist,fcs,Pioneer,,,,,,2900,St. Thomas (MN),fcs,Pioneer,,,,,,,,,
401867931,2026,8,regular,2026-10-24T16:00:00.000Z,False,False,False,True,,3623.0,Arthur J. Rooney Athletic Field,2184,Duquesne,fcs,NEC,,,,,,2681,Wagner,fcs,NEC,,,,,,,,,
401867902,2026,8,regular,2026-10-24T16:00:00.000Z,False,False,False,True,,3624.0,Arute Field,2115,Central Connecticut,fcs,NEC,,,,,,2441,New Haven,fcs,NEC,,,,,,,,,
401867808,2026,8,regular,2026-10-24T16:00:00.000Z,False,False,False,True,,3656.0,Brown Stadium,225,Brown,fcs,Ivy,,,,,,172,Cornell,fcs,Ivy,,,,,,,,,
401866670,2026,8,regular,2026-10-24T16:00:00.000Z,False,False,False,True,,11488.0,Centreville Bank Stadium,227,Rhode Island,fcs,Coastal Athletic,,,,,,399,UAlbany,fcs,Coastal Athletic,,,,,,,,,
401866674,2026,8,regular,2026-10-24T16:00:00.000Z,False,False,False,False,,6048.0,Duane Stadium,2771,Merrimack,fcs,FCS Independents,,,,,,160,New Hampshire,fcs,Coastal Athletic,,,,,,,,,
401909068,2026,8,regular,2026-10-24T17:00:00.000Z,False,False,False,True,,6146.0,Memorial Field (PA),2849,Westminster (PA),iii,Presidents',,,,,,2598,Saint Francis,iii,Presidents',,,,,,,,,
401908857,2026,8,regular,2026-10-24T17:00:00.000Z,False,False,False,True,,3733.0,Garcelon Field,121,Bates,iii,NESCAC,,,,,,2394,Middlebury,iii,NESCAC,,,,,,,,,
401909143,2026,8,regular,2026-10-24T17:00:00.000Z,False,False,False,True,,6096.0,Austin E. Knowlton Athletics Complex,391,Oberlin,iii,North Coast,,,,,,2980,Ohio Wesleyan,iii,North Coast,,,,,,,,,
401909121,2026,8,regular,2026-10-24T17:00:00.000Z,False,False,False,True,,5918.0,Taylor Field,6353,Lakeland,iii,NACC,,,,,,101,Eureka,iii,NACC,,,,,,,,,
401909071,2026,8,regular,2026-10-24T17:00:00.000Z,False,False,False,True,,6128.0,Alumni Stadium (PA),2644,Thiel,iii,Presidents',,,,,,2686,Washington & Jefferson,iii,Presidents',,,,,,,,,
401908883,2026,8,regular,2026-10-24T17:00:00.000Z,False,False,False,True,,6095.0,Sabine Field at Haynes Family Stadium,2467,Norwich,iii,NEWMAC,,,,,,2557,Coast Guard,iii,NEWMAC,,,,,,,,,
401908974,2026,8,regular,2026-10-24T17:00:00.000Z,False,False,False,True,,6114.0,Sea Gull Stadium,2532,Salisbury,iii,New Jersey,,,,,,2818,Montclair State,iii,New Jersey,,,,,,,,,
401909002,2026,8,regular,2026-10-24T17:00:00.000Z,False,False,False,True,,6105.0,Day Field,2516,Randolph Macon,iii,Old Dominion,,,,,,2258,Guilford,iii,Old Dominion,,,,,,,,,
401909008,2026,8,regular,2026-10-24T17:00:00.000Z,False,False,False,True,,6138.0,Wilson Field,2688,Washington and Lee,iii,Old Dominion,,,,,,297,Hampden Sydney,iii,Old Dominion,,,,,,,,,
401909024,2026,8,regular,2026-10-24T17:00:00.000Z,False,False,False,True,,5803.0,Bison Stadium,2062,Bethany (WV),iii,Presidents',,,,,,2018,Allegheny,iii,Presidents',,,,,,,,,
401909037,2026,8,regular,2026-10-24T17:00:00.000Z,False,False,False,True,,3677.0,Chuck Noll Field,2614,Saint Vincent,iii,Presidents',,,,,,2242,Geneva,iii,Presidents',,,,,,,,,
401908402,2026,8,regular,2026-10-24T17:00:00.000Z,False,False,False,True,,6118.0,Birkelbach Field,2588,Southwestern U,iii,Southern Athletic,,,,,,2519,Rhodes,iii,Southern Athletic,,,,,,,,,
401908383,2026,8,regular,2026-10-24T17:00:00.000Z,False,False,False,True,,5818.0,Farris Stadium,2121,Centre,iii,Southern Athletic,,,,,,2553,Sewanee,iii,Southern Athletic,,,,,,,,,
401908504,2026,8,regular,2026-10-24T17:00:00.000Z,False,False,False,True,,6094.0,Reynolds Field,583,Northwestern (MN),iii,Upper Midwest,,,,,,2257,Greenville,iii,Upper Midwest,,,,,,,,,
401908516,2026,8,regular,2026-10-24T17:00:00.000Z,False,False,False,True,,6145.0,Blue Jay Stadium,433,Westminster (MO),iii,Upper Midwest,,,,,,2399,Minnesota Morris,iii,Upper Midwest,,,,,,,,,
401908534,2026,8,regular,2026-10-24T17:00:00.000Z,False,False,False,True,,3995.0,Dr. John W. Winkin Sports Complex,2280,Husson,iii,Commonwealth Coast,,,,,,111675,New England,iii,Commonwealth Coast,,,,,,,,,
401908590,2026,8,regular,2026-10-24T17:00:00.000Z,False,False,False,True,,5831.0,Dale Lippert Field,110438,Dean,iii,MSCAC,,,,,,402,Worcester State,iii,MSCAC,,,,,,,,,
401908613,2026,8,regular,2026-10-24T17:00:00.000Z,False,False,False,True,,5925.0,David Person Field,2354,Lycoming,iii,Landmark Conference,,,,,,2843,Western Connecticut State,iii,Landmark Conference,,,,,,,,,
401908680,2026,8,regular,2026-10-24T17:00:00.000Z,False,False,False,True,,5863.0,Don Shula Stadium at Wasmer Field,2302,John Carroll,iii,Ohio,,,,,,2748,Wooster,iii,North Coast,,,,,,,,,
401908688,2026,8,regular,2026-10-24T17:00:00.000Z,False,False,False,True,,6134.0,Frank Bailey Field,237,Union,iii,Liberty League,,,,,,175,Ithaca,iii,Liberty League,,,,,,,,,
401908693,2026,8,regular,2026-10-24T17:00:00.000Z,False,False,False,True,,6113.0,Leckonby Stadium,2779,St. Lawrence,iii,Liberty League,,,,,,174,Hobart,iii,Liberty League,,,,,,,,,
401908695,2026,8,regular,2026-10-24T17:00:00.000Z,False,False,False,True,,5787.0,Docking Stadium,2003,Adrian,iii,Michigan,,,,,,2651,Trine,iii,Michigan,,,,,,,,,
401908709,2026,8,regular,2026-10-24T17:00:00.000Z,False,False,False,True,,10463.0,Grand Rapids Christian High School,129738,Calvin,iii,Michigan,,,,,,2790,Albion,iii,Michigan,,,,,,,,,
401908735,2026,8,regular,2026-10-24T17:00:00.000Z,False,False,False,True,,5790.0,Bahlke Field,2800,Alma,iii,Michigan,,,,,,2812,Hope,iii,Michigan,,,,,,,,,
401873409,2026,8,regular,2026-10-24T17:00:00.000Z,False,False,False,True,,5905.0,Kean Alumni Stadium,2871,Kean,iii,New Jersey,,,,,,2970,William Paterson,iii,New Jersey,,,,,,,,,
401908829,2026,8,regular,2026-10-24T17:00:00.000Z,False,False,False,True,,5792.0,Pratt Field at Lehrman Stadium,7,Amherst,iii,NESCAC,,,,,,336,Wesleyan (CT),iii,NESCAC,,,,,,,,,
401868214,2026,8,regular,2026-10-24T17:00:00.000Z,False,False,False,True,,3701.0,Drake Stadium,2181,Drake,fcs,Pioneer,,,,,,2086,Butler,fcs,Pioneer,,,,,,,,,
401907713,2026,8,regular,2026-10-24T17:00:00.000Z,False,False,False,True,,5933.0,Sea Foam Stadium,3066,Concordia St. Paul,ii,Northern Sun,,,,,,2851,Winona State,ii,Northern Sun,,,,,,,,,
401907682,2026,8,regular,2026-10-24T17:00:00.000Z,False,False,False,True,,3606.0,Scheels Field at Nemzek Stadium,2817,Minnesota St Moorhead,ii,Northern Sun,,,,,,425,Northern State,ii,Northern Sun,,,,,,,,,
401906916,2026,8,regular,2026-10-24T17:00:00.000Z,False,False,False,True,,5867.0,Albany State University Coliseum,2013,Albany State,ii,SIAC,,,,,,490,Benedict,ii,SIAC,,,,,,,,,
401906934,2026,8,regular,2026-10-24T17:00:00.000Z,False,False,False,True,,3950.0,Superior Dome,128,Northern Michigan,ii,GLIAC,,,,,,127991,Roosevelt,ii,GLIAC,,,,,,,,,
401906976,2026,8,regular,2026-10-24T17:00:00.000Z,False,False,False,True,,5945.0,Wildcat Stadium (GA),2232,Fort Valley State,ii,SIAC,,,,,,2323,Lane College,ii,SIAC,,,,,,,,,
401907632,2026,8,regular,2026-10-24T17:00:00.000Z,False,False,False,True,,4430.0,Mihalik-Thompson Stadium,215,Slippery Rock,ii,Pennsylvania State Athletic,,,,,,209,Lock Haven,ii,Pennsylvania State Athletic,,,,,,,,,
401907627,2026,8,regular,2026-10-24T17:00:00.000Z,False,False,False,True,,11955.0,PENFED Field at Scranton Memorial Stadium,132714,Lackawanna,,,,,,,,2559,Shippensburg,ii,Pennsylvania State Athletic,,,,,,,,,
401907592,2026,8,regular,2026-10-24T17:00:00.000Z,False,False,False,True,,5784.0,Cebe Ross Field,455,West Virginia Wesleyan,ii,Mountain East,,,,,,2148,Concord,ii,Mountain East,,,,,,,,,
401907584,2026,8,regular,2026-10-24T17:00:00.000Z,False,False,False,True,,5121.0,University of Charleston Stadium,2128,Charleston (WV),ii,Mountain East,,,,,,2986,Fairmont State,ii,Mountain East,,,,,,,,,
401907513,2026,8,regular,2026-10-24T17:00:00.000Z,False,False,False,True,,6211.0,Sodexo Field,112334,Franklin Pierce,ii,Northeast 10,,,,,,2487,Pace,ii,Northeast 10,,,,,,,,,
401907489,2026,8,regular,2026-10-24T17:00:00.000Z,False,False,False,True,,6074.0,Grappone Stadium,2830,Saint Anselm,ii,Northeast 10,,,,,,2038,Assumption,ii,Northeast 10,,,,,,,,,
401907480,2026,8,regular,2026-10-24T17:00:00.000Z,False,False,False,True,,7422.0,Municipal Stadium,126086,Post,ii,Northeast 10,,,,,,2022,American International,ii,Northeast 10,,,,,,,,,
401906998,2026,8,regular,2026-10-24T17:00:00.000Z,False,False,False,True,,3960.0,Top Taggart Field,2222,Ferris State,ii,GLIAC,,,,,,2392,Michigan Tech,ii,GLIAC,,,,,,,,,
401907209,2026,8,regular,2026-10-24T17:00:00.000Z,False,False,False,True,,6045.0,Dwight T. Reed Stadium,2876,Lincoln (MO),ii,Great Lakes,,,,,,2816,McKendree,ii,Great Lakes,,,,,,,,,
401907307,2026,8,regular,2026-10-24T17:00:00.000Z,False,False,False,True,,6042.0,Alumni Stadium (KY),2310,Kentucky State,ii,SIAC,,,,,,2542,Savannah State,ii,SIAC,,,,,,,,,
401907471,2026,8,regular,2026-10-24T17:00:00.000Z,False,False,False,True,,5123.0,Little Giant Stadium,89,Wabash,iii,North Coast,,,,,,143,Washington St. Louis,iii,North Coast,,,,,,,,,
401868944,2026,8,regular,2026-10-24T17:00:00.000Z,False,False,False,True,,3850.0,Municipal Stadium,2065,Bethune-Cookman,fcs,SWAC,,,,,,2296,Jackson State,fcs,SWAC,,,,,,,,,
401907742,2026,8,regular,2026-10-24T17:00:00.000Z,False,False,False,True,,5855.0,Charles A. Henry Field,2274,Hiram,iii,Presidents',,,,,,2963,Case Western Reserve,iii,Presidents',,,,,,,,,
401868013,2026,8,regular,2026-10-24T17:00:00.000Z,False,False,False,True,,150.0,Jack Coffey Field,2230,Fordham,fcs,Patriot,,,,,,322,Lafayette,fcs,Patriot,,,,,,,,,
401867994,2026,8,regular,2026-10-24T17:00:00.000Z,False,False,False,True,,3722.0,Fitton Field,107,Holy Cross,fcs,Patriot,,,,,,2083,Bucknell,fcs,Patriot,,,,,,,,,
401866671,2026,8,regular,2026-10-24T17:00:00.000Z,False,False,False,True,,3607.0,Alfond Stadium,311,Maine,fcs,Coastal Athletic,,,,,,2097,Campbell,fcs,Coastal Athletic,,,,,,,,,
401868278,2026,8,regular,2026-10-24T17:00:00.000Z,False,False,False,True,,3655.0,Brown Field,2674,Valparaiso,fcs,Pioneer,,,,,,2506,Presbyterian,fcs,Pioneer,,,,,,,,,
401906123,2026,8,regular,2026-10-24T17:00:00.000Z,False,False,False,True,,5873.0,Bulldogs Stadium,2075,Bowie State,ii,CIAA,,,,,,2304,Johnson C. Smith,ii,CIAA,,,,,,,,,
401906137,2026,8,regular,2026-10-24T17:00:00.000Z,False,False,False,True,,3808.0,Lincoln University Stadium,2339,Lincoln (PA),ii,CIAA,,,,,,2736,Winston-Salem State,ii,CIAA,,,,,,,,,
401906149,2026,8,regular,2026-10-24T17:00:00.000Z,False,False,False,True,,6032.0,Hovey Field,2676,Virginia Union,ii,CIAA,,,,,,2551,Shaw,ii,CIAA,,,,,,,,,
401908343,2026,8,regular,2026-10-24T17:00:00.000Z,False,False,False,True,,7077.0,Shadek Stadium,2234,Franklin & Marshall,iii,Centennial,,,,,,2667,Ursinus,iii,Centennial,,,,,,,,,
401908265,2026,8,regular,2026-10-24T17:00:00.000Z,False,False,False,True,,3621.0,Arnold Field (PA),388,Lebanon Valley,iii,Mid Atlantic,,,,,,2725,Widener,iii,Mid Atlantic,,,,,,,,,
401908186,2026,8,regular,2026-10-24T17:00:00.000Z,False,False,False,True,,5833.0,Robert A. Lipinski Field at James Work Memorial Stadium,2808,Delaware Valley,iii,Mid Atlantic,,,,,,2969,Misericordia,iii,Mid Atlantic,,,,,,,,,
401908176,2026,8,regular,2026-10-24T17:00:00.000Z,False,False,False,True,,5791.0,Turf Field,111674,Alvernia,iii,Mid Atlantic,,,,,,127954,Eastern,iii,Mid Atlantic,,,,,,,,,
401908168,2026,8,regular,2026-10-24T17:00:00.000Z,False,False,False,True,,3851.0,Mustang Stadium,471,Stevenson,iii,Mid Atlantic,,,,,,2015,Albright,iii,Mid Atlantic,,,,,,,,,
401908115,2026,8,regular,2026-10-24T17:00:00.000Z,False,False,False,True,,5910.0,Callaway Stadium,548,LaGrange,iii,USA South,,,,,,2256,Greensboro,iii,USA South,,,,,,,,,
401908108,2026,8,regular,2026-10-24T17:00:00.000Z,False,False,False,True,,5932.0,Lloyd L. Thornton Stadium,2373,Maryville (TN),iii,USA South,,,,,,2757,Berry,iii,Southern Athletic,,,,,,,,,
401908054,2026,8,regular,2026-10-24T17:00:00.000Z,False,False,False,True,,5802.0,Belhaven Bowl Stadium,2056,Belhaven,iii,USA South,,,,,,2896,Southern Virginia,iii,USA South,,,,,,,,,
401907884,2026,8,regular,2026-10-24T17:00:00.000Z,False,False,False,True,,5125.0,Stadium Red Field,2782,SUNY Cortland,iii,Empire 8,,,,,,374,St. John Fisher,iii,Empire 8,,,,,,,,,
401907542,2026,8,regular,2026-10-24T17:05:00.000Z,False,False,False,True,,4439.0,Eiler-Martin Stadium,2188,East Stroudsburg,ii,Pennsylvania State Athletic,,,,,,2974,Shepherd,ii,Pennsylvania State Athletic,,,,,,,,,
401908923,2026,8,regular,2026-10-24T17:30:00.000Z,False,False,False,True,,6151.0,Farley-Lamb Field,2731,Williams,iii,NESCAC,,,,,,112,Tufts,iii,NESCAC,,,,,,,,,
401908870,2026,8,regular,2026-10-24T17:30:00.000Z,False,False,False,True,,6131.0,Jessee/Miller Field,2977,Trinity (CT),iii,NESCAC,,,,,,340,Bowdoin,iii,NESCAC,,,,,,,,,
401908793,2026,8,regular,2026-10-24T17:30:00.000Z,False,False,False,True,,6090.0,Sherman Field at McConagha Stadium,332,Muskingum,iii,Ohio,,,,,,317,Marietta,iii,Ohio,,,,,,,,,
401908673,2026,8,regular,2026-10-24T17:30:00.000Z,False,False,False,True,,5854.0,Hoernemann Stadium,191,Heidelberg,iii,Ohio,,,,,,427,Ohio Northern,iii,Ohio,,,,,,,,,
401907611,2026,8,regular,2026-10-24T17:30:00.000Z,False,False,False,True,,5887.0,I.L. & Sue Morris Stadium,2249,Glenville State,ii,Mountain East,,,,,,2699,West Liberty,ii,Mountain East,,,,,,,,,
401908658,2026,8,regular,2026-10-24T17:30:00.000Z,False,False,False,True,,5801.0,George Finnie Stadium,188,Baldwin Wallace,iii,Ohio,,,,,,359,Otterbein,iii,Ohio,,,,,,,,,
401908838,2026,8,regular,2026-10-24T17:30:00.000Z,False,False,False,True,,4856.0,Mount Union Stadium,426,Mount Union,iii,Ohio,,,,,,2733,Wilmington (OH),iii,Ohio,,,,,,,,,
401908221,2026,8,regular,2026-10-24T17:30:00.000Z,False,False,False,True,,5805.0,Alumni Field (OH),2074,Bluffton,iii,Heartland,,,,,,2233,Franklin,iii,Heartland,,,,,,,,,
401908212,2026,8,regular,2026-10-24T17:30:00.000Z,False,False,False,False,,5812.0,Bernlohr Stadium,424,Capital,iii,Ohio,,,,,,2023,Anderson (IN),iii,Heartland,,,,,,,,,
401908261,2026,8,regular,2026-10-24T17:30:00.000Z,False,False,False,True,,6088.0,Schueler Field,2419,Mount St Joseph,iii,Heartland,,,,,,2362,Manchester,iii,Heartland,,,,,,,,,
401867975,2026,8,regular,2026-10-24T17:30:00.000Z,False,False,False,True,,3864.0,Oliver C. Dawson Stadium,2569,South Carolina State,fcs,MEAC,,,,,,2450,Norfolk State,fcs,MEAC,,,,,,,,,
401867822,2026,8,regular,2026-10-24T17:30:00.000Z,False,False,False,True,,3802.0,Lawrence A. Wien Stadium,171,Columbia,fcs,Ivy,,,,,,159,Dartmouth,fcs,Ivy,,,,,,,,,
401873234,2026,8,regular,2026-10-24T17:30:00.000Z,False,False,False,True,,6104.0,Baker Stadium,2508,Puget Sound,iii,Northwest,,,,,,415,George Fox,iii,Northwest,,,,,,,,,
401868348,2026,8,regular,2026-10-24T17:30:00.000Z,False,False,False,True,,3597.0,Alumni Memorial Field,2678,VMI,fcs,Southern,,,,,,2193,East Tennessee State,fcs,Southern,,,,,,,,,
401867879,2026,8,regular,2026-10-24T18:00:00.000Z,False,False,False,True,,1905.0,DakotaDome,233,South Dakota,fcs,MVFC,,,,,,155,North Dakota,fcs,MVFC,,,,,,,,,
401866672,2026,8,regular,2026-10-24T18:00:00.000Z,False,False,False,True,,3661.0,Bulldog Stadium,2803,Bryant,fcs,Coastal Athletic,,,,,,2619,Stony Brook,fcs,Coastal Athletic,,,,,,,,,
401866673,2026,8,regular,2026-10-24T18:00:00.000Z,False,False,False,True,,3620.0,Armstrong Stadium,2261,Hampton,fcs,Coastal Athletic,,,,,,2405,Monmouth,fcs,Coastal Athletic,,,,,,,,,
401868392,2026,8,regular,2026-10-24T18:00:00.000Z,False,False,False,True,,3782.0,Johnson Hagood Stadium,2643,The Citadel,fcs,Southern,,,,,,2635,Tennessee Tech,fcs,Southern,,,,,,,,,
401868377,2026,8,regular,2026-10-24T18:00:00.000Z,False,False,False,True,,3868.0,Paladin Stadium,231,Furman,fcs,Southern,,,,,,2535,Samford,fcs,Southern,,,,,,,,,
401868238,2026,8,regular,2026-10-24T18:00:00.000Z,False,False,False,True,,5888.0,University Stadium (GA),2698,West Georgia,fcs,UAC,,,,,,2627,Tarleton State,fcs,UAC,,,,,,,,,
401868003,2026,8,regular,2026-10-24T18:00:00.000Z,False,False,False,True,,2068.0,E. Claiborne Robins Stadium,257,Richmond,fcs,Patriot,,,,,,2142,Colgate,fcs,Patriot,,,,,,,,,
401867921,2026,8,regular,2026-10-24T18:00:00.000Z,False,False,False,True,,3777.0,Joe Walton Stadium,2523,Robert Morris,fcs,NEC,,,,,,2385,Mercyhurst,fcs,NEC,,,,,,,,,
401867892,2026,8,regular,2026-10-24T18:00:00.000Z,False,False,False,True,,3913.0,Saluki Stadium,79,Southern Illinois,fcs,MVFC,,,,,,2460,Northern Iowa,fcs,MVFC,,,,,,,,,
401907126,2026,8,regular,2026-10-24T18:00:00.000Z,False,False,False,True,,6059.0,Sanchez Family Stadium,2424,New Mexico Highlands,ii,Rocky Mountain,,,,,,2123,Chadron State,ii,Rocky Mountain,,,,,,,,,
401907141,2026,8,regular,2026-10-24T18:00:00.000Z,False,False,False,True,,5883.0,Marv Kay Stadium at Campbell Field,2146,Colorado School of Mines,ii,Rocky Mountain,,,,,,613,South Dakota Mines,ii,Rocky Mountain,,,,,,,,,
401907147,2026,8,regular,2026-10-24T18:00:00.000Z,False,False,False,True,,5944.0,Ray Dennison Memorial Field,2237,Fort Lewis,ii,Rocky Mountain,,,,,,2570,CSU Pueblo,ii,Rocky Mountain,,,,,,,,,
401907224,2026,8,regular,2026-10-24T18:00:00.000Z,False,False,False,True,,3609.0,Allgood-Bailey Stadium,2402,Missouri S&T,ii,Great Lakes,,,,,,2825,Quincy,ii,Great Lakes,,,,,,,,,
401907248,2026,8,regular,2026-10-24T18:00:00.000Z,False,False,False,True,,6030.0,Harms-Eischeid Stadium,389,Upper Iowa,ii,Great Lakes,,,,,,2911,William Jewell,ii,Great Lakes,,,,,,,,,
401907368,2026,8,regular,2026-10-24T18:00:00.000Z,False,False,False,True,,5890.0,Lewis Field Stadium,2231,Fort Hays,ii,Mid America,,,,,,2687,Washburn,ii,Mid America,,,,,,,,,
401907384,2026,8,regular,2026-10-24T18:00:00.000Z,False,False,False,True,,6057.0,Ron & Carol Cope Stadium at Foster Field,2438,Nebraska Kearney,ii,Mid America,,,,,,138,Northwest Missouri State,ii,Mid America,,,,,,,,,
401907500,2026,8,regular,2026-10-24T18:00:00.000Z,False,False,False,True,,4435.0,Robert B. Redman Stadium,2071,Bloomsburg,ii,Pennsylvania State Athletic,,,,,,210,Millersville,ii,Pennsylvania State Athletic,,,,,,,,,
401907639,2026,8,regular,2026-10-24T18:00:00.000Z,False,False,False,True,,11539.0,Charlotte & Gordon Hansen Stadium,2939,Jamestown,ii,Northern Sun,,,,,,132,Bemidji State,ii,Northern Sun,,,,,,,,,
401907649,2026,8,regular,2026-10-24T18:00:00.000Z,False,False,False,True,,3638.0,MDU Resources Community Bowl,559,University of Mary,ii,Northern Sun,,,,,,134,Minnesota Duluth,ii,Northern Sun,,,,,,,,,
401907688,2026,8,regular,2026-10-24T18:00:00.000Z,False,False,False,True,,6070.0,Bob Young Field,2894,Sioux Falls,ii,Northern Sun,,,,,,568,Minot State,ii,Northern Sun,,,,,,,,,
401907710,2026,8,regular,2026-10-24T18:00:00.000Z,False,False,False,True,,5872.0,Kirkeby-Over Stadium,2043,Augustana (SD),ii,Northern Sun,,,,,,2587,Southwest Minnesota State,ii,Northern Sun,,,,,,,,,
401908996,2026,8,regular,2026-10-24T18:00:00.000Z,False,False,False,True,,5800.0,Jopson Athletic Complex,2079,Bridgewater,iii,Old Dominion,,,,,,2828,Shenandoah,iii,Old Dominion,,,,,,,,,
401908978,2026,8,regular,2026-10-24T18:00:00.000Z,False,False,False,True,,6112.0,Richard Wackar Stadium,2827,Rowan,iii,New Jersey,,,,,,2442,The College of New Jersey,iii,New Jersey,,,,,,,,,
401908969,2026,8,regular,2026-10-24T18:00:00.000Z,False,False,False,True,,4757.0,Edwards-Maurer Field,2746,Wittenberg,iii,North Coast,,,,,,83,DePauw,iii,North Coast,,,,,,,,,
401908913,2026,8,regular,2026-10-24T18:00:00.000Z,False,False,False,True,,6122.0,Public Schools Stadium,375,St. Scholastica,iii,Minnesota,,,,,,133,St. Olaf,iii,Minnesota,,,,,,,,,
401908879,2026,8,regular,2026-10-24T18:00:00.000Z,False,False,False,True,,5826.0,Concordia Stadium,2151,Concordia Chicago,iii,NACC,,,,,,2283,Benedictine (IL),iii,NACC,,,,,,,,,
401908863,2026,8,regular,2026-10-24T18:00:00.000Z,False,False,False,True,,5893.0,Hollingsworth Field,2968,Gustavus Adolphus,iii,Minnesota,,,,,,162,Hamline,iii,Minnesota,,,,,,,,,
401908850,2026,8,regular,2026-10-24T18:00:00.000Z,False,False,False,True,,6121.0,Donald J. Schneider Stadium,2832,St. Norbert,iii,NACC,,,,,,2044,Aurora,iii,NACC,,,,,,,,,
401908813,2026,8,regular,2026-10-24T18:00:00.000Z,False,False,False,True,,7079.0,Laird Stadium,2101,Carleton,iii,Minnesota,,,,,,2600,Saint John's (MN),iii,Minnesota,,,,,,,,,
401908807,2026,8,regular,2026-10-24T18:00:00.000Z,False,False,False,True,,5904.0,Angell Field,126,Kalamazoo,iii,Michigan,,,,,,354,Olivet,iii,Michigan,,,,,,,,,
401908770,2026,8,regular,2026-10-24T18:00:00.000Z,False,False,False,True,,5923.0,Legacy Field in Carlson Stadium,67,Luther,iii,Midwest,,,,,,2891,Ripon,iii,Midwest,,,,,,,,,
401908763,2026,8,regular,2026-10-24T18:00:00.000Z,False,False,False,True,,5908.0,Harley Knosher Bowl,255,Knox,iii,Midwest,,,,,,268,Lawrence,iii,Midwest,,,,,,,,,
401908753,2026,8,regular,2026-10-24T18:00:00.000Z,False,False,False,True,,5825.0,Jake Christiansen Stadium,2152,Concordia (MN),iii,Minnesota,,,,,,124,Augsburg,iii,Minnesota,,,,,,,,,
401908729,2026,8,regular,2026-10-24T18:00:00.000Z,False,False,False,True,,5861.0,Rosenbloom Field,65,Grinnell,iii,Midwest,,,,,,2155,Cornell (IA),iii,Midwest,,,,,,,,,
401908628,2026,8,regular,2026-10-24T18:00:00.000Z,False,False,False,True,,3889.0,Reinhart Field,2951,SUNY Maritime,iii,NEWMAC,,,,,,2749,WPI,iii,NEWMAC,,,,,,,,,
401908552,2026,8,regular,2026-10-24T18:00:00.000Z,False,False,False,True,,4423.0,Young-Wise Memorial Stadium,418,Hendrix,iii,Southern Athletic,,,,,,2045,Austin,iii,Southern Collegiate Athletic,,,,,,,,,
401908495,2026,8,regular,2026-10-24T18:00:00.000Z,False,False,False,True,,3843.0,MLC Bowl,446,Martin Luther,iii,Upper Midwest,,,,,,509,Crown,iii,Upper Midwest,,,,,,,,,
401908391,2026,8,regular,2026-10-24T18:00:00.000Z,False,False,False,True,,6081.0,Harper Davis Field,2398,Millsaps,iii,Southern Athletic,,,,,,386,Trinity (TX),iii,Southern Athletic,,,,,,,,,
401908336,2026,8,regular,2026-10-24T18:00:00.000Z,False,False,False,True,,5835.0,Biddle Field,2175,Dickinson,iii,Centennial,,,,,,2700,McDaniel,iii,Centennial,,,,,,,,,
401908322,2026,8,regular,2026-10-24T18:00:00.000Z,False,False,False,True,,5996.0,Wilford Moore Stadium,241,McMurry,iii,American Southwest,,,,,,2371,Mary Hardin Baylor,iii,American Southwest,,,,,,,,,
401908302,2026,8,regular,2026-10-24T18:00:00.000Z,False,False,False,True,,3915.0,Charles Lee Field at Samford Stadium,2938,Huntingdon,iii,USA South,,,,,,2913,Brevard,iii,USA South,,,,,,,,,
401908288,2026,8,regular,2026-10-24T18:00:00.000Z,False,False,False,False,,6222.0,Lumpkins Stadium,2904,Nelson (TX),,,,,,,,2810,Hardin Simmons,iii,American Southwest,,,,,,,,,
401908255,2026,8,regular,2026-10-24T18:00:00.000Z,False,False,False,True,,3614.0,Alumni Stadium (IN),2262,Hanover,iii,Heartland,,,,,,86,Rose Hulman,iii,Heartland,,,,,,,,,
401908246,2026,8,regular,2026-10-24T18:00:00.000Z,False,False,False,True,,6091.0,Abel Stadium,6845,Nebraska Wesleyan,iii,American Rivers,,,,,,263,Loras,iii,American Rivers,,,,,,,,,
401908239,2026,8,regular,2026-10-24T18:00:00.000Z,False,False,False,True,,5836.0,Chalmers Field,49,Dubuque,iii,American Rivers,,,,,,2685,Wartburg,iii,American Rivers,,,,,,,,,
401908012,2026,8,regular,2026-10-24T18:00:00.000Z,False,False,False,True,,5120.0,J.J. Keller Field at Titan Stadium,271,Wisconsin Oshkosh,iii,Wisconsin,,,,,,272,Wisconsin Platteville,iii,Wisconsin,,,,,,,,,
401873399,2026,8,regular,2026-10-24T18:00:00.000Z,False,False,False,True,,5913.0,Warrior Field at Raabe Stadium,2741,Wisconsin Lutheran,iii,NACC,,,,,,2524,Rockford,iii,NACC,,,,,,,,,
401908000,2026,8,regular,2026-10-24T18:00:00.000Z,False,False,False,True,,5901.0,David Smith Stadium at Ramer Field,2723,Wisconsin River Falls,iii,Wisconsin,,,,,,2738,Wisconsin Eau Claire,iii,Wisconsin,,,,,,,,,
401907959,2026,8,regular,2026-10-24T18:00:00.000Z,False,False,False,True,,5900.0,Don and Nona Williams Stadium,2744,Wisconsin Stout,iii,Wisconsin,,,,,,2740,Wisconsin La Crosse,iii,Wisconsin,,,,,,,,,
401907891,2026,8,regular,2026-10-24T18:00:00.000Z,False,False,False,True,,4854.0,Perkins Stadium,2745,Wisconsin Whitewater,iii,Wisconsin,,,,,,2743,Wisconsin Stevens Point,iii,Wisconsin,,,,,,,,,
401907828,2026,8,regular,2026-10-24T18:00:00.000Z,False,False,False,True,,5859.0,Tucci Stadium,306,Illinois Wesleyan,iii,CCIW,,,,,,72,Elmhurst,iii,CCIW,,,,,,,,,
401907823,2026,8,regular,2026-10-24T18:00:00.000Z,False,False,False,True,,5816.0,Art Keller Field,2106,Carthage,iii,CCIW,,,,,,74,Millikin,iii,CCIW,,,,,,,,,
401907816,2026,8,regular,2026-10-24T18:00:00.000Z,False,False,False,True,,5815.0,Schneider Stadium,32,Carroll (WI),iii,CCIW,,,,,,3071,North Central College,iii,CCIW,,,,,,,,,
401907785,2026,8,regular,2026-10-24T18:00:00.000Z,False,False,False,True,,6093.0,Holmgren Athletic Complex,75,North Park,iii,CCIW,,,,,,2042,Augustana (IL),iii,CCIW,,,,,,,,,
401907764,2026,8,regular,2026-10-24T18:00:00.000Z,False,False,False,True,,5817.0,Ron and Joyce Schipper Stadium,2964,Central College,iii,American Rivers,,,,,,63,Buena Vista,iii,American Rivers,,,,,,,,,
401907735,2026,8,regular,2026-10-24T18:00:00.000Z,False,False,False,True,,6084.0,April Zorn Memorial Stadium,2919,Monmouth (IL),iii,Midwest,,,,,,80,Chicago,iii,Midwest,,,,,,,,,
401907719,2026,8,regular,2026-10-24T18:00:00.000Z,False,False,False,True,,3641.0,Blakeslee Stadium,2364,Minnesota State,ii,Northern Sun,,,,,,2844,Wayne State (NE),ii,Northern Sun,,,,,,,,,
401868271,2026,8,regular,2026-10-24T18:00:00.000Z,False,False,False,True,,3774.0,Jayne Stadium,2413,Morehead State,fcs,Pioneer,,,,,,56,Stetson,fcs,Pioneer,,,,,,,,,
401906055,2026,8,regular,2026-10-24T18:00:00.000Z,False,False,False,True,,6221.0,Mitchell Stadium,124180,Bluefield State,ii,CIAA,,,,,,2220,Fayetteville State,ii,CIAA,,,,,,,,,
401906131,2026,8,regular,2026-10-24T18:00:00.000Z,False,False,False,True,,3612.0,Alumni Memorial Stadium (NC),2940,Livingstone,ii,CIAA,,,,,,2207,Elizabeth City State,ii,CIAA,,,,,,,,,
401906174,2026,8,regular,2026-10-24T18:00:00.000Z,False,False,False,True,,7075.0,Electric Supply Company Field,122666,Barton,ii,Carolinas,,,,,,2822,North Greenville,ii,Carolinas,,,,,,,,,
401906522,2026,8,regular,2026-10-24T18:00:00.000Z,False,False,False,True,,5113.0,Ruggles Field at Carpenter-Haygood Stadium,2271,Henderson State,ii,Great American,,,,,,2033,Arkansas Tech,ii,Great American,,,,,,,,,
401906637,2026,8,regular,2026-10-24T18:00:00.000Z,False,False,False,True,,3729.0,"Frank ""Muddy"" Waters Stadium",2273,Hillsdale,ii,Great Midwest Athletic,,,,,,2838,Tiffin,ii,Great Midwest Athletic,,,,,,,,,
401906645,2026,8,regular,2026-10-24T18:00:00.000Z,False,False,False,True,,3769.0,Jack Britt Memorial Stadium,437,Lake Erie,ii,Great Midwest Athletic,,,,,,2646,Thomas More,ii,Great Midwest Athletic,,,,,,,,,
401906907,2026,8,regular,2026-10-24T18:00:00.000Z,False,False,False,True,,3885.0,Harvey Randall Wickes Memorial Stadium,129,Saginaw Valley State,ii,GLIAC,,,,,,125,Grand Valley State,ii,GLIAC,,,,,,,,,
401906926,2026,8,regular,2026-10-24T18:00:00.000Z,False,False,False,True,,6217.0,W.C. Hawkins Stadium,2019,Allen,ii,SIAC,,,,,,2657,Tuskegee,ii,SIAC,,,,,,,,,
401906961,2026,8,regular,2026-10-24T18:00:00.000Z,False,False,False,True,,3705.0,Earl Kitchings Stadium,2206,Edward Waters,ii,SIAC,,,,,,2805,Clark Atlanta,ii,SIAC,,,,,,,,,
401907105,2026,8,regular,2026-10-24T18:00:00.000Z,False,False,False,True,,5866.0,Rex Stadium,2001,Adams State,ii,Rocky Mountain,,,,,,11,Colorado Mesa,ii,Rocky Mountain,,,,,,,,,
401907242,2026,8,regular,2026-10-24T18:30:00.000Z,False,False,False,True,,6077.0,Stokes Stadium,2654,Truman State,ii,Great Lakes,,,,,,2586,Southwest Baptist,ii,Great Lakes,,,,,,,,,
401868341,2026,8,regular,2026-10-24T18:30:00.000Z,False,False,False,True,,3704.0,E. J. Whitmire Stadium,2717,Western Carolina,fcs,Southern,,,,,,236,Chattanooga,fcs,Southern,,,,,,,,,
401906532,2026,8,regular,2026-10-24T19:00:00.000Z,False,False,False,True,,5871.0,Convoy Leslie Cotton Boll Stadium,2028,Arkansas Monticello,ii,Great American,,,,,,2264,Harding,ii,Great American,,,,,,,,,
401868182,2026,8,regular,2026-10-24T19:00:00.000Z,False,False,False,True,,3858.0,O'Brien Stadium,2197,Eastern Illinois,fcs,OVC,,,,,,2546,Southeast Missouri State,fcs,OVC,,,,,,,,,
401868937,2026,8,regular,2026-10-24T19:00:00.000Z,False,False,False,True,,3650.0,Bragg Memorial Stadium,50,Florida A&M,fcs,SWAC,,,,,,2029,Arkansas-Pine Bluff,fcs,SWAC,,,,,,,,,
401869133,2026,8,regular,2026-10-24T19:00:00.000Z,False,False,False,True,,3963.0,Harry Turpin Stadium,2466,Northwestern State,fcs,Southland,,,,,,2447,Nicholls,fcs,Southland,,,,,,,,,
401908989,2026,8,regular,2026-10-24T19:00:00.000Z,False,False,False,True,,,,131109,Roanoke College,,,,,,,,2047,Averett,iii,Old Dominion,,,,,,,,,
401908152,2026,8,regular,2026-10-24T19:00:00.000Z,False,False,False,True,,3635.0,Bill Buxton Stadium,2564,Simpson (IA),iii,American Rivers,,,,,,2141,Coe,iii,American Rivers,,,,,,,,,
401908073,2026,8,regular,2026-10-24T19:00:00.000Z,False,False,False,True,,5810.0,Coyer Field,2085,Buffalo State,iii,Liberty League,,,,,,125974,Hilbert,iii,Empire 8,,,,,,,,,
401907858,2026,8,regular,2026-10-24T19:00:00.000Z,False,False,False,True,,5636.0,Wright Stadium,173,Hartwick,iii,Empire 8,,,,,,3162,Alfred State,iii,Empire 8,,,,,,,,,
401907608,2026,8,regular,2026-10-24T19:00:00.000Z,False,False,False,True,,3642.0,Bobcat Stadium (MD),341,Frostburg State,ii,Mountain East,,,,,,112335,Wheeling,ii,Mountain East,,,,,,,,,
401907373,2026,8,regular,2026-10-24T19:00:00.000Z,False,False,False,True,,6055.0,Craig Field at Spratt Memorial Stadium,137,Missouri Western,ii,Mid America,,,,,,2403,Missouri Southern State,ii,Mid America,,,,,,,,,
401907351,2026,8,regular,2026-10-24T19:00:00.000Z,False,False,False,True,,6067.0,Carnie Smith Stadium,90,Pittsburg State,ii,Mid America,,,,,,2122,Central Oklahoma,ii,Mid America,,,,,,,,,
401907116,2026,8,regular,2026-10-24T19:00:00.000Z,False,False,False,True,,5877.0,Lyle Hare Stadium,2069,Black Hills State,ii,Rocky Mountain,,,,,,2714,Western Colorado,ii,Rocky Mountain,,,,,,,,,
401906954,2026,8,regular,2026-10-24T19:00:00.000Z,False,False,False,True,,6027.0,Albert J. H. Sloan - Alumni Stadium,2396,Miles,ii,SIAC,,,,,,2119,Central State,ii,SIAC,,,,,,,,,
401906569,2026,8,regular,2026-10-24T19:00:00.000Z,False,False,False,True,,3875.0,Paul Laird Field,199,Southeastern Oklahoma State,ii,Great American,,,,,,319,Oklahoma Baptist,ii,Great American,,,,,,,,,
401868146,2026,8,regular,2026-10-24T19:00:00.000Z,False,False,False,True,,3908.0,Roy Kidd Stadium,2198,Eastern Kentucky,fcs,UAC,,,,,,110242,West Florida,fcs,UAC,,,,,,,,,
401906209,2026,8,regular,2026-10-24T19:00:00.000Z,False,False,False,False,,4851.0,Bazemore-Hyder Stadium,2673,Valdosta State,ii,Gulf South,,,,,,2560,Shorter,ii,Carolinas,,,,,,,,,
401906191,2026,8,regular,2026-10-24T19:00:00.000Z,False,False,False,True,,7076.0,J.W. Babb Stadium,101784,Erskine,ii,Carolinas,,,,,,366,Ferrum,ii,Carolinas,,,,,,,,,
401867689,2026,8,regular,2026-10-24T19:00:00.000Z,False,False,False,False,,3749.0,Hunter Stadium,2815,Lindenwood,fcs,OVC,,,,,,2130,Chicago State,fcs,FCS Independents,,,,,,,,,
401867842,2026,8,regular,2026-10-24T19:00:00.000Z,False,False,False,True,,3750.0,Harvard Stadium,108,Harvard,fcs,Ivy,,,,,,163,Princeton,fcs,Ivy,,,,,,,,,
401867850,2026,8,regular,2026-10-24T19:00:00.000Z,False,False,False,True,,3744.0,Hancock Stadium,2287,Illinois State,fcs,MVFC,,,,,,282,Indiana State,fcs,MVFC,,,,,,,,,
401867871,2026,8,regular,2026-10-24T19:00:00.000Z,False,False,False,True,,5237.0,Dana J. Dykhouse Stadium,2571,South Dakota State,fcs,MVFC,,,,,,93,Murray State,fcs,MVFC,,,,,,,,,
401868121,2026,8,regular,2026-10-24T19:00:00.000Z,False,False,False,True,,3643.0,Bobcat Stadium,147,Montana State,fcs,Big Sky,,,,,,2692,Weber State,fcs,Big Sky,,,,,,,,,
401868972,2026,8,regular,2026-10-24T19:00:00.000Z,False,False,False,True,,3631.0,BBVA Compass Stadium,2640,Texas Southern,fcs,SWAC,,,,,,2582,Southern,fcs,SWAC,,,,,,,,,
401906182,2026,8,regular,2026-10-24T19:00:00.000Z,False,False,False,True,,6060.0,Grace P. Johnson Stadium,2882,UNC Pembroke,ii,Carolinas,,,,,,2804,Chowan,ii,Carolinas,,,,,,,,,
401867962,2026,8,regular,2026-10-24T19:00:00.000Z,False,False,False,True,,3762.0,Hughes Stadium,2415,Morgan State,fcs,MEAC,,,,,,47,Howard,fcs,MEAC,,,,,,,,,
401868035,2026,8,regular,2026-10-24T19:30:00.000Z,False,False,False,True,,717.0,Villanova Stadium,222,Villanova,fcs,Patriot,,,,,,2329,Lehigh,fcs,Patriot,,,,,,,,,
401868019,2026,8,regular,2026-10-24T19:30:00.000Z,False,False,False,True,,3998.0,Zable Stadium,2729,William & Mary,fcs,Patriot,,,,,,46,Georgetown,fcs,Patriot,,,,,,,,,
401906573,2026,8,regular,2026-10-24T19:30:00.000Z,False,False,False,True,,5891.0,Wilkins Stadium,2568,Southern Arkansas,ii,Great American,,,,,,2888,Ouachita Baptist,ii,Great American,,,,,,,,,
401862810,2026,8,regular,2026-10-24T19:30:00.000Z,False,False,False,True,,3852.0,Navy-Marine Corps Memorial Stadium,2426,Navy,fbs,American Athletic,,,,1513.0,,249,North Texas,fbs,American Athletic,,,,1646.0,,,,,
401868174,2026,8,regular,2026-10-24T19:30:00.000Z,False,False,False,True,,3810.0,Nissan Stadium,2634,Tennessee State,fcs,OVC,,,,,,2127,Charleston Southern,fcs,OVC,,,,,,,,,
401908425,2026,8,regular,2026-10-24T20:00:00.000Z,False,False,False,True,,6149.0,McCulloch Stadium,2930,Willamette,iii,Northwest,,,,,,205,Pacific (OR),iii,Northwest,,,,,,,,,
401908584,2026,8,regular,2026-10-24T20:00:00.000Z,False,False,False,True,,5939.0,Cressy Field,379,UMass Dartmouth,iii,MSCAC,,,,,,18,Bridgewater State,iii,MSCAC,,,,,,,,,
401868201,2026,8,regular,2026-10-24T20:00:00.000Z,False,False,False,True,,3746.0,Hanson Field,2710,Western Illinois,fcs,OVC,,,,,,2630,UT Martin,fcs,OVC,,,,,,,,,
401906541,2026,8,regular,2026-10-24T20:00:00.000Z,False,False,False,True,,5936.0,Koi Ishto Stadium,2191,East Central,ii,Great American,,,,,,2927,Southwestern Oklahoma State,ii,Great American,,,,,,,,,
401906563,2026,8,regular,2026-10-24T20:00:00.000Z,False,False,False,True,,3934.0,Southern Nazarene University Football Stadium,200,Southern Nazarene,ii,Great American,,,,,,2823,Northwestern (OK),ii,Great American,,,,,,,,,
401907532,2026,8,regular,2026-10-24T20:00:00.000Z,False,False,False,True,,3859.0,Offutt Field,611,Seton Hill,ii,Pennsylvania State Athletic,,,,,,2134,Clarion,ii,Pennsylvania State Athletic,,,,,,,,,
401908408,2026,8,regular,2026-10-24T20:00:00.000Z,False,False,False,True,,6148.0,The Pine Bowl,2721,Whitworth,iii,Northwest,,,,,,2333,Lewis & Clark,iii,Northwest,,,,,,,,,
401909131,2026,8,regular,2026-10-24T20:00:00.000Z,False,False,False,True,,5834.0,Deeds Field-Piper Stadium,2171,Denison,iii,North Coast,,,,,,352,Kenyon,iii,North Coast,,,,,,,,,
401908420,2026,8,regular,2026-10-24T20:00:00.000Z,False,False,False,True,,5119.0,Maxwell Field,203,Linfield,iii,Northwest,,,,,,2486,Pacific Lutheran,iii,Northwest,,,,,,,,,
401869145,2026,8,regular,2026-10-24T20:00:00.000Z,False,False,False,True,,3882.0,Provost Umphrey Stadium,2320,Lamar,fcs,Southland,,,,,,2277,Houston Christian,fcs,Southland,,,,,,,,,
401907290,2026,8,regular,2026-10-24T20:05:00.000Z,False,False,False,True,,5783.0,McArthur Field,2848,Western Oregon,ii,Lone Star,,,,,,2201,Eastern New Mexico,ii,Lone Star,,,,,,,,,
401869138,2026,8,regular,2026-10-24T21:00:00.000Z,False,False,False,True,,3734.0,Gayle and Tom Benson Stadium,2916,Incarnate Word,fcs,Southland,,,,,,2377,McNeese,fcs,Southland,,,,,,,,,
401868097,2026,8,regular,2026-10-24T21:00:00.000Z,False,False,False,True,,3791.0,Kibbie Dome,70,Idaho,fcs,Big Sky,,,,,,253,Southern Utah,fcs,Big Sky,,,,,,,,,
401907523,2026,8,regular,2026-10-24T21:00:00.000Z,False,False,False,True,,4436.0,Adamson Stadium,2858,California (PA),ii,Pennsylvania State Athletic,,,,,,2291,IU Pennsylvania,ii,Pennsylvania State Athletic,,,,,,,,,
401906599,2026,8,regular,2026-10-24T21:00:00.000Z,False,False,False,True,,5935.0,Parker Field at McCool Stadium,2170,Delta State,ii,Gulf South,,,,,,2695,West Alabama,ii,Gulf South,,,,,,,,,
401868080,2026,8,regular,2026-10-24T21:00:00.000Z,False,False,False,True,,1027.0,Alex G. Spanos Stadium,13,Cal Poly,fcs,Big Sky,,,,,,3101,Utah Tech,fcs,Big Sky,,,,,,,,,
401864528,2026,8,regular,2026-10-24T21:00:00.000Z,False,False,False,True,,3816.0,Mackay Stadium,2440,Nevada,fbs,Mountain West,,,,1441.0,,23,San José State,fbs,Mountain West,,,,1393.0,,,,,
401868135,2026,8,regular,2026-10-24T21:00:00.000Z,False,False,False,False,,3711.0,Estes Stadium,2110,Central Arkansas,fcs,UAC,,,,,,292,UT Rio Grande Valley,fcs,Southland,,,,,,,,,
401908546,2026,8,regular,2026-10-24T21:00:00.000Z,False,False,False,True,,3877.0,Pioneer Stadium,101161,Lyon,iii,Southern Collegiate Athletic,,,,,,2639,Texas Lutheran,iii,Southern Collegiate Athletic,,,,,,,,,
401868106,2026,8,regular,2026-10-24T22:00:00.000Z,False,False,False,True,,1930.0,Holt Arena,304,Idaho State,fcs,Big Sky,,,,,,2502,Portland State,fcs,Big Sky,,,,,,,,,
401908082,2026,8,regular,2026-10-24T22:00:00.000Z,False,False,False,True,,12023.0,Stallings Field,286,North Carolina Wesleyan,iii,USA South,,,,,,291,Methodist,iii,USA South,,,,,,,,,
401907459,2026,8,regular,2026-10-24T22:00:00.000Z,False,False,False,False,,3926.0,Setzler Field,2444,Newberry,ii,South Atlantic,,,,,,2355,Virginia Lynchburg,,,,,,,,,,,
401860907,2026,8,regular,2026-10-24T22:00:00.000Z,False,False,False,True,,3820.0,Gesa Field,265,Washington State,fbs,Pac-12,,,,1533.0,,68,Boise State,fbs,Pac-12,,,,1609.0,,,,,
401868311,2026,8,regular,2026-10-24T22:00:00.000Z,False,False,False,True,,3756.0,Homer Bryce Stadium,2617,Stephen F. Austin,fcs,Southland,,,,,,2545,SE Louisiana,fcs,Southland,,,,,,,,,
401860905,2026,8,regular,2026-10-24T22:30:00.000Z,False,False,False,True,,5388.0,Canvas Stadium,36,Colorado State,fbs,Pac-12,,,,1327.0,,21,San Diego State,fbs,Pac-12,,,,1468.0,,,,,
401908439,2026,8,regular,2026-10-24T23:00:00.000Z,False,False,False,True,,5909.0,Ortmayer Stadium,2318,La Verne,iii,So. Cal.,,,,,,2094,Cal Lutheran,iii,So. Cal.,,,,,,,,,
401907320,2026,8,regular,2026-10-24T23:00:00.000Z,False,False,False,True,,5884.0,Buffalo Stadium,2704,West Texas,ii,Lone Star,,,,,,2703,Western New Mexico,ii,Lone Star,,,,,,,,,
401907302,2026,8,regular,2026-10-24T23:00:00.000Z,False,False,False,True,,6049.0,"Memorial Stadium (Wichita Falls, TX)",2395,Midwestern State,ii,Lone Star,,,,,,2834,Sul Ross State,ii,Lone Star,,,,,,,,,
401869935,2026,8,regular,2026-10-24T23:00:00.000Z,False,False,False,True,,3625.0,Centennial Bank Stadium,2032,Arkansas State,fbs,Sun Belt,,,,1319.0,,2247,Georgia State,fbs,Sun Belt,,,,1274.0,,,,,
401907281,2026,8,regular,2026-10-24T23:00:00.000Z,False,False,False,True,,5869.0,LeGrand Stadium at 1st Community Credit Union Field,2025,Angelo State,ii,Lone Star,,,,,,2658,Texas A&M-Kingsville,ii,Lone Star,,,,,,,,,
401868067,2026,8,regular,2026-10-24T23:00:00.000Z,False,False,False,True,,4133.0,Braly Municipal Stadium,2453,North Alabama,fcs,UAC,,,,,,2046,Austin Peay,fcs,UAC,,,,,,,,,
401868132,2026,8,regular,2026-10-24T23:00:00.000Z,False,False,False,True,,3602.0,Aggie Stadium,302,UC Davis,fcs,Big Sky,,,,,,2458,Northern Colorado,fcs,Big Sky,,,,,,,,,
401868969,2026,8,regular,2026-10-24T23:00:00.000Z,False,False,False,False,,4762.0,Memorial Stadium (Commerce TX),2837,East Texas A&M,fcs,Southland,,,,,,2504,Prairie View A&M,fcs,SWAC,,,,,,,,,
401860906,2026,8,regular,2026-10-24T23:30:00.000Z,False,False,False,True,,3644.0,Bobcat Stadium (TX),326,Texas State,fbs,Pac-12,,,,1491.0,,328,Utah State,fbs,Pac-12,,,,1348.0,,,,,
401908801,2026,8,regular,2026-10-25T00:00:00.000Z,False,False,False,True,,5928.0,Macalester Stadium,2359,Macalester,iii,Minnesota,,,,,,2802,Bethel (MN),iii,Minnesota,,,,,,,,,
401907342,2026,8,regular,2026-10-25T00:00:00.000Z,False,False,False,True,,5942.0,Francis G. Welch Stadium,2214,Emporia State,ii,Mid America,,,,,,2118,Central Missouri,ii,Mid America,,,,,,,,,
401908466,2026,8,regular,2026-10-25T00:00:00.000Z,False,False,False,True,,6147.0,"Memorial Stadium (Whittier, CA)",2850,Whittier,iii,So. Cal.,,,,,,29,Redlands,iii,So. Cal.,,,,,,,,,
401907319,2026,8,regular,2026-10-25T01:00:00.000Z,False,False,False,True,,5879.0,Tomlinson Stadium,2120,Central Washington,ii,Lone Star,,,,,,110243,UT Permian Basin,ii,Lone Star,,,,,,,,,
401908446,2026,8,regular,2026-10-25T02:00:00.000Z,False,False,False,True,,5819.0,Ernie Chapman Stadium,411,Chapman,iii,So. Cal.,,,,,,17,Claremont Mudd Scripps,iii,So. Cal.,,,,,,,,,
401908462,2026,8,regular,2026-10-25T02:00:00.000Z,False,False,False,True,,6103.0,Merritt Field,2923,Pomona Pitzer,iii,So. Cal.,,,,,,2049,Azusa Pacific,iii,So. Cal.,,,,,,,,,
401864527,2026,8,regular,2026-10-25T02:00:00.000Z,False,False,False,True,,3971.0,University Stadium (NM),167,New Mexico,fbs,Mountain West,,,,1559.0,,2449,North Dakota State,fbs,Mountain West,,,,1594.0,,,,,
401871071,2026,9,regular,2026-10-27T23:00:00.000Z,False,False,False,True,,3796.0,Houchens Industries-L.T. Smith Stadium,98,Western Kentucky,fbs,Conference USA,,,,1242.0,,48,Delaware,fbs,Conference USA,,,,1414.0,,,,,
401871072,2026,9,regular,2026-10-28T00:00:00.000Z,False,False,False,True,,3878.0,Plaster Sports Complex,2623,Missouri State,fbs,Conference USA,,,,1281.0,,2534,Sam Houston,fbs,Conference USA,,,,1161.0,,,,,
401871058,2026,9,regular,2026-10-28T23:00:00.000Z,False,False,False,True,,3725.0,"Johnny ""Red"" Floyd Stadium",2393,Middle Tennessee,fbs,Conference USA,,,,1298.0,,338,Kennesaw State,fbs,Conference USA,,,,1285.0,,,,,
401871057,2026,9,regular,2026-10-29T00:00:00.000Z,False,False,False,True,,3601.0,Aggie Memorial Stadium,166,New Mexico State,fbs,Conference USA,,,,1261.0,,55,Jacksonville State,fbs,Conference USA,,,,1427.0,,,,,
401906977,2026,9,regular,2026-10-29T23:00:00.000Z,False,False,False,True,,6027.0,Albert J. H. Sloan - Alumni Stadium,2396,Miles,ii,SIAC,,,,,,2232,Fort Valley State,ii,SIAC,,,,,,,,,
401867969,2026,9,regular,2026-10-29T23:00:00.000Z,False,False,False,True,,3762.0,Hughes Stadium,2415,Morgan State,fcs,MEAC,,,,,,2569,South Carolina State,fcs,MEAC,,,,,,,,,
401869963,2026,9,regular,2026-10-29T23:30:00.000Z,False,False,False,True,,3651.0,Bridgeforth Stadium,256,James Madison,fbs,Sun Belt,,,,1777.0,,2653,Troy,fbs,Sun Belt,,,,1421.0,,,,,
401862812,2026,9,regular,2026-10-29T23:30:00.000Z,False,False,False,True,,3825.0,DATCU Stadium,249,North Texas,fbs,American Athletic,,,,1646.0,,2226,Florida Atlantic,fbs,American Athletic,,,,1243.0,,,,,
401862813,2026,9,regular,2026-10-30T23:00:00.000Z,False,False,False,True,,4418.0,Jerry Richardson Stadium,2429,Charlotte,fbs,American Athletic,,,,1169.0,,2655,Tulane,fbs,American Athletic,,,,1520.0,,,,,
401906138,2026,9,regular,2026-10-30T23:00:00.000Z,False,False,False,True,,3808.0,Lincoln University Stadium,2339,Lincoln (PA),ii,CIAA,,,,,,2676,Virginia Union,ii,CIAA,,,,,,,,,
401867838,2026,9,regular,2026-10-30T23:00:00.000Z,False,False,False,True,,3826.0,Memorial Field,159,Dartmouth,fcs,Ivy,,,,,,108,Harvard,fcs,Ivy,,,,,,,,,
401856844,2026,9,regular,2026-10-30T23:30:00.000Z,False,False,False,True,,3652.0,FBC Mortgage Stadium,2116,UCF,fbs,Big 12,,,,1481.0,,239,Baylor,fbs,Big 12,,,,1534.0,,,,,
401908398,2026,9,regular,2026-10-31T02:05:00.000Z,False,False,False,True,,5850.0,Stoffer Family Stadium,415,George Fox,iii,Northwest,,,,,,2930,Willamette,iii,Northwest,,,,,,,,,
401866451,2026,9,regular,2026-10-31T02:30:00.000Z,False,False,False,True,,3757.0,Hornet Stadium,16,Sacramento State,fbs,Mid-American,,,,1297.0,,2309,Kent State,fbs,Mid-American,,,,1007.0,,,,,
401858508,2026,9,regular,2026-10-31T04:00:00.000Z,True,False,False,False,,1056.0,Rose Bowl,26,UCLA,fbs,Big Ten,,,,1502.0,,2440,Nevada,fbs,Mountain West,,,,1441.0,,,,,
401871096,2026,9,regular,2026-10-31T04:00:00.000Z,True,False,False,True,,3918.0,S.B. Ballard Stadium,295,Old Dominion,fbs,Sun Belt,,,,1295.0,,276,Marshall,fbs,Sun Belt,,,,1391.0,,,,,
401871095,2026,9,regular,2026-10-31T04:00:00.000Z,True,False,False,True,,3817.0,Malone Stadium,2433,UL Monroe,fbs,Sun Belt,,,,1079.0,,2572,Southern Miss,fbs,Sun Belt,,,,1224.0,,,,,
401858281,2026,9,regular,2026-10-31T04:00:00.000Z,True,False,False,True,,3752.0,Acrisure Stadium,221,Pittsburgh,fbs,ACC,,,,1675.0,,59,Georgia Tech,fbs,ACC,,,,1515.0,,,,,
401862815,2026,9,regular,2026-10-31T04:00:00.000Z,True,False,False,True,,3699.0,Dowdy-Ficklen Stadium,151,East Carolina,fbs,American Athletic,,,,1456.0,,218,Temple,fbs,American Athletic,,,,1330.0,,,,,
401858505,2026,9,regular,2026-10-31T04:00:00.000Z,True,False,False,True,,3626.0,Autzen Stadium,2483,Oregon,fbs,Big Ten,,,,1811.0,,77,Northwestern,fbs,Big Ten,,,,1625.0,,,,,
401858284,2026,9,regular,2026-10-31T04:00:00.000Z,True,False,False,True,,3630.0,Allegacy Federal Credit Union Stadium,154,Wake Forest,fbs,ACC,,,,1514.0,,258,Virginia,fbs,ACC,,,,1612.0,,,,,
401858503,2026,9,regular,2026-10-31T04:00:00.000Z,True,False,False,True,,3665.0,SECU Stadium,120,Maryland,fbs,Big Ten,,,,1474.0,,356,Illinois,fbs,Big Ten,,,,1589.0,,,,,
401869944,2026,9,regular,2026-10-31T04:00:00.000Z,True,False,False,True,,4246.0,Center Parc Stadium,2247,Georgia State,fbs,Sun Belt,,,,1274.0,,324,Coastal Carolina,fbs,Sun Belt,,,,1245.0,,,,,
401862816,2026,9,regular,2026-10-31T04:00:00.000Z,True,False,False,True,,3886.0,Raymond James Stadium,58,South Florida,fbs,American Athletic,,,,1676.0,,5,UAB,fbs,American Athletic,,,,1393.0,,,,,
401858509,2026,9,regular,2026-10-31T04:00:00.000Z,True,False,False,True,,477.0,Los Angeles Memorial Coliseum,30,USC,fbs,Big Ten,,,,1817.0,,194,Ohio State,fbs,Big Ten,,,,2032.0,,,,,
401860924,2026,9,regular,2026-10-31T04:00:00.000Z,True,False,False,True,,3660.0,Valley Children's Stadium,278,Fresno State,fbs,Pac-12,,,,1611.0,,204,Oregon State,fbs,Pac-12,,,,1285.0,,,,,
401862814,2026,9,regular,2026-10-31T04:00:00.000Z,True,False,False,True,,3805.0,Simmons Bank Liberty Stadium,235,Memphis,fbs,American Athletic,,,,1526.0,,349,Army,fbs,American Athletic,,,,1530.0,,,,,
401856845,2026,9,regular,2026-10-31T04:00:00.000Z,True,False,False,True,,3616.0,Amon G. Carter Stadium,2628,TCU,fbs,Big 12,,,,1629.0,,2305,Kansas,fbs,Big 12,,,,1481.0,,,,,
401856847,2026,9,regular,2026-10-31T04:00:00.000Z,True,False,False,True,,3772.0,Jack Trice Stadium,66,Iowa State,fbs,Big 12,,,,1683.0,,197,Oklahoma State,fbs,Big 12,,,,1274.0,,,,,
401858280,2026,9,regular,2026-10-31T04:00:00.000Z,True,False,False,True,,3697.0,Doak Campbell Stadium,52,Florida State,fbs,ACC,,,,1553.0,,228,Clemson,fbs,ACC,,,,1560.0,,,,,
401858283,2026,9,regular,2026-10-31T04:00:00.000Z,True,False,False,True,,3873.0,L&N Federal Credit Union Stadium,97,Louisville,fbs,ACC,,,,1690.0,,24,Stanford,fbs,ACC,,,,1311.0,,,,,
401856737,2026,9,regular,2026-10-31T04:00:00.000Z,True,False,False,True,,3910.0,DKR-Texas Memorial Stadium,251,Texas,fbs,SEC,,,,1935.0,,344,Mississippi State,fbs,SEC,,,,1663.0,,,,NIGHT: 6 - 8pm ET start,
401858277,2026,9,regular,2026-10-31T04:00:00.000Z,True,False,False,True,,3670.0,Carter-Finley Stadium,152,NC State,fbs,ACC,,,,1510.0,,25,California,fbs,ACC,,,,1350.0,,,,,
401856733,2026,9,regular,2026-10-31T04:00:00.000Z,True,False,False,True,,3887.0,Razorback Stadium,8,Arkansas,fbs,SEC,,,,1466.0,,142,Missouri,fbs,SEC,,,,1690.0,,,,FLEX: 3:30 - 4:30pm OR 6 - 8pm ET start,
401856735,2026,9,regular,2026-10-31T04:00:00.000Z,True,False,False,True,,3974.0,Vaught-Hemingway Stadium,145,Ole Miss,fbs,SEC,,,,1859.0,,2,Auburn,fbs,SEC,,,,1668.0,,,,EARLY: Noon - 1pm ET start,
401856736,2026,9,regular,2026-10-31T04:00:00.000Z,True,False,False,True,,3835.0,"Memorial Stadium (Norman, OK)",201,Oklahoma,fbs,SEC,,,,1782.0,,2579,South Carolina,fbs,SEC,,,,1721.0,,,,FLEX: 3:30 - 4:30pm OR 6 - 8pm ET start,
401856842,2026,9,regular,2026-10-31T04:00:00.000Z,True,False,False,True,,3784.0,Jones AT&T Stadium,2641,Texas Tech,fbs,Big 12,,,,1841.0,,12,Arizona,fbs,Big 12,,,,1634.0,,,,,
401856846,2026,9,regular,2026-10-31T04:00:00.000Z,True,False,False,True,,3726.0,Folsom Field,38,Colorado,fbs,Big 12,,,,1330.0,,2306,Kansas State,fbs,Big 12,,,,1692.0,,,,,
401856848,2026,9,regular,2026-10-31T04:00:00.000Z,True,False,False,True,,3854.0,Nippert Stadium,2132,Cincinnati,fbs,Big 12,,,,1512.0,,254,Utah,fbs,Big 12,,,,1907.0,,,,,
401858278,2026,9,regular,2026-10-31T04:00:00.000Z,True,False,False,True,,1964.0,JMA Wireless Dome,183,Syracuse,fbs,ACC,,,,1290.0,,2567,SMU,fbs,ACC,,,,1706.0,,,,,
401858279,2026,9,regular,2026-10-31T04:00:00.000Z,True,False,False,True,,3982.0,Wallace Wade Stadium,150,Duke,fbs,ACC,,,,1656.0,,103,Boston College,fbs,ACC,,,,1380.0,,,,,
401871097,2026,9,regular,2026-10-31T04:00:00.000Z,True,False,False,True,,6526.0,Hancock Whitney Stadium,6,South Alabama,fbs,Sun Belt,,,,1393.0,,2348,Louisiana Tech,fbs,Sun Belt,,,,1377.0,,,,,
401867887,2026,9,regular,2026-10-31T04:00:00.000Z,True,False,False,True,,5237.0,Dana J. Dykhouse Stadium,2571,South Dakota State,fcs,MVFC,,,,,,233,South Dakota,fcs,MVFC,,,,,,,,,
401867690,2026,9,regular,2026-10-31T04:00:00.000Z,True,False,False,False,,3453.0,SeatGeek Stadium,2130,Chicago State,fcs,FCS Independents,,,,,,124110,UFTL,,,,,,,,,,,
401867903,2026,9,regular,2026-10-31T04:00:00.000Z,True,False,False,True,,3624.0,Arute Field,2115,Central Connecticut,fcs,NEC,,,,,,2523,Robert Morris,fcs,NEC,,,,,,,,,
401858282,2026,9,regular,2026-10-31T04:00:00.000Z,True,False,False,True,,3787.0,Kenan Stadium,153,North Carolina,fbs,ACC,,,,1396.0,,2390,Miami,fbs,ACC,,,,1895.0,,,,,
401858501,2026,9,regular,2026-10-31T04:00:00.000Z,True,False,False,True,,3830.0,"Memorial Stadium (Bloomington, IN)",84,Indiana,fbs,Big Ten,,,,2121.0,,135,Minnesota,fbs,Big Ten,,,,1484.0,,,,,
401858502,2026,9,regular,2026-10-31T04:00:00.000Z,True,False,False,True,,3793.0,Kinnick Stadium,2294,Iowa,fbs,Big Ten,,,,1845.0,,275,Wisconsin,fbs,Big Ten,,,,1580.0,,,,,
401858504,2026,9,regular,2026-10-31T04:00:00.000Z,True,False,False,True,,3834.0,"Memorial Stadium (Lincoln, NE)",158,Nebraska,fbs,Big Ten,,,,1705.0,,264,Washington,fbs,Big Ten,,,,1757.0,,,,,
401869846,2026,9,regular,2026-10-31T04:00:00.000Z,True,False,False,True,,3608.0,Allen E. Paulson Stadium,290,Georgia Southern,fbs,Sun Belt,,,,1358.0,,2026,App State,fbs,Sun Belt,,,,1324.0,,,,,
401858507,2026,9,regular,2026-10-31T04:00:00.000Z,True,False,False,True,,6577.0,SHI Stadium,164,Rutgers,fbs,Big Ten,,,,1391.0,,130,Michigan,fbs,Big Ten,,,,1735.0,,,,,
401856843,2026,9,regular,2026-10-31T04:00:00.000Z,True,False,False,True,,3801.0,LaVell Edwards Stadium,252,BYU,fbs,Big 12,,,,1692.0,,9,Arizona State,fbs,Big 12,,,,1535.0,,,,,
401906533,2026,9,regular,2026-10-31T04:00:00.000Z,True,False,False,True,,6073.0,Milam Stadium,2927,Southwestern Oklahoma State,ii,Great American,,,,,,2028,Arkansas Monticello,ii,Great American,,,,,,,,,
401858506,2026,9,regular,2026-10-31T04:00:00.000Z,True,False,False,True,,3632.0,Beaver Stadium,213,Penn State,fbs,Big Ten,,,,1933.0,,2509,Purdue,fbs,Big Ten,,,,1311.0,,,,,
401864529,2026,9,regular,2026-10-31T04:00:00.000Z,True,False,False,True,,3935.0,CEFCU Stadium,23,San José State,fbs,Mountain West,,,,1393.0,,167,New Mexico,fbs,Mountain West,,,,1559.0,,,,,
401906628,2026,9,regular,2026-10-31T16:00:00.000Z,False,False,False,True,,3870.0,Panther Stadium (OH),2477,Ohio Dominican,ii,Great Midwest Athletic,,,,,,2682,Walsh,ii,Great Midwest Athletic,,,,,,,,,
401908975,2026,9,regular,2026-10-31T16:00:00.000Z,False,False,False,True,,5824.0,Lions Stadium,2442,The College of New Jersey,iii,New Jersey,,,,,,2818,Montclair State,iii,New Jersey,,,,,,,,,
401867831,2026,9,regular,2026-10-31T16:00:00.000Z,False,False,False,True,,3881.0,Princeton University Stadium,163,Princeton,fcs,Ivy,,,,,,172,Cornell,fcs,Ivy,,,,,,,,,
401869154,2026,9,regular,2026-10-31T16:00:00.000Z,False,False,False,True,,6058.0,Ralph F. DellaCamera Stadium,2441,New Haven,fcs,NEC,,,,,,2184,Duquesne,fcs,NEC,,,,,,,,,
401867926,2026,9,regular,2026-10-31T16:00:00.000Z,False,False,False,True,,6075.0,W.B. Mason Stadium,284,Stonehill,fcs,NEC,,,,,,2385,Mercyhurst,fcs,NEC,,,,,,,,,
401867880,2026,9,regular,2026-10-31T16:00:00.000Z,False,False,False,True,,844.0,Stambaugh Stadium,2754,Youngstown State,fcs,MVFC,,,,,,155,North Dakota,fcs,MVFC,,,,,,,,,
401867823,2026,9,regular,2026-10-31T16:00:00.000Z,False,False,False,True,,3802.0,Lawrence A. Wien Stadium,171,Columbia,fcs,Ivy,,,,,,43,Yale,fcs,Ivy,,,,,,,,,
401867809,2026,9,regular,2026-10-31T16:00:00.000Z,False,False,False,True,,3656.0,Brown Stadium,225,Brown,fcs,Ivy,,,,,,219,Pennsylvania,fcs,Ivy,,,,,,,,,
401866677,2026,9,regular,2026-10-31T16:00:00.000Z,False,False,False,True,,3788.0,Kenneth P. LaValle Stadium,2619,Stony Brook,fcs,Coastal Athletic,,,,,,2529,Sacred Heart,fcs,Coastal Athletic,,,,,,,,,
401866676,2026,9,regular,2026-10-31T16:00:00.000Z,False,False,False,True,,11488.0,Centreville Bank Stadium,227,Rhode Island,fcs,Coastal Athletic,,,,,,311,Maine,fcs,Coastal Athletic,,,,,,,,,
401866675,2026,9,regular,2026-10-31T16:00:00.000Z,False,False,False,True,,4419.0,Bob Ford Field,399,UAlbany,fcs,Coastal Athletic,,,,,,2097,Campbell,fcs,Coastal Athletic,,,,,,,,,
401867932,2026,9,regular,2026-10-31T16:00:00.000Z,False,False,False,False,,6048.0,Duane Stadium,2771,Merrimack,fcs,FCS Independents,,,,,,2681,Wagner,fcs,NEC,,,,,,,,,
401866452,2026,9,regular,2026-10-31T16:00:00.000Z,False,False,False,True,,3980.0,Waldo Stadium,2711,Western Michigan,fbs,Mid-American,,,,1519.0,,189,Bowling Green,fbs,Mid-American,,,,1132.0,,,,,
401906192,2026,9,regular,2026-10-31T16:00:00.000Z,False,False,False,True,,6061.0,Younts Stadium,2822,North Greenville,ii,Carolinas,,,,,,101784,Erskine,ii,Carolinas,,,,,,,,,
401906609,2026,9,regular,2026-10-31T16:00:00.000Z,False,False,False,False,,3642.0,Bobcat Stadium (MD),341,Frostburg State,ii,Mountain East,,,,,,2170,Delta State,ii,Gulf South,,,,,,,,,
401906638,2026,9,regular,2026-10-31T16:00:00.000Z,False,False,False,True,,3731.0,Frost-Kalnow Stadium,2838,Tiffin,ii,Great Midwest Athletic,,,,,,437,Lake Erie,ii,Great Midwest Athletic,,,,,,,,,
401906646,2026,9,regular,2026-10-31T16:00:00.000Z,False,False,False,True,,6129.0,BB&T Field at Griffin Plaza,2646,Thomas More,ii,Great Midwest Athletic,,,,,,2224,Findlay,ii,Great Midwest Athletic,,,,,,,,,
401906843,2026,9,regular,2026-10-31T16:00:00.000Z,False,False,False,True,,5263.0,Steele Stadium,2316,Kentucky Wesleyan,ii,Great Midwest Athletic,,,,,,2273,Hillsdale,ii,Great Midwest Athletic,,,,,,,,,
401906887,2026,9,regular,2026-10-31T16:00:00.000Z,False,False,False,True,,3600.0,Tom Adams Field,131,Wayne State (MI),ii,GLIAC,,,,,,128,Northern Michigan,ii,GLIAC,,,,,,,,,
401907490,2026,9,regular,2026-10-31T16:00:00.000Z,False,False,False,True,,3848.0,Multi-Sport Stadium,2038,Assumption,ii,Northeast 10,,,,,,126086,Post,ii,Northeast 10,,,,,,,,,
401907509,2026,9,regular,2026-10-31T16:00:00.000Z,False,False,False,True,,6066.0,Pace Stadium,2487,Pace,ii,Northeast 10,,,,,,2060,Bentley,ii,Northeast 10,,,,,,,,,
401907533,2026,9,regular,2026-10-31T16:00:00.000Z,False,False,False,True,,4437.0,"Memorial Stadium (Clarion, PA)",2134,Clarion,ii,Pennsylvania State Athletic,,,,,,215,Slippery Rock,ii,Pennsylvania State Athletic,,,,,,,,,
401907550,2026,9,regular,2026-10-31T16:00:00.000Z,False,False,False,True,,4440.0,Sox Harrison Stadium,2205,Edinboro,ii,Pennsylvania State Athletic,,,,,,611,Seton Hill,ii,Pennsylvania State Athletic,,,,,,,,,
401907557,2026,9,regular,2026-10-31T16:00:00.000Z,False,False,False,True,,4441.0,McConnell Family Stadium,367,Gannon,ii,Pennsylvania State Athletic,,,,,,2291,IU Pennsylvania,ii,Pennsylvania State Athletic,,,,,,,,,
401907869,2026,9,regular,2026-10-31T16:00:00.000Z,False,False,False,True,,5788.0,Merrill Field at Yunevich Stadium,365,Alfred,iii,Empire 8,,,,,,2781,Brockport,iii,Empire 8,,,,,,,,,
401908074,2026,9,regular,2026-10-31T16:00:00.000Z,False,False,False,True,,7512.0,St. Francis High School,125974,Hilbert,iii,Empire 8,,,,,,237,Union,iii,Liberty League,,,,,,,,,
401908169,2026,9,regular,2026-10-31T16:00:00.000Z,False,False,False,True,,5127.0,Gene L. Shirk Stadium,2015,Albright,iii,Mid Atlantic,,,,,,127954,Eastern,iii,Mid Atlantic,,,,,,,,,
401908177,2026,9,regular,2026-10-31T16:00:00.000Z,False,False,False,True,,5791.0,Turf Field,111674,Alvernia,iii,Mid Atlantic,,,,,,2221,FDU Florham,iii,Mid Atlantic,,,,,,,,,
401908482,2026,9,regular,2026-10-31T16:00:00.000Z,False,False,False,True,,5830.0,Walter M. Katz Field,40,Curry,iii,Commonwealth Coast,,,,,,2280,Husson,iii,Commonwealth Coast,,,,,,,,,
401908489,2026,9,regular,2026-10-31T16:00:00.000Z,False,False,False,True,,5929.0,Ritchie Field,274,Maine Maritime,iii,Commonwealth Coast,,,,,,452,Endicott,iii,Commonwealth Coast,,,,,,,,,
401908522,2026,9,regular,2026-10-31T16:00:00.000Z,False,False,False,True,,,,131108,New England College,,,,,,,,2702,Western New England,iii,Commonwealth Coast,,,,,,,,,
401908535,2026,9,regular,2026-10-31T16:00:00.000Z,False,False,False,True,,5637.0,Vendetti Field,2884,Nichols,iii,Commonwealth Coast,,,,,,111675,New England,iii,Commonwealth Coast,,,,,,,,,
401908573,2026,9,regular,2026-10-31T16:00:00.000Z,False,False,False,True,,5808.0,Edward C. Swenson Athletic Complex,18,Bridgewater State,iii,MSCAC,,,,,,114,Fitchburg State,iii,MSCAC,,,,,,,,,
401908597,2026,9,regular,2026-10-31T16:00:00.000Z,False,False,False,True,,3819.0,Bowditch Field,2967,Framingham State,iii,MSCAC,,,,,,2972,Plymouth State,iii,MSCAC,,,,,,,,,
401908601,2026,9,regular,2026-10-31T16:00:00.000Z,False,False,False,True,,5940.0,Clean Harbors Stadium,110,Mass Maritime,iii,MSCAC,,,,,,2909,Westfield State,iii,MSCAC,,,,,,,,,
401908629,2026,9,regular,2026-10-31T16:00:00.000Z,False,False,False,True,,5899.0,"Alumni Stadium (Worcester, MA)",2749,WPI,iii,NEWMAC,,,,,,2383,Merchant Marine,iii,NEWMAC,,,,,,,,,
401908636,2026,9,regular,2026-10-31T16:00:00.000Z,False,False,False,True,,6202.0,Cardinal Stadium (DC),2108,Catholic,iii,Landmark Conference,,,,,,398,Wilkes,iii,Landmark Conference,,,,,,,,,
401908667,2026,9,regular,2026-10-31T16:00:00.000Z,False,False,False,True,,6101.0,"Memorial Stadium (Westerville, OH)",359,Otterbein,iii,Ohio,,,,,,424,Capital,iii,Ohio,,,,,,,,,
401908694,2026,9,regular,2026-10-31T16:00:00.000Z,False,False,False,True,,6107.0,ECAV Stadium,2528,Rensselaer,iii,Liberty League,,,,,,2779,St. Lawrence,iii,Liberty League,,,,,,,,,
401908696,2026,9,regular,2026-10-31T16:00:00.000Z,False,False,False,True,,6100.0,Cutler Field,354,Olivet,iii,Michigan,,,,,,2003,Adrian,iii,Michigan,,,,,,,,,
401908884,2026,9,regular,2026-10-31T16:00:00.000Z,False,False,False,True,,5822.0,Cadet Memorial Field,2557,Coast Guard,iii,NEWMAC,,,,,,81,Springfield,iii,NEWMAC,,,,,,,,,
401908958,2026,9,regular,2026-10-31T16:00:00.000Z,False,False,False,True,,5926.0,Henry G. Steinbrenner '27 Stadium,109,MIT,iii,NEWMAC,,,,,,2951,SUNY Maritime,iii,NEWMAC,,,,,,,,,
401908964,2026,9,regular,2026-10-31T16:00:00.000Z,False,False,False,True,,6115.0,Toppa Field,2776,Salve Regina,iii,NEWMAC,,,,,,2467,Norwich,iii,NEWMAC,,,,,,,,,
401867995,2026,9,regular,2026-10-31T16:00:00.000Z,False,False,False,True,,3741.0,Goodman Stadium,2329,Lehigh,fcs,Patriot,,,,,,2083,Bucknell,fcs,Patriot,,,,,,,,,
401859185,2026,9,regular,2026-10-31T16:00:00.000Z,False,False,True,False,,3738.0,Gillette Stadium,2426,Navy,fbs,American Athletic,,,,1513.0,,87,Notre Dame,fbs,FBS Independents,,,,2061.0,,,,,
401908041,2026,9,regular,2026-10-31T16:30:00.000Z,False,False,False,True,,5916.0,Carson Park,2738,Wisconsin Eau Claire,iii,Wisconsin,,,,,,2740,Wisconsin La Crosse,iii,Wisconsin,,,,,,,,,
401868030,2026,9,regular,2026-10-31T16:30:00.000Z,False,False,False,True,,3721.0,Fisher Field,322,Lafayette,fcs,Patriot,,,,,,222,Villanova,fcs,Patriot,,,,,,,,,
401908916,2026,9,regular,2026-10-31T17:00:00.000Z,False,False,False,True,,6079.0,Alumni Stadium (VT),2394,Middlebury,iii,NESCAC,,,,,,2977,Trinity (CT),iii,NESCAC,,,,,,,,,
401908982,2026,9,regular,2026-10-31T17:00:00.000Z,False,False,False,True,,6150.0,Wightman Stadium,2970,William Paterson,iii,New Jersey,,,,,,2532,Salisbury,iii,New Jersey,,,,,,,,,
401908990,2026,9,regular,2026-10-31T17:00:00.000Z,False,False,False,True,,5896.0,Lewis C. Everett Stadium,297,Hampden Sydney,iii,Old Dominion,,,,,,2047,Averett,iii,Old Dominion,,,,,,,,,
401909011,2026,9,regular,2026-10-31T17:00:00.000Z,False,False,False,True,,6116.0,Shentel Stadium,2828,Shenandoah,iii,Old Dominion,,,,,,2516,Randolph Macon,iii,Old Dominion,,,,,,,,,
401909031,2026,9,regular,2026-10-31T17:00:00.000Z,False,False,False,True,,3694.0,DeGol Field,2598,Saint Francis,iii,Presidents',,,,,,2062,Bethany (WV),iii,Presidents',,,,,,,,,
401909055,2026,9,regular,2026-10-31T17:00:00.000Z,False,False,False,True,,3677.0,Chuck Noll Field,2614,Saint Vincent,iii,Presidents',,,,,,2849,Westminster (PA),iii,Presidents',,,,,,,,,
401909138,2026,9,regular,2026-10-31T17:00:00.000Z,False,False,False,True,,5906.0,McBride Field,352,Kenyon,iii,North Coast,,,,,,391,Oberlin,iii,North Coast,,,,,,,,,
401909145,2026,9,regular,2026-10-31T17:00:00.000Z,False,False,False,True,,6099.0,Selby Stadium,2980,Ohio Wesleyan,iii,North Coast,,,,,,89,Wabash,iii,North Coast,,,,,,,,,
401906681,2026,9,regular,2026-10-31T17:00:00.000Z,False,False,False,True,,3770.0,Jack Miller Stadium,308,Ashland,ii,Great Midwest Athletic,,,,,,2886,Northwood,ii,Great Midwest Athletic,,,,,,,,,
401906615,2026,9,regular,2026-10-31T17:00:00.000Z,False,False,False,False,,7082.0,Athletic Field Complex,122774,Keystone,iii,Independent DIII,,,,,,134001,Monroe,,,,,,,,,,,
401906175,2026,9,regular,2026-10-31T17:00:00.000Z,False,False,False,True,,4015.0,Barron Stadium,2560,Shorter,ii,Carolinas,,,,,,122666,Barton,ii,Carolinas,,,,,,,,,
401906143,2026,9,regular,2026-10-31T17:00:00.000Z,False,False,False,True,,6041.0,Irwin Belk Complex,2304,Johnson C. Smith,ii,CIAA,,,,,,330,Virginia State,ii,CIAA,,,,,,,,,
401906132,2026,9,regular,2026-10-31T17:00:00.000Z,False,False,False,True,,5941.0,Roebuck Stadium,2207,Elizabeth City State,ii,CIAA,,,,,,2736,Winston-Salem State,ii,CIAA,,,,,,,,,
401906124,2026,9,regular,2026-10-31T17:00:00.000Z,False,False,False,True,,3813.0,"Luther ""Nick"" Jeralds Stadium",2220,Fayetteville State,ii,CIAA,,,,,,2075,Bowie State,ii,CIAA,,,,,,,,,
401906056,2026,9,regular,2026-10-31T17:00:00.000Z,False,False,False,True,,6068.0,George Williams Athletic Complex,2551,Shaw,ii,CIAA,,,,,,124180,Bluefield State,ii,CIAA,,,,,,,,,
401868258,2026,9,regular,2026-10-31T17:00:00.000Z,False,False,False,True,,3774.0,Jayne Stadium,2413,Morehead State,fcs,Pioneer,,,,,,2181,Drake,fcs,Pioneer,,,,,,,,,
401866678,2026,9,regular,2026-10-31T17:00:00.000Z,False,False,False,True,,5389.0,Kessler Stadium,2405,Monmouth,fcs,Coastal Athletic,,,,,,2803,Bryant,fcs,Coastal Athletic,,,,,,,,,
401866679,2026,9,regular,2026-10-31T17:00:00.000Z,False,False,False,True,,3603.0,Aggie Stadium,2448,North Carolina A&T,fcs,Coastal Athletic,,,,,,2210,Elon,fcs,Coastal Athletic,,,,,,,,,
401866680,2026,9,regular,2026-10-31T17:00:00.000Z,False,False,False,True,,3781.0,Johnny Unitas Stadium,119,Towson,fcs,Coastal Athletic,,,,,,2261,Hampton,fcs,Coastal Athletic,,,,,,,,,
401868004,2026,9,regular,2026-10-31T17:00:00.000Z,False,False,False,True,,3617.0,Andy Kerr Stadium,2142,Colgate,fcs,Patriot,,,,,,2729,William & Mary,fcs,Patriot,,,,,,,,,
401868026,2026,9,regular,2026-10-31T17:00:00.000Z,False,False,False,True,,3722.0,Fitton Field,107,Holy Cross,fcs,Patriot,,,,,,257,Richmond,fcs,Patriot,,,,,,,,,
401868215,2026,9,regular,2026-10-31T17:00:00.000Z,False,False,False,True,,3627.0,Bailey Memorial Stadium,2506,Presbyterian,fcs,Pioneer,,,,,,2086,Butler,fcs,Pioneer,,,,,,,,,
401868231,2026,9,regular,2026-10-31T17:00:00.000Z,False,False,False,True,,4416.0,Spec Martin Municipal Stadium,56,Stetson,fcs,Pioneer,,,,,,2168,Dayton,fcs,Pioneer,,,,,,,,,
401868342,2026,9,regular,2026-10-31T17:00:00.000Z,False,False,False,True,,3720.0,Finley Stadium,236,Chattanooga,fcs,Southern,,,,,,2678,VMI,fcs,Southern,,,,,,,,,
401906955,2026,9,regular,2026-10-31T17:00:00.000Z,False,False,False,True,,4749.0,McPherson Memorial Stadium,2119,Central State,ii,SIAC,,,,,,2206,Edward Waters,ii,SIAC,,,,,,,,,
401907011,2026,9,regular,2026-10-31T17:00:00.000Z,False,False,False,True,,3960.0,Top Taggart Field,2222,Ferris State,ii,GLIAC,,,,,,110254,Davenport,ii,GLIAC,,,,,,,,,
401907210,2026,9,regular,2026-10-31T17:00:00.000Z,False,False,False,True,,6077.0,Stokes Stadium,2654,Truman State,ii,Great Lakes,,,,,,2876,Lincoln (MO),ii,Great Lakes,,,,,,,,,
401908742,2026,9,regular,2026-10-31T17:00:00.000Z,False,False,False,True,,6130.0,Fred Zollner Athletic Stadium,2651,Trine,iii,Michigan,,,,,,129738,Calvin,iii,Michigan,,,,,,,,,
401908746,2026,9,regular,2026-10-31T17:00:00.000Z,False,False,False,True,,3755.0,Ray and Sue Smith Stadium,2812,Hope,iii,Michigan,,,,,,126,Kalamazoo,iii,Michigan,,,,,,,,,
401908754,2026,9,regular,2026-10-31T17:00:00.000Z,False,False,False,True,,5795.0,Edor Nelson Field,124,Augsburg,iii,Minnesota,,,,,,2101,Carleton,iii,Minnesota,,,,,,,,,
401908756,2026,9,regular,2026-10-31T17:00:00.000Z,False,False,False,True,,3945.0,Strong Stadium,266,Beloit,iii,Midwest,,,,,,262,Lake Forest,iii,Midwest,,,,,,,,,
401908830,2026,9,regular,2026-10-31T17:00:00.000Z,False,False,False,True,,6133.0,Ellis Oval at Zimman Field,112,Tufts,iii,NESCAC,,,,,,7,Amherst,iii,NESCAC,,,,,,,,,
401908871,2026,9,regular,2026-10-31T17:00:00.000Z,False,False,False,True,,5806.0,Whittier Field,340,Bowdoin,iii,NESCAC,,,,,,336,Wesleyan (CT),iii,NESCAC,,,,,,,,,
401908936,2026,9,regular,2026-10-31T17:00:00.000Z,False,False,False,True,,3879.0,TowneBank Stadium,3112,Christopher Newport,iii,New Jersey,,,,,,2827,Rowan,iii,New Jersey,,,,,,,,,
401908970,2026,9,regular,2026-10-31T17:00:00.000Z,False,False,False,True,,6127.0,John P. Papp Stadium,2748,Wooster,iii,North Coast,,,,,,2746,Wittenberg,iii,North Coast,,,,,,,,,
401907374,2026,9,regular,2026-10-31T17:00:00.000Z,False,False,False,True,,6054.0,Fred G. Hughes Stadium,2403,Missouri Southern State,ii,Mid America,,,,,,90,Pittsburg State,ii,Mid America,,,,,,,,,
401907424,2026,9,regular,2026-10-31T17:00:00.000Z,False,False,False,True,,5840.0,Fred Selfe Stadium at Nicewonder Field,2213,Emory & Henry,ii,South Atlantic,,,,,,2331,Lenoir Rhyne,ii,South Atlantic,,,,,,,,,
401907481,2026,9,regular,2026-10-31T17:00:00.000Z,False,False,False,True,,5868.0,Ronald J. Abdow Field,2022,American International,ii,Northeast 10,,,,,,2830,Saint Anselm,ii,Northeast 10,,,,,,,,,
401907514,2026,9,regular,2026-10-31T17:00:00.000Z,False,False,False,True,,6071.0,Jess Dow Field,2583,Southern Connecticut State,ii,Northeast 10,,,,,,112334,Franklin Pierce,ii,Northeast 10,,,,,,,,,
401907585,2026,9,regular,2026-10-31T17:00:00.000Z,False,False,False,True,,5784.0,Cebe Ross Field,455,West Virginia Wesleyan,ii,Mountain East,,,,,,2128,Charleston (WV),ii,Mountain East,,,,,,,,,
401907593,2026,9,regular,2026-10-31T17:00:00.000Z,False,False,False,True,,3667.0,Callaghan Stadium,2148,Concord,ii,Mountain East,,,,,,112335,Wheeling,ii,Mountain East,,,,,,,,,
401907600,2026,9,regular,2026-10-31T17:00:00.000Z,False,False,False,True,,5943.0,Duvall-Rosier Field,2986,Fairmont State,ii,Mountain East,,,,,,2699,West Liberty,ii,Mountain East,,,,,,,,,
401907612,2026,9,regular,2026-10-31T17:00:00.000Z,False,False,False,True,,5887.0,I.L. & Sue Morris Stadium,2249,Glenville State,ii,Mountain East,,,,,,2707,West Virginia State,ii,Mountain East,,,,,,,,,
401907628,2026,9,regular,2026-10-31T17:00:00.000Z,False,False,False,True,,11955.0,PENFED Field at Scranton Memorial Stadium,132714,Lackawanna,,,,,,,,210,Millersville,ii,Pennsylvania State Athletic,,,,,,,,,
401907650,2026,9,regular,2026-10-31T17:00:00.000Z,False,False,False,True,,6051.0,James S. Malosky Stadium,134,Minnesota Duluth,ii,Northern Sun,,,,,,2939,Jamestown,ii,Northern Sun,,,,,,,,,
401907720,2026,9,regular,2026-10-31T17:00:00.000Z,False,False,False,True,,6072.0,Schwan Regional Event Center,2587,Southwest Minnesota State,ii,Northern Sun,,,,,,2364,Minnesota State,ii,Northern Sun,,,,,,,,,
401907743,2026,9,regular,2026-10-31T17:00:00.000Z,False,False,False,True,,3671.0,Case Field,2963,Case Western Reserve,iii,Presidents',,,,,,2644,Thiel,iii,Presidents',,,,,,,,,
401907752,2026,9,regular,2026-10-31T17:00:00.000Z,False,False,False,True,,5856.0,Boswell Field at David J. Urick Stadium,174,Hobart,iii,Liberty League,,,,,,184,Rochester (NY),iii,Liberty League,,,,,,,,,
401907755,2026,9,regular,2026-10-31T17:00:00.000Z,False,False,False,True,,4429.0,Seth Grove Stadium,2559,Shippensburg,ii,Pennsylvania State Athletic,,,,,,2974,Shepherd,ii,Pennsylvania State Athletic,,,,,,,,,
401907829,2026,9,regular,2026-10-31T17:00:00.000Z,False,False,False,True,,5839.0,Langhorst Field,72,Elmhurst,iii,CCIW,,,,,,74,Millikin,iii,CCIW,,,,,,,,,
401907859,2026,9,regular,2026-10-31T17:00:00.000Z,False,False,False,True,,5125.0,Stadium Red Field,2782,SUNY Cortland,iii,Empire 8,,,,,,3162,Alfred State,iii,Empire 8,,,,,,,,,
401907947,2026,9,regular,2026-10-31T17:00:00.000Z,False,False,False,True,,5998.0,Monarch Stadium,291,Methodist,iii,USA South,,,,,,2056,Belhaven,iii,USA South,,,,,,,,,
401907969,2026,9,regular,2026-10-31T17:00:00.000Z,False,False,False,True,,6087.0,Drake Field (NY),3110,SUNY Morrisville,iii,Empire 8,,,,,,173,Hartwick,iii,Empire 8,,,,,,,,,
401908055,2026,9,regular,2026-10-31T17:00:00.000Z,False,False,False,True,,6117.0,Knight Stadium,2896,Southern Virginia,iii,USA South,,,,,,286,North Carolina Wesleyan,iii,USA South,,,,,,,,,
401908187,2026,9,regular,2026-10-31T17:00:00.000Z,False,False,False,True,,5907.0,McCarthy Stadium (Wilkes Barre),247,King's,iii,Mid Atlantic,,,,,,2808,Delaware Valley,iii,Mid Atlantic,,,,,,,,,
401908266,2026,9,regular,2026-10-31T17:00:00.000Z,False,False,False,True,,6083.0,Mangelsdorf Field,2969,Misericordia,iii,Mid Atlantic,,,,,,388,Lebanon Valley,iii,Mid Atlantic,,,,,,,,,
401908310,2026,9,regular,2026-10-31T17:00:00.000Z,False,False,False,True,,4855.0,Leslie C. Quick Jr. Stadium,2725,Widener,iii,Mid Atlantic,,,,,,471,Stevenson,iii,Mid Atlantic,,,,,,,,,
401908314,2026,9,regular,2026-10-31T17:00:00.000Z,False,False,False,True,,4422.0,Valhalla Stadium,2757,Berry,iii,Southern Athletic,,,,,,2121,Centre,iii,Southern Athletic,,,,,,,,,
401908344,2026,9,regular,2026-10-31T17:00:00.000Z,False,False,False,True,,3922.0,Kenneth R. Gill Stadium,2700,McDaniel,iii,Centennial,,,,,,2234,Franklin & Marshall,iii,Centennial,,,,,,,,,
401908349,2026,9,regular,2026-10-31T17:00:00.000Z,False,False,False,True,,5851.0,Shirk Field at Musselman Stadium,2248,Gettysburg,iii,Centennial,,,,,,2667,Ursinus,iii,Centennial,,,,,,,,,
401908357,2026,9,regular,2026-10-31T17:00:00.000Z,False,False,False,True,,5124.0,Homewood Field,118,Johns Hopkins,iii,Centennial,,,,,,2422,Muhlenberg,iii,Centennial,,,,,,,,,
401908505,2026,9,regular,2026-10-31T17:00:00.000Z,False,False,False,True,,6082.0,Big Cat Stadium,2399,Minnesota Morris,iii,Upper Midwest,,,,,,2257,Greenville,iii,Upper Midwest,,,,,,,,,
401908512,2026,9,regular,2026-10-31T17:00:00.000Z,False,False,False,True,,3843.0,MLC Bowl,446,Martin Luther,iii,Upper Midwest,,,,,,433,Westminster (MO),iii,Upper Midwest,,,,,,,,,
401908614,2026,9,regular,2026-10-31T17:00:00.000Z,False,False,False,True,,6142.0,Westside Athletic Complex,2843,Western Connecticut State,iii,Landmark Conference,,,,,,246,Juniata,iii,Landmark Conference,,,,,,,,,
401908648,2026,9,regular,2026-10-31T17:00:00.000Z,False,False,False,True,,5925.0,David Person Field,2354,Lycoming,iii,Landmark Conference,,,,,,216,Susquehanna,iii,Landmark Conference,,,,,,,,,
401908681,2026,9,regular,2026-10-31T17:00:00.000Z,False,False,False,True,,3640.0,Blackstock Stadium,83,DePauw,iii,North Coast,,,,,,2302,John Carroll,iii,Ohio,,,,,,,,,
401908710,2026,9,regular,2026-10-31T17:00:00.000Z,False,False,False,True,,5786.0,Sprankle-Sprandel Stadium,2790,Albion,iii,Michigan,,,,,,2800,Alma,iii,Michigan,,,,,,,,,
401873410,2026,9,regular,2026-10-31T17:00:00.000Z,False,False,False,True,,5638.0,Dave Wolk Stadium,293,Vermont State Castleton,iii,New Jersey,,,,,,2871,Kean,iii,New Jersey,,,,,,,,,
401873235,2026,9,regular,2026-10-31T17:00:00.000Z,False,False,False,True,,6153.0,Hanson Stadium,205,Pacific (OR),iii,Northwest,,,,,,2508,Puget Sound,iii,Northwest,,,,,,,,,
401907409,2026,9,regular,2026-10-31T17:00:00.000Z,False,False,False,True,,5122.0,Shuford Stadium,2107,Catawba,ii,South Atlantic,,,,,,2105,Carson Newman,ii,South Atlantic,,,,,,,,,
401907543,2026,9,regular,2026-10-31T17:05:00.000Z,False,False,False,True,,4439.0,Eiler-Martin Stadium,2188,East Stroudsburg,ii,Pennsylvania State Athletic,,,,,,2315,Kutztown,ii,Pennsylvania State Athletic,,,,,,,,,
401908839,2026,9,regular,2026-10-31T17:30:00.000Z,False,False,False,True,,6098.0,Dial-Roberson Stadium,427,Ohio Northern,iii,Ohio,,,,,,426,Mount Union,iii,Ohio,,,,,,,,,
401908911,2026,9,regular,2026-10-31T17:30:00.000Z,False,False,False,True,,6151.0,Farley-Lamb Field,2731,Williams,iii,NESCAC,,,,,,348,Hamilton,iii,NESCAC,,,,,,,,,
401908659,2026,9,regular,2026-10-31T17:30:00.000Z,False,False,False,True,,6152.0,Wiliams Stadium (OH),2733,Wilmington (OH),iii,Ohio,,,,,,188,Baldwin Wallace,iii,Ohio,,,,,,,,,
401908229,2026,9,regular,2026-10-31T17:30:00.000Z,False,False,False,False,,3716.0,"Stewart """"Red"""" Faught Stadium",2233,Franklin,iii,Heartland,,,,,,332,Muskingum,iii,Ohio,,,,,,,,,
401908222,2026,9,regular,2026-10-31T17:30:00.000Z,False,False,False,True,,3614.0,Alumni Stadium (IN),2262,Hanover,iii,Heartland,,,,,,2074,Bluffton,iii,Heartland,,,,,,,,,
401908213,2026,9,regular,2026-10-31T17:30:00.000Z,False,False,False,True,,5793.0,Macholtz Stadium,2023,Anderson (IN),iii,Heartland,,,,,,2419,Mount St Joseph,iii,Heartland,,,,,,,,,
401907343,2026,9,regular,2026-10-31T18:00:00.000Z,False,False,False,True,,4724.0,Audrey J. Walton Stadium at Vernon Kennedy Field,2118,Central Missouri,ii,Mid America,,,,,,2231,Fort Hays,ii,Mid America,,,,,,,,,
401907434,2026,9,regular,2026-10-31T18:00:00.000Z,False,False,False,True,,6033.0,Carl Smith Stadium,2842,UVA Wise,ii,South Atlantic,,,,,,2369,Mars Hill,ii,South Atlantic,,,,,,,,,
401907472,2026,9,regular,2026-10-31T18:00:00.000Z,False,False,False,True,,5897.0,Francis Field (MO),143,Washington St. Louis,iii,North Coast,,,,,,2171,Denison,iii,North Coast,,,,,,,,,
401907501,2026,9,regular,2026-10-31T18:00:00.000Z,False,False,False,True,,4435.0,Robert B. Redman Stadium,2071,Bloomsburg,ii,Pennsylvania State Athletic,,,,,,223,West Chester,ii,Pennsylvania State Athletic,,,,,,,,,
401907640,2026,9,regular,2026-10-31T18:00:00.000Z,False,False,False,True,,5874.0,Chet Anderson Stadium,132,Bemidji State,ii,Northern Sun,,,,,,2817,Minnesota St Moorhead,ii,Northern Sun,,,,,,,,,
401907672,2026,9,regular,2026-10-31T18:00:00.000Z,False,False,False,True,,5820.0,Amos Alonzo Stagg Field,80,Chicago,iii,Midwest,,,,,,2891,Ripon,iii,Midwest,,,,,,,,,
401907714,2026,9,regular,2026-10-31T18:00:00.000Z,False,False,False,True,,6035.0,"Memorial Stadium (Wayne, NE)",2844,Wayne State (NE),ii,Northern Sun,,,,,,3066,Concordia St. Paul,ii,Northern Sun,,,,,,,,,
401907722,2026,9,regular,2026-10-31T18:00:00.000Z,False,False,False,True,,5780.0,Altra Federal Credit Union Stadium,2851,Winona State,ii,Northern Sun,,,,,,2894,Sioux Falls,ii,Northern Sun,,,,,,,,,
401907765,2026,9,regular,2026-10-31T18:00:00.000Z,False,False,False,True,,5809.0,J. Leslie Rollins Stadium,63,Buena Vista,iii,American Rivers,,,,,,49,Dubuque,iii,American Rivers,,,,,,,,,
401907786,2026,9,regular,2026-10-31T18:00:00.000Z,False,False,False,True,,5796.0,Charles D. Lindberg Stadium,2042,Augustana (IL),iii,CCIW,,,,,,396,Wheaton (IL),iii,CCIW,,,,,,,,,
401907817,2026,9,regular,2026-10-31T18:00:00.000Z,False,False,False,True,,6093.0,Holmgren Athletic Complex,75,North Park,iii,CCIW,,,,,,32,Carroll (WI),iii,CCIW,,,,,,,,,
401907824,2026,9,regular,2026-10-31T18:00:00.000Z,False,False,False,True,,980.0,Benedetti-Wehrli Stadium,3071,North Central College,iii,CCIW,,,,,,2106,Carthage,iii,CCIW,,,,,,,,,
401907982,2026,9,regular,2026-10-31T18:00:00.000Z,False,False,False,True,,5903.0,Community Stadium at Goerke Park,2743,Wisconsin Stevens Point,iii,Wisconsin,,,,,,272,Wisconsin Platteville,iii,Wisconsin,,,,,,,,,
401908090,2026,9,regular,2026-10-31T18:00:00.000Z,False,False,False,True,,6120.0,Growney Stadium,374,St. John Fisher,iii,Empire 8,,,,,,390,Utica,iii,Empire 8,,,,,,,,,
401908116,2026,9,regular,2026-10-31T18:00:00.000Z,False,False,False,True,,3915.0,Charles Lee Field at Samford Stadium,2938,Huntingdon,iii,USA South,,,,,,548,LaGrange,iii,USA South,,,,,,,,,
401908147,2026,9,regular,2026-10-31T18:00:00.000Z,False,False,False,True,,5921.0,Rock Bowl,263,Loras,iii,American Rivers,,,,,,2964,Central College,iii,American Rivers,,,,,,,,,
401908153,2026,9,regular,2026-10-31T18:00:00.000Z,False,False,False,True,,5823.0,Clark Field,2141,Coe,iii,American Rivers,,,,,,6845,Nebraska Wesleyan,iii,American Rivers,,,,,,,,,
401908262,2026,9,regular,2026-10-31T18:00:00.000Z,False,False,False,True,,6111.0,Cook Stadium,86,Rose Hulman,iii,Heartland,,,,,,2362,Manchester,iii,Heartland,,,,,,,,,
401908282,2026,9,regular,2026-10-31T18:00:00.000Z,False,False,False,True,,5838.0,Ornelas Stadium,2194,East Texas Baptist,iii,American Southwest,,,,,,241,McMurry,iii,American Southwest,,,,,,,,,
401908289,2026,9,regular,2026-10-31T18:00:00.000Z,False,False,False,True,,5857.0,Gordon Wood Stadium,2758,Howard Payne,iii,American Southwest,,,,,,2810,Hardin Simmons,iii,American Southwest,,,,,,,,,
401908392,2026,9,regular,2026-10-31T18:00:00.000Z,False,False,False,True,,6118.0,Birkelbach Field,2588,Southwestern U,iii,Southern Athletic,,,,,,2398,Millsaps,iii,Southern Athletic,,,,,,,,,
401908414,2026,9,regular,2026-10-31T18:00:00.000Z,False,False,False,True,,6132.0,Trinity University Stadium,386,Trinity (TX),iii,Southern Athletic,,,,,,2553,Sewanee,iii,Southern Athletic,,,,,,,,,
401908496,2026,9,regular,2026-10-31T18:00:00.000Z,False,False,False,True,,5829.0,Old National Bank Stadium,509,Crown,iii,Upper Midwest,,,,,,583,Northwestern (MN),iii,Upper Midwest,,,,,,,,,
401908547,2026,9,regular,2026-10-31T18:00:00.000Z,False,False,False,True,,5798.0,Jerry E. Apple Stadium,2045,Austin,iii,Southern Collegiate Athletic,,,,,,2639,Texas Lutheran,iii,Southern Collegiate Athletic,,,,,,,,,
401908674,2026,9,regular,2026-10-31T18:00:00.000Z,False,False,False,True,,5854.0,Hoernemann Stadium,191,Heidelberg,iii,Ohio,,,,,,317,Marietta,iii,Ohio,,,,,,,,,
401908730,2026,9,regular,2026-10-31T18:00:00.000Z,False,False,False,True,,5828.0,Van Metre Field at Ash Park,2155,Cornell (IA),iii,Midwest,,,,,,268,Lawrence,iii,Midwest,,,,,,,,,
401908783,2026,9,regular,2026-10-31T18:00:00.000Z,False,False,False,True,,5923.0,Legacy Field in Carlson Stadium,67,Luther,iii,Midwest,,,,,,255,Knox,iii,Midwest,,,,,,,,,
401908788,2026,9,regular,2026-10-31T18:00:00.000Z,False,False,False,True,,5858.0,England Stadium,2286,Illinois College,iii,Midwest,,,,,,2919,Monmouth (IL),iii,Midwest,,,,,,,,,
401908851,2026,9,regular,2026-10-31T18:00:00.000Z,False,False,False,True,,5797.0,Vago Field,2044,Aurora,iii,NACC,,,,,,6353,Lakeland,iii,NACC,,,,,,,,,
401908864,2026,9,regular,2026-10-31T18:00:00.000Z,False,False,False,True,,5117.0,Clemens Stadium,2600,Saint John's (MN),iii,Minnesota,,,,,,2968,Gustavus Adolphus,iii,Minnesota,,,,,,,,,
401908895,2026,9,regular,2026-10-31T18:00:00.000Z,False,False,False,True,,5895.0,Klas Field,162,Hamline,iii,Minnesota,,,,,,375,St. Scholastica,iii,Minnesota,,,,,,,,,
401908905,2026,9,regular,2026-10-31T18:00:00.000Z,False,False,False,True,,5813.0,Klein Field at Manitou,133,St. Olaf,iii,Minnesota,,,,,,2359,Macalester,iii,Minnesota,,,,,,,,,
401908997,2026,9,regular,2026-10-31T18:00:00.000Z,False,False,False,True,,,,131109,Roanoke College,,,,,,,,2079,Bridgewater,iii,Old Dominion,,,,,,,,,
401909104,2026,9,regular,2026-10-31T18:00:00.000Z,False,False,False,True,,5841.0,Pete FioRito Stadium at McKinzie Field,101,Eureka,iii,NACC,,,,,,2151,Concordia Chicago,iii,NACC,,,,,,,,,
401909117,2026,9,regular,2026-10-31T18:00:00.000Z,False,False,False,True,,5827.0,Tomasini Stadium,409,Concordia (WI),iii,NACC,,,,,,2832,St. Norbert,iii,NACC,,,,,,,,,
401907328,2026,9,regular,2026-10-31T18:00:00.000Z,False,False,False,True,,3633.0,Ben Altamirano Field,2703,Western New Mexico,ii,Lone Star,,,,,,2848,Western Oregon,ii,Lone Star,,,,,,,,,
401907225,2026,9,regular,2026-10-31T18:00:00.000Z,False,False,False,True,,3990.0,William H. Greene Stadium,2911,William Jewell,ii,Great Lakes,,,,,,2402,Missouri S&T,ii,Great Lakes,,,,,,,,,
401907217,2026,9,regular,2026-10-31T18:00:00.000Z,False,False,False,True,,6047.0,Leemon Field,2816,McKendree,ii,Great Lakes,,,,,,389,Upper Iowa,ii,Great Lakes,,,,,,,,,
401907201,2026,9,regular,2026-10-31T18:00:00.000Z,False,False,False,True,,6040.0,Key Stadium,2292,Indianapolis,ii,Great Lakes,,,,,,2825,Quincy,ii,Great Lakes,,,,,,,,,
401907106,2026,9,regular,2026-10-31T18:00:00.000Z,False,False,False,True,,5866.0,Rex Stadium,2001,Adams State,ii,Rocky Mountain,,,,,,2146,Colorado School of Mines,ii,Rocky Mountain,,,,,,,,,
401906941,2026,9,regular,2026-10-31T18:00:00.000Z,False,False,False,True,,5875.0,Charlie W. Johnson Stadium,490,Benedict,ii,SIAC,,,,,,2542,Savannah State,ii,SIAC,,,,,,,,,
401906927,2026,9,regular,2026-10-31T18:00:00.000Z,False,False,False,True,,6217.0,W.C. Hawkins Stadium,2019,Allen,ii,SIAC,,,,,,60,Morehouse,ii,SIAC,,,,,,,,,
401906908,2026,9,regular,2026-10-31T18:00:00.000Z,False,False,False,True,,3885.0,Harvey Randall Wickes Memorial Stadium,129,Saginaw Valley State,ii,GLIAC,,,,,,2392,Michigan Tech,ii,GLIAC,,,,,,,,,
401906600,2026,9,regular,2026-10-31T18:00:00.000Z,False,False,False,True,,3957.0,Tiger Stadium (AL),2695,West Alabama,ii,Gulf South,,,,,,2673,Valdosta State,ii,Gulf South,,,,,,,,,
401906564,2026,9,regular,2026-10-31T18:00:00.000Z,False,False,False,True,,4763.0,Ranger Field,2823,Northwestern (OK),ii,Great American,,,,,,2888,Ouachita Baptist,ii,Great American,,,,,,,,,
401906558,2026,9,regular,2026-10-31T18:00:00.000Z,False,False,False,True,,5113.0,Ruggles Field at Carpenter-Haygood Stadium,2271,Henderson State,ii,Great American,,,,,,199,Southeastern Oklahoma State,ii,Great American,,,,,,,,,
401906183,2026,9,regular,2026-10-31T18:00:00.000Z,False,False,False,True,,5843.0,W.B. Adams Stadium,366,Ferrum,ii,Carolinas,,,,,,2804,Chowan,ii,Carolinas,,,,,,,,,
401906165,2026,9,regular,2026-10-31T18:00:00.000Z,False,False,False,False,,3612.0,Alumni Memorial Stadium (NC),2940,Livingstone,ii,CIAA,,,,,,2355,Virginia Lynchburg,,,,,,,,,,,
401867956,2026,9,regular,2026-10-31T18:00:00.000Z,False,False,False,True,,3991.0,"William Dick"""" Price Stadium""""",2450,Norfolk State,fcs,MEAC,,,,,,2169,Delaware State,fcs,MEAC,,,,,,,,,
401907352,2026,9,regular,2026-10-31T18:00:00.000Z,False,False,False,True,,5878.0,Wantland Stadium,2122,Central Oklahoma,ii,Mid America,,,,,,2438,Nebraska Kearney,ii,Mid America,,,,,,,,,
401868223,2026,9,regular,2026-10-31T18:00:00.000Z,False,False,False,True,,5116.0,O'Shaughnessy Stadium,2900,St. Thomas (MN),fcs,Pioneer,,,,,,2166,Davidson,fcs,Pioneer,,,,,,,,,
401868199,2026,9,regular,2026-10-31T18:00:00.000Z,False,False,False,True,,3749.0,Hunter Stadium,2815,Lindenwood,fcs,OVC,,,,,,2634,Tennessee State,fcs,OVC,,,,,,,,,
401868190,2026,9,regular,2026-10-31T18:00:00.000Z,False,False,False,True,,7003.0,Houck Field,2546,Southeast Missouri State,fcs,OVC,,,,,,2241,Gardner-Webb,fcs,OVC,,,,,,,,,
401868175,2026,9,regular,2026-10-31T18:00:00.000Z,False,False,False,True,,3658.0,Buccaneer Field,2127,Charleston Southern,fcs,OVC,,,,,,2710,Western Illinois,fcs,OVC,,,,,,,,,
401867963,2026,9,regular,2026-10-31T18:00:00.000Z,False,False,False,True,,3862.0,O'Kelly-Riddick Stadium,2428,North Carolina Central,fcs,MEAC,,,,,,47,Howard,fcs,MEAC,,,,,,,,,
401908802,2026,9,regular,2026-10-31T18:00:00.000Z,False,False,False,True,,5804.0,Royal Stadium,2802,Bethel (MN),iii,Minnesota,,,,,,2152,Concordia (MN),iii,Minnesota,,,,,,,,,
401873400,2026,9,regular,2026-10-31T18:00:00.000Z,False,False,False,True,,6110.0,Sam Greeley Field,2524,Rockford,iii,NACC,,,,,,2283,Benedictine (IL),iii,NACC,,,,,,,,,
401867851,2026,9,regular,2026-10-31T18:00:00.000Z,False,False,False,True,,3744.0,Hancock Stadium,2287,Illinois State,fcs,MVFC,,,,,,93,Murray State,fcs,MVFC,,,,,,,,,
401867861,2026,9,regular,2026-10-31T18:00:00.000Z,False,False,False,True,,3967.0,UNI-Dome,2460,Northern Iowa,fcs,MVFC,,,,,,282,Indiana State,fcs,MVFC,,,,,,,,,
401868378,2026,9,regular,2026-10-31T18:00:00.000Z,False,False,False,True,,3868.0,Paladin Stadium,231,Furman,fcs,Southern,,,,,,2717,Western Carolina,fcs,Southern,,,,,,,,,
401907960,2026,9,regular,2026-10-31T18:05:00.000Z,False,False,False,True,,5901.0,David Smith Stadium at Ramer Field,2723,Wisconsin River Falls,iii,Wisconsin,,,,,,2744,Wisconsin Stout,iii,Wisconsin,,,,,,,,,
401908591,2026,9,regular,2026-10-31T18:30:00.000Z,False,False,False,True,,5939.0,Cressy Field,379,UMass Dartmouth,iii,MSCAC,,,,,,110438,Dean,iii,MSCAC,,,,,,,,,
401906542,2026,9,regular,2026-10-31T19:00:00.000Z,False,False,False,True,,5891.0,Wilkins Stadium,2568,Southern Arkansas,ii,Great American,,,,,,2191,East Central,ii,Great American,,,,,,,,,
401906523,2026,9,regular,2026-10-31T19:00:00.000Z,False,False,False,True,,3934.0,Southern Nazarene University Football Stadium,200,Southern Nazarene,ii,Great American,,,,,,2033,Arkansas Tech,ii,Great American,,,,,,,,,
401907117,2026,9,regular,2026-10-31T19:00:00.000Z,False,False,False,True,,4852.0,Neta and Eddie DeRose ThunderBowl,2570,CSU Pueblo,ii,Rocky Mountain,,,,,,2069,Black Hills State,ii,Rocky Mountain,,,,,,,,,
401906551,2026,9,regular,2026-10-31T19:00:00.000Z,False,False,False,True,,6064.0,Crain Family Stadium,319,Oklahoma Baptist,ii,Great American,,,,,,2264,Harding,ii,Great American,,,,,,,,,
401908253,2026,9,regular,2026-10-31T19:00:00.000Z,False,False,False,True,,6137.0,Walston-Hoover Stadium,2685,Wartburg,iii,American Rivers,,,,,,2564,Simpson (IA),iii,American Rivers,,,,,,,,,
401907689,2026,9,regular,2026-10-31T19:00:00.000Z,False,False,False,True,,6052.0,Herb Parker Stadium,568,Minot State,ii,Northern Sun,,,,,,559,University of Mary,ii,Northern Sun,,,,,,,,,
401907400,2026,9,regular,2026-10-31T19:00:00.000Z,False,False,False,True,,5781.0,Irwin Belk Stadium,351,Wingate,ii,South Atlantic,,,,,,129469,Anderson (SC),ii,South Atlantic,,,,,,,,,
401907379,2026,9,regular,2026-10-31T19:00:00.000Z,False,False,False,True,,6034.0,Yager Stadium at Moore Bowl,2687,Washburn,ii,Mid America,,,,,,137,Missouri Western,ii,Mid America,,,,,,,,,
401868938,2026,9,regular,2026-10-31T19:00:00.000Z,False,False,False,True,,3740.0,Golden Lion Stadium,2029,Arkansas-Pine Bluff,fcs,SWAC,,,,,,2065,Bethune-Cookman,fcs,SWAC,,,,,,,,,
401868384,2026,9,regular,2026-10-31T19:00:00.000Z,False,False,False,True,,4417.0,Five Star Stadium at the Moye Complex,2382,Mercer,fcs,Southern,,,,,,2643,The Citadel,fcs,Southern,,,,,,,,,
401868362,2026,9,regular,2026-10-31T19:00:00.000Z,False,False,False,True,,3896.0,Rice-Totten Field,2400,Mississippi Valley State,fcs,SWAC,,,,,,2016,Alcorn State,fcs,SWAC,,,,,,,,,
401868312,2026,9,regular,2026-10-31T19:00:00.000Z,False,False,False,True,,3756.0,Homer Bryce Stadium,2617,Stephen F. Austin,fcs,Southland,,,,,,2277,Houston Christian,fcs,Southland,,,,,,,,,
401868183,2026,9,regular,2026-10-31T19:00:00.000Z,False,False,False,True,,3748.0,Graham Stadium,2630,UT Martin,fcs,OVC,,,,,,2197,Eastern Illinois,fcs,OVC,,,,,,,,,
401907361,2026,9,regular,2026-10-31T19:00:00.000Z,False,False,False,True,,5134.0,Bearcat Stadium,138,Northwest Missouri State,ii,Mid America,,,,,,2214,Emporia State,ii,Mid America,,,,,,,,,
401907326,2026,9,regular,2026-10-31T19:00:00.000Z,False,False,False,True,,6044.0,Lane Field,2323,Lane College,ii,SIAC,,,,,,2657,Tuskegee,ii,SIAC,,,,,,,,,
401907160,2026,9,regular,2026-10-31T19:00:00.000Z,False,False,False,True,,5782.0,Mountaineer Bowl,2714,Western Colorado,ii,Rocky Mountain,,,,,,613,South Dakota Mines,ii,Rocky Mountain,,,,,,,,,
401907135,2026,9,regular,2026-10-31T19:00:00.000Z,False,False,False,True,,5882.0,Ralph Stocker Stadium,11,Colorado Mesa,ii,Rocky Mountain,,,,,,2424,New Mexico Highlands,ii,Rocky Mountain,,,,,,,,,
401907127,2026,9,regular,2026-10-31T19:00:00.000Z,False,False,False,True,,5880.0,Elliott Field at Don Beebe Stadium,2123,Chadron State,ii,Rocky Mountain,,,,,,2237,Fort Lewis,ii,Rocky Mountain,,,,,,,,,
401861966,2026,9,regular,2026-10-31T19:00:00.000Z,False,False,False,False,,3713.0,Falcon Stadium,2005,Air Force,fbs,Mountain West,,,,1423.0,,41,UConn,fbs,FBS Independents,,,,1474.0,,,,,
401909050,2026,9,regular,2026-10-31T19:00:00.000Z,False,False,False,True,,5855.0,Charles A. Henry Field,2274,Hiram,iii,Presidents',,,,,,2845,Waynesburg,iii,Presidents',,,,,,,,,
401908323,2026,9,regular,2026-10-31T19:00:00.000Z,False,False,False,True,,4463.0,Crusader Stadium,2371,Mary Hardin Baylor,iii,American Southwest,,,,,,102549,Schreiner,,,,,,,,,,,
401908720,2026,9,regular,2026-10-31T19:00:00.000Z,False,False,False,True,,5810.0,Coyer Field,2085,Buffalo State,iii,Liberty League,,,,,,175,Ithaca,iii,Liberty League,,,,,,,,,
401868950,2026,9,regular,2026-10-31T19:00:00.000Z,False,False,False,True,,3650.0,Bragg Memorial Stadium,50,Florida A&M,fcs,SWAC,,,,,,2582,Southern,fcs,SWAC,,,,,,,,,
401868165,2026,9,regular,2026-10-31T19:00:00.000Z,False,False,False,True,,3942.0,Stewart Stadium,2692,Weber State,fcs,Big Sky,,,,,,302,UC Davis,fcs,Big Sky,,,,,,,,,
401868126,2026,9,regular,2026-10-31T19:00:00.000Z,False,False,False,True,,3706.0,Eccles Coliseum,253,Southern Utah,fcs,Big Sky,,,,,,2464,Northern Arizona,fcs,Big Sky,,,,,,,,,
401868107,2026,9,regular,2026-10-31T19:00:00.000Z,False,False,False,True,,3745.0,Greater Zion Stadium,3101,Utah Tech,fcs,Big Sky,,,,,,304,Idaho State,fcs,Big Sky,,,,,,,,,
401868081,2026,9,regular,2026-10-31T19:00:00.000Z,False,False,False,True,,3643.0,Bobcat Stadium,147,Montana State,fcs,Big Sky,,,,,,13,Cal Poly,fcs,Big Sky,,,,,,,,,
401915933,2026,9,regular,2026-10-31T19:00:00.000Z,False,False,False,False,,,,2324,Langston,,,,,,,,196,Northeastern State,ii,Independent DII,,,,,,,,,
401869139,2026,9,regular,2026-10-31T19:00:00.000Z,False,False,False,True,,3686.0,Cowboy Stadium,2377,McNeese,fcs,Southland,,,,,,2447,Nicholls,fcs,Southland,,,,,,,,,
401856734,2026,9,regular,2026-10-31T19:30:00.000Z,False,False,True,True,,5348.0,Mercedes-Benz Stadium,61,Georgia,fbs,SEC,,,,1972.0,,57,Florida,fbs,SEC,,,,1668.0,,,,,
401868296,2026,9,regular,2026-10-31T19:30:00.000Z,False,False,True,True,,3803.0,Legion Field,2010,Alabama A&M,fcs,SWAC,,,,,,2011,Alabama State,fcs,SWAC,,,,,,,,Magic City Classic,
401868349,2026,9,regular,2026-10-31T19:30:00.000Z,False,False,False,True,,5400.0,William B. Greene Jr. Stadium,2193,East Tennessee State,fcs,Southern,,,,,,2635,Tennessee Tech,fcs,Southern,,,,,,,,,
401907662,2026,9,regular,2026-10-31T19:30:00.000Z,False,False,False,True,,5814.0,Gesling Stadium,2102,Carnegie Mellon,iii,Presidents',,,,,,2175,Dickinson,iii,Centennial,,,,,,,,,
401864531,2026,9,regular,2026-10-31T19:30:00.000Z,False,False,False,True,,3714.0,Fargodome,2449,North Dakota State,fbs,Mountain West,,,,1594.0,,2638,UTEP,fbs,Mountain West,,,,1130.0,,,,,
401871059,2026,9,regular,2026-10-31T19:30:00.000Z,False,False,False,True,,3992.0,Williams Stadium (VA),2335,Liberty,fbs,Conference USA,,,,1750.0,,2229,Florida International,fbs,Conference USA,,,,1392.0,,,,,
401860910,2026,9,regular,2026-10-31T19:30:00.000Z,False,False,False,True,,3905.0,Maverik Stadium,328,Utah State,fbs,Pac-12,,,,1348.0,,36,Colorado State,fbs,Pac-12,,,,1327.0,,,,,
401907291,2026,9,regular,2026-10-31T20:00:00.000Z,False,False,False,True,,5938.0,Al Whitehead Field at Greyhound Stadium,2201,Eastern New Mexico,ii,Lone Star,,,,,,2120,Central Washington,ii,Lone Star,,,,,,,,,
401908447,2026,9,regular,2026-10-31T20:00:00.000Z,False,False,False,True,,5819.0,Ernie Chapman Stadium,411,Chapman,iii,So. Cal.,,,,,,2923,Pomona Pitzer,iii,So. Cal.,,,,,,,,,
401908440,2026,9,regular,2026-10-31T20:00:00.000Z,False,False,False,True,,6147.0,"Memorial Stadium (Whittier, CA)",2850,Whittier,iii,So. Cal.,,,,,,2094,Cal Lutheran,iii,So. Cal.,,,,,,,,,
401908432,2026,9,regular,2026-10-31T20:00:00.000Z,False,False,False,True,,6102.0,Sparks Stadium,2486,Pacific Lutheran,iii,Northwest,,,,,,2721,Whitworth,iii,Northwest,,,,,,,,,
401908409,2026,9,regular,2026-10-31T20:00:00.000Z,False,False,False,True,,5920.0,Griswold Stadium,2333,Lewis & Clark,iii,Northwest,,,,,,203,Linfield,iii,Northwest,,,,,,,,,
401909003,2026,9,regular,2026-10-31T20:00:00.000Z,False,False,False,True,,5892.0,Armfield Athletic Center,2258,Guilford,iii,Old Dominion,,,,,,2688,Washington and Lee,iii,Old Dominion,,,,,,,,,
401868089,2026,9,regular,2026-10-31T20:00:00.000Z,False,False,False,True,,3906.0,Roos Field,331,Eastern Washington,fcs,Big Sky,,,,,,149,Montana,fcs,Big Sky,,,,,,,,,
401868267,2026,9,regular,2026-10-31T20:00:00.000Z,False,False,False,True,,716.0,Torero Stadium,301,San Diego,fcs,Pioneer,,,,,,2368,Marist,fcs,Pioneer,,,,,,,,,
401868320,2026,9,regular,2026-10-31T20:00:00.000Z,False,False,False,True,,4762.0,Memorial Stadium (Commerce TX),2837,East Texas A&M,fcs,Southland,,,,,,2545,SE Louisiana,fcs,Southland,,,,,,,,,
401868056,2026,9,regular,2026-10-31T20:00:00.000Z,False,False,False,True,,5440.0,Wildcat Stadium (TX),2000,Abilene Christian,fcs,UAC,,,,,,2698,West Georgia,fcs,UAC,,,,,,,,,
401868098,2026,9,regular,2026-10-31T20:00:00.000Z,False,False,False,True,,4765.0,Hillsboro Stadium,2502,Portland State,fcs,Big Sky,,,,,,70,Idaho,fcs,Big Sky,,,,,,,,,
401869134,2026,9,regular,2026-10-31T21:00:00.000Z,False,False,False,True,,3734.0,Gayle and Tom Benson Stadium,2916,Incarnate Word,fcs,Southland,,,,,,2466,Northwestern State,fcs,Southland,,,,,,,,,
401868136,2026,9,regular,2026-10-31T21:00:00.000Z,False,False,False,True,,3711.0,Estes Stadium,2110,Central Arkansas,fcs,UAC,,,,,,2453,North Alabama,fcs,UAC,,,,,,,,,
401907460,2026,9,regular,2026-10-31T22:00:00.000Z,False,False,False,True,,3926.0,Setzler Field,2444,Newberry,ii,South Atlantic,,,,,,2839,Tusculum,ii,South Atlantic,,,,,,,,,
401906917,2026,9,regular,2026-10-31T22:00:00.000Z,False,False,False,True,,5881.0,CAU Panther Stadium,2805,Clark Atlanta,ii,SIAC,,,,,,2013,Albany State,ii,SIAC,,,,,,,,,
401909045,2026,9,regular,2026-10-31T22:00:00.000Z,False,False,False,True,,6139.0,Cameron Stadium,2686,Washington & Jefferson,iii,Presidents',,,,,,146,Grove City,iii,Presidents',,,,,,,,,
401907524,2026,9,regular,2026-10-31T22:00:00.000Z,False,False,False,True,,3760.0,Hubert Jack Stadium,209,Lock Haven,ii,Pennsylvania State Athletic,,,,,,2858,California (PA),ii,Pennsylvania State Athletic,,,,,,,,,
401860909,2026,9,regular,2026-10-31T23:00:00.000Z,False,False,False,True,,7311.0,Snapdragon Stadium,21,San Diego State,fbs,Pac-12,,,,1468.0,,265,Washington State,fbs,Pac-12,,,,1533.0,,,,,
401909025,2026,9,regular,2026-10-31T23:00:00.000Z,False,False,False,True,,5849.0,Reeves Field (PA),2242,Geneva,iii,Presidents',,,,,,2018,Allegheny,iii,Presidents',,,,,,,,,
401908858,2026,9,regular,2026-10-31T23:00:00.000Z,False,False,False,True,,5689.0,Seaverns Field At Harold Alfond Stadium,33,Colby,iii,NESCAC,,,,,,121,Bates,iii,NESCAC,,,,,,,,,
401908403,2026,9,regular,2026-10-31T23:00:00.000Z,False,False,False,False,,6108.0,Crain Field,2519,Rhodes,iii,Southern Athletic,,,,,,418,Hendrix,iii,Southern Athletic,,,,,,,,,
401908308,2026,9,regular,2026-10-31T23:00:00.000Z,False,False,False,True,,5807.0,Brevard Memorial Stadium,2913,Brevard,iii,USA South,,,,,,2256,Greensboro,iii,USA South,,,,,,,,,
401907701,2026,9,regular,2026-10-31T23:00:00.000Z,False,False,False,True,,3951.0,Swisher Field,425,Northern State,ii,Northern Sun,,,,,,2043,Augustana (SD),ii,Northern Sun,,,,,,,,,
401907282,2026,9,regular,2026-10-31T23:00:00.000Z,False,False,False,True,,5917.0,Ratliff Stadium,110243,UT Permian Basin,ii,Lone Star,,,,,,2025,Angelo State,ii,Lone Star,,,,,,,,,
401906935,2026,9,regular,2026-10-31T23:00:00.000Z,False,False,False,True,,3844.0,Morris Field,127991,Roosevelt,ii,GLIAC,,,,,,125,Grand Valley State,ii,GLIAC,,,,,,,,,
401908555,2026,9,regular,2026-10-31T23:00:00.000Z,False,False,False,True,,10465.0,Mayo Field,101442,Centenary (LA),iii,Southern Collegiate Athletic,,,,,,101161,Lyon,iii,Southern Collegiate Athletic,,,,,,,,,
401868388,2026,9,regular,2026-10-31T23:00:00.000Z,False,False,False,True,,3925.0,Seibert Stadium,2535,Samford,fcs,Southern,,,,,,2747,Wofford,fcs,Southern,,,,,,,,,
401868147,2026,9,regular,2026-10-31T23:00:00.000Z,False,False,False,True,,3827.0,"Memorial Stadium (Stephenville, TX)",2627,Tarleton State,fcs,UAC,,,,,,2198,Eastern Kentucky,fcs,UAC,,,,,,,,,
401868251,2026,9,regular,2026-11-01T00:00:00.000Z,False,False,False,True,,6006.0,Robert and Janet Vackar Stadium,292,UT Rio Grande Valley,fcs,Southland,,,,,,2320,Lamar,fcs,Southland,,,,,,,,,
401907321,2026,9,regular,2026-11-01T00:00:00.000Z,False,False,False,True,,6123.0,Jackson Field,2834,Sul Ross State,ii,Lone Star,,,,,,2704,West Texas,ii,Lone Star,,,,,,,,,
401907303,2026,9,regular,2026-11-01T00:00:00.000Z,False,False,False,True,,6076.0,Javelina Stadium,2658,Texas A&M-Kingsville,ii,Lone Star,,,,,,2395,Midwestern State,ii,Lone Star,,,,,,,,,
401907892,2026,9,regular,2026-11-01T00:00:00.000Z,False,False,False,True,,4854.0,Perkins Stadium,2745,Wisconsin Whitewater,iii,Wisconsin,,,,,,271,Wisconsin Oshkosh,iii,Wisconsin,,,,,,,,,
401868956,2026,9,regular,2026-11-01T00:30:00.000Z,False,False,False,True,,3631.0,BBVA Compass Stadium,2640,Texas Southern,fcs,SWAC,,,,,,2755,Grambling,fcs,SWAC,,,,,,,,,
401908458,2026,9,regular,2026-11-01T01:00:00.000Z,False,False,False,True,,3684.0,Citrus Stadium,2049,Azusa Pacific,iii,So. Cal.,,,,,,2318,La Verne,iii,So. Cal.,,,,,,,,,
401860908,2026,9,regular,2026-11-01T02:00:00.000Z,False,False,False,True,,3653.0,Albertsons Stadium,68,Boise State,fbs,Pac-12,,,,1609.0,,326,Texas State,fbs,Pac-12,,,,1491.0,,,,,
401908452,2026,9,regular,2026-11-01T02:05:00.000Z,False,False,False,True,,6106.0,Ted Runner Stadium,29,Redlands,iii,So. Cal.,,,,,,17,Claremont Mudd Scripps,iii,So. Cal.,,,,,,,,,
401864530,2026,9,regular,2026-11-01T02:30:00.000Z,False,False,False,True,,6501.0,Allegiant Stadium,2439,UNLV,fbs,Mountain West,,,,1480.0,,2459,Northern Illinois,fbs,Mountain West,,,,1240.0,,,,,
401866453,2026,10,regular,2026-11-04T00:00:00.000Z,False,False,False,True,,3768.0,InfoCision Stadium,2006,Akron,fbs,Mid-American,,,,897.0,,195,Ohio,fbs,Mid-American,,,,1318.0,,,,,
401866454,2026,10,regular,2026-11-04T00:00:00.000Z,False,False,False,True,,3996.0,Yager Stadium,193,Miami (OH),fbs,Mid-American,,,,1263.0,,2084,Buffalo,fbs,Mid-American,,,,1288.0,,,,,
401866455,2026,10,regular,2026-11-04T05:00:00.000Z,True,False,False,True,,3985.0,Warren McGuirk Alumni Stadium,113,Massachusetts,fbs,Mid-American,,,,1076.0,,2050,Ball State,fbs,Mid-American,,,,1081.0,,,,,
401866457,2026,10,regular,2026-11-04T05:00:00.000Z,True,False,False,True,,3757.0,Hornet Stadium,16,Sacramento State,fbs,Mid-American,,,,1297.0,,2649,Toledo,fbs,Mid-American,,,,1561.0,,,,,
401866456,2026,10,regular,2026-11-04T05:00:00.000Z,True,False,True,True,,3727.0,Ford Field,2199,Eastern Michigan,fbs,Mid-American,,,,1188.0,,2117,Central Michigan,fbs,Mid-American,,,,1291.0,,,,,
401867964,2026,10,regular,2026-11-05T22:00:00.000Z,False,False,False,True,,3990.0,William H. Greene Stadium,47,Howard,fcs,MEAC,,,,,,2569,South Carolina State,fcs,MEAC,,,,,,,,,
401869964,2026,10,regular,2026-11-06T01:00:00.000Z,False,False,False,True,,3815.0,M. M. Roberts Stadium,2572,Southern Miss,fbs,Sun Belt,,,,1224.0,,256,James Madison,fbs,Sun Belt,,,,1777.0,,,,,
401862817,2026,10,regular,2026-11-06T01:00:00.000Z,False,False,False,True,,3715.0,FAU Stadium,2226,Florida Atlantic,fbs,American Athletic,,,,1243.0,,2636,UTSA,fbs,American Athletic,,,,1506.0,,,,,
401858288,2026,10,regular,2026-11-07T00:00:00.000Z,False,False,False,True,,3735.0,Gerald J. Ford Stadium,2567,SMU,fbs,ACC,,,,1706.0,,259,Virginia Tech,fbs,ACC,,,,1489.0,,,,,
401862818,2026,10,regular,2026-11-07T00:30:00.000Z,False,False,False,True,,3699.0,Dowdy-Ficklen Stadium,151,East Carolina,fbs,American Athletic,,,,1456.0,,58,South Florida,fbs,American Athletic,,,,1676.0,,,,,
401858510,2026,10,regular,2026-11-07T01:00:00.000Z,False,False,False,True,,3832.0,"Memorial Stadium (Champaign, IL)",356,Illinois,fbs,Big Ten,,,,1589.0,,158,Nebraska,fbs,Big Ten,,,,1705.0,,,,,
401864533,2026,10,regular,2026-11-07T02:00:00.000Z,False,False,False,True,,3816.0,Mackay Stadium,2440,Nevada,fbs,Mountain West,,,,1441.0,,167,New Mexico,fbs,Mountain West,,,,1559.0,,,,,
401856855,2026,10,regular,2026-11-07T03:15:00.000Z,False,False,False,True,,3619.0,Arizona Stadium,12,Arizona,fbs,Big 12,,,,1634.0,,2628,TCU,fbs,Big 12,,,,1629.0,,,,,
401858289,2026,10,regular,2026-11-07T05:00:00.000Z,True,False,False,True,,3615.0,"Alumni Stadium (Chestnut Hill, MA)",103,Boston College,fbs,ACC,,,,1380.0,,52,Florida State,fbs,ACC,,,,1553.0,,,,,
401856742,2026,10,regular,2026-11-07T05:00:00.000Z,True,False,False,True,,3693.0,Davis Wade Stadium,344,Mississippi State,fbs,SEC,,,,1663.0,,238,Vanderbilt,fbs,SEC,,,,1742.0,,,,FLEX: 3:30 - 4:30pm OR 6 - 8pm ET start,
401869951,2026,10,regular,2026-11-07T05:00:00.000Z,True,False,False,True,,3608.0,Allen E. Paulson Stadium,290,Georgia Southern,fbs,Sun Belt,,,,1358.0,,276,Marshall,fbs,Sun Belt,,,,1391.0,,,,,
401858514,2026,10,regular,2026-11-07T05:00:00.000Z,True,False,False,True,,3861.0,Ohio Stadium,194,Ohio State,fbs,Big Ten,,,,2032.0,,2483,Oregon,fbs,Big Ten,,,,1811.0,,,,,
401858513,2026,10,regular,2026-11-07T05:00:00.000Z,True,False,False,True,,11823.0,Ryan Field,77,Northwestern,fbs,Big Ten,,,,1625.0,,2294,Iowa,fbs,Big Ten,,,,1845.0,,,,,
401869968,2026,10,regular,2026-11-07T05:00:00.000Z,True,False,False,True,,3666.0,Cajun Field,309,Louisiana,fbs,Sun Belt,,,,1397.0,,6,South Alabama,fbs,Sun Belt,,,,1393.0,,,,,
401856745,2026,10,regular,2026-11-07T05:00:00.000Z,True,False,False,True,,3853.0,Neyland Stadium,2633,Tennessee,fbs,SEC,,,,1771.0,,96,Kentucky,fbs,SEC,,,,1506.0,,,,NIGHT: 6 - 8pm ET start,
401856741,2026,10,regular,2026-11-07T05:00:00.000Z,True,False,False,True,,3974.0,Vaught-Hemingway Stadium,145,Ole Miss,fbs,SEC,,,,1859.0,,61,Georgia,fbs,SEC,,,,1972.0,,,,FLEX: 3:30 - 4:30pm OR 6 - 8pm ET start,
401869927,2026,10,regular,2026-11-07T05:00:00.000Z,True,False,False,True,,3792.0,Kidd Brewer Stadium,2026,App State,fbs,Sun Belt,,,,1324.0,,2247,Georgia State,fbs,Sun Belt,,,,1274.0,,,,,
401856739,2026,10,regular,2026-11-07T05:00:00.000Z,True,False,False,True,,3634.0,Ben Hill Griffin Stadium,57,Florida,fbs,SEC,,,,1668.0,,201,Oklahoma,fbs,SEC,,,,1782.0,,,,FLEX: 3:30 - 4:30pm OR 6 - 8pm ET start,
401858512,2026,10,regular,2026-11-07T05:00:00.000Z,True,False,False,True,,3953.0,Huntington Bank Stadium,135,Minnesota,fbs,Big Ten,,,,1484.0,,26,UCLA,fbs,Big Ten,,,,1502.0,,,,,
401864532,2026,10,regular,2026-11-07T05:00:00.000Z,True,False,False,True,,3946.0,Sun Bowl,2638,UTEP,fbs,Mountain West,,,,1130.0,,62,Hawai'i,fbs,Mountain West,,,,1432.0,,,,,
401869945,2026,10,regular,2026-11-07T05:00:00.000Z,True,False,False,True,,3654.0,Brooks Stadium (SC),324,Coastal Carolina,fbs,Sun Belt,,,,1245.0,,295,Old Dominion,fbs,Sun Belt,,,,1295.0,,,,,
401856852,2026,10,regular,2026-11-07T05:00:00.000Z,True,False,False,True,,3947.0,Mountain America Stadium,9,Arizona State,fbs,Big 12,,,,1535.0,,38,Colorado,fbs,Big 12,,,,1330.0,,,,,
401862819,2026,10,regular,2026-11-07T05:00:00.000Z,True,False,False,True,,7221.0,Protective Stadium,5,UAB,fbs,American Athletic,,,,1393.0,,2429,Charlotte,fbs,American Athletic,,,,1169.0,,,,,
401856854,2026,10,regular,2026-11-07T05:00:00.000Z,True,False,False,True,,3636.0,Bill Snyder Family Stadium,2306,Kansas State,fbs,Big 12,,,,1692.0,,197,Oklahoma State,fbs,Big 12,,,,1274.0,,,,,
401856856,2026,10,regular,2026-11-07T05:00:00.000Z,True,False,False,True,,3784.0,Jones AT&T Stadium,2641,Texas Tech,fbs,Big 12,,,,1841.0,,277,West Virginia,fbs,Big 12,,,,1408.0,,,,,
401856738,2026,10,regular,2026-11-07T05:00:00.000Z,True,False,False,True,,3785.0,Jordan-Hare Stadium,2,Auburn,fbs,SEC,,,,1668.0,,8,Arkansas,fbs,SEC,,,,1466.0,,,,EARLY: Noon - 1pm ET start,
401862821,2026,10,regular,2026-11-07T05:00:00.000Z,True,False,False,True,,3825.0,DATCU Stadium,249,North Texas,fbs,American Athletic,,,,1646.0,,242,Rice,fbs,American Athletic,,,,1162.0,,,,,
401858285,2026,10,regular,2026-11-07T05:00:00.000Z,True,False,False,True,,1964.0,JMA Wireless Dome,183,Syracuse,fbs,ACC,,,,1290.0,,228,Clemson,fbs,ACC,,,,1560.0,,,,,
401858287,2026,10,regular,2026-11-07T05:00:00.000Z,True,False,False,True,,721.0,Bobby Dodd Stadium,59,Georgia Tech,fbs,ACC,,,,1515.0,,97,Louisville,fbs,ACC,,,,1690.0,,,,,
401856740,2026,10,regular,2026-11-07T05:00:00.000Z,True,False,False,True,,3958.0,Tiger Stadium (LA),99,LSU,fbs,SEC,,,,1786.0,,333,Alabama,fbs,SEC,,,,1863.0,,,,FLEX: 3:30 - 4:30pm OR 6 - 8pm ET start,
401858517,2026,10,regular,2026-11-07T05:00:00.000Z,True,False,False,True,,347.0,Camp Randall Stadium,275,Wisconsin,fbs,Big Ten,,,,1580.0,,164,Rutgers,fbs,Big Ten,,,,1391.0,,,,,
401864534,2026,10,regular,2026-11-07T05:00:00.000Z,True,False,False,True,,3935.0,CEFCU Stadium,23,San José State,fbs,Mountain West,,,,1393.0,,2459,Northern Illinois,fbs,Mountain West,,,,1240.0,,,,,
401908170,2026,10,regular,2026-11-07T05:00:00.000Z,True,False,False,True,,5127.0,Gene L. Shirk Stadium,2015,Albright,iii,Mid Atlantic,,,,,,247,King's,iii,Mid Atlantic,,,,,,,,,
401858515,2026,10,regular,2026-11-07T05:00:00.000Z,True,False,False,True,,3907.0,Ross-Ade Stadium,2509,Purdue,fbs,Big Ten,,,,1311.0,,120,Maryland,fbs,Big Ten,,,,1474.0,,,,,
401856853,2026,10,regular,2026-11-07T05:00:00.000Z,True,False,False,True,,4727.0,McLane Stadium,239,Baylor,fbs,Big 12,,,,1534.0,,66,Iowa State,fbs,Big 12,,,,1683.0,,,,,
401856851,2026,10,regular,2026-11-07T05:00:00.000Z,True,False,False,True,,4728.0,TDECU Stadium,248,Houston,fbs,Big 12,,,,1518.0,,2132,Cincinnati,fbs,Big 12,,,,1512.0,,,,,
401856850,2026,10,regular,2026-11-07T05:00:00.000Z,True,False,False,True,,3833.0,Memorial Stadium,2305,Kansas,fbs,Big 12,,,,1481.0,,2116,UCF,fbs,Big 12,,,,1481.0,,,,,
401856849,2026,10,regular,2026-11-07T05:00:00.000Z,True,False,False,True,,587.0,Rice-Eccles Stadium,254,Utah,fbs,Big 12,,,,1907.0,,252,BYU,fbs,Big 12,,,,1692.0,,,,,
401856744,2026,10,regular,2026-11-07T05:00:00.000Z,True,False,False,True,,3994.0,Williams-Brice Stadium,2579,South Carolina,fbs,SEC,,,,1721.0,,245,Texas A&M,fbs,SEC,,,,1824.0,,,,AFTERNOON: 3:30 - 4:30pm ET start,
401856743,2026,10,regular,2026-11-07T05:00:00.000Z,True,False,False,True,,3838.0,Memorial Stadium,142,Missouri,fbs,SEC,,,,1690.0,,251,Texas,fbs,SEC,,,,1935.0,,,,EARLY: Noon - 1pm ET start,
401858286,2026,10,regular,2026-11-07T05:00:00.000Z,True,False,False,True,,3670.0,Carter-Finley Stadium,152,NC State,fbs,ACC,,,,1510.0,,150,Duke,fbs,ACC,,,,1656.0,,,,,
401858290,2026,10,regular,2026-11-07T05:00:00.000Z,True,False,False,False,,3630.0,Allegacy Federal Credit Union Stadium,154,Wake Forest,fbs,ACC,,,,1493.0,1493.0,2771,Merrimack,fcs,FCS Independents,,,,,,,,,
401871098,2026,10,regular,2026-11-07T05:00:00.000Z,True,False,False,True,,3975.0,Veterans Memorial Stadium (AL),2653,Troy,fbs,Sun Belt,,,,1421.0,,2348,Louisiana Tech,fbs,Sun Belt,,,,1377.0,,,,,
401862822,2026,10,regular,2026-11-07T05:00:00.000Z,True,False,False,True,,4729.0,Yulman Stadium,2655,Tulane,fbs,American Athletic,,,,1520.0,,202,Tulsa,fbs,American Athletic,,,,1271.0,,,,,
401867933,2026,10,regular,2026-11-07T05:00:00.000Z,True,False,False,True,,4428.0,Saxon Stadium,2385,Mercyhurst,fcs,NEC,,,,,,2681,Wagner,fcs,NEC,,,,,,,,,
401858516,2026,10,regular,2026-11-07T05:00:00.000Z,True,False,False,True,,3765.0,Husky Stadium,264,Washington,fbs,Big Ten,,,,1757.0,,213,Penn State,fbs,Big Ten,,,,1933.0,,,,,
401858511,2026,10,regular,2026-11-07T05:00:00.000Z,True,False,False,True,,3558.0,Michigan Stadium,130,Michigan,fbs,Big Ten,,,,1735.0,,127,Michigan State,fbs,Big Ten,,,,1537.0,,,,,
401867839,2026,10,regular,2026-11-07T17:00:00.000Z,False,False,False,True,,3881.0,Princeton University Stadium,163,Princeton,fcs,Ivy,,,,,,159,Dartmouth,fcs,Ivy,,,,,,,,,
401867922,2026,10,regular,2026-11-07T17:00:00.000Z,False,False,False,True,,3623.0,Arthur J. Rooney Athletic Field,2184,Duquesne,fcs,NEC,,,,,,2523,Robert Morris,fcs,NEC,,,,,,,,,
401867976,2026,10,regular,2026-11-07T17:00:00.000Z,False,False,False,True,,3991.0,"William Dick"""" Price Stadium""""",2450,Norfolk State,fcs,MEAC,,,,,,2428,North Carolina Central,fcs,MEAC,,,,,,,,,
401867810,2026,10,regular,2026-11-07T17:00:00.000Z,False,False,False,True,,3997.0,Yale Bowl,43,Yale,fcs,Ivy,,,,,,225,Brown,fcs,Ivy,,,,,,,,,
401868005,2026,10,regular,2026-11-07T17:00:00.000Z,False,False,False,True,,3741.0,Goodman Stadium,2329,Lehigh,fcs,Patriot,,,,,,2142,Colgate,fcs,Patriot,,,,,,,,,
401868232,2026,10,regular,2026-11-07T17:00:00.000Z,False,False,False,True,,3988.0,Welcome Stadium,2168,Dayton,fcs,Pioneer,,,,,,2674,Valparaiso,fcs,Pioneer,,,,,,,,,
401868268,2026,10,regular,2026-11-07T17:00:00.000Z,False,False,False,True,,36.0,Leonidoff Field,2368,Marist,fcs,Pioneer,,,,,,2413,Morehead State,fcs,Pioneer,,,,,,,,,
401906616,2026,10,regular,2026-11-07T17:00:00.000Z,False,False,False,False,,7082.0,Athletic Field Complex,122774,Keystone,iii,Independent DIII,,,,,,417,Gallaudet,iii,Southern Collegiate Athletic,,,,,,,,,
401866681,2026,10,regular,2026-11-07T17:00:00.000Z,False,False,False,True,,5389.0,Kessler Stadium,2405,Monmouth,fcs,Coastal Athletic,,,,,,2448,North Carolina A&T,fcs,Coastal Athletic,,,,,,,,,
401866682,2026,10,regular,2026-11-07T17:00:00.000Z,False,False,False,True,,3668.0,Campus Field,2529,Sacred Heart,fcs,Coastal Athletic,,,,,,119,Towson,fcs,Coastal Athletic,,,,,,,,,
401907491,2026,10,regular,2026-11-07T17:00:00.000Z,False,False,False,True,,3848.0,Multi-Sport Stadium,2038,Assumption,ii,Northeast 10,,,,,,112334,Franklin Pierce,ii,Northeast 10,,,,,,,,,
401907502,2026,10,regular,2026-11-07T17:00:00.000Z,False,False,False,True,,4432.0,Andre Reed Stadium,2315,Kutztown,ii,Pennsylvania State Athletic,,,,,,2071,Bloomsburg,ii,Pennsylvania State Athletic,,,,,,,,,
401907525,2026,10,regular,2026-11-07T17:00:00.000Z,False,False,False,True,,4436.0,Adamson Stadium,2858,California (PA),ii,Pennsylvania State Athletic,,,,,,367,Gannon,ii,Pennsylvania State Athletic,,,,,,,,,
401907544,2026,10,regular,2026-11-07T17:00:00.000Z,False,False,False,True,,4431.0,Chryst Field at Biemesderfer Stadium,210,Millersville,ii,Pennsylvania State Athletic,,,,,,2188,East Stroudsburg,ii,Pennsylvania State Athletic,,,,,,,,,
401907609,2026,10,regular,2026-11-07T17:00:00.000Z,False,False,False,True,,5785.0,Dickerson Stadium,2707,West Virginia State,ii,Mountain East,,,,,,341,Frostburg State,ii,Mountain East,,,,,,,,,
401907629,2026,10,regular,2026-11-07T17:00:00.000Z,False,False,False,True,,5133.0,Ram Stadium (WV),2974,Shepherd,ii,Pennsylvania State Athletic,,,,,,132714,Lackawanna,,,,,,,,,,,
401907663,2026,10,regular,2026-11-07T17:00:00.000Z,False,False,False,True,,7077.0,Shadek Stadium,2234,Franklin & Marshall,iii,Centennial,,,,,,2102,Carnegie Mellon,iii,Presidents',,,,,,,,,
401907877,2026,10,regular,2026-11-07T17:00:00.000Z,False,False,False,True,,6126.0,Bob Boozer Field,2781,Brockport,iii,Empire 8,,,,,,2782,SUNY Cortland,iii,Empire 8,,,,,,,,,
401908099,2026,10,regular,2026-11-07T17:00:00.000Z,False,False,False,True,,5807.0,Brevard Memorial Stadium,2913,Brevard,iii,USA South,,,,,,291,Methodist,iii,USA South,,,,,,,,,
401908109,2026,10,regular,2026-11-07T17:00:00.000Z,False,False,False,True,,5932.0,Lloyd L. Thornton Stadium,2373,Maryville (TN),iii,USA South,,,,,,2588,Southwestern U,iii,Southern Athletic,,,,,,,,,
401908200,2026,10,regular,2026-11-07T17:00:00.000Z,False,False,False,True,,5842.0,Robert T. Shields Field,2221,FDU Florham,iii,Mid Atlantic,,,,,,388,Lebanon Valley,iii,Mid Atlantic,,,,,,,,,
401908223,2026,10,regular,2026-11-07T17:00:00.000Z,False,False,False,False,,5805.0,Alumni Field (OH),2074,Bluffton,iii,Heartland,,,,,,427,Ohio Northern,iii,Ohio,,,,,,,,,
401908358,2026,10,regular,2026-11-07T17:00:00.000Z,False,False,False,True,,3922.0,Kenneth R. Gill Stadium,2700,McDaniel,iii,Centennial,,,,,,118,Johns Hopkins,iii,Centennial,,,,,,,,,
401908483,2026,10,regular,2026-11-07T17:00:00.000Z,False,False,False,True,,6135.0,Blue Storm Stadium,111675,New England,iii,Commonwealth Coast,,,,,,40,Curry,iii,Commonwealth Coast,,,,,,,,,
401908490,2026,10,regular,2026-11-07T17:00:00.000Z,False,False,False,True,,3709.0,Hempstead Stadium,452,Endicott,iii,Commonwealth Coast,,,,,,131108,New England College,,,,,,,,,,,
401908523,2026,10,regular,2026-11-07T17:00:00.000Z,False,False,False,True,,6143.0,Golden Bear Stadium,2702,Western New England,iii,Commonwealth Coast,,,,,,274,Maine Maritime,iii,Commonwealth Coast,,,,,,,,,
401908542,2026,10,regular,2026-11-07T17:00:00.000Z,False,False,False,True,,3995.0,Dr. John W. Winkin Sports Complex,2280,Husson,iii,Commonwealth Coast,,,,,,2884,Nichols,iii,Commonwealth Coast,,,,,,,,,
401908574,2026,10,regular,2026-11-07T17:00:00.000Z,False,False,False,True,,5845.0,Elliot Field Athletic Complex,114,Fitchburg State,iii,MSCAC,,,,,,2972,Plymouth State,iii,MSCAC,,,,,,,,,
401908592,2026,10,regular,2026-11-07T17:00:00.000Z,False,False,False,True,,5831.0,Dale Lippert Field,110438,Dean,iii,MSCAC,,,,,,2967,Framingham State,iii,MSCAC,,,,,,,,,
401908602,2026,10,regular,2026-11-07T17:00:00.000Z,False,False,False,True,,5898.0,John Coughlin Memorial Field,402,Worcester State,iii,MSCAC,,,,,,110,Mass Maritime,iii,MSCAC,,,,,,,,,
401908615,2026,10,regular,2026-11-07T17:00:00.000Z,False,False,False,True,,6124.0,Amos Alonzo Stagg Field (PA),216,Susquehanna,iii,Landmark Conference,,,,,,2843,Western Connecticut State,iii,Landmark Conference,,,,,,,,,
401908630,2026,10,regular,2026-11-07T17:00:00.000Z,False,False,False,True,,5899.0,"Alumni Stadium (Worcester, MA)",2749,WPI,iii,NEWMAC,,,,,,109,MIT,iii,NEWMAC,,,,,,,,,
401908637,2026,10,regular,2026-11-07T17:00:00.000Z,False,False,False,True,,5902.0,Knox Stadium,246,Juniata,iii,Landmark Conference,,,,,,2108,Catholic,iii,Landmark Conference,,,,,,,,,
401908682,2026,10,regular,2026-11-07T17:00:00.000Z,False,False,False,True,,6096.0,Austin E. Knowlton Athletics Complex,391,Oberlin,iii,North Coast,,,,,,2302,John Carroll,iii,Ohio,,,,,,,,,
401908702,2026,10,regular,2026-11-07T17:00:00.000Z,False,False,False,True,,3920.0,Schmidt Stadium,398,Wilkes,iii,Landmark Conference,,,,,,323,Moravian,iii,Landmark Conference,,,,,,,,,
401908885,2026,10,regular,2026-11-07T17:00:00.000Z,False,False,False,True,,5822.0,Cadet Memorial Field,2557,Coast Guard,iii,NEWMAC,,,,,,2776,Salve Regina,iii,NEWMAC,,,,,,,,,
401908961,2026,10,regular,2026-11-07T17:00:00.000Z,False,False,False,True,,6119.0,Stagg Field,81,Springfield,iii,NEWMAC,,,,,,2467,Norwich,iii,NEWMAC,,,,,,,,,
401867914,2026,10,regular,2026-11-07T17:00:00.000Z,False,False,False,True,,6058.0,Ralph F. DellaCamera Stadium,2441,New Haven,fcs,NEC,,,,,,2341,Long Island University,fcs,NEC,,,,,,,,,
401906629,2026,10,regular,2026-11-07T17:00:00.000Z,False,False,False,True,,3718.0,Tom Benson Hall of Fame Stadium,2682,Walsh,ii,Great Midwest Athletic,,,,,,2316,Kentucky Wesleyan,ii,Great Midwest Athletic,,,,,,,,,
401906639,2026,10,regular,2026-11-07T17:00:00.000Z,False,False,False,True,,3731.0,Frost-Kalnow Stadium,2838,Tiffin,ii,Great Midwest Athletic,,,,,,2477,Ohio Dominican,ii,Great Midwest Athletic,,,,,,,,,
401906647,2026,10,regular,2026-11-07T17:00:00.000Z,False,False,False,True,,6129.0,BB&T Field at Griffin Plaza,2646,Thomas More,ii,Great Midwest Athletic,,,,,,2886,Northwood,ii,Great Midwest Athletic,,,,,,,,,
401906686,2026,10,regular,2026-11-07T17:00:00.000Z,False,False,False,True,,3698.0,Donnell Stadium,2224,Findlay,ii,Great Midwest Athletic,,,,,,437,Lake Erie,ii,Great Midwest Athletic,,,,,,,,,
401858292,2026,10,regular,2026-11-07T17:00:00.000Z,False,False,False,False,,3892.0,Pratt & Whitney Stadium,41,UConn,fbs,FBS Independents,,,,1474.0,,153,North Carolina,fbs,ACC,,,,1396.0,,,,,
401906847,2026,10,regular,2026-11-07T17:00:00.000Z,False,False,False,True,,3729.0,"Frank ""Muddy"" Waters Stadium",2273,Hillsdale,ii,Great Midwest Athletic,,,,,,308,Ashland,ii,Great Midwest Athletic,,,,,,,,,
401906999,2026,10,regular,2026-11-07T17:00:00.000Z,False,False,False,True,,3927.0,Sherman Field,2392,Michigan Tech,ii,GLIAC,,,,,,110254,Davenport,ii,GLIAC,,,,,,,,,
401907482,2026,10,regular,2026-11-07T17:00:00.000Z,False,False,False,True,,5876.0,Bentley University Football Stadium,2060,Bentley,ii,Northeast 10,,,,,,2022,American International,ii,Northeast 10,,,,,,,,,
401908608,2026,10,regular,2026-11-07T17:00:00.000Z,False,False,False,True,,6144.0,"Alumni Field (Westfield, MA)",2909,Westfield State,iii,MSCAC,,,,,,379,UMass Dartmouth,iii,MSCAC,,,,,,,,,
401908912,2026,10,regular,2026-11-07T17:30:00.000Z,False,False,False,True,,6079.0,Alumni Stadium (VT),2394,Middlebury,iii,NESCAC,,,,,,348,Hamilton,iii,NESCAC,,,,,,,,,
401908194,2026,10,regular,2026-11-07T17:30:00.000Z,False,False,False,True,,7513.0,O'Hara Field,127954,Eastern,iii,Mid Atlantic,,,,,,471,Stevenson,iii,Mid Atlantic,,,,,,,,,
401868020,2026,10,regular,2026-11-07T17:30:00.000Z,False,False,False,True,,3847.0,Cooper Field,46,Georgetown,fcs,Patriot,,,,,,107,Holy Cross,fcs,Patriot,,,,,,,,,
401908979,2026,10,regular,2026-11-07T18:00:00.000Z,False,False,False,True,,6150.0,Wightman Stadium,2970,William Paterson,iii,New Jersey,,,,,,2827,Rowan,iii,New Jersey,,,,,,,,,
401909012,2026,10,regular,2026-11-07T18:00:00.000Z,False,False,False,True,,6105.0,Day Field,2516,Randolph Macon,iii,Old Dominion,,,,,,131109,Roanoke College,,,,,,,,,,,
401909019,2026,10,regular,2026-11-07T18:00:00.000Z,False,False,False,True,,6138.0,Wilson Field,2688,Washington and Lee,iii,Old Dominion,,,,,,2828,Shenandoah,iii,Old Dominion,,,,,,,,,
401909026,2026,10,regular,2026-11-07T18:00:00.000Z,False,False,False,True,,5789.0,Frank B. Fuhrer Field,2018,Allegheny,iii,Presidents',,,,,,2274,Hiram,iii,Presidents',,,,,,,,,
401909038,2026,10,regular,2026-11-07T18:00:00.000Z,False,False,False,True,,5849.0,Reeves Field (PA),2242,Geneva,iii,Presidents',,,,,,2845,Waynesburg,iii,Presidents',,,,,,,,,
401873411,2026,10,regular,2026-11-07T18:00:00.000Z,False,False,False,True,,5905.0,Kean Alumni Stadium,2871,Kean,iii,New Jersey,,,,,,2532,Salisbury,iii,New Jersey,,,,,,,,,
401873236,2026,10,regular,2026-11-07T18:00:00.000Z,False,False,False,True,,5119.0,Maxwell Field,203,Linfield,iii,Northwest,,,,,,2508,Puget Sound,iii,Northwest,,,,,,,,,
401909069,2026,10,regular,2026-11-07T18:00:00.000Z,False,False,False,True,,6128.0,Alumni Stadium (PA),2644,Thiel,iii,Presidents',,,,,,2849,Westminster (PA),iii,Presidents',,,,,,,,,
401909139,2026,10,regular,2026-11-07T18:00:00.000Z,False,False,False,True,,5123.0,Little Giant Stadium,89,Wabash,iii,North Coast,,,,,,352,Kenyon,iii,North Coast,,,,,,,,,
401909135,2026,10,regular,2026-11-07T18:00:00.000Z,False,False,False,True,,6127.0,John P. Papp Stadium,2748,Wooster,iii,North Coast,,,,,,83,DePauw,iii,North Coast,,,,,,,,,
401909118,2026,10,regular,2026-11-07T18:00:00.000Z,False,False,False,True,,5827.0,Tomasini Stadium,409,Concordia (WI),iii,NACC,,,,,,2741,Wisconsin Lutheran,iii,NACC,,,,,,,,,
401909072,2026,10,regular,2026-11-07T18:00:00.000Z,False,False,False,True,,6139.0,Cameron Stadium,2686,Washington & Jefferson,iii,Presidents',,,,,,2598,Saint Francis,iii,Presidents',,,,,,,,,
401906125,2026,10,regular,2026-11-07T18:00:00.000Z,False,False,False,True,,5873.0,Bulldogs Stadium,2075,Bowie State,ii,CIAA,,,,,,2339,Lincoln (PA),ii,CIAA,,,,,,,,,
401906144,2026,10,regular,2026-11-07T18:00:00.000Z,False,False,False,True,,3904.0,Rogers Stadium (VA),330,Virginia State,ii,CIAA,,,,,,2676,Virginia Union,ii,CIAA,,,,,,,,,
401906184,2026,10,regular,2026-11-07T18:00:00.000Z,False,False,False,True,,5220.0,Garrison Stadium,2804,Chowan,ii,Carolinas,,,,,,2560,Shorter,ii,Carolinas,,,,,,,,,
401906888,2026,10,regular,2026-11-07T18:00:00.000Z,False,False,False,True,,3600.0,Tom Adams Field,131,Wayne State (MI),ii,GLIAC,,,,,,2222,Ferris State,ii,GLIAC,,,,,,,,,
401906909,2026,10,regular,2026-11-07T18:00:00.000Z,False,False,False,True,,3844.0,Morris Field,127991,Roosevelt,ii,GLIAC,,,,,,129,Saginaw Valley State,ii,GLIAC,,,,,,,,,
401906948,2026,10,regular,2026-11-07T18:00:00.000Z,False,False,False,True,,3811.0,Lubbers Stadium,125,Grand Valley State,ii,GLIAC,,,,,,128,Northern Michigan,ii,GLIAC,,,,,,,,,
401907296,2026,10,regular,2026-11-07T18:00:00.000Z,False,False,True,True,,4779.0,Thomas A. Robinson National Stadium,2310,Kentucky State,ii,SIAC,,,,,,60,Morehouse,ii,SIAC,,,,,,,,,
401907473,2026,10,regular,2026-11-07T18:00:00.000Z,False,False,False,True,,6099.0,Selby Stadium,2980,Ohio Wesleyan,iii,North Coast,,,,,,143,Washington St. Louis,iii,North Coast,,,,,,,,,
401907753,2026,10,regular,2026-11-07T18:00:00.000Z,False,False,False,True,,6134.0,Frank Bailey Field,237,Union,iii,Liberty League,,,,,,184,Rochester (NY),iii,Liberty League,,,,,,,,,
401907787,2026,10,regular,2026-11-07T18:00:00.000Z,False,False,False,True,,5796.0,Charles D. Lindberg Stadium,2042,Augustana (IL),iii,CCIW,,,,,,2106,Carthage,iii,CCIW,,,,,,,,,
401907830,2026,10,regular,2026-11-07T18:00:00.000Z,False,False,False,True,,5115.0,McCully Stadium,396,Wheaton (IL),iii,CCIW,,,,,,72,Elmhurst,iii,CCIW,,,,,,,,,
401907842,2026,10,regular,2026-11-07T18:00:00.000Z,False,False,False,True,,6080.0,Frank M. Lindsay Field,74,Millikin,iii,CCIW,,,,,,3071,North Central College,iii,CCIW,,,,,,,,,
401907860,2026,10,regular,2026-11-07T18:00:00.000Z,False,False,False,True,,5788.0,Merrill Field at Yunevich Stadium,365,Alfred,iii,Empire 8,,,,,,3162,Alfred State,iii,Empire 8,,,,,,,,,
401907970,2026,10,regular,2026-11-07T18:00:00.000Z,False,False,False,True,,5636.0,Wright Stadium,173,Hartwick,iii,Empire 8,,,,,,390,Utica,iii,Empire 8,,,,,,,,,
401908056,2026,10,regular,2026-11-07T18:00:00.000Z,False,False,False,True,,6117.0,Knight Stadium,2896,Southern Virginia,iii,USA South,,,,,,2938,Huntingdon,iii,USA South,,,,,,,,,
401908075,2026,10,regular,2026-11-07T18:00:00.000Z,False,False,False,True,,5856.0,Boswell Field at David J. Urick Stadium,174,Hobart,iii,Liberty League,,,,,,125974,Hilbert,iii,Empire 8,,,,,,,,,
401908083,2026,10,regular,2026-11-07T18:00:00.000Z,False,False,False,True,,7364.0,Pride Field,2256,Greensboro,iii,USA South,,,,,,286,North Carolina Wesleyan,iii,USA South,,,,,,,,,
401908087,2026,10,regular,2026-11-07T18:00:00.000Z,False,False,False,True,,6120.0,Growney Stadium,374,St. John Fisher,iii,Empire 8,,,,,,3110,SUNY Morrisville,iii,Empire 8,,,,,,,,,
401908117,2026,10,regular,2026-11-07T18:00:00.000Z,False,False,False,True,,5802.0,Belhaven Bowl Stadium,2056,Belhaven,iii,USA South,,,,,,548,LaGrange,iii,USA South,,,,,,,,,
401908178,2026,10,regular,2026-11-07T18:00:00.000Z,False,False,False,True,,5833.0,Robert A. Lipinski Field at James Work Memorial Stadium,2808,Delaware Valley,iii,Mid Atlantic,,,,,,111674,Alvernia,iii,Mid Atlantic,,,,,,,,,
401908297,2026,10,regular,2026-11-07T18:00:00.000Z,False,False,False,True,,6083.0,Mangelsdorf Field,2969,Misericordia,iii,Mid Atlantic,,,,,,2725,Widener,iii,Mid Atlantic,,,,,,,,,
401908337,2026,10,regular,2026-11-07T18:00:00.000Z,False,False,False,True,,6136.0,Patterson Field,2667,Ursinus,iii,Centennial,,,,,,2175,Dickinson,iii,Centennial,,,,,,,,,
401908350,2026,10,regular,2026-11-07T18:00:00.000Z,False,False,False,True,,6089.0,Scotty Wood Stadium,2422,Muhlenberg,iii,Centennial,,,,,,2248,Gettysburg,iii,Centennial,,,,,,,,,
401908384,2026,10,regular,2026-11-07T18:00:00.000Z,False,False,False,True,,5818.0,Farris Stadium,2121,Centre,iii,Southern Athletic,,,,,,386,Trinity (TX),iii,Southern Athletic,,,,,,,,,
401908697,2026,10,regular,2026-11-07T18:00:00.000Z,False,False,False,True,,5786.0,Sprankle-Sprandel Stadium,2790,Albion,iii,Michigan,,,,,,2003,Adrian,iii,Michigan,,,,,,,,,
401868343,2026,10,regular,2026-11-07T18:00:00.000Z,False,False,False,True,,3720.0,Finley Stadium,236,Chattanooga,fcs,Southern,,,,,,2382,Mercer,fcs,Southern,,,,,,,,,
401868259,2026,10,regular,2026-11-07T18:00:00.000Z,False,False,False,True,,3701.0,Drake Stadium,2181,Drake,fcs,Pioneer,,,,,,301,San Diego,fcs,Pioneer,,,,,,,,,
401868224,2026,10,regular,2026-11-07T18:00:00.000Z,False,False,False,True,,3897.0,Richardson Stadium,2166,Davidson,fcs,Pioneer,,,,,,56,Stetson,fcs,Pioneer,,,,,,,,,
401868216,2026,10,regular,2026-11-07T18:00:00.000Z,False,False,False,True,,3664.0,Butler Bowl,2086,Butler,fcs,Pioneer,,,,,,2900,St. Thomas (MN),fcs,Pioneer,,,,,,,,,
401867996,2026,10,regular,2026-11-07T18:00:00.000Z,False,False,False,True,,3676.0,Christy Mathewson-Memorial Stadium,2083,Bucknell,fcs,Patriot,,,,,,2230,Fordham,fcs,Patriot,,,,,,,,,
401867957,2026,10,regular,2026-11-07T18:00:00.000Z,False,False,False,True,,3613.0,Alumni Stadium,2169,Delaware State,fcs,MEAC,,,,,,2415,Morgan State,fcs,MEAC,,,,,,,,,
401867904,2026,10,regular,2026-11-07T18:00:00.000Z,False,False,False,True,,6075.0,W.B. Mason Stadium,284,Stonehill,fcs,NEC,,,,,,2115,Central Connecticut,fcs,NEC,,,,,,,,,
401866686,2026,10,regular,2026-11-07T18:00:00.000Z,False,False,False,True,,3688.0,Wildcat Stadium,160,New Hampshire,fcs,Coastal Athletic,,,,,,227,Rhode Island,fcs,Coastal Athletic,,,,,,,,,
401866684,2026,10,regular,2026-11-07T18:00:00.000Z,False,False,False,True,,3629.0,Barker-Lane Stadium,2097,Campbell,fcs,Coastal Athletic,,,,,,2619,Stony Brook,fcs,Coastal Athletic,,,,,,,,,
401866683,2026,10,regular,2026-11-07T18:00:00.000Z,False,False,False,True,,3661.0,Bulldog Stadium,2803,Bryant,fcs,Coastal Athletic,,,,,,399,UAlbany,fcs,Coastal Athletic,,,,,,,,,
401908715,2026,10,regular,2026-11-07T18:00:00.000Z,False,False,False,True,,6113.0,Leckonby Stadium,2779,St. Lawrence,iii,Liberty League,,,,,,2085,Buffalo State,iii,Liberty League,,,,,,,,,
401908718,2026,10,regular,2026-11-07T18:00:00.000Z,False,False,False,True,,5862.0,Butterfield Stadium,175,Ithaca,iii,Liberty League,,,,,,2528,Rensselaer,iii,Liberty League,,,,,,,,,
401908731,2026,10,regular,2026-11-07T18:00:00.000Z,False,False,False,True,,5915.0,Farwell Field,262,Lake Forest,iii,Midwest,,,,,,2155,Cornell (IA),iii,Midwest,,,,,,,,,
401908736,2026,10,regular,2026-11-07T18:00:00.000Z,False,False,False,True,,5904.0,Angell Field,126,Kalamazoo,iii,Michigan,,,,,,2800,Alma,iii,Michigan,,,,,,,,,
401908743,2026,10,regular,2026-11-07T18:00:00.000Z,False,False,False,True,,10463.0,Grand Rapids Christian High School,129738,Calvin,iii,Michigan,,,,,,2812,Hope,iii,Michigan,,,,,,,,,
401908780,2026,10,regular,2026-11-07T18:00:00.000Z,False,False,False,True,,5908.0,Harley Knosher Bowl,255,Knox,iii,Midwest,,,,,,2286,Illinois College,iii,Midwest,,,,,,,,,
401908795,2026,10,regular,2026-11-07T18:00:00.000Z,False,False,False,True,,5893.0,Hollingsworth Field,2968,Gustavus Adolphus,iii,Minnesota,,,,,,124,Augsburg,iii,Minnesota,,,,,,,,,
401908803,2026,10,regular,2026-11-07T18:00:00.000Z,False,False,False,True,,7079.0,Laird Stadium,2101,Carleton,iii,Minnesota,,,,,,2802,Bethel (MN),iii,Minnesota,,,,,,,,,
401908815,2026,10,regular,2026-11-07T18:00:00.000Z,False,False,False,True,,6130.0,Fred Zollner Athletic Stadium,2651,Trine,iii,Michigan,,,,,,354,Olivet,iii,Michigan,,,,,,,,,
401908831,2026,10,regular,2026-11-07T18:00:00.000Z,False,False,False,True,,5792.0,Pratt Field at Lehrman Stadium,7,Amherst,iii,NESCAC,,,,,,2977,Trinity (CT),iii,NESCAC,,,,,,,,,
401908859,2026,10,regular,2026-11-07T18:00:00.000Z,False,False,False,True,,3733.0,Garcelon Field,121,Bates,iii,NESCAC,,,,,,340,Bowdoin,iii,NESCAC,,,,,,,,,
401908902,2026,10,regular,2026-11-07T18:00:00.000Z,False,False,False,True,,5689.0,Seaverns Field At Harold Alfond Stadium,33,Colby,iii,NESCAC,,,,,,112,Tufts,iii,NESCAC,,,,,,,,,
401908924,2026,10,regular,2026-11-07T18:00:00.000Z,False,False,False,True,,6141.0,Corwin Stadium,336,Wesleyan (CT),iii,NESCAC,,,,,,2731,Williams,iii,NESCAC,,,,,,,,,
401908930,2026,10,regular,2026-11-07T18:00:00.000Z,False,False,False,True,,6085.0,Sprague Field,2818,Montclair State,iii,New Jersey,,,,,,293,Vermont State Castleton,iii,New Jersey,,,,,,,,,
401908937,2026,10,regular,2026-11-07T18:00:00.000Z,False,False,False,True,,3879.0,TowneBank Stadium,3112,Christopher Newport,iii,New Jersey,,,,,,2442,The College of New Jersey,iii,New Jersey,,,,,,,,,
401908991,2026,10,regular,2026-11-07T18:00:00.000Z,False,False,False,True,,5799.0,Daly Field at Frank R. Campbell Stadium,2047,Averett,iii,Old Dominion,,,,,,2258,Guilford,iii,Old Dominion,,,,,,,,,
401868038,2026,10,regular,2026-11-07T18:00:00.000Z,False,False,False,True,,717.0,Villanova Stadium,222,Villanova,fcs,Patriot,,,,,,257,Richmond,fcs,Patriot,,,,,,,,,
401868031,2026,10,regular,2026-11-07T18:00:00.000Z,False,False,False,True,,3998.0,Zable Stadium,2729,William & Mary,fcs,Patriot,,,,,,322,Lafayette,fcs,Patriot,,,,,,,,,
401867832,2026,10,regular,2026-11-07T18:00:00.000Z,False,False,False,True,,3921.0,Schoellkopf Field,172,Cornell,fcs,Ivy,,,,,,219,Pennsylvania,fcs,Ivy,,,,,,,,,
401867824,2026,10,regular,2026-11-07T18:00:00.000Z,False,False,False,True,,3750.0,Harvard Stadium,108,Harvard,fcs,Ivy,,,,,,171,Columbia,fcs,Ivy,,,,,,,,,
401907744,2026,10,regular,2026-11-07T18:00:00.000Z,False,False,False,True,,5864.0,Robert E. Thorn Field,146,Grove City,iii,Presidents',,,,,,2963,Case Western Reserve,iii,Presidents',,,,,,,,,
401907715,2026,10,regular,2026-11-07T18:00:00.000Z,False,False,False,True,,5933.0,Sea Foam Stadium,3066,Concordia St. Paul,ii,Northern Sun,,,,,,2587,Southwest Minnesota State,ii,Northern Sun,,,,,,,,,
401907711,2026,10,regular,2026-11-07T18:00:00.000Z,False,False,False,True,,3641.0,Blakeslee Stadium,2364,Minnesota State,ii,Northern Sun,,,,,,2043,Augustana (SD),ii,Northern Sun,,,,,,,,,
401908906,2026,10,regular,2026-11-07T18:00:00.000Z,False,False,False,True,,6122.0,Public Schools Stadium,375,St. Scholastica,iii,Minnesota,,,,,,2600,Saint John's (MN),iii,Minnesota,,,,,,,,,
401907633,2026,10,regular,2026-11-07T18:00:00.000Z,False,False,False,True,,3859.0,Offutt Field,611,Seton Hill,ii,Pennsylvania State Athletic,,,,,,209,Lock Haven,ii,Pennsylvania State Athletic,,,,,,,,,
401907613,2026,10,regular,2026-11-07T18:00:00.000Z,False,False,False,True,,6212.0,Bishop Schmitt Field,112335,Wheeling,ii,Mountain East,,,,,,2249,Glenville State,ii,Mountain East,,,,,,,,,
401907594,2026,10,regular,2026-11-07T18:00:00.000Z,False,False,False,True,,5943.0,Duvall-Rosier Field,2986,Fairmont State,ii,Mountain East,,,,,,2148,Concord,ii,Mountain East,,,,,,,,,
401907586,2026,10,regular,2026-11-07T18:00:00.000Z,False,False,False,True,,5886.0,West Family Stadium,2699,West Liberty,ii,Mountain East,,,,,,2128,Charleston (WV),ii,Mountain East,,,,,,,,,
401907562,2026,10,regular,2026-11-07T18:00:00.000Z,False,False,False,True,,6071.0,Jess Dow Field,2583,Southern Connecticut State,ii,Northeast 10,,,,,,2487,Pace,ii,Northeast 10,,,,,,,,,
401868350,2026,10,regular,2026-11-07T18:00:00.000Z,False,False,False,True,,5400.0,William B. Greene Jr. Stadium,2193,East Tennessee State,fcs,Southern,,,,,,2535,Samford,fcs,Southern,,,,,,,,,
401868399,2026,10,regular,2026-11-07T18:00:00.000Z,False,False,False,True,,3704.0,E. J. Whitmire Stadium,2717,Western Carolina,fcs,Southern,,,,,,2747,Wofford,fcs,Southern,,,,,,,,,
401908668,2026,10,regular,2026-11-07T18:30:00.000Z,False,False,False,True,,5812.0,Bernlohr Stadium,424,Capital,iii,Ohio,,,,,,191,Heidelberg,iii,Ohio,,,,,,,,,
401908843,2026,10,regular,2026-11-07T18:30:00.000Z,False,False,False,True,,6090.0,Sherman Field at McConagha Stadium,332,Muskingum,iii,Ohio,,,,,,359,Otterbein,iii,Ohio,,,,,,,,,
401868191,2026,10,regular,2026-11-07T18:30:00.000Z,False,False,False,True,,3710.0,Ernest W. Spangler Stadium,2241,Gardner-Webb,fcs,OVC,,,,,,2815,Lindenwood,fcs,OVC,,,,,,,,,
401908794,2026,10,regular,2026-11-07T18:30:00.000Z,False,False,False,True,,5931.0,Don Drumm Stadium,317,Marietta,iii,Ohio,,,,,,2733,Wilmington (OH),iii,Ohio,,,,,,,,,
401908660,2026,10,regular,2026-11-07T18:30:00.000Z,False,False,False,True,,4856.0,Mount Union Stadium,426,Mount Union,iii,Ohio,,,,,,188,Baldwin Wallace,iii,Ohio,,,,,,,,,
401908270,2026,10,regular,2026-11-07T18:30:00.000Z,False,False,False,True,,6088.0,Schueler Field,2419,Mount St Joseph,iii,Heartland,,,,,,86,Rose Hulman,iii,Heartland,,,,,,,,,
401908256,2026,10,regular,2026-11-07T18:30:00.000Z,False,False,False,True,,5930.0,Carl W. Burt Memorial Stadium,2362,Manchester,iii,Heartland,,,,,,2262,Hanover,iii,Heartland,,,,,,,,,
401908214,2026,10,regular,2026-11-07T18:30:00.000Z,False,False,False,True,,3716.0,"Stewart """"Red"""" Faught Stadium",2233,Franklin,iii,Heartland,,,,,,2023,Anderson (IN),iii,Heartland,,,,,,,,,
401907425,2026,10,regular,2026-11-07T18:30:00.000Z,False,False,False,True,,5781.0,Irwin Belk Stadium,351,Wingate,ii,South Atlantic,,,,,,2213,Emory & Henry,ii,South Atlantic,,,,,,,,,
401906156,2026,10,regular,2026-11-07T18:30:00.000Z,False,False,False,True,,3649.0,Bowman Gray Stadium,2736,Winston-Salem State,ii,CIAA,,,,,,2220,Fayetteville State,ii,CIAA,,,,,,,,,
401906176,2026,10,regular,2026-11-07T18:30:00.000Z,False,False,False,True,,7076.0,J.W. Babb Stadium,101784,Erskine,ii,Carolinas,,,,,,122666,Barton,ii,Carolinas,,,,,,,,,
401872617,2026,10,regular,2026-11-07T19:00:00.000Z,False,False,False,True,,3967.0,UNI-Dome,2460,Northern Iowa,fcs,MVFC,,,,,,2571,South Dakota State,fcs,MVFC,,,,,,,,,
401907836,2026,10,regular,2026-11-07T19:00:00.000Z,False,False,False,True,,5859.0,Tucci Stadium,306,Illinois Wesleyan,iii,CCIW,,,,,,75,North Park,iii,CCIW,,,,,,,,,
401867852,2026,10,regular,2026-11-07T19:00:00.000Z,False,False,False,True,,3605.0,Alerus Center,155,North Dakota,fcs,MVFC,,,,,,2287,Illinois State,fcs,MVFC,,,,,,,,,
401867872,2026,10,regular,2026-11-07T19:00:00.000Z,False,False,False,True,,3909.0,Roy Stewart Stadium,93,Murray State,fcs,MVFC,,,,,,2754,Youngstown State,fcs,MVFC,,,,,,,,,
401907211,2026,10,regular,2026-11-07T19:00:00.000Z,False,False,False,True,,3609.0,Allgood-Bailey Stadium,2402,Missouri S&T,ii,Great Lakes,,,,,,2876,Lincoln (MO),ii,Great Lakes,,,,,,,,,
401907237,2026,10,regular,2026-11-07T19:00:00.000Z,False,False,False,True,,3723.0,QU Stadium,2825,Quincy,ii,Great Lakes,,,,,,389,Upper Iowa,ii,Great Lakes,,,,,,,,,
401907304,2026,10,regular,2026-11-07T19:00:00.000Z,False,False,False,True,,6049.0,"Memorial Stadium (Wichita Falls, TX)",2395,Midwestern State,ii,Lone Star,,,,,,110243,UT Permian Basin,ii,Lone Star,,,,,,,,,
401907353,2026,10,regular,2026-11-07T19:00:00.000Z,False,False,False,True,,6054.0,Fred G. Hughes Stadium,2403,Missouri Southern State,ii,Mid America,,,,,,2122,Central Oklahoma,ii,Mid America,,,,,,,,,
401907362,2026,10,regular,2026-11-07T19:00:00.000Z,False,False,False,True,,5942.0,Francis G. Welch Stadium,2214,Emporia State,ii,Mid America,,,,,,2687,Washburn,ii,Mid America,,,,,,,,,
401873401,2026,10,regular,2026-11-07T19:00:00.000Z,False,False,False,True,,5841.0,Pete FioRito Stadium at McKinzie Field,101,Eureka,iii,NACC,,,,,,2524,Rockford,iii,NACC,,,,,,,,,
401907766,2026,10,regular,2026-11-07T19:00:00.000Z,False,False,False,True,,5921.0,Rock Bowl,263,Loras,iii,American Rivers,,,,,,63,Buena Vista,iii,American Rivers,,,,,,,,,
401907756,2026,10,regular,2026-11-07T19:00:00.000Z,False,False,False,True,,4427.0,John A. Farrell Stadium,223,West Chester,ii,Pennsylvania State Athletic,,,,,,2559,Shippensburg,ii,Pennsylvania State Athletic,,,,,,,,,
401907723,2026,10,regular,2026-11-07T19:00:00.000Z,False,False,False,True,,6035.0,"Memorial Stadium (Wayne, NE)",2844,Wayne State (NE),ii,Northern Sun,,,,,,2894,Sioux Falls,ii,Northern Sun,,,,,,,,,
401907369,2026,10,regular,2026-11-07T19:00:00.000Z,False,False,False,True,,6057.0,Ron & Carol Cope Stadium at Foster Field,2438,Nebraska Kearney,ii,Mid America,,,,,,2231,Fort Hays,ii,Mid America,,,,,,,,,
401868176,2026,10,regular,2026-11-07T19:00:00.000Z,False,False,False,True,,3658.0,Buccaneer Field,2127,Charleston Southern,fcs,OVC,,,,,,2630,UT Martin,fcs,OVC,,,,,,,,,
401868252,2026,10,regular,2026-11-07T19:00:00.000Z,False,False,False,True,,3963.0,Harry Turpin Stadium,2466,Northwestern State,fcs,Southland,,,,,,292,UT Rio Grande Valley,fcs,Southland,,,,,,,,,
401868379,2026,10,regular,2026-11-07T19:00:00.000Z,False,False,False,True,,3782.0,Johnson Hagood Stadium,2643,The Citadel,fcs,Southern,,,,,,231,Furman,fcs,Southern,,,,,,,,,
401907706,2026,10,regular,2026-11-07T19:00:00.000Z,False,False,False,True,,5780.0,Altra Federal Credit Union Stadium,2851,Winona State,ii,Northern Sun,,,,,,559,University of Mary,ii,Northern Sun,,,,,,,,,
401907690,2026,10,regular,2026-11-07T19:00:00.000Z,False,False,False,True,,6052.0,Herb Parker Stadium,568,Minot State,ii,Northern Sun,,,,,,425,Northern State,ii,Northern Sun,,,,,,,,,
401907683,2026,10,regular,2026-11-07T19:00:00.000Z,False,False,False,True,,11539.0,Charlotte & Gordon Hansen Stadium,2939,Jamestown,ii,Northern Sun,,,,,,2817,Minnesota St Moorhead,ii,Northern Sun,,,,,,,,,
401907673,2026,10,regular,2026-11-07T19:00:00.000Z,False,False,False,True,,5919.0,Ron Roberts Field at the Banta Bowl,268,Lawrence,iii,Midwest,,,,,,80,Chicago,iii,Midwest,,,,,,,,,
401907641,2026,10,regular,2026-11-07T19:00:00.000Z,False,False,False,True,,5874.0,Chet Anderson Stadium,132,Bemidji State,ii,Northern Sun,,,,,,134,Minnesota Duluth,ii,Northern Sun,,,,,,,,,
401907534,2026,10,regular,2026-11-07T19:00:00.000Z,False,False,False,True,,4433.0,George P. Miller Stadium,2291,IU Pennsylvania,ii,Pennsylvania State Athletic,,,,,,2134,Clarion,ii,Pennsylvania State Athletic,,,,,,,,,
401907431,2026,10,regular,2026-11-07T19:00:00.000Z,False,False,False,True,,6553.0,Helen and Leonard Moretz Stadium,2331,Lenoir Rhyne,ii,South Atlantic,,,,,,2839,Tusculum,ii,South Atlantic,,,,,,,,,
401909105,2026,10,regular,2026-11-07T19:00:00.000Z,False,False,False,True,,6121.0,Donald J. Schneider Stadium,2832,St. Norbert,iii,NACC,,,,,,2151,Concordia Chicago,iii,NACC,,,,,,,,,
401909032,2026,10,regular,2026-11-07T19:00:00.000Z,False,False,False,True,,5803.0,Bison Stadium,2062,Bethany (WV),iii,Presidents',,,,,,2614,Saint Vincent,iii,Presidents',,,,,,,,,
401908998,2026,10,regular,2026-11-07T19:00:00.000Z,False,False,False,True,,5800.0,Jopson Athletic Complex,2079,Bridgewater,iii,Old Dominion,,,,,,297,Hampden Sydney,iii,Old Dominion,,,,,,,,,
401906057,2026,10,regular,2026-11-07T19:00:00.000Z,False,False,False,True,,6221.0,Mitchell Stadium,124180,Bluefield State,ii,CIAA,,,,,,2207,Elizabeth City State,ii,CIAA,,,,,,,,,
401908896,2026,10,regular,2026-11-07T19:00:00.000Z,False,False,False,True,,5895.0,Klas Field,162,Hamline,iii,Minnesota,,,,,,133,St. Olaf,iii,Minnesota,,,,,,,,,
401906161,2026,10,regular,2026-11-07T19:00:00.000Z,False,False,False,True,,3612.0,Alumni Memorial Stadium (NC),2940,Livingstone,ii,CIAA,,,,,,2304,Johnson C. Smith,ii,CIAA,,,,,,,,,
401906198,2026,10,regular,2026-11-07T19:00:00.000Z,False,False,False,True,,5843.0,W.B. Adams Stadium,366,Ferrum,ii,Carolinas,,,,,,2882,UNC Pembroke,ii,Carolinas,,,,,,,,,
401908852,2026,10,regular,2026-11-07T19:00:00.000Z,False,False,False,True,,6284.0,Village of Lisle-Benedictine University Sports Complex,2283,Benedictine (IL),iii,NACC,,,,,,2044,Aurora,iii,NACC,,,,,,,,,
401908822,2026,10,regular,2026-11-07T19:00:00.000Z,False,False,False,True,,5825.0,Jake Christiansen Stadium,2152,Concordia (MN),iii,Minnesota,,,,,,2359,Macalester,iii,Minnesota,,,,,,,,,
401908776,2026,10,regular,2026-11-07T19:00:00.000Z,False,False,False,True,,6084.0,April Zorn Memorial Stadium,2919,Monmouth (IL),iii,Midwest,,,,,,65,Grinnell,iii,Midwest,,,,,,,,,
401908562,2026,10,regular,2026-11-07T19:00:00.000Z,False,False,False,True,,3877.0,Pioneer Stadium,101161,Lyon,iii,Southern Collegiate Athletic,,,,,,418,Hendrix,iii,Southern Athletic,,,,,,,,,
401908556,2026,10,regular,2026-11-07T19:00:00.000Z,False,False,False,True,,6125.0,Bulldog Stadium (TX),2639,Texas Lutheran,iii,Southern Collegiate Athletic,,,,,,101442,Centenary (LA),iii,Southern Collegiate Athletic,,,,,,,,,
401908513,2026,10,regular,2026-11-07T19:00:00.000Z,False,False,False,True,,6094.0,Reynolds Field,583,Northwestern (MN),iii,Upper Midwest,,,,,,446,Martin Luther,iii,Upper Midwest,,,,,,,,,
401908506,2026,10,regular,2026-11-07T19:00:00.000Z,False,False,False,True,,5853.0,Francis Field (IL),2257,Greenville,iii,Upper Midwest,,,,,,433,Westminster (MO),iii,Upper Midwest,,,,,,,,,
401908497,2026,10,regular,2026-11-07T19:00:00.000Z,False,False,False,True,,5829.0,Old National Bank Stadium,509,Crown,iii,Upper Midwest,,,,,,2399,Minnesota Morris,iii,Upper Midwest,,,,,,,,,
401908404,2026,10,regular,2026-11-07T19:00:00.000Z,False,False,False,True,,3823.0,Hardee-McGee Field,2553,Sewanee,iii,Southern Athletic,,,,,,2519,Rhodes,iii,Southern Athletic,,,,,,,,,
401908375,2026,10,regular,2026-11-07T19:00:00.000Z,False,False,False,True,,6081.0,Harper Davis Field,2398,Millsaps,iii,Southern Athletic,,,,,,2757,Berry,iii,Southern Athletic,,,,,,,,,
401908317,2026,10,regular,2026-11-07T19:00:00.000Z,False,False,False,True,,5996.0,Wilford Moore Stadium,241,McMurry,iii,American Southwest,,,,,,2758,Howard Payne,iii,American Southwest,,,,,,,,,
401908283,2026,10,regular,2026-11-07T19:00:00.000Z,False,False,False,True,,5838.0,Ornelas Stadium,2194,East Texas Baptist,iii,American Southwest,,,,,,2371,Mary Hardin Baylor,iii,American Southwest,,,,,,,,,
401908154,2026,10,regular,2026-11-07T19:00:00.000Z,False,False,False,True,,5823.0,Clark Field,2141,Coe,iii,American Rivers,,,,,,49,Dubuque,iii,American Rivers,,,,,,,,,
401908148,2026,10,regular,2026-11-07T19:00:00.000Z,False,False,False,True,,5817.0,Ron and Joyce Schipper Stadium,2964,Central College,iii,American Rivers,,,,,,2685,Wartburg,iii,American Rivers,,,,,,,,,
401908001,2026,10,regular,2026-11-07T19:00:00.000Z,False,False,False,True,,5914.0,Veterans Memorial Stadium (WI),2740,Wisconsin La Crosse,iii,Wisconsin,,,,,,2723,Wisconsin River Falls,iii,Wisconsin,,,,,,,,,
401907983,2026,10,regular,2026-11-07T19:00:00.000Z,False,False,False,True,,5903.0,Community Stadium at Goerke Park,2743,Wisconsin Stevens Point,iii,Wisconsin,,,,,,271,Wisconsin Oshkosh,iii,Wisconsin,,,,,,,,,
401907893,2026,10,regular,2026-11-07T19:00:00.000Z,False,False,False,True,,5911.0,Ralph E. Davis Pioneer Stadium,272,Wisconsin Platteville,iii,Wisconsin,,,,,,2745,Wisconsin Whitewater,iii,Wisconsin,,,,,,,,,
401906204,2026,10,regular,2026-11-07T19:00:00.000Z,False,False,False,False,,4851.0,Bazemore-Hyder Stadium,2673,Valdosta State,ii,Gulf South,,,,,,2822,North Greenville,ii,Carolinas,,,,,,,,,
401906574,2026,10,regular,2026-11-07T19:00:00.000Z,False,False,False,True,,6065.0,Cliff Harris Stadium,2888,Ouachita Baptist,ii,Great American,,,,,,2927,Southwestern Oklahoma State,ii,Great American,,,,,,,,,
401906593,2026,10,regular,2026-11-07T19:00:00.000Z,False,False,False,False,,6047.0,Leemon Field,2816,McKendree,ii,Great Lakes,,,,,,196,Northeastern State,ii,Independent DII,,,,,,,,,
401866685,2026,10,regular,2026-11-07T19:00:00.000Z,False,False,False,True,,3894.0,Rhodes Stadium,2210,Elon,fcs,Coastal Athletic,,,,,,2261,Hampton,fcs,Coastal Athletic,,,,,,,,,
401906601,2026,10,regular,2026-11-07T19:00:00.000Z,False,False,False,False,,3957.0,Tiger Stadium (AL),2695,West Alabama,ii,Gulf South,,,,,,134001,Monroe,,,,,,,,,,,
401906918,2026,10,regular,2026-11-07T19:00:00.000Z,False,False,True,True,,4110.0,A.J. McClung Stadium,2232,Fort Valley State,ii,SIAC,,,,,,2013,Albany State,ii,SIAC,,,,,,,,,
401906928,2026,10,regular,2026-11-07T19:00:00.000Z,False,False,False,True,,3705.0,Earl Kitchings Stadium,2206,Edward Waters,ii,SIAC,,,,,,2019,Allen,ii,SIAC,,,,,,,,,
401906942,2026,10,regular,2026-11-07T19:00:00.000Z,False,False,False,True,,5875.0,Charlie W. Johnson Stadium,490,Benedict,ii,SIAC,,,,,,2119,Central State,ii,SIAC,,,,,,,,,
401907107,2026,10,regular,2026-11-07T19:00:00.000Z,False,False,False,True,,6059.0,Sanchez Family Stadium,2424,New Mexico Highlands,ii,Rocky Mountain,,,,,,2001,Adams State,ii,Rocky Mountain,,,,,,,,,
401907136,2026,10,regular,2026-11-07T19:00:00.000Z,False,False,False,True,,5944.0,Ray Dennison Memorial Field,2237,Fort Lewis,ii,Rocky Mountain,,,,,,11,Colorado Mesa,ii,Rocky Mountain,,,,,,,,,
401907202,2026,10,regular,2026-11-07T19:00:00.000Z,False,False,False,True,,6040.0,Key Stadium,2292,Indianapolis,ii,Great Lakes,,,,,,2586,Southwest Baptist,ii,Great Lakes,,,,,,,,,
401907961,2026,10,regular,2026-11-07T19:05:00.000Z,False,False,False,True,,5900.0,Don and Nona Williams Stadium,2744,Wisconsin Stout,iii,Wisconsin,,,,,,2738,Wisconsin Eau Claire,iii,Wisconsin,,,,,,,,,
401868393,2026,10,regular,2026-11-07T19:30:00.000Z,False,False,False,True,,3962.0,Tucker Stadium,2635,Tennessee Tech,fcs,Southern,,,,,,2678,VMI,fcs,Southern,,,,,,,,,
401907418,2026,10,regular,2026-11-07T20:00:00.000Z,False,False,False,True,,3663.0,Burke-Tarr Stadium,2105,Carson Newman,ii,South Atlantic,,,,,,2444,Newberry,ii,South Atlantic,,,,,,,,,
401907410,2026,10,regular,2026-11-07T20:00:00.000Z,False,False,False,True,,6033.0,Carl Smith Stadium,2842,UVA Wise,ii,South Atlantic,,,,,,2107,Catawba,ii,South Atlantic,,,,,,,,,
401907380,2026,10,regular,2026-11-07T20:00:00.000Z,False,False,False,True,,6055.0,Craig Field at Spratt Memorial Stadium,137,Missouri Western,ii,Mid America,,,,,,138,Northwest Missouri State,ii,Mid America,,,,,,,,,
401907355,2026,10,regular,2026-11-07T20:00:00.000Z,False,False,False,False,,3952.0,Ted Wright Stadium,2542,Savannah State,ii,SIAC,,,,,,2355,Virginia Lynchburg,,,,,,,,,,,
401907344,2026,10,regular,2026-11-07T20:00:00.000Z,False,False,False,True,,6067.0,Carnie Smith Stadium,90,Pittsburg State,ii,Mid America,,,,,,2118,Central Missouri,ii,Mid America,,,,,,,,,
401909073,2026,10,regular,2026-11-07T20:00:00.000Z,False,False,False,True,,6148.0,The Pine Bowl,2721,Whitworth,iii,Northwest,,,,,,2930,Willamette,iii,Northwest,,,,,,,,,
401868331,2026,10,regular,2026-11-07T20:00:00.000Z,False,False,False,True,,3631.0,BBVA Compass Stadium,2640,Texas Southern,fcs,SWAC,,,,,,2011,Alabama State,fcs,SWAC,,,,,,,,,
401907142,2026,10,regular,2026-11-07T20:00:00.000Z,False,False,False,True,,5782.0,Mountaineer Bowl,2714,Western Colorado,ii,Rocky Mountain,,,,,,2146,Colorado School of Mines,ii,Rocky Mountain,,,,,,,,,
401907118,2026,10,regular,2026-11-07T20:00:00.000Z,False,False,False,True,,5877.0,Lyle Hare Stadium,2069,Black Hills State,ii,Rocky Mountain,,,,,,2123,Chadron State,ii,Rocky Mountain,,,,,,,,,
401906577,2026,10,regular,2026-11-07T20:00:00.000Z,False,False,False,True,,3875.0,Paul Laird Field,199,Southeastern Oklahoma State,ii,Great American,,,,,,2568,Southern Arkansas,ii,Great American,,,,,,,,,
401906543,2026,10,regular,2026-11-07T20:00:00.000Z,False,False,False,True,,5936.0,Koi Ishto Stadium,2191,East Central,ii,Great American,,,,,,2271,Henderson State,ii,Great American,,,,,,,,,
401906534,2026,10,regular,2026-11-07T20:00:00.000Z,False,False,False,True,,5871.0,Convoy Leslie Cotton Boll Stadium,2028,Arkansas Monticello,ii,Great American,,,,,,2823,Northwestern (OK),ii,Great American,,,,,,,,,
401906524,2026,10,regular,2026-11-07T20:00:00.000Z,False,False,False,True,,5870.0,Thone Stadium at Buerkle Field,2033,Arkansas Tech,ii,Great American,,,,,,319,Oklahoma Baptist,ii,Great American,,,,,,,,,
401868302,2026,10,regular,2026-11-07T20:00:00.000Z,False,False,False,True,,5238.0,Panther Stadium,2504,Prairie View A&M,fcs,SWAC,,,,,,2010,Alabama A&M,fcs,SWAC,,,,,,,,,
401868961,2026,10,regular,2026-11-07T20:00:00.000Z,False,False,False,True,,3976.0,Mississippi Veterans Memorial Stadium,2296,Jackson State,fcs,SWAC,,,,,,2400,Mississippi Valley State,fcs,SWAC,,,,,,,,,
401868116,2026,10,regular,2026-11-07T20:00:00.000Z,False,False,False,True,,3987.0,Washington-Grizzly Stadium,149,Montana,fcs,Big Sky,,,,,,2502,Portland State,fcs,Big Sky,,,,,,,,,
401868153,2026,10,regular,2026-11-07T20:00:00.000Z,False,False,False,True,,3706.0,Eccles Coliseum,253,Southern Utah,fcs,Big Sky,,,,,,2458,Northern Colorado,fcs,Big Sky,,,,,,,,,
401908290,2026,10,regular,2026-11-07T20:00:00.000Z,False,False,False,True,,5114.0,Shelton Stadium,2810,Hardin Simmons,iii,American Southwest,,,,,,102549,Schreiner,,,,,,,,,,,
401868184,2026,10,regular,2026-11-07T20:00:00.000Z,False,False,False,True,,3858.0,O'Brien Stadium,2197,Eastern Illinois,fcs,OVC,,,,,,2710,Western Illinois,fcs,OVC,,,,,,,,,
401908250,2026,10,regular,2026-11-07T20:00:00.000Z,False,False,False,True,,6091.0,Abel Stadium,6845,Nebraska Wesleyan,iii,American Rivers,,,,,,2564,Simpson (IA),iii,American Rivers,,,,,,,,,
401868945,2026,10,regular,2026-11-07T20:00:00.000Z,False,False,False,True,,3599.0,Ace W. Mumford Stadium,2582,Southern,fcs,SWAC,,,,,,2065,Bethune-Cookman,fcs,SWAC,,,,,,,,,
401868363,2026,10,regular,2026-11-07T20:00:00.000Z,False,False,False,True,,3771.0,Jack Spinks Stadium,2016,Alcorn State,fcs,SWAC,,,,,,50,Florida A&M,fcs,SWAC,,,,,,,,,
401869936,2026,10,regular,2026-11-07T20:00:00.000Z,False,False,False,True,,3625.0,Centennial Bank Stadium,2032,Arkansas State,fbs,Sun Belt,,,,1319.0,,2433,UL Monroe,fbs,Sun Belt,,,,1079.0,,,,,
401871073,2026,10,regular,2026-11-07T20:00:00.000Z,False,False,False,True,,4899.0,Fifth Third Stadium,338,Kennesaw State,fbs,Conference USA,,,,1285.0,,48,Delaware,fbs,Conference USA,,,,1414.0,,,,,
401868939,2026,10,regular,2026-11-07T20:00:00.000Z,False,False,False,True,,3902.0,Eddie Robinson Stadium,2755,Grambling,fcs,SWAC,,,,,,2029,Arkansas-Pine Bluff,fcs,SWAC,,,,,,,,,
401862820,2026,10,regular,2026-11-07T20:30:00.000Z,False,False,False,True,,3852.0,Navy-Marine Corps Memorial Stadium,2426,Navy,fbs,American Athletic,,,,1513.0,,218,Temple,fbs,American Athletic,,,,1330.0,,,,,
401907336,2026,10,regular,2026-11-07T20:30:00.000Z,False,False,False,True,,4747.0,Abbott Memorial Alumni Stadium,2657,Tuskegee,ii,SIAC,,,,,,2396,Miles,ii,SIAC,,,,,,,,,
401868200,2026,10,regular,2026-11-07T20:30:00.000Z,False,False,False,True,,3810.0,Nissan Stadium,2634,Tennessee State,fcs,OVC,,,,,,2546,Southeast Missouri State,fcs,OVC,,,,,,,,,
401871076,2026,10,regular,2026-11-07T20:30:00.000Z,False,False,False,True,,3725.0,"Johnny ""Red"" Floyd Stadium",2393,Middle Tennessee,fbs,Conference USA,,,,1298.0,,98,Western Kentucky,fbs,Conference USA,,,,1242.0,,,,,
401907577,2026,10,regular,2026-11-07T20:30:00.000Z,False,False,False,True,,6074.0,Grappone Stadium,2830,Saint Anselm,ii,Northeast 10,,,,,,126086,Post,ii,Northeast 10,,,,,,,,,
401908459,2026,10,regular,2026-11-07T21:00:00.000Z,False,False,False,True,,5909.0,Ortmayer Stadium,2318,La Verne,iii,So. Cal.,,,,,,2850,Whittier,iii,So. Cal.,,,,,,,,,
401907551,2026,10,regular,2026-11-07T21:00:00.000Z,False,False,False,True,,4430.0,Mihalik-Thompson Stadium,215,Slippery Rock,ii,Pennsylvania State Athletic,,,,,,2205,Edinboro,ii,Pennsylvania State Athletic,,,,,,,,,
401907401,2026,10,regular,2026-11-07T21:00:00.000Z,False,False,False,True,,10461.0,Spero Financial Field,129469,Anderson (SC),ii,South Atlantic,,,,,,2369,Mars Hill,ii,South Atlantic,,,,,,,,,
401868313,2026,10,regular,2026-11-07T21:00:00.000Z,False,False,False,True,,3882.0,Provost Umphrey Stadium,2320,Lamar,fcs,Southland,,,,,,2617,Stephen F. Austin,fcs,Southland,,,,,,,,,
401871074,2026,10,regular,2026-11-07T21:00:00.000Z,False,False,False,True,,2031.0,Pitbull Stadium,2229,Florida International,fbs,Conference USA,,,,1392.0,,2623,Missouri State,fbs,Conference USA,,,,1281.0,,,,,
401907329,2026,10,regular,2026-11-07T21:00:00.000Z,False,False,False,True,,5879.0,Tomlinson Stadium,2120,Central Washington,ii,Lone Star,,,,,,2703,Western New Mexico,ii,Lone Star,,,,,,,,,
401906552,2026,10,regular,2026-11-07T21:00:00.000Z,False,False,False,True,,5885.0,First Security Stadium,2264,Harding,ii,Great American,,,,,,200,Southern Nazarene,ii,Great American,,,,,,,,,
401869153,2026,10,regular,2026-11-07T21:00:00.000Z,False,False,False,True,,3779.0,Manning Field at John L. Guidry Stadium,2447,Nicholls,fcs,Southland,,,,,,2837,East Texas A&M,fcs,Southland,,,,,,,,,
401907245,2026,10,regular,2026-11-07T21:00:00.000Z,False,False,False,True,,3990.0,William H. Greene Stadium,2911,William Jewell,ii,Great Lakes,,,,,,2654,Truman State,ii,Great Lakes,,,,,,,,,
401908399,2026,10,regular,2026-11-07T21:00:00.000Z,False,False,False,True,,6153.0,Hanson Stadium,205,Pacific (OR),iii,Northwest,,,,,,415,George Fox,iii,Northwest,,,,,,,,,
401908410,2026,10,regular,2026-11-07T21:00:00.000Z,False,False,False,True,,6102.0,Sparks Stadium,2486,Pacific Lutheran,iii,Northwest,,,,,,2333,Lewis & Clark,iii,Northwest,,,,,,,,,
401907322,2026,10,regular,2026-11-07T21:05:00.000Z,False,False,False,True,,5783.0,McArthur Field,2848,Western Oregon,ii,Lone Star,,,,,,2704,West Texas,ii,Lone Star,,,,,,,,,
401868137,2026,10,regular,2026-11-07T22:00:00.000Z,False,False,False,True,,3711.0,Estes Stadium,2110,Central Arkansas,fcs,UAC,,,,,,2698,West Georgia,fcs,UAC,,,,,,,,,
401869140,2026,10,regular,2026-11-07T22:00:00.000Z,False,False,False,True,,4424.0,Husky Stadium,2277,Houston Christian,fcs,Southland,,,,,,2377,McNeese,fcs,Southland,,,,,,,,,
401908757,2026,10,regular,2026-11-07T22:00:00.000Z,False,False,False,True,,6109.0,Ingalls Field,2891,Ripon,iii,Midwest,,,,,,266,Beloit,iii,Midwest,,,,,,,,,
401907148,2026,10,regular,2026-11-07T22:00:00.000Z,False,False,False,True,,3860.0,O'Harra Stadium,613,South Dakota Mines,ii,Rocky Mountain,,,,,,2570,CSU Pueblo,ii,Rocky Mountain,,,,,,,,,
401868068,2026,10,regular,2026-11-07T22:00:00.000Z,False,False,False,True,,3742.0,Governors Stadium,2046,Austin Peay,fcs,UAC,,,,,,2198,Eastern Kentucky,fcs,UAC,,,,,,,,,
401868082,2026,10,regular,2026-11-07T22:00:00.000Z,False,False,False,True,,1027.0,Alex G. Spanos Stadium,13,Cal Poly,fcs,Big Sky,,,,,,2464,Northern Arizona,fcs,Big Sky,,,,,,,,,
401868090,2026,10,regular,2026-11-07T22:00:00.000Z,False,False,False,True,,3791.0,Kibbie Dome,70,Idaho,fcs,Big Sky,,,,,,331,Eastern Washington,fcs,Big Sky,,,,,,,,,
401870795,2026,10,regular,2026-11-07T22:00:00.000Z,False,False,False,True,,3601.0,Aggie Memorial Stadium,166,New Mexico State,fbs,Conference USA,,,,1261.0,,2335,Liberty,fbs,Conference USA,,,,1750.0,,,,,
401860911,2026,10,regular,2026-11-07T23:00:00.000Z,False,False,False,True,,5388.0,Canvas Stadium,36,Colorado State,fbs,Pac-12,,,,1327.0,,68,Boise State,fbs,Pac-12,,,,1609.0,,,,,
401868108,2026,10,regular,2026-11-07T23:00:00.000Z,False,False,False,True,,1930.0,Holt Arena,304,Idaho State,fcs,Big Sky,,,,,,147,Montana State,fcs,Big Sky,,,,,,,,,
401867862,2026,10,regular,2026-11-07T23:00:00.000Z,False,False,False,True,,3829.0,Memorial Stadium,282,Indiana State,fcs,MVFC,,,,,,79,Southern Illinois,fcs,MVFC,,,,,,,,,
401868152,2026,10,regular,2026-11-08T00:00:00.000Z,False,False,False,True,,4133.0,Braly Municipal Stadium,2453,North Alabama,fcs,UAC,,,,,,110242,West Florida,fcs,UAC,,,,,,,,,
401871075,2026,10,regular,2026-11-08T00:00:00.000Z,False,False,False,True,,3662.0,AmFirst Stadium,55,Jacksonville State,fbs,Conference USA,,,,1427.0,,2534,Sam Houston,fbs,Conference USA,,,,1161.0,,,,,
401908971,2026,10,regular,2026-11-08T00:00:00.000Z,False,False,False,True,,5834.0,Deeds Field-Piper Stadium,2171,Denison,iii,North Coast,,,,,,2746,Wittenberg,iii,North Coast,,,,,,,,,
401907283,2026,10,regular,2026-11-08T00:00:00.000Z,False,False,False,True,,5869.0,LeGrand Stadium at 1st Community Credit Union Field,2025,Angelo State,ii,Lone Star,,,,,,2201,Eastern New Mexico,ii,Lone Star,,,,,,,,,
401868057,2026,10,regular,2026-11-08T00:00:00.000Z,False,False,False,True,,3827.0,"Memorial Stadium (Stephenville, TX)",2627,Tarleton State,fcs,UAC,,,,,,2000,Abilene Christian,fcs,UAC,,,,,,,,,
401868321,2026,10,regular,2026-11-08T00:00:00.000Z,False,False,False,True,,3944.0,Strawberry Stadium,2545,SE Louisiana,fcs,Southland,,,,,,2916,Incarnate Word,fcs,Southland,,,,,,,,,
401868166,2026,10,regular,2026-11-08T00:00:00.000Z,False,False,False,True,,3602.0,Aggie Stadium,302,UC Davis,fcs,Big Sky,,,,,,3101,Utah Tech,fcs,Big Sky,,,,,,,,,
401862823,2026,10,regular,2026-11-08T00:30:00.000Z,False,False,False,False,,3841.0,Michie Stadium,349,Army,fbs,American Athletic,,,,1530.0,,2005,Air Force,fbs,Mountain West,,,,1423.0,,,,,
401858291,2026,10,regular,2026-11-08T00:30:00.000Z,False,False,False,False,,3855.0,Notre Dame Stadium,87,Notre Dame,fbs,FBS Independents,,,,2061.0,,2390,Miami,fbs,ACC,,,,1895.0,,,,,
401907313,2026,10,regular,2026-11-08T01:00:00.000Z,False,False,False,True,,6076.0,Javelina Stadium,2658,Texas A&M-Kingsville,ii,Lone Star,,,,,,2834,Sul Ross State,ii,Lone Star,,,,,,,,,
401908453,2026,10,regular,2026-11-08T01:00:00.000Z,False,False,False,True,,5821.0,Fritz B. Burns Stadium,17,Claremont Mudd Scripps,iii,So. Cal.,,,,,,2049,Azusa Pacific,iii,So. Cal.,,,,,,,,,
401860913,2026,10,regular,2026-11-08T02:30:00.000Z,False,False,False,True,,3905.0,Maverik Stadium,328,Utah State,fbs,Pac-12,,,,1348.0,,278,Fresno State,fbs,Pac-12,,,,1611.0,,,,,
401908441,2026,10,regular,2026-11-08T03:00:00.000Z,False,False,False,True,,5811.0,William Rolland Stadium,2094,Cal Lutheran,iii,So. Cal.,,,,,,411,Chapman,iii,So. Cal.,,,,,,,,,
401908463,2026,10,regular,2026-11-08T03:00:00.000Z,False,False,False,True,,6103.0,Merritt Field,2923,Pomona Pitzer,iii,So. Cal.,,,,,,29,Redlands,iii,So. Cal.,,,,,,,,,
401860912,2026,10,regular,2026-11-08T03:30:00.000Z,False,False,False,True,,3893.0,Reser Stadium,204,Oregon State,fbs,Pac-12,,,,1285.0,,326,Texas State,fbs,Pac-12,,,,1491.0,,,,,
401864535,2026,10,regular,2026-11-08T03:30:00.000Z,False,False,False,True,,6501.0,Allegiant Stadium,2439,UNLV,fbs,Mountain West,,,,1480.0,,2751,Wyoming,fbs,Mountain West,,,,1268.0,,,,,
401866459,2026,11,regular,2026-11-11T00:00:00.000Z,False,False,False,True,,3700.0,Doyt L. Perry Stadium,189,Bowling Green,fbs,Mid-American,,,,1132.0,,2309,Kent State,fbs,Mid-American,,,,1007.0,,,,,
401866458,2026,11,regular,2026-11-11T00:00:00.000Z,False,False,False,True,,3768.0,InfoCision Stadium,2006,Akron,fbs,Mid-American,,,,897.0,,2711,Western Michigan,fbs,Mid-American,,,,1519.0,,,,,
401866460,2026,11,regular,2026-11-11T00:00:00.000Z,False,False,False,True,,3996.0,Yager Stadium,193,Miami (OH),fbs,Mid-American,,,,1263.0,,195,Ohio,fbs,Mid-American,,,,1318.0,,,,,
401866462,2026,11,regular,2026-11-11T05:00:00.000Z,True,False,False,True,,3786.0,Kelly/Shorts Stadium,2117,Central Michigan,fbs,Mid-American,,,,1291.0,,16,Sacramento State,fbs,Mid-American,,,,1297.0,,,,,
401866461,2026,11,regular,2026-11-11T05:00:00.000Z,True,False,False,True,,3919.0,Scheumann Stadium,2050,Ball State,fbs,Mid-American,,,,1081.0,,2084,Buffalo,fbs,Mid-American,,,,1288.0,,,,,
401866463,2026,11,regular,2026-11-11T05:00:00.000Z,True,False,False,True,,3739.0,Glass Bowl,2649,Toledo,fbs,Mid-American,,,,1561.0,,113,Massachusetts,fbs,Mid-American,,,,1076.0,,,,,
401862824,2026,11,regular,2026-11-13T01:00:00.000Z,False,False,False,True,,3886.0,Raymond James Stadium,58,South Florida,fbs,American Athletic,,,,1676.0,,235,Memphis,fbs,American Athletic,,,,1526.0,,,,,
401869969,2026,11,regular,2026-11-13T02:00:00.000Z,False,False,False,True,,3817.0,Malone Stadium,2433,UL Monroe,fbs,Sun Belt,,,,1079.0,,309,Louisiana,fbs,Sun Belt,,,,1397.0,,,,,
401908976,2026,11,regular,2026-11-13T23:00:00.000Z,False,False,False,True,,6112.0,Richard Wackar Stadium,2827,Rowan,iii,New Jersey,,,,,,2818,Montclair State,iii,New Jersey,,,,,,,,,
401858293,2026,11,regular,2026-11-14T00:00:00.000Z,False,False,False,True,,3752.0,Acrisure Stadium,221,Pittsburgh,fbs,ACC,,,,1675.0,,52,Florida State,fbs,ACC,,,,1553.0,,,,,
401908345,2026,11,regular,2026-11-14T00:00:00.000Z,False,False,False,True,,5124.0,Homewood Field,118,Johns Hopkins,iii,Centennial,,,,,,2234,Franklin & Marshall,iii,Centennial,,,,,,,,,
401908984,2026,11,regular,2026-11-14T00:00:00.000Z,False,False,False,True,,5824.0,Lions Stadium,2442,The College of New Jersey,iii,New Jersey,,,,,,2871,Kean,iii,New Jersey,,,,,,,,,
401858526,2026,11,regular,2026-11-14T02:00:00.000Z,False,False,False,True,,1056.0,Rose Bowl,26,UCLA,fbs,Big Ten,,,,1502.0,,356,Illinois,fbs,Big Ten,,,,1589.0,,,,,
401868157,2026,11,regular,2026-11-14T03:00:00.000Z,False,False,False,True,,4765.0,Hillsboro Stadium,2502,Portland State,fcs,Big Sky,,,,,,253,Southern Utah,fcs,Big Sky,,,,,,,,,
401856860,2026,11,regular,2026-11-14T03:15:00.000Z,False,False,False,True,,3726.0,Folsom Field,38,Colorado,fbs,Big 12,,,,1330.0,,248,Houston,fbs,Big 12,,,,1518.0,,,,,
401858301,2026,11,regular,2026-11-14T05:00:00.000Z,True,False,False,True,,3735.0,Gerald J. Ford Stadium,2567,SMU,fbs,ACC,,,,1706.0,,154,Wake Forest,fbs,ACC,,,,1514.0,,,,,
401864540,2026,11,regular,2026-11-14T05:00:00.000Z,True,False,False,True,,3946.0,Sun Bowl,2638,UTEP,fbs,Mountain West,,,,1130.0,,2751,Wyoming,fbs,Mountain West,,,,1268.0,,,,,
401858298,2026,11,regular,2026-11-14T05:00:00.000Z,True,False,False,True,,3787.0,Kenan Stadium,153,North Carolina,fbs,ACC,,,,1396.0,,97,Louisville,fbs,ACC,,,,1690.0,,,,,
401856885,2026,11,regular,2026-11-14T05:00:00.000Z,True,False,False,True,,3958.0,Tiger Stadium (LA),99,LSU,fbs,SEC,,,,1786.0,,251,Texas,fbs,SEC,,,,1935.0,,,,FLEX: 3:30 - 4:30pm OR 6 - 8pm ET start,
401858297,2026,11,regular,2026-11-14T05:00:00.000Z,True,False,False,True,,3836.0,"Memorial Stadium (Clemson, SC)",228,Clemson,fbs,ACC,,,,1560.0,,59,Georgia Tech,fbs,ACC,,,,1515.0,,,,,
401856888,2026,11,regular,2026-11-14T05:00:00.000Z,True,False,False,True,,3795.0,Kyle Field,245,Texas A&M,fbs,SEC,,,,1824.0,,2633,Tennessee,fbs,SEC,,,,1771.0,,,,FLEX: 3:30 - 4:30pm OR 6 - 8pm ET start,
401858296,2026,11,regular,2026-11-14T05:00:00.000Z,True,False,False,True,,3948.0,Hard Rock Stadium,2390,Miami,fbs,ACC,,,,1895.0,,150,Duke,fbs,ACC,,,,1656.0,,,,,
401858299,2026,11,regular,2026-11-14T05:00:00.000Z,True,False,False,True,,3799.0,Lane Stadium,259,Virginia Tech,fbs,ACC,,,,1489.0,,24,Stanford,fbs,ACC,,,,1311.0,,,,,
401858521,2026,11,regular,2026-11-14T05:00:00.000Z,True,False,False,True,,3936.0,Spartan Stadium,127,Michigan State,fbs,Big Ten,,,,1537.0,,264,Washington,fbs,Big Ten,,,,1757.0,,,,,
401856887,2026,11,regular,2026-11-14T05:00:00.000Z,True,False,False,True,,3835.0,"Memorial Stadium (Norman, OK)",201,Oklahoma,fbs,SEC,,,,1782.0,,145,Ole Miss,fbs,SEC,,,,1859.0,,,,AFTERNOON: 3:30 - 4:30pm ET start,
401867905,2026,11,regular,2026-11-14T05:00:00.000Z,True,False,False,True,,11553.0,Shark Stadium,2341,Long Island University,fcs,NEC,,,,,,2115,Central Connecticut,fcs,NEC,,,,,,,,,
401858523,2026,11,regular,2026-11-14T05:00:00.000Z,True,False,False,True,,3626.0,Autzen Stadium,2483,Oregon,fbs,Big Ten,,,,1811.0,,130,Michigan,fbs,Big Ten,,,,1735.0,,,,,
401858524,2026,11,regular,2026-11-14T05:00:00.000Z,True,False,False,True,,3632.0,Beaver Stadium,213,Penn State,fbs,Big Ten,,,,1933.0,,135,Minnesota,fbs,Big Ten,,,,1484.0,,,,,
401858300,2026,11,regular,2026-11-14T05:00:00.000Z,True,False,False,True,,3670.0,Carter-Finley Stadium,152,NC State,fbs,ACC,,,,1510.0,,183,Syracuse,fbs,ACC,,,,1290.0,,,,,
401873412,2026,11,regular,2026-11-14T05:00:00.000Z,True,False,False,True,,5824.0,Lions Stadium,2442,The College of New Jersey,iii,New Jersey,,,,,,2871,Kean,iii,New Jersey,,,,,,,,,
401856883,2026,11,regular,2026-11-14T05:00:00.000Z,True,False,False,True,,3917.0,Sanford Stadium,61,Georgia,fbs,SEC,,,,1972.0,,142,Missouri,fbs,SEC,,,,1690.0,,,,FLEX: 3:30 - 4:30pm OR 6 - 8pm ET start,
401856884,2026,11,regular,2026-11-14T05:00:00.000Z,True,False,False,True,,3683.0,Kroger Field,96,Kentucky,fbs,SEC,,,,1506.0,,57,Florida,fbs,SEC,,,,1668.0,,,,NIGHT: 6 - 8pm ET start,
401856886,2026,11,regular,2026-11-14T05:00:00.000Z,True,False,False,True,,3693.0,Davis Wade Stadium,344,Mississippi State,fbs,SEC,,,,1663.0,,2,Auburn,fbs,SEC,,,,1668.0,,,,EARLY: Noon - 1pm ET start,
401908938,2026,11,regular,2026-11-14T05:00:00.000Z,True,False,False,True,,6114.0,Sea Gull Stadium,2532,Salisbury,iii,New Jersey,,,,,,3112,Christopher Newport,iii,New Jersey,,,,,,,,,
401871099,2026,11,regular,2026-11-14T05:00:00.000Z,True,False,False,True,,3776.0,Joe Aillet Stadium,2348,Louisiana Tech,fbs,Sun Belt,,,,1377.0,,2572,Southern Miss,fbs,Sun Belt,,,,1224.0,,,,,
401856861,2026,11,regular,2026-11-14T05:00:00.000Z,True,False,False,True,,3842.0,Milan Puskar Stadium,277,West Virginia,fbs,Big 12,,,,1408.0,,2305,Kansas,fbs,Big 12,,,,1481.0,,,,,
401856862,2026,11,regular,2026-11-14T05:00:00.000Z,True,False,False,True,,3616.0,Amon G. Carter Stadium,2628,TCU,fbs,Big 12,,,,1629.0,,2306,Kansas State,fbs,Big 12,,,,1692.0,,,,,
401856863,2026,11,regular,2026-11-14T05:00:00.000Z,True,False,False,True,,3646.0,Boone Pickens Stadium,197,Oklahoma State,fbs,Big 12,,,,1274.0,,2641,Texas Tech,fbs,Big 12,,,,1841.0,,,,,
401858295,2026,11,regular,2026-11-14T05:00:00.000Z,True,False,False,True,,3923.0,Scott Stadium,258,Virginia,fbs,ACC,,,,1612.0,,25,California,fbs,ACC,,,,1350.0,,,,,
401856864,2026,11,regular,2026-11-14T05:00:00.000Z,True,False,False,True,,3619.0,Arizona Stadium,12,Arizona,fbs,Big 12,,,,1634.0,,254,Utah,fbs,Big 12,,,,1907.0,,,,,
401862828,2026,11,regular,2026-11-14T05:00:00.000Z,True,False,False,True,,3895.0,Rice Stadium,242,Rice,fbs,American Athletic,,,,1162.0,,2655,Tulane,fbs,American Athletic,,,,1520.0,,,,,
401862827,2026,11,regular,2026-11-14T05:00:00.000Z,True,False,False,True,,3604.0,Alamodome,2636,UTSA,fbs,American Athletic,,,,1506.0,,249,North Texas,fbs,American Athletic,,,,1646.0,,,,,
401862826,2026,11,regular,2026-11-14T05:00:00.000Z,True,False,False,True,,3674.0,Chapman Stadium,202,Tulsa,fbs,American Athletic,,,,1271.0,,2226,Florida Atlantic,fbs,American Athletic,,,,1243.0,,,,,
401862825,2026,11,regular,2026-11-14T05:00:00.000Z,True,False,False,True,,4418.0,Jerry Richardson Stadium,2429,Charlotte,fbs,American Athletic,,,,1169.0,,151,East Carolina,fbs,American Athletic,,,,1456.0,,,,,
401858522,2026,11,regular,2026-11-14T05:00:00.000Z,True,False,False,True,,3861.0,Ohio Stadium,194,Ohio State,fbs,Big Ten,,,,2032.0,,77,Northwestern,fbs,Big Ten,,,,1625.0,,,,,
401858520,2026,11,regular,2026-11-14T05:00:00.000Z,True,False,False,True,,3665.0,SECU Stadium,120,Maryland,fbs,Big Ten,,,,1474.0,,275,Wisconsin,fbs,Big Ten,,,,1580.0,,,,,
401858518,2026,11,regular,2026-11-14T05:00:00.000Z,True,False,False,True,,3830.0,"Memorial Stadium (Bloomington, IN)",84,Indiana,fbs,Big Ten,,,,2121.0,,30,USC,fbs,Big Ten,,,,1817.0,,,,,
401862829,2026,11,regular,2026-11-14T05:00:00.000Z,True,False,False,True,,3806.0,Lincoln Financial Field,218,Temple,fbs,American Athletic,,,,1330.0,,5,UAB,fbs,American Athletic,,,,1393.0,,,,,
401858525,2026,11,regular,2026-11-14T05:00:00.000Z,True,False,False,True,,6577.0,SHI Stadium,164,Rutgers,fbs,Big Ten,,,,1391.0,,158,Nebraska,fbs,Big Ten,,,,1705.0,,,,,
401869928,2026,11,regular,2026-11-14T05:00:00.000Z,True,False,False,True,,3775.0,Joan C. Edwards Stadium,276,Marshall,fbs,Sun Belt,,,,1391.0,,2026,App State,fbs,Sun Belt,,,,1324.0,,,,,
401858519,2026,11,regular,2026-11-14T05:00:00.000Z,True,False,False,True,,3793.0,Kinnick Stadium,2294,Iowa,fbs,Big Ten,,,,1845.0,,2509,Purdue,fbs,Big Ten,,,,1311.0,,,,,
401856889,2026,11,regular,2026-11-14T05:00:00.000Z,True,False,False,True,,3973.0,FirstBank Stadium,238,Vanderbilt,fbs,SEC,,,,1742.0,,333,Alabama,fbs,SEC,,,,1863.0,,,,EARLY: Noon - 1pm ET start,
401856857,2026,11,regular,2026-11-14T05:00:00.000Z,True,False,False,True,,3652.0,FBC Mortgage Stadium,2116,UCF,fbs,Big 12,,,,1481.0,,9,Arizona State,fbs,Big 12,,,,1535.0,,,,,
401871100,2026,11,regular,2026-11-14T05:00:00.000Z,True,False,False,True,,6526.0,Hancock Whitney Stadium,6,South Alabama,fbs,Sun Belt,,,,1393.0,,2653,Troy,fbs,Sun Belt,,,,1421.0,,,,,
401856859,2026,11,regular,2026-11-14T05:00:00.000Z,True,False,False,True,,3772.0,Jack Trice Stadium,66,Iowa State,fbs,Big 12,,,,1683.0,,2132,Cincinnati,fbs,Big 12,,,,1512.0,,,,,
401864536,2026,11,regular,2026-11-14T05:00:00.000Z,True,False,False,True,,3764.0,Huskie Stadium,2459,Northern Illinois,fbs,Mountain West,,,,1240.0,,2440,Nevada,fbs,Mountain West,,,,1441.0,,,,,
401869952,2026,11,regular,2026-11-14T05:00:00.000Z,True,False,False,True,,4246.0,Center Parc Stadium,2247,Georgia State,fbs,Sun Belt,,,,1274.0,,290,Georgia Southern,fbs,Sun Belt,,,,1358.0,,,,,
401856882,2026,11,regular,2026-11-14T05:00:00.000Z,True,False,False,True,,3887.0,Razorback Stadium,8,Arkansas,fbs,SEC,,,,1466.0,,2579,South Carolina,fbs,SEC,,,,1721.0,,,,FLEX: 3:30 - 4:30pm OR 6 - 8pm ET start,
401869937,2026,11,regular,2026-11-14T05:00:00.000Z,True,False,False,True,,3654.0,Brooks Stadium (SC),324,Coastal Carolina,fbs,Sun Belt,,,,1245.0,,2032,Arkansas State,fbs,Sun Belt,,,,1319.0,,,,,
401856858,2026,11,regular,2026-11-14T05:00:00.000Z,True,False,False,True,,3801.0,LaVell Edwards Stadium,252,BYU,fbs,Big 12,,,,1692.0,,239,Baylor,fbs,Big 12,,,,1534.0,,,,,
401868217,2026,11,regular,2026-11-14T17:00:00.000Z,False,False,False,True,,36.0,Leonidoff Field,2368,Marist,fcs,Pioneer,,,,,,2086,Butler,fcs,Pioneer,,,,,,,,,
401868027,2026,11,regular,2026-11-14T17:00:00.000Z,False,False,False,True,,3722.0,Fitton Field,107,Holy Cross,fcs,Patriot,,,,,,222,Villanova,fcs,Patriot,,,,,,,,,
401908110,2026,11,regular,2026-11-14T17:00:00.000Z,False,False,False,True,,5932.0,Lloyd L. Thornton Stadium,2373,Maryville (TN),iii,USA South,,,,,,2398,Millsaps,iii,Southern Athletic,,,,,,,,,
401869155,2026,11,regular,2026-11-14T17:00:00.000Z,False,False,False,True,,3623.0,Arthur J. Rooney Athletic Field,2184,Duquesne,fcs,NEC,,,,,,2385,Mercyhurst,fcs,NEC,,,,,,,,,
401868225,2026,11,regular,2026-11-14T17:00:00.000Z,False,False,False,True,,3988.0,Welcome Stadium,2168,Dayton,fcs,Pioneer,,,,,,2166,Davidson,fcs,Pioneer,,,,,,,,,
401868014,2026,11,regular,2026-11-14T17:00:00.000Z,False,False,False,True,,150.0,Jack Coffey Field,2230,Fordham,fcs,Patriot,,,,,,46,Georgetown,fcs,Patriot,,,,,,,,,
401867923,2026,11,regular,2026-11-14T17:00:00.000Z,False,False,False,True,,3777.0,Joe Walton Stadium,2523,Robert Morris,fcs,NEC,,,,,,284,Stonehill,fcs,NEC,,,,,,,,,
401867853,2026,11,regular,2026-11-14T17:00:00.000Z,False,False,False,True,,844.0,Stambaugh Stadium,2754,Youngstown State,fcs,MVFC,,,,,,2287,Illinois State,fcs,MVFC,,,,,,,,,
401867811,2026,11,regular,2026-11-14T17:00:00.000Z,False,False,False,True,,3656.0,Brown Stadium,225,Brown,fcs,Ivy,,,,,,171,Columbia,fcs,Ivy,,,,,,,,,
401866693,2026,11,regular,2026-11-14T17:00:00.000Z,False,False,False,False,,5389.0,Kessler Stadium,2405,Monmouth,fcs,Coastal Athletic,,,,,,2771,Merrimack,fcs,FCS Independents,,,,,,,,,
401866689,2026,11,regular,2026-11-14T17:00:00.000Z,False,False,False,True,,11488.0,Centreville Bank Stadium,227,Rhode Island,fcs,Coastal Athletic,,,,,,119,Towson,fcs,Coastal Athletic,,,,,,,,,
401866688,2026,11,regular,2026-11-14T17:00:00.000Z,False,False,False,True,,3668.0,Campus Field,2529,Sacred Heart,fcs,Coastal Athletic,,,,,,2803,Bryant,fcs,Coastal Athletic,,,,,,,,,
401866687,2026,11,regular,2026-11-14T17:00:00.000Z,False,False,False,True,,4419.0,Bob Ford Field,399,UAlbany,fcs,Coastal Athletic,,,,,,311,Maine,fcs,Coastal Athletic,,,,,,,,,
401870842,2026,11,regular,2026-11-14T17:00:00.000Z,False,False,False,True,,3997.0,Yale Bowl,43,Yale,fcs,Ivy,,,,,,163,Princeton,fcs,Ivy,,,,,,,,,
401868395,2026,11,regular,2026-11-14T17:00:00.000Z,False,False,False,True,,3597.0,Alumni Memorial Field,2678,VMI,fcs,Southern,,,,,,2643,The Citadel,fcs,Southern,,,,,,,,,
401868272,2026,11,regular,2026-11-14T17:00:00.000Z,False,False,False,True,,3774.0,Jayne Stadium,2413,Morehead State,fcs,Pioneer,,,,,,2506,Presbyterian,fcs,Pioneer,,,,,,,,,
401867970,2026,11,regular,2026-11-14T17:00:00.000Z,False,False,False,True,,3762.0,Hughes Stadium,2415,Morgan State,fcs,MEAC,,,,,,2450,Norfolk State,fcs,MEAC,,,,,,,,,
401867934,2026,11,regular,2026-11-14T17:00:00.000Z,False,False,False,True,,3979.0,Wagner College Stadium,2681,Wagner,fcs,NEC,,,,,,2441,New Haven,fcs,NEC,,,,,,,,,
401908959,2026,11,regular,2026-11-14T17:00:00.000Z,False,False,False,True,,6095.0,Sabine Field at Haynes Family Stadium,2467,Norwich,iii,NEWMAC,,,,,,109,MIT,iii,NEWMAC,,,,,,,,,
401908931,2026,11,regular,2026-11-14T17:00:00.000Z,False,False,False,True,,5638.0,Dave Wolk Stadium,293,Vermont State Castleton,iii,New Jersey,,,,,,2970,William Paterson,iii,New Jersey,,,,,,,,,
401908920,2026,11,regular,2026-11-14T17:00:00.000Z,False,False,False,True,,6131.0,Jessee/Miller Field,2977,Trinity (CT),iii,NESCAC,,,,,,336,Wesleyan (CT),iii,NESCAC,,,,,,,,,
401908890,2026,11,regular,2026-11-14T17:00:00.000Z,False,False,False,True,,3889.0,Reinhart Field,2951,SUNY Maritime,iii,NEWMAC,,,,,,81,Springfield,iii,NEWMAC,,,,,,,,,
401908860,2026,11,regular,2026-11-14T17:00:00.000Z,False,False,False,True,,5894.0,Steuben Field,348,Hamilton,iii,NESCAC,,,,,,121,Bates,iii,NESCAC,,,,,,,,,
401908832,2026,11,regular,2026-11-14T17:00:00.000Z,False,False,False,True,,6151.0,Farley-Lamb Field,2731,Williams,iii,NESCAC,,,,,,7,Amherst,iii,NESCAC,,,,,,,,,
401908711,2026,11,regular,2026-11-14T17:00:00.000Z,False,False,False,True,,6100.0,Cutler Field,354,Olivet,iii,Michigan,,,,,,2790,Albion,iii,Michigan,,,,,,,,,
401908689,2026,11,regular,2026-11-14T17:00:00.000Z,False,False,False,True,,6107.0,ECAV Stadium,2528,Rensselaer,iii,Liberty League,,,,,,237,Union,iii,Liberty League,,,,,,,,,
401908649,2026,11,regular,2026-11-14T17:00:00.000Z,False,False,False,True,,6086.0,Rocco Calvo Field,323,Moravian,iii,Landmark Conference,,,,,,2354,Lycoming,iii,Landmark Conference,,,,,,,,,
401908643,2026,11,regular,2026-11-14T17:00:00.000Z,False,False,False,True,,6124.0,Amos Alonzo Stagg Field (PA),216,Susquehanna,iii,Landmark Conference,,,,,,246,Juniata,iii,Landmark Conference,,,,,,,,,
401908631,2026,11,regular,2026-11-14T17:00:00.000Z,False,False,False,True,,6115.0,Toppa Field,2776,Salve Regina,iii,NEWMAC,,,,,,2749,WPI,iii,NEWMAC,,,,,,,,,
401908616,2026,11,regular,2026-11-14T17:00:00.000Z,False,False,False,True,,6142.0,Westside Athletic Complex,2843,Western Connecticut State,iii,Landmark Conference,,,,,,398,Wilkes,iii,Landmark Conference,,,,,,,,,
401908605,2026,11,regular,2026-11-14T17:00:00.000Z,False,False,False,True,,3690.0,Charles L. Currier Memorial Field,2972,Plymouth State,iii,MSCAC,,,,,,379,UMass Dartmouth,iii,MSCAC,,,,,,,,,
401908598,2026,11,regular,2026-11-14T17:00:00.000Z,False,False,False,True,,3819.0,Bowditch Field,2967,Framingham State,iii,MSCAC,,,,,,402,Worcester State,iii,MSCAC,,,,,,,,,
401908585,2026,11,regular,2026-11-14T17:00:00.000Z,False,False,False,True,,5940.0,Clean Harbors Stadium,110,Mass Maritime,iii,MSCAC,,,,,,18,Bridgewater State,iii,MSCAC,,,,,,,,,
401908575,2026,11,regular,2026-11-14T17:00:00.000Z,False,False,False,True,,6144.0,"Alumni Field (Westfield, MA)",2909,Westfield State,iii,MSCAC,,,,,,114,Fitchburg State,iii,MSCAC,,,,,,,,,
401908536,2026,11,regular,2026-11-14T17:00:00.000Z,False,False,False,True,,,,131108,New England College,,,,,,,,111675,New England,iii,Commonwealth Coast,,,,,,,,,
401908524,2026,11,regular,2026-11-14T17:00:00.000Z,False,False,False,True,,5637.0,Vendetti Field,2884,Nichols,iii,Commonwealth Coast,,,,,,2702,Western New England,iii,Commonwealth Coast,,,,,,,,,
401908484,2026,11,regular,2026-11-14T17:00:00.000Z,False,False,False,True,,5830.0,Walter M. Katz Field,40,Curry,iii,Commonwealth Coast,,,,,,452,Endicott,iii,Commonwealth Coast,,,,,,,,,
401908385,2026,11,regular,2026-11-14T17:00:00.000Z,False,False,False,True,,6118.0,Birkelbach Field,2588,Southwestern U,iii,Southern Athletic,,,,,,2121,Centre,iii,Southern Athletic,,,,,,,,,
401908195,2026,11,regular,2026-11-14T17:00:00.000Z,False,False,False,True,,5842.0,Robert T. Shields Field,2221,FDU Florham,iii,Mid Atlantic,,,,,,127954,Eastern,iii,Mid Atlantic,,,,,,,,,
401908084,2026,11,regular,2026-11-14T17:00:00.000Z,False,False,False,True,,12023.0,Stallings Field,286,North Carolina Wesleyan,iii,USA South,,,,,,2913,Brevard,iii,USA South,,,,,,,,,
401907971,2026,11,regular,2026-11-14T17:00:00.000Z,False,False,False,False,,7512.0,St. Francis High School,125974,Hilbert,iii,Empire 8,,,,,,173,Hartwick,iii,Empire 8,,,,,,,,,
401907878,2026,11,regular,2026-11-14T17:00:00.000Z,False,False,False,True,,3675.0,Charles A. Gaetano Stadium,390,Utica,iii,Empire 8,,,,,,2781,Brockport,iii,Empire 8,,,,,,,,,
401907754,2026,11,regular,2026-11-14T17:00:00.000Z,False,False,False,True,,3717.0,Edwin Fauver Stadium,184,Rochester (NY),iii,Liberty League,,,,,,2779,St. Lawrence,iii,Liberty League,,,,,,,,,
401907664,2026,11,regular,2026-11-14T17:00:00.000Z,False,False,False,True,,5814.0,Gesling Stadium,2102,Carnegie Mellon,iii,Presidents',,,,,,2667,Ursinus,iii,Centennial,,,,,,,,,
401907618,2026,11,regular,2026-11-14T17:00:00.000Z,False,False,False,True,,6212.0,Bishop Schmitt Field,112335,Wheeling,ii,Mountain East,,,,,,2699,West Liberty,ii,Mountain East,,,,,,,,,
401907587,2026,11,regular,2026-11-14T17:00:00.000Z,False,False,False,True,,5121.0,University of Charleston Stadium,2128,Charleston (WV),ii,Mountain East,,,,,,2707,West Virginia State,ii,Mountain East,,,,,,,,,
401907558,2026,11,regular,2026-11-14T17:00:00.000Z,False,False,False,True,,4441.0,McConnell Family Stadium,367,Gannon,ii,Pennsylvania State Athletic,,,,,,223,West Chester,ii,Pennsylvania State Athletic,,,,,,,,,
401907552,2026,11,regular,2026-11-14T17:00:00.000Z,False,False,False,True,,4440.0,Sox Harrison Stadium,2205,Edinboro,ii,Pennsylvania State Athletic,,,,,,2559,Shippensburg,ii,Pennsylvania State Athletic,,,,,,,,,
401907545,2026,11,regular,2026-11-14T17:00:00.000Z,False,False,False,True,,3760.0,Hubert Jack Stadium,209,Lock Haven,ii,Pennsylvania State Athletic,,,,,,2188,East Stroudsburg,ii,Pennsylvania State Athletic,,,,,,,,,
401907535,2026,11,regular,2026-11-14T17:00:00.000Z,False,False,False,True,,4437.0,"Memorial Stadium (Clarion, PA)",2134,Clarion,ii,Pennsylvania State Athletic,,,,,,210,Millersville,ii,Pennsylvania State Athletic,,,,,,,,,
401907503,2026,11,regular,2026-11-14T17:00:00.000Z,False,False,False,True,,4436.0,Adamson Stadium,2858,California (PA),ii,Pennsylvania State Athletic,,,,,,2071,Bloomsburg,ii,Pennsylvania State Athletic,,,,,,,,,
401907492,2026,11,regular,2026-11-14T17:00:00.000Z,False,False,False,True,,6066.0,Pace Stadium,2487,Pace,ii,Northeast 10,,,,,,2038,Assumption,ii,Northeast 10,,,,,,,,,
401907006,2026,11,regular,2026-11-14T17:00:00.000Z,False,False,False,True,,5934.0,Farmers Insurance Athletic Complex,110254,Davenport,ii,GLIAC,,,,,,125,Grand Valley State,ii,GLIAC,,,,,,,,,
401906889,2026,11,regular,2026-11-14T17:00:00.000Z,False,False,False,True,,3927.0,Sherman Field,2392,Michigan Tech,ii,GLIAC,,,,,,131,Wayne State (MI),ii,GLIAC,,,,,,,,,
401906675,2026,11,regular,2026-11-14T17:00:00.000Z,False,False,False,True,,3870.0,Panther Stadium (OH),2477,Ohio Dominican,ii,Great Midwest Athletic,,,,,,2273,Hillsdale,ii,Great Midwest Athletic,,,,,,,,,
401906648,2026,11,regular,2026-11-14T17:00:00.000Z,False,False,False,True,,6129.0,BB&T Field at Griffin Plaza,2646,Thomas More,ii,Great Midwest Athletic,,,,,,2316,Kentucky Wesleyan,ii,Great Midwest Athletic,,,,,,,,,
401906640,2026,11,regular,2026-11-14T17:00:00.000Z,False,False,False,True,,3731.0,Frost-Kalnow Stadium,2838,Tiffin,ii,Great Midwest Athletic,,,,,,2224,Findlay,ii,Great Midwest Athletic,,,,,,,,,
401906630,2026,11,regular,2026-11-14T17:00:00.000Z,False,False,False,True,,3747.0,Hantz Stadium,2886,Northwood,ii,Great Midwest Athletic,,,,,,2682,Walsh,ii,Great Midwest Athletic,,,,,,,,,
401861967,2026,11,regular,2026-11-14T17:00:00.000Z,False,False,False,False,,3892.0,Pratt & Whitney Stadium,41,UConn,fbs,FBS Independents,,,,1474.0,,256,James Madison,fbs,Sun Belt,,,,1777.0,,,,,
401908917,2026,11,regular,2026-11-14T17:30:00.000Z,False,False,False,True,,6133.0,Ellis Oval at Zimman Field,112,Tufts,iii,NESCAC,,,,,,2394,Middlebury,iii,NESCAC,,,,,,,,,
401906570,2026,11,regular,2026-11-14T18:00:00.000Z,False,False,False,True,,6064.0,Crain Family Stadium,319,Oklahoma Baptist,ii,Great American,,,,,,200,Southern Nazarene,ii,Great American,,,,,,,,,
401906594,2026,11,regular,2026-11-14T18:00:00.000Z,False,False,False,False,,6062.0,Gable Field at Doc Wadley Stadium,196,Northeastern State,ii,Independent DII,,,,,,2695,West Alabama,ii,Gulf South,,,,,,,,,
401906617,2026,11,regular,2026-11-14T18:00:00.000Z,False,False,False,False,,,,134001,Monroe,,,,,,,,122774,Keystone,iii,Independent DIII,,,,,,,,,
401906910,2026,11,regular,2026-11-14T18:00:00.000Z,False,False,False,True,,3950.0,Superior Dome,128,Northern Michigan,ii,GLIAC,,,,,,129,Saginaw Valley State,ii,GLIAC,,,,,,,,,
401906936,2026,11,regular,2026-11-14T18:00:00.000Z,False,False,False,True,,3960.0,Top Taggart Field,2222,Ferris State,ii,GLIAC,,,,,,127991,Roosevelt,ii,GLIAC,,,,,,,,,
401907203,2026,11,regular,2026-11-14T18:00:00.000Z,False,False,False,True,,6030.0,Harms-Eischeid Stadium,389,Upper Iowa,ii,Great Lakes,,,,,,2292,Indianapolis,ii,Great Lakes,,,,,,,,,
401907345,2026,11,regular,2026-11-14T18:00:00.000Z,False,False,False,True,,4724.0,Audrey J. Walton Stadium at Vernon Kennedy Field,2118,Central Missouri,ii,Mid America,,,,,,2438,Nebraska Kearney,ii,Mid America,,,,,,,,,
401907375,2026,11,regular,2026-11-14T18:00:00.000Z,False,False,False,True,,6034.0,Yager Stadium at Moore Bowl,2687,Washburn,ii,Mid America,,,,,,2403,Missouri Southern State,ii,Mid America,,,,,,,,,
401907402,2026,11,regular,2026-11-14T18:00:00.000Z,False,False,False,True,,3926.0,Setzler Field,2444,Newberry,ii,South Atlantic,,,,,,129469,Anderson (SC),ii,South Atlantic,,,,,,,,,
401907426,2026,11,regular,2026-11-14T18:00:00.000Z,False,False,False,True,,5840.0,Fred Selfe Stadium at Nicewonder Field,2213,Emory & Henry,ii,South Atlantic,,,,,,2842,UVA Wise,ii,South Atlantic,,,,,,,,,
401907455,2026,11,regular,2026-11-14T18:00:00.000Z,False,False,False,True,,6046.0,Meares Stadium,2369,Mars Hill,ii,South Atlantic,,,,,,351,Wingate,ii,South Atlantic,,,,,,,,,
401908784,2026,11,regular,2026-11-14T18:00:00.000Z,False,False,False,True,,5908.0,Harley Knosher Bowl,255,Knox,iii,Midwest,,,,,,2919,Monmouth (IL),iii,Midwest,,,,,,,,,
401907483,2026,11,regular,2026-11-14T18:00:00.000Z,False,False,False,True,,5868.0,Ronald J. Abdow Field,2022,American International,ii,Northeast 10,,,,,,2583,Southern Connecticut State,ii,Northeast 10,,,,,,,,,
401907510,2026,11,regular,2026-11-14T18:00:00.000Z,False,False,False,True,,7422.0,Municipal Stadium,126086,Post,ii,Northeast 10,,,,,,2060,Bentley,ii,Northeast 10,,,,,,,,,
401907515,2026,11,regular,2026-11-14T18:00:00.000Z,False,False,False,True,,6211.0,Sodexo Field,112334,Franklin Pierce,ii,Northeast 10,,,,,,2830,Saint Anselm,ii,Northeast 10,,,,,,,,,
401907575,2026,11,regular,2026-11-14T18:00:00.000Z,False,False,False,True,,3859.0,Offutt Field,611,Seton Hill,ii,Pennsylvania State Athletic,,,,,,2315,Kutztown,ii,Pennsylvania State Athletic,,,,,,,,,
401907595,2026,11,regular,2026-11-14T18:00:00.000Z,False,False,False,False,,3667.0,Callaghan Stadium,2148,Concord,ii,Mountain East,,,,,,366,Ferrum,ii,Carolinas,,,,,,,,,
401907601,2026,11,regular,2026-11-14T18:00:00.000Z,False,False,False,True,,3642.0,Bobcat Stadium (MD),341,Frostburg State,ii,Mountain East,,,,,,2986,Fairmont State,ii,Mountain East,,,,,,,,,
401907614,2026,11,regular,2026-11-14T18:00:00.000Z,False,False,False,True,,5887.0,I.L. & Sue Morris Stadium,2249,Glenville State,ii,Mountain East,,,,,,455,West Virginia Wesleyan,ii,Mountain East,,,,,,,,,
401907630,2026,11,regular,2026-11-14T18:00:00.000Z,False,False,False,True,,4430.0,Mihalik-Thompson Stadium,215,Slippery Rock,ii,Pennsylvania State Athletic,,,,,,132714,Lackawanna,,,,,,,,,,,
401907651,2026,11,regular,2026-11-14T18:00:00.000Z,False,False,False,True,,6051.0,James S. Malosky Stadium,134,Minnesota Duluth,ii,Northern Sun,,,,,,568,Minot State,ii,Northern Sun,,,,,,,,,
401907684,2026,11,regular,2026-11-14T18:00:00.000Z,False,False,False,True,,3606.0,Scheels Field at Nemzek Stadium,2817,Minnesota St Moorhead,ii,Northern Sun,,,,,,2364,Minnesota State,ii,Northern Sun,,,,,,,,,
401907726,2026,11,regular,2026-11-14T18:00:00.000Z,False,False,False,True,,6072.0,Schwan Regional Event Center,2587,Southwest Minnesota State,ii,Northern Sun,,,,,,2851,Winona State,ii,Northern Sun,,,,,,,,,
401907745,2026,11,regular,2026-11-14T18:00:00.000Z,False,False,False,True,,5789.0,Frank B. Fuhrer Field,2018,Allegheny,iii,Presidents',,,,,,2963,Case Western Reserve,iii,Presidents',,,,,,,,,
401907788,2026,11,regular,2026-11-14T18:00:00.000Z,False,False,False,True,,5815.0,Schneider Stadium,32,Carroll (WI),iii,CCIW,,,,,,2042,Augustana (IL),iii,CCIW,,,,,,,,,
401907825,2026,11,regular,2026-11-14T18:00:00.000Z,False,False,False,True,,5816.0,Art Keller Field,2106,Carthage,iii,CCIW,,,,,,396,Wheaton (IL),iii,CCIW,,,,,,,,,
401907831,2026,11,regular,2026-11-14T18:00:00.000Z,False,False,False,True,,6093.0,Holmgren Athletic Complex,75,North Park,iii,CCIW,,,,,,72,Elmhurst,iii,CCIW,,,,,,,,,
401907837,2026,11,regular,2026-11-14T18:00:00.000Z,False,False,False,True,,980.0,Benedetti-Wehrli Stadium,3071,North Central College,iii,CCIW,,,,,,306,Illinois Wesleyan,iii,CCIW,,,,,,,,,
401907861,2026,11,regular,2026-11-14T18:00:00.000Z,False,False,False,True,,3877.0,Pioneer Stadium,3162,Alfred State,iii,Empire 8,,,,,,374,St. John Fisher,iii,Empire 8,,,,,,,,,
401915931,2026,11,regular,2026-11-14T18:00:00.000Z,False,False,False,False,,3453.0,SeatGeek Stadium,2130,Chicago State,fcs,FCS Independents,,,,,,2355,Virginia Lynchburg,,,,,,,,,,,
401907870,2026,11,regular,2026-11-14T18:00:00.000Z,False,False,False,True,,6087.0,Drake Field (NY),3110,SUNY Morrisville,iii,Empire 8,,,,,,365,Alfred,iii,Empire 8,,,,,,,,,
401907885,2026,11,regular,2026-11-14T18:00:00.000Z,False,False,True,False,,4102.0,Yankee Stadium,175,Ithaca,iii,Liberty League,,,,,,2782,SUNY Cortland,iii,Empire 8,,,,,,,,,
401908057,2026,11,regular,2026-11-14T18:00:00.000Z,False,False,False,True,,5910.0,Callaway Stadium,548,LaGrange,iii,USA South,,,,,,2896,Southern Virginia,iii,USA South,,,,,,,,,
401908171,2026,11,regular,2026-11-14T18:00:00.000Z,False,False,False,True,,3621.0,Arnold Field (PA),388,Lebanon Valley,iii,Mid Atlantic,,,,,,2015,Albright,iii,Mid Atlantic,,,,,,,,,
401908179,2026,11,regular,2026-11-14T18:00:00.000Z,False,False,False,True,,3851.0,Mustang Stadium,471,Stevenson,iii,Mid Atlantic,,,,,,111674,Alvernia,iii,Mid Atlantic,,,,,,,,,
401908188,2026,11,regular,2026-11-14T18:00:00.000Z,False,False,False,True,,4855.0,Leslie C. Quick Jr. Stadium,2725,Widener,iii,Mid Atlantic,,,,,,2808,Delaware Valley,iii,Mid Atlantic,,,,,,,,,
401908205,2026,11,regular,2026-11-14T18:00:00.000Z,False,False,False,True,,5907.0,McCarthy Stadium (Wilkes Barre),247,King's,iii,Mid Atlantic,,,,,,2969,Misericordia,iii,Mid Atlantic,,,,,,,,,
401908338,2026,11,regular,2026-11-14T18:00:00.000Z,False,False,False,True,,5835.0,Biddle Field,2175,Dickinson,iii,Centennial,,,,,,2422,Muhlenberg,iii,Centennial,,,,,,,,,
401908351,2026,11,regular,2026-11-14T18:00:00.000Z,False,False,False,True,,5851.0,Shirk Field at Musselman Stadium,2248,Gettysburg,iii,Centennial,,,,,,2700,McDaniel,iii,Centennial,,,,,,,,,
401908498,2026,11,regular,2026-11-14T18:00:00.000Z,False,False,False,True,,6145.0,Blue Jay Stadium,433,Westminster (MO),iii,Upper Midwest,,,,,,509,Crown,iii,Upper Midwest,,,,,,,,,
401908507,2026,11,regular,2026-11-14T18:00:00.000Z,False,False,False,True,,3843.0,MLC Bowl,446,Martin Luther,iii,Upper Midwest,,,,,,2257,Greenville,iii,Upper Midwest,,,,,,,,,
401908566,2026,11,regular,2026-11-14T18:00:00.000Z,False,False,False,True,,5929.0,Ritchie Field,274,Maine Maritime,iii,Commonwealth Coast,,,,,,2280,Husson,iii,Commonwealth Coast,,,,,,,,,
401908683,2026,11,regular,2026-11-14T18:00:00.000Z,False,False,False,True,,5863.0,Don Shula Stadium at Wasmer Field,2302,John Carroll,iii,Ohio,,,,,,2171,Denison,iii,North Coast,,,,,,,,,
401908886,2026,11,regular,2026-11-14T18:00:00.000Z,False,False,True,True,,6274.0,Audi Field,2383,Merchant Marine,iii,NEWMAC,,,,,,2557,Coast Guard,iii,NEWMAC,,,,,,,,Secretaries’ Cup,
401908972,2026,11,regular,2026-11-14T18:00:00.000Z,False,False,False,True,,4757.0,Edwards-Maurer Field,2746,Wittenberg,iii,North Coast,,,,,,391,Oberlin,iii,North Coast,,,,,,,,,
401867958,2026,11,regular,2026-11-14T18:00:00.000Z,False,False,False,True,,3990.0,William H. Greene Stadium,47,Howard,fcs,MEAC,,,,,,2169,Delaware State,fcs,MEAC,,,,,,,,,
401908698,2026,11,regular,2026-11-14T18:00:00.000Z,False,False,False,True,,5787.0,Docking Stadium,2003,Adrian,iii,Michigan,,,,,,126,Kalamazoo,iii,Michigan,,,,,,,,,
401867997,2026,11,regular,2026-11-14T18:00:00.000Z,False,False,False,True,,3998.0,Zable Stadium,2729,William & Mary,fcs,Patriot,,,,,,2083,Bucknell,fcs,Patriot,,,,,,,,,
401868006,2026,11,regular,2026-11-14T18:00:00.000Z,False,False,False,True,,3617.0,Andy Kerr Stadium,2142,Colgate,fcs,Patriot,,,,,,322,Lafayette,fcs,Patriot,,,,,,,,,
401868286,2026,11,regular,2026-11-14T18:00:00.000Z,False,False,False,True,,4416.0,Spec Martin Municipal Stadium,56,Stetson,fcs,Pioneer,,,,,,2674,Valparaiso,fcs,Pioneer,,,,,,,,,
401868946,2026,11,regular,2026-11-14T18:00:00.000Z,False,False,False,True,,3850.0,Municipal Stadium,2065,Bethune-Cookman,fcs,SWAC,,,,,,2755,Grambling,fcs,SWAC,,,,,,,,,
401908872,2026,11,regular,2026-11-14T18:00:00.000Z,False,False,False,True,,5806.0,Whittier Field,340,Bowdoin,iii,NESCAC,,,,,,33,Colby,iii,NESCAC,,,,,,,,,
401908865,2026,11,regular,2026-11-14T18:00:00.000Z,False,False,False,True,,5928.0,Macalester Stadium,2359,Macalester,iii,Minnesota,,,,,,2968,Gustavus Adolphus,iii,Minnesota,,,,,,,,,
401908721,2026,11,regular,2026-11-14T18:00:00.000Z,False,False,False,True,,5810.0,Coyer Field,2085,Buffalo State,iii,Liberty League,,,,,,174,Hobart,iii,Liberty League,,,,,,,,,
401908737,2026,11,regular,2026-11-14T18:00:00.000Z,False,False,False,True,,5790.0,Bahlke Field,2800,Alma,iii,Michigan,,,,,,129738,Calvin,iii,Michigan,,,,,,,,,
401908747,2026,11,regular,2026-11-14T18:00:00.000Z,False,False,False,True,,3755.0,Ray and Sue Smith Stadium,2812,Hope,iii,Michigan,,,,,,2651,Trine,iii,Michigan,,,,,,,,,
401908758,2026,11,regular,2026-11-14T18:00:00.000Z,False,False,False,True,,5858.0,England Stadium,2286,Illinois College,iii,Midwest,,,,,,266,Beloit,iii,Midwest,,,,,,,,,
401908804,2026,11,regular,2026-11-14T18:00:00.000Z,False,False,False,True,,5804.0,Royal Stadium,2802,Bethel (MN),iii,Minnesota,,,,,,375,St. Scholastica,iii,Minnesota,,,,,,,,,
401908796,2026,11,regular,2026-11-14T18:00:00.000Z,False,False,False,True,,5895.0,Klas Field,162,Hamline,iii,Minnesota,,,,,,124,Augsburg,iii,Minnesota,,,,,,,,,
401866690,2026,11,regular,2026-11-14T18:00:00.000Z,False,False,False,True,,3620.0,Armstrong Stadium,2261,Hampton,fcs,Coastal Athletic,,,,,,2448,North Carolina A&T,fcs,Coastal Athletic,,,,,,,,,
401867843,2026,11,regular,2026-11-14T18:00:00.000Z,False,False,False,True,,3730.0,Franklin Field,219,Pennsylvania,fcs,Ivy,,,,,,108,Harvard,fcs,Ivy,,,,,,,,,
401868344,2026,11,regular,2026-11-14T18:00:00.000Z,False,False,False,True,,3868.0,Paladin Stadium,231,Furman,fcs,Southern,,,,,,236,Chattanooga,fcs,Southern,,,,,,,,,
401909106,2026,11,regular,2026-11-14T18:00:00.000Z,False,False,False,True,,5826.0,Concordia Stadium,2151,Concordia Chicago,iii,NACC,,,,,,2741,Wisconsin Lutheran,iii,NACC,,,,,,,,,
401909070,2026,11,regular,2026-11-14T18:00:00.000Z,False,False,False,True,,6146.0,Memorial Field (PA),2849,Westminster (PA),iii,Presidents',,,,,,2686,Washington & Jefferson,iii,Presidents',,,,,,,,,
401909051,2026,11,regular,2026-11-14T18:00:00.000Z,False,False,False,True,,5855.0,Charles A. Henry Field,2274,Hiram,iii,Presidents',,,,,,2614,Saint Vincent,iii,Presidents',,,,,,,,,
401909046,2026,11,regular,2026-11-14T18:00:00.000Z,False,False,False,True,,5864.0,Robert E. Thorn Field,146,Grove City,iii,Presidents',,,,,,2644,Thiel,iii,Presidents',,,,,,,,,
401909039,2026,11,regular,2026-11-14T18:00:00.000Z,False,False,False,True,,3694.0,DeGol Field,2598,Saint Francis,iii,Presidents',,,,,,2242,Geneva,iii,Presidents',,,,,,,,,
401909033,2026,11,regular,2026-11-14T18:00:00.000Z,False,False,False,True,,6140.0,John F. Wiley Stadium,2845,Waynesburg,iii,Presidents',,,,,,2062,Bethany (WV),iii,Presidents',,,,,,,,,
401909009,2026,11,regular,2026-11-14T18:00:00.000Z,False,False,False,True,,5896.0,Lewis C. Everett Stadium,297,Hampden Sydney,iii,Old Dominion,,,,,,2516,Randolph Macon,iii,Old Dominion,,,,,,,,,
401909004,2026,11,regular,2026-11-14T18:00:00.000Z,False,False,False,True,,6116.0,Shentel Stadium,2828,Shenandoah,iii,Old Dominion,,,,,,2258,Guilford,iii,Old Dominion,,,,,,,,,
401866691,2026,11,regular,2026-11-14T18:00:00.000Z,False,False,False,True,,3688.0,Wildcat Stadium,160,New Hampshire,fcs,Coastal Athletic,,,,,,2619,Stony Brook,fcs,Coastal Athletic,,,,,,,,,
401867833,2026,11,regular,2026-11-14T18:00:00.000Z,False,False,False,True,,3921.0,Schoellkopf Field,172,Cornell,fcs,Ivy,,,,,,159,Dartmouth,fcs,Ivy,,,,,,,,,
401909140,2026,11,regular,2026-11-14T18:00:00.000Z,False,False,False,True,,5906.0,McBride Field,352,Kenyon,iii,North Coast,,,,,,2980,Ohio Wesleyan,iii,North Coast,,,,,,,,,
401867863,2026,11,regular,2026-11-14T18:00:00.000Z,False,False,False,True,,3829.0,Memorial Stadium,282,Indiana State,fcs,MVFC,,,,,,93,Murray State,fcs,MVFC,,,,,,,,,
401909136,2026,11,regular,2026-11-14T18:07:00.000Z,False,False,True,True,,3919.0,Scheumann Stadium,83,DePauw,iii,North Coast,,,,,,89,Wabash,iii,North Coast,,,,,,,,,
401908215,2026,11,regular,2026-11-14T18:30:00.000Z,False,False,False,True,,5793.0,Macholtz Stadium,2023,Anderson (IN),iii,Heartland,,,,,,2362,Manchester,iii,Heartland,,,,,,,,,
401908271,2026,11,regular,2026-11-14T18:30:00.000Z,False,False,False,False,,6088.0,Schueler Field,2419,Mount St Joseph,iii,Heartland,,,,,,317,Marietta,iii,Ohio,,,,,,,,,
401908661,2026,11,regular,2026-11-14T18:30:00.000Z,False,False,False,True,,5801.0,George Finnie Stadium,188,Baldwin Wallace,iii,Ohio,,,,,,332,Muskingum,iii,Ohio,,,,,,,,,
401908669,2026,11,regular,2026-11-14T18:30:00.000Z,False,False,False,True,,5812.0,Bernlohr Stadium,424,Capital,iii,Ohio,,,,,,427,Ohio Northern,iii,Ohio,,,,,,,,,
401908675,2026,11,regular,2026-11-14T18:30:00.000Z,False,False,False,True,,6152.0,Wiliams Stadium (OH),2733,Wilmington (OH),iii,Ohio,,,,,,191,Heidelberg,iii,Ohio,,,,,,,,,
401908840,2026,11,regular,2026-11-14T18:30:00.000Z,False,False,False,True,,6101.0,"Memorial Stadium (Westerville, OH)",359,Otterbein,iii,Ohio,,,,,,426,Mount Union,iii,Ohio,,,,,,,,,
401868351,2026,11,regular,2026-11-14T18:30:00.000Z,False,False,False,True,,3737.0,Gibbs Stadium,2747,Wofford,fcs,Southern,,,,,,2193,East Tennessee State,fcs,Southern,,,,,,,,,
401908224,2026,11,regular,2026-11-14T18:30:00.000Z,False,False,False,True,,5805.0,Alumni Field (OH),2074,Bluffton,iii,Heartland,,,,,,86,Rose Hulman,iii,Heartland,,,,,,,,,
401908230,2026,11,regular,2026-11-14T18:30:00.000Z,False,False,False,True,,3716.0,"Stewart """"Red"""" Faught Stadium",2233,Franklin,iii,Heartland,,,,,,2262,Hanover,iii,Heartland,,,,,,,,,
401867981,2026,11,regular,2026-11-14T18:30:00.000Z,False,False,False,True,,3864.0,Oliver C. Dawson Stadium,2569,South Carolina State,fcs,MEAC,,,,,,2428,North Carolina Central,fcs,MEAC,,,,,,,,,
401908376,2026,11,regular,2026-11-14T19:00:00.000Z,False,False,False,True,,4422.0,Valhalla Stadium,2757,Berry,iii,Southern Athletic,,,,,,2553,Sewanee,iii,Southern Athletic,,,,,,,,,
401907568,2026,11,regular,2026-11-14T19:00:00.000Z,False,False,False,True,,4433.0,George P. Miller Stadium,2291,IU Pennsylvania,ii,Pennsylvania State Athletic,,,,,,2974,Shepherd,ii,Pennsylvania State Athletic,,,,,,,,,
401909017,2026,11,regular,2026-11-14T19:00:00.000Z,False,False,False,True,,,,131109,Roanoke College,,,,,,,,2688,Washington and Lee,iii,Old Dominion,,,,,,,,,
401908992,2026,11,regular,2026-11-14T19:00:00.000Z,False,False,False,True,,5800.0,Jopson Athletic Complex,2079,Bridgewater,iii,Old Dominion,,,,,,2047,Averett,iii,Old Dominion,,,,,,,,,
401908880,2026,11,regular,2026-11-14T19:00:00.000Z,False,False,False,True,,6284.0,Village of Lisle-Benedictine University Sports Complex,2283,Benedictine (IL),iii,NACC,,,,,,409,Concordia (WI),iii,NACC,,,,,,,,,
401908853,2026,11,regular,2026-11-14T19:00:00.000Z,False,False,False,True,,5797.0,Vago Field,2044,Aurora,iii,NACC,,,,,,101,Eureka,iii,NACC,,,,,,,,,
401908823,2026,11,regular,2026-11-14T19:00:00.000Z,False,False,False,True,,5825.0,Jake Christiansen Stadium,2152,Concordia (MN),iii,Minnesota,,,,,,2101,Carleton,iii,Minnesota,,,,,,,,,
401908777,2026,11,regular,2026-11-14T19:00:00.000Z,False,False,False,True,,5861.0,Rosenbloom Field,65,Grinnell,iii,Midwest,,,,,,67,Luther,iii,Midwest,,,,,,,,,
401908764,2026,11,regular,2026-11-14T19:00:00.000Z,False,False,False,True,,6109.0,Ingalls Field,2891,Ripon,iii,Midwest,,,,,,268,Lawrence,iii,Midwest,,,,,,,,,
401908527,2026,11,regular,2026-11-14T19:00:00.000Z,False,False,False,True,,6082.0,Big Cat Stadium,2399,Minnesota Morris,iii,Upper Midwest,,,,,,583,Northwestern (MN),iii,Upper Midwest,,,,,,,,,
401908324,2026,11,regular,2026-11-14T19:00:00.000Z,False,False,False,True,,4463.0,Crusader Stadium,2371,Mary Hardin Baylor,iii,American Southwest,,,,,,2810,Hardin Simmons,iii,American Southwest,,,,,,,,,
401908303,2026,11,regular,2026-11-14T19:00:00.000Z,False,False,False,True,,3915.0,Charles Lee Field at Samford Stadium,2938,Huntingdon,iii,USA South,,,,,,2056,Belhaven,iii,USA South,,,,,,,,,
401908284,2026,11,regular,2026-11-14T19:00:00.000Z,False,False,False,True,,5857.0,Gordon Wood Stadium,2758,Howard Payne,iii,American Southwest,,,,,,2194,East Texas Baptist,iii,American Southwest,,,,,,,,,
401908240,2026,11,regular,2026-11-14T19:00:00.000Z,False,False,False,True,,5836.0,Chalmers Field,49,Dubuque,iii,American Rivers,,,,,,263,Loras,iii,American Rivers,,,,,,,,,
401908235,2026,11,regular,2026-11-14T19:00:00.000Z,False,False,False,True,,6137.0,Walston-Hoover Stadium,2685,Wartburg,iii,American Rivers,,,,,,2141,Coe,iii,American Rivers,,,,,,,,,
401908013,2026,11,regular,2026-11-14T19:00:00.000Z,False,False,False,True,,5914.0,Veterans Memorial Stadium (WI),2740,Wisconsin La Crosse,iii,Wisconsin,,,,,,272,Wisconsin Platteville,iii,Wisconsin,,,,,,,,,
401907984,2026,11,regular,2026-11-14T19:00:00.000Z,False,False,False,True,,5901.0,David Smith Stadium at Ramer Field,2723,Wisconsin River Falls,iii,Wisconsin,,,,,,2743,Wisconsin Stevens Point,iii,Wisconsin,,,,,,,,,
401907894,2026,11,regular,2026-11-14T19:00:00.000Z,False,False,False,True,,5916.0,Carson Park,2738,Wisconsin Eau Claire,iii,Wisconsin,,,,,,2745,Wisconsin Whitewater,iii,Wisconsin,,,,,,,,,
401907767,2026,11,regular,2026-11-14T19:00:00.000Z,False,False,False,True,,5809.0,J. Leslie Rollins Stadium,63,Buena Vista,iii,American Rivers,,,,,,6845,Nebraska Wesleyan,iii,American Rivers,,,,,,,,,
401907732,2026,11,regular,2026-11-14T19:00:00.000Z,False,False,False,True,,5872.0,Kirkeby-Over Stadium,2043,Augustana (SD),ii,Northern Sun,,,,,,2844,Wayne State (NE),ii,Northern Sun,,,,,,,,,
401907716,2026,11,regular,2026-11-14T19:00:00.000Z,False,False,False,True,,6070.0,Bob Young Field,2894,Sioux Falls,ii,Northern Sun,,,,,,3066,Concordia St. Paul,ii,Northern Sun,,,,,,,,,
401907674,2026,11,regular,2026-11-14T19:00:00.000Z,False,False,False,True,,5820.0,Amos Alonzo Stagg Field,80,Chicago,iii,Midwest,,,,,,262,Lake Forest,iii,Midwest,,,,,,,,,
401907642,2026,11,regular,2026-11-14T19:00:00.000Z,False,False,False,True,,3638.0,MDU Resources Community Bowl,559,University of Mary,ii,Northern Sun,,,,,,132,Bemidji State,ii,Northern Sun,,,,,,,,,
401907474,2026,11,regular,2026-11-14T19:00:00.000Z,False,False,False,True,,5897.0,Francis Field (MO),143,Washington St. Louis,iii,North Coast,,,,,,2748,Wooster,iii,North Coast,,,,,,,,,
401907419,2026,11,regular,2026-11-14T19:00:00.000Z,False,False,False,True,,6078.0,Pioneer Field (TN),2839,Tusculum,ii,South Atlantic,,,,,,2105,Carson Newman,ii,South Atlantic,,,,,,,,,
401907363,2026,11,regular,2026-11-14T19:00:00.000Z,False,False,False,True,,5890.0,Lewis Field Stadium,2231,Fort Hays,ii,Mid America,,,,,,2214,Emporia State,ii,Mid America,,,,,,,,,
401907354,2026,11,regular,2026-11-14T19:00:00.000Z,False,False,False,True,,5878.0,Wantland Stadium,2122,Central Oklahoma,ii,Mid America,,,,,,137,Missouri Western,ii,Mid America,,,,,,,,,
401907284,2026,11,regular,2026-11-14T19:00:00.000Z,False,False,False,True,,3633.0,Ben Altamirano Field,2703,Western New Mexico,ii,Lone Star,,,,,,2025,Angelo State,ii,Lone Star,,,,,,,,,
401907238,2026,11,regular,2026-11-14T19:00:00.000Z,False,False,False,True,,3878.0,Plaster Sports Complex,2586,Southwest Baptist,ii,Great Lakes,,,,,,2825,Quincy,ii,Great Lakes,,,,,,,,,
401907212,2026,11,regular,2026-11-14T19:00:00.000Z,False,False,False,True,,6045.0,Dwight T. Reed Stadium,2876,Lincoln (MO),ii,Great Lakes,,,,,,2911,William Jewell,ii,Great Lakes,,,,,,,,,
401907143,2026,11,regular,2026-11-14T19:00:00.000Z,False,False,False,True,,5883.0,Marv Kay Stadium at Campbell Field,2146,Colorado School of Mines,ii,Rocky Mountain,,,,,,2424,New Mexico Highlands,ii,Rocky Mountain,,,,,,,,,
401906687,2026,11,regular,2026-11-14T19:00:00.000Z,False,False,False,True,,3769.0,Jack Britt Memorial Stadium,437,Lake Erie,ii,Great Midwest Athletic,,,,,,308,Ashland,ii,Great Midwest Athletic,,,,,,,,,
401906559,2026,11,regular,2026-11-14T19:00:00.000Z,False,False,False,True,,5113.0,Ruggles Field at Carpenter-Haygood Stadium,2271,Henderson State,ii,Great American,,,,,,2888,Ouachita Baptist,ii,Great American,,,,,,,,,
401870769,2026,11,regular,2026-11-14T19:00:00.000Z,False,False,False,True,,3647.0,Elliott T. Bowers Stadium,2534,Sam Houston,fbs,Conference USA,,,,1161.0,,338,Kennesaw State,fbs,Conference USA,,,,1285.0,,,,,
401866692,2026,11,regular,2026-11-14T19:00:00.000Z,False,False,False,True,,3894.0,Rhodes Stadium,2210,Elon,fcs,Coastal Athletic,,,,,,2097,Campbell,fcs,Coastal Athletic,,,,,,,,,
401867888,2026,11,regular,2026-11-14T19:00:00.000Z,False,False,False,True,,1905.0,DakotaDome,233,South Dakota,fcs,MVFC,,,,,,2460,Northern Iowa,fcs,MVFC,,,,,,,,,
401867893,2026,11,regular,2026-11-14T19:00:00.000Z,False,False,False,True,,3913.0,Saluki Stadium,79,Southern Illinois,fcs,MVFC,,,,,,2571,South Dakota State,fcs,MVFC,,,,,,,,,
401868036,2026,11,regular,2026-11-14T19:00:00.000Z,False,False,False,True,,2068.0,E. Claiborne Robins Stadium,257,Richmond,fcs,Patriot,,,,,,2329,Lehigh,fcs,Patriot,,,,,,,,,
401873402,2026,11,regular,2026-11-14T19:00:00.000Z,False,False,False,True,,5918.0,Taylor Field,6353,Lakeland,iii,NACC,,,,,,2524,Rockford,iii,NACC,,,,,,,,,
401868058,2026,11,regular,2026-11-14T19:00:00.000Z,False,False,False,True,,3742.0,Governors Stadium,2046,Austin Peay,fcs,UAC,,,,,,2000,Abilene Christian,fcs,UAC,,,,,,,,,
401868122,2026,11,regular,2026-11-14T19:00:00.000Z,False,False,False,True,,3856.0,Nottingham Field,2458,Northern Colorado,fcs,Big Sky,,,,,,147,Montana State,fcs,Big Sky,,,,,,,,,
401868138,2026,11,regular,2026-11-14T19:00:00.000Z,False,False,False,True,,3908.0,Roy Kidd Stadium,2198,Eastern Kentucky,fcs,UAC,,,,,,2110,Central Arkansas,fcs,UAC,,,,,,,,,
401868177,2026,11,regular,2026-11-14T19:00:00.000Z,False,False,False,True,,3658.0,Buccaneer Field,2127,Charleston Southern,fcs,OVC,,,,,,2546,Southeast Missouri State,fcs,OVC,,,,,,,,,
401868192,2026,11,regular,2026-11-14T19:00:00.000Z,False,False,False,True,,3746.0,Hanson Field,2710,Western Illinois,fcs,OVC,,,,,,2241,Gardner-Webb,fcs,OVC,,,,,,,,,
401868233,2026,11,regular,2026-11-14T19:00:00.000Z,False,False,False,True,,5888.0,University Stadium (GA),2698,West Georgia,fcs,UAC,,,,,,2453,North Alabama,fcs,UAC,,,,,,,,,
401868260,2026,11,regular,2026-11-14T19:00:00.000Z,False,False,False,True,,5116.0,O'Shaughnessy Stadium,2900,St. Thomas (MN),fcs,Pioneer,,,,,,2181,Drake,fcs,Pioneer,,,,,,,,,
401869135,2026,11,regular,2026-11-14T19:00:00.000Z,False,False,False,True,,3963.0,Harry Turpin Stadium,2466,Northwestern State,fcs,Southland,,,,,,2277,Houston Christian,fcs,Southland,,,,,,,,,
401868385,2026,11,regular,2026-11-14T19:30:00.000Z,False,False,False,True,,3962.0,Tucker Stadium,2635,Tennessee Tech,fcs,Southern,,,,,,2382,Mercer,fcs,Southern,,,,,,,,,
401907386,2026,11,regular,2026-11-14T19:30:00.000Z,False,False,True,True,,3486.0,Children's Mercy Park,138,Northwest Missouri State,ii,Mid America,,,,,,90,Pittsburg State,ii,Mid America,,,,,,,,,
401907128,2026,11,regular,2026-11-14T20:00:00.000Z,False,False,False,True,,5880.0,Elliott Field at Don Beebe Stadium,2123,Chadron State,ii,Rocky Mountain,,,,,,613,South Dakota Mines,ii,Rocky Mountain,,,,,,,,,
401907119,2026,11,regular,2026-11-14T20:00:00.000Z,False,False,False,True,,5882.0,Ralph Stocker Stadium,11,Colorado Mesa,ii,Rocky Mountain,,,,,,2069,Black Hills State,ii,Rocky Mountain,,,,,,,,,
401906604,2026,11,regular,2026-11-14T20:00:00.000Z,False,False,False,True,,5935.0,Parker Field at McCool Stadium,2170,Delta State,ii,Gulf South,,,,,,2673,Valdosta State,ii,Gulf South,,,,,,,,,
401906544,2026,11,regular,2026-11-14T20:00:00.000Z,False,False,False,True,,5936.0,Koi Ishto Stadium,2191,East Central,ii,Great American,,,,,,199,Southeastern Oklahoma State,ii,Great American,,,,,,,,,
401906535,2026,11,regular,2026-11-14T20:00:00.000Z,False,False,True,True,,7185.0,"Memorial Stadium (El Dorado, AR)",2028,Arkansas Monticello,ii,Great American,,,,,,2568,Southern Arkansas,ii,Great American,,,,,,,,,
401906525,2026,11,regular,2026-11-14T20:00:00.000Z,False,False,False,True,,5885.0,First Security Stadium,2264,Harding,ii,Great American,,,,,,2033,Arkansas Tech,ii,Great American,,,,,,,,,
401907323,2026,11,regular,2026-11-14T20:00:00.000Z,False,False,False,True,,5884.0,Buffalo Stadium,2704,West Texas,ii,Lone Star,,,,,,2120,Central Washington,ii,Lone Star,,,,,,,,,
401873237,2026,11,regular,2026-11-14T20:00:00.000Z,False,False,False,True,,6104.0,Baker Stadium,2508,Puget Sound,iii,Northwest,,,,,,2721,Whitworth,iii,Northwest,,,,,,,,,
401869148,2026,11,regular,2026-11-14T20:00:00.000Z,False,False,False,True,,3734.0,Gayle and Tom Benson Stadium,2916,Incarnate Word,fcs,Southland,,,,,,2447,Nicholls,fcs,Southland,,,,,,,,,
401868951,2026,11,regular,2026-11-14T20:00:00.000Z,False,False,False,True,,3650.0,Bragg Memorial Stadium,50,Florida A&M,fcs,SWAC,,,,,,2400,Mississippi Valley State,fcs,SWAC,,,,,,,,,
401907695,2026,11,regular,2026-11-14T20:00:00.000Z,False,False,False,True,,3951.0,Swisher Field,425,Northern State,ii,Northern Sun,,,,,,2939,Jamestown,ii,Northern Sun,,,,,,,,,
401907962,2026,11,regular,2026-11-14T20:00:00.000Z,False,False,False,True,,5120.0,J.J. Keller Field at Titan Stadium,271,Wisconsin Oshkosh,iii,Wisconsin,,,,,,2744,Wisconsin Stout,iii,Wisconsin,,,,,,,,,
401908149,2026,11,regular,2026-11-14T20:00:00.000Z,False,False,False,True,,3635.0,Bill Buxton Stadium,2564,Simpson (IA),iii,American Rivers,,,,,,2964,Central College,iii,American Rivers,,,,,,,,,
401871060,2026,11,regular,2026-11-14T20:00:00.000Z,False,False,False,True,,3695.0,Delaware Stadium,48,Delaware,fbs,Conference USA,,,,1414.0,,2229,Florida International,fbs,Conference USA,,,,1392.0,,,,,
401908405,2026,11,regular,2026-11-14T20:00:00.000Z,False,False,False,True,,6108.0,Crain Field,2519,Rhodes,iii,Southern Athletic,,,,,,386,Trinity (TX),iii,Southern Athletic,,,,,,,,,
401907314,2026,11,regular,2026-11-14T20:00:00.000Z,False,False,False,True,,5917.0,Ratliff Stadium,110243,UT Permian Basin,ii,Lone Star,,,,,,2658,Texas A&M-Kingsville,ii,Lone Star,,,,,,,,,
401870796,2026,11,regular,2026-11-14T20:00:00.000Z,False,False,False,True,,3878.0,Plaster Sports Complex,2623,Missouri State,fbs,Conference USA,,,,1281.0,,166,New Mexico State,fbs,Conference USA,,,,1261.0,,,,,
401868364,2026,11,regular,2026-11-14T20:00:00.000Z,False,False,False,True,,3599.0,Ace W. Mumford Stadium,2582,Southern,fcs,SWAC,,,,,,2016,Alcorn State,fcs,SWAC,,,,,,,,,
401907149,2026,11,regular,2026-11-14T20:00:00.000Z,False,False,False,True,,4852.0,Neta and Eddie DeRose ThunderBowl,2570,CSU Pueblo,ii,Rocky Mountain,,,,,,2714,Western Colorado,ii,Rocky Mountain,,,,,,,,,
401868332,2026,11,regular,2026-11-14T20:00:00.000Z,False,False,False,True,,4582.0,Hornet Stadium,2011,Alabama State,fcs,SWAC,,,,,,2296,Jackson State,fcs,SWAC,,,,,,,,,
401868940,2026,11,regular,2026-11-14T20:00:00.000Z,False,False,False,True,,3740.0,Golden Lion Stadium,2029,Arkansas-Pine Bluff,fcs,SWAC,,,,,,2504,Prairie View A&M,fcs,SWAC,,,,,,,,,
401868202,2026,11,regular,2026-11-14T20:00:00.000Z,False,False,False,True,,3748.0,Graham Stadium,2630,UT Martin,fcs,OVC,,,,,,2815,Lindenwood,fcs,OVC,,,,,,,,,
401868239,2026,11,regular,2026-11-14T20:00:00.000Z,False,False,False,True,,10803.0,Pen-Air Field,110242,West Florida,fcs,UAC,,,,,,2627,Tarleton State,fcs,UAC,,,,,,,,,
401868303,2026,11,regular,2026-11-14T20:00:00.000Z,False,False,False,True,,3809.0,Louis Crews Stadium,2010,Alabama A&M,fcs,SWAC,,,,,,2640,Texas Southern,fcs,SWAC,,,,,,,,,
401871061,2026,11,regular,2026-11-14T20:30:00.000Z,False,False,False,True,,3992.0,Williams Stadium (VA),2335,Liberty,fbs,Conference USA,,,,1750.0,,2393,Middle Tennessee,fbs,Conference USA,,,,1298.0,,,,,
401858294,2026,11,regular,2026-11-14T20:30:00.000Z,False,False,False,False,,3855.0,Notre Dame Stadium,87,Notre Dame,fbs,FBS Independents,,,,2061.0,,103,Boston College,fbs,ACC,,,,1380.0,,,,,
401868185,2026,11,regular,2026-11-14T20:30:00.000Z,False,False,False,True,,3810.0,Nissan Stadium,2634,Tennessee State,fcs,OVC,,,,,,2197,Eastern Illinois,fcs,OVC,,,,,,,,,
401870752,2026,11,regular,2026-11-14T20:30:00.000Z,False,False,False,True,,3796.0,Houchens Industries-L.T. Smith Stadium,98,Western Kentucky,fbs,Conference USA,,,,1242.0,,55,Jacksonville State,fbs,Conference USA,,,,1427.0,,,,,
401868389,2026,11,regular,2026-11-14T20:30:00.000Z,False,False,False,True,,3925.0,Seibert Stadium,2535,Samford,fcs,Southern,,,,,,2717,Western Carolina,fcs,Southern,,,,,,,,,
401868091,2026,11,regular,2026-11-14T21:00:00.000Z,False,False,False,True,,3745.0,Greater Zion Stadium,3101,Utah Tech,fcs,Big Sky,,,,,,331,Eastern Washington,fcs,Big Sky,,,,,,,,,
401869146,2026,11,regular,2026-11-14T21:00:00.000Z,False,False,False,True,,3882.0,Provost Umphrey Stadium,2320,Lamar,fcs,Southland,,,,,,2837,East Texas A&M,fcs,Southland,,,,,,,,,
401868127,2026,11,regular,2026-11-14T21:00:00.000Z,False,False,False,True,,2023.0,Walkup Skydome,2464,Northern Arizona,fcs,Big Sky,,,,,,2692,Weber State,fcs,Big Sky,,,,,,,,,
401868099,2026,11,regular,2026-11-14T21:00:00.000Z,False,False,False,True,,3791.0,Kibbie Dome,70,Idaho,fcs,Big Sky,,,,,,302,UC Davis,fcs,Big Sky,,,,,,,,,
401908400,2026,11,regular,2026-11-14T21:00:00.000Z,False,False,False,True,,5850.0,Stoffer Family Stadium,415,George Fox,iii,Northwest,,,,,,2486,Pacific Lutheran,iii,Northwest,,,,,,,,,
401860916,2026,11,regular,2026-11-14T21:00:00.000Z,False,False,False,True,,3644.0,Bobcat Stadium (TX),326,Texas State,fbs,Pac-12,,,,1491.0,,278,Fresno State,fbs,Pac-12,,,,1611.0,,,,,
401908421,2026,11,regular,2026-11-14T21:00:00.000Z,False,False,False,True,,6149.0,McCulloch Stadium,2930,Willamette,iii,Northwest,,,,,,203,Linfield,iii,Northwest,,,,,,,,,
401908411,2026,11,regular,2026-11-14T21:00:00.000Z,False,False,False,True,,5920.0,Griswold Stadium,2333,Lewis & Clark,iii,Northwest,,,,,,205,Pacific (OR),iii,Northwest,,,,,,,,,
401908330,2026,11,regular,2026-11-14T21:00:00.000Z,False,False,False,True,,11956.0,Antler Stadium,102549,Schreiner,,,,,,,,241,McMurry,iii,American Southwest,,,,,,,,,
401907292,2026,11,regular,2026-11-14T21:00:00.000Z,False,False,False,True,,5938.0,Al Whitehead Field at Greyhound Stadium,2201,Eastern New Mexico,ii,Lone Star,,,,,,2395,Midwestern State,ii,Lone Star,,,,,,,,,
401907218,2026,11,regular,2026-11-14T21:00:00.000Z,False,False,False,True,,6077.0,Stokes Stadium,2654,Truman State,ii,Great Lakes,,,,,,2816,McKendree,ii,Great Lakes,,,,,,,,,
401907108,2026,11,regular,2026-11-14T21:00:00.000Z,False,False,False,True,,5866.0,Rex Stadium,2001,Adams State,ii,Rocky Mountain,,,,,,2237,Fort Lewis,ii,Rocky Mountain,,,,,,,,,
401906565,2026,11,regular,2026-11-14T21:00:00.000Z,False,False,False,True,,6073.0,Milam Stadium,2927,Southwestern Oklahoma State,ii,Great American,,,,,,2823,Northwestern (OK),ii,Great American,,,,,,,,,
401860914,2026,11,regular,2026-11-14T23:00:00.000Z,False,False,False,True,,3653.0,Albertsons Stadium,68,Boise State,fbs,Pac-12,,,,1609.0,,204,Oregon State,fbs,Pac-12,,,,1285.0,,,,,
401868293,2026,11,regular,2026-11-14T23:00:00.000Z,False,False,False,True,,6006.0,Robert and Janet Vackar Stadium,292,UT Rio Grande Valley,fcs,Southland,,,,,,2617,Stephen F. Austin,fcs,Southland,,,,,,,,,
401908100,2026,11,regular,2026-11-14T23:00:00.000Z,False,False,False,True,,5998.0,Monarch Stadium,291,Methodist,iii,USA South,,,,,,2256,Greensboro,iii,USA South,,,,,,,,,
401907411,2026,11,regular,2026-11-14T23:00:00.000Z,False,False,False,True,,5122.0,Shuford Stadium,2107,Catawba,ii,South Atlantic,,,,,,2331,Lenoir Rhyne,ii,South Atlantic,,,,,,,,,
401908907,2026,11,regular,2026-11-15T00:00:00.000Z,False,False,False,True,,5813.0,Klein Field at Manitou,133,St. Olaf,iii,Minnesota,,,,,,2600,Saint John's (MN),iii,Minnesota,,,,,,,,,
401864538,2026,11,regular,2026-11-15T00:00:00.000Z,False,False,False,True,,3713.0,Falcon Stadium,2005,Air Force,fbs,Mountain West,,,,1423.0,,23,San José State,fbs,Mountain West,,,,1393.0,,,,,
401868322,2026,11,regular,2026-11-15T00:00:00.000Z,False,False,False,True,,3944.0,Strawberry Stadium,2545,SE Louisiana,fcs,Southland,,,,,,2377,McNeese,fcs,Southland,,,,,,,,,
401864539,2026,11,regular,2026-11-15T00:30:00.000Z,False,False,False,True,,3971.0,University Stadium (NM),167,New Mexico,fbs,Mountain West,,,,1559.0,,2439,UNLV,fbs,Mountain West,,,,1480.0,,,,,
401907333,2026,11,regular,2026-11-15T01:00:00.000Z,False,False,False,True,,6123.0,Jackson Field,2834,Sul Ross State,ii,Lone Star,,,,,,2848,Western Oregon,ii,Lone Star,,,,,,,,,
401860915,2026,11,regular,2026-11-15T02:30:00.000Z,False,False,False,True,,7311.0,Snapdragon Stadium,21,San Diego State,fbs,Pac-12,,,,1468.0,,328,Utah State,fbs,Pac-12,,,,1348.0,,,,,
401868109,2026,11,regular,2026-11-15T03:30:00.000Z,False,False,False,True,,3987.0,Washington-Grizzly Stadium,149,Montana,fcs,Big Sky,,,,,,304,Idaho State,fcs,Big Sky,,,,,,,,,
401860917,2026,11,regular,2026-11-15T03:30:00.000Z,False,False,False,True,,3820.0,Gesa Field,265,Washington State,fbs,Pac-12,,,,1533.0,,36,Colorado State,fbs,Pac-12,,,,1327.0,,,,,
401864537,2026,11,regular,2026-11-15T04:59:00.000Z,False,False,False,True,,7220.0,Clarence T.C. Ching Athletics Complex,62,Hawai'i,fbs,Mountain West,,,,1432.0,,2449,North Dakota State,fbs,Mountain West,,,,1594.0,,,,,
401866464,2026,12,regular,2026-11-18T00:00:00.000Z,False,False,False,True,,3876.0,Peden Stadium,195,Ohio,fbs,Mid-American,,,,1318.0,,2050,Ball State,fbs,Mid-American,,,,1081.0,,,,,
401866466,2026,12,regular,2026-11-18T00:00:00.000Z,False,False,False,True,,3696.0,Dix Stadium,2309,Kent State,fbs,Mid-American,,,,1007.0,,193,Miami (OH),fbs,Mid-American,,,,1263.0,,,,,
401866465,2026,12,regular,2026-11-18T00:00:00.000Z,False,False,False,True,,3980.0,Waldo Stadium,2711,Western Michigan,fbs,Mid-American,,,,1519.0,,2199,Eastern Michigan,fbs,Mid-American,,,,1188.0,,,,,
401866469,2026,12,regular,2026-11-18T05:00:00.000Z,True,False,False,True,,3965.0,UB Stadium,2084,Buffalo,fbs,Mid-American,,,,1288.0,,2117,Central Michigan,fbs,Mid-American,,,,1291.0,,,,,
401866467,2026,12,regular,2026-11-18T05:00:00.000Z,True,False,False,True,,3985.0,Warren McGuirk Alumni Stadium,113,Massachusetts,fbs,Mid-American,,,,1076.0,,2006,Akron,fbs,Mid-American,,,,897.0,,,,,
401868323,2026,12,regular,2026-11-20T00:00:00.000Z,False,False,False,True,,3779.0,Manning Field at John L. Guidry Stadium,2447,Nicholls,fcs,Southland,,,,,,2545,SE Louisiana,fcs,Southland,,,,,,,,,
401868314,2026,12,regular,2026-11-20T00:00:00.000Z,False,False,False,True,,3756.0,Homer Bryce Stadium,2617,Stephen F. Austin,fcs,Southland,,,,,,2466,Northwestern State,fcs,Southland,,,,,,,,,
401862830,2026,12,regular,2026-11-20T00:30:00.000Z,False,False,False,True,,3806.0,Lincoln Financial Field,218,Temple,fbs,American Athletic,,,,1330.0,,242,Rice,fbs,American Athletic,,,,1162.0,,,,,
401856869,2026,12,regular,2026-11-20T23:00:00.000Z,False,False,False,True,,3652.0,FBC Mortgage Stadium,2116,UCF,fbs,Big 12,,,,1481.0,,66,Iowa State,fbs,Big 12,,,,1683.0,,,,,
401858303,2026,12,regular,2026-11-21T00:30:00.000Z,False,False,False,True,,3982.0,Wallace Wade Stadium,150,Duke,fbs,ACC,,,,1656.0,,228,Clemson,fbs,ACC,,,,1560.0,,,,,
401866468,2026,12,regular,2026-11-21T00:30:00.000Z,False,False,False,True,,3739.0,Glass Bowl,2649,Toledo,fbs,Mid-American,,,,1561.0,,189,Bowling Green,fbs,Mid-American,,,,1132.0,,,,,
401858529,2026,12,regular,2026-11-21T01:00:00.000Z,False,False,False,True,,3936.0,Spartan Stadium,127,Michigan State,fbs,Big Ten,,,,1537.0,,2483,Oregon,fbs,Big Ten,,,,1811.0,,,,,
401864545,2026,12,regular,2026-11-21T01:00:00.000Z,False,False,False,True,,3713.0,Falcon Stadium,2005,Air Force,fbs,Mountain West,,,,1423.0,,2638,UTEP,fbs,Mountain West,,,,1130.0,,,,,
401856748,2026,12,regular,2026-11-21T05:00:00.000Z,True,False,False,True,,3634.0,Ben Hill Griffin Stadium,57,Florida,fbs,SEC,,,,1668.0,,238,Vanderbilt,fbs,SEC,,,,1742.0,,,,EARLY: Noon - 1pm ET start,
401856870,2026,12,regular,2026-11-21T05:00:00.000Z,True,False,False,True,,3947.0,Mountain America Stadium,9,Arizona State,fbs,Big 12,,,,1535.0,,197,Oklahoma State,fbs,Big 12,,,,1274.0,,,,,
401856868,2026,12,regular,2026-11-21T05:00:00.000Z,True,False,False,True,,3842.0,Milan Puskar Stadium,277,West Virginia,fbs,Big 12,,,,1408.0,,248,Houston,fbs,Big 12,,,,1518.0,,,,,
401856865,2026,12,regular,2026-11-21T05:00:00.000Z,True,False,False,True,,3636.0,Bill Snyder Family Stadium,2306,Kansas State,fbs,Big 12,,,,1692.0,,12,Arizona,fbs,Big 12,,,,1634.0,,,,,
401856754,2026,12,regular,2026-11-21T05:00:00.000Z,True,False,False,True,,3853.0,Neyland Stadium,2633,Tennessee,fbs,SEC,,,,1771.0,,99,LSU,fbs,SEC,,,,1786.0,,,,FLEX: 3:30 - 4:30pm OR 6 - 8pm ET start,
401856753,2026,12,regular,2026-11-21T05:00:00.000Z,True,False,False,True,,3994.0,Williams-Brice Stadium,2579,South Carolina,fbs,SEC,,,,1721.0,,61,Georgia,fbs,SEC,,,,1972.0,,,,FLEX: 3:30 - 4:30pm OR 6 - 8pm ET start,
401856752,2026,12,regular,2026-11-21T05:00:00.000Z,True,False,False,True,,3835.0,"Memorial Stadium (Norman, OK)",201,Oklahoma,fbs,SEC,,,,1782.0,,245,Texas A&M,fbs,SEC,,,,1824.0,,,,EARLY: Noon - 1pm ET start,
401858533,2026,12,regular,2026-11-21T05:00:00.000Z,True,False,False,True,,3907.0,Ross-Ade Stadium,2509,Purdue,fbs,Big Ten,,,,1311.0,,275,Wisconsin,fbs,Big Ten,,,,1580.0,,,,,
401871101,2026,12,regular,2026-11-21T05:00:00.000Z,True,False,False,True,,3815.0,M. M. Roberts Stadium,2572,Southern Miss,fbs,Sun Belt,,,,1224.0,,6,South Alabama,fbs,Sun Belt,,,,1393.0,,,,,
401862832,2026,12,regular,2026-11-21T05:00:00.000Z,True,False,False,True,,3674.0,Chapman Stadium,202,Tulsa,fbs,American Athletic,,,,1271.0,,2429,Charlotte,fbs,American Athletic,,,,1169.0,,,,,
401862835,2026,12,regular,2026-11-21T05:00:00.000Z,True,False,False,True,,4729.0,Yulman Stadium,2655,Tulane,fbs,American Athletic,,,,1520.0,,249,North Texas,fbs,American Athletic,,,,1646.0,,,,,
401856872,2026,12,regular,2026-11-21T05:00:00.000Z,True,False,False,True,,3616.0,Amon G. Carter Stadium,2628,TCU,fbs,Big 12,,,,1629.0,,254,Utah,fbs,Big 12,,,,1907.0,,,,,
401858302,2026,12,regular,2026-11-21T05:00:00.000Z,True,False,False,True,,3948.0,Hard Rock Stadium,2390,Miami,fbs,ACC,,,,1895.0,,259,Virginia Tech,fbs,ACC,,,,1489.0,,,,,
401858310,2026,12,regular,2026-11-21T05:00:00.000Z,True,False,False,True,,721.0,Bobby Dodd Stadium,59,Georgia Tech,fbs,ACC,,,,1515.0,,154,Wake Forest,fbs,ACC,,,,1514.0,,,,,
401858528,2026,12,regular,2026-11-21T05:00:00.000Z,True,False,False,True,,3558.0,Michigan Stadium,130,Michigan,fbs,Big Ten,,,,1735.0,,26,UCLA,fbs,Big Ten,,,,1502.0,,,,,
401858530,2026,12,regular,2026-11-21T05:00:00.000Z,True,False,False,True,,3953.0,Huntington Bank Stadium,135,Minnesota,fbs,Big Ten,,,,1484.0,,77,Northwestern,fbs,Big Ten,,,,1625.0,,,,,
401858531,2026,12,regular,2026-11-21T05:00:00.000Z,True,False,False,True,,3834.0,"Memorial Stadium (Lincoln, NE)",158,Nebraska,fbs,Big Ten,,,,1705.0,,194,Ohio State,fbs,Big Ten,,,,2032.0,,,,,
401858532,2026,12,regular,2026-11-21T05:00:00.000Z,True,False,False,True,,3632.0,Beaver Stadium,213,Penn State,fbs,Big Ten,,,,1933.0,,164,Rutgers,fbs,Big Ten,,,,1391.0,,,,,
401858534,2026,12,regular,2026-11-21T05:00:00.000Z,True,False,False,True,,477.0,Los Angeles Memorial Coliseum,30,USC,fbs,Big Ten,,,,1817.0,,120,Maryland,fbs,Big Ten,,,,1474.0,,,,,
401862833,2026,12,regular,2026-11-21T05:00:00.000Z,True,False,False,True,,3715.0,FAU Stadium,2226,Florida Atlantic,fbs,American Athletic,,,,1243.0,,58,South Florida,fbs,American Athletic,,,,1676.0,,,,,
401858535,2026,12,regular,2026-11-21T05:00:00.000Z,True,False,False,True,,3765.0,Husky Stadium,264,Washington,fbs,Big Ten,,,,1757.0,,84,Indiana,fbs,Big Ten,,,,2121.0,,,,,
401862836,2026,12,regular,2026-11-21T05:00:00.000Z,True,False,False,True,,7221.0,Protective Stadium,5,UAB,fbs,American Athletic,,,,1393.0,,2636,UTSA,fbs,American Athletic,,,,1506.0,,,,,
401856866,2026,12,regular,2026-11-21T05:00:00.000Z,True,False,False,True,,3833.0,Memorial Stadium,2305,Kansas,fbs,Big 12,,,,1481.0,,252,BYU,fbs,Big 12,,,,1692.0,,,,,
401864541,2026,12,regular,2026-11-21T05:00:00.000Z,True,False,False,True,,3816.0,Mackay Stadium,2440,Nevada,fbs,Mountain West,,,,1441.0,,62,Hawai'i,fbs,Mountain West,,,,1432.0,,,,,
401869958,2026,12,regular,2026-11-21T05:00:00.000Z,True,False,False,True,,3775.0,Joan C. Edwards Stadium,276,Marshall,fbs,Sun Belt,,,,1391.0,,2247,Georgia State,fbs,Sun Belt,,,,1274.0,,,,,
401869938,2026,12,regular,2026-11-21T05:00:00.000Z,True,False,False,True,,3776.0,Joe Aillet Stadium,2348,Louisiana Tech,fbs,Sun Belt,,,,1377.0,,2032,Arkansas State,fbs,Sun Belt,,,,1319.0,,,,,
401856871,2026,12,regular,2026-11-21T05:00:00.000Z,True,False,False,True,,4727.0,McLane Stadium,239,Baylor,fbs,Big 12,,,,1534.0,,2641,Texas Tech,fbs,Big 12,,,,1841.0,,,,,
401856867,2026,12,regular,2026-11-21T05:00:00.000Z,True,False,False,True,,3854.0,Nippert Stadium,2132,Cincinnati,fbs,Big 12,,,,1512.0,,38,Colorado,fbs,Big 12,,,,1330.0,,,,,
401869946,2026,12,regular,2026-11-21T05:00:00.000Z,True,False,False,True,,3666.0,Cajun Field,309,Louisiana,fbs,Sun Belt,,,,1397.0,,324,Coastal Carolina,fbs,Sun Belt,,,,1245.0,,,,,
401869929,2026,12,regular,2026-11-21T05:00:00.000Z,True,False,False,True,,3792.0,Kidd Brewer Stadium,2026,App State,fbs,Sun Belt,,,,1324.0,,2433,UL Monroe,fbs,Sun Belt,,,,1079.0,,,,,
401858306,2026,12,regular,2026-11-21T05:00:00.000Z,True,False,False,True,,3873.0,L&N Federal Credit Union Stadium,97,Louisville,fbs,ACC,,,,1690.0,,221,Pittsburgh,fbs,ACC,,,,1675.0,,,,,
401858309,2026,12,regular,2026-11-21T05:00:00.000Z,True,False,False,True,,3615.0,"Alumni Stadium (Chestnut Hill, MA)",103,Boston College,fbs,ACC,,,,1380.0,,183,Syracuse,fbs,ACC,,,,1290.0,,,,,
401858308,2026,12,regular,2026-11-21T05:00:00.000Z,True,False,False,True,,3831.0,California Memorial Stadium,25,California,fbs,ACC,,,,1350.0,,24,Stanford,fbs,ACC,,,,1311.0,,,,,
401856755,2026,12,regular,2026-11-21T05:00:00.000Z,True,False,False,True,,3910.0,DKR-Texas Memorial Stadium,251,Texas,fbs,SEC,,,,1935.0,,8,Arkansas,fbs,SEC,,,,1466.0,,,,AFTERNOON: 3:30 - 4:30pm ET start,
401858527,2026,12,regular,2026-11-21T05:00:00.000Z,True,False,False,True,,3832.0,"Memorial Stadium (Champaign, IL)",356,Illinois,fbs,Big Ten,,,,1589.0,,2294,Iowa,fbs,Big Ten,,,,1845.0,,,,,
401858305,2026,12,regular,2026-11-21T05:00:00.000Z,True,False,False,True,,3923.0,Scott Stadium,258,Virginia,fbs,ACC,,,,1612.0,,153,North Carolina,fbs,ACC,,,,1396.0,,,,,
401858304,2026,12,regular,2026-11-21T05:00:00.000Z,True,False,False,True,,3697.0,Doak Campbell Stadium,52,Florida State,fbs,ACC,,,,1553.0,,152,NC State,fbs,ACC,,,,1510.0,,,,,
401869953,2026,12,regular,2026-11-21T05:00:00.000Z,True,False,False,True,,3975.0,Veterans Memorial Stadium (AL),2653,Troy,fbs,Sun Belt,,,,1421.0,,290,Georgia Southern,fbs,Sun Belt,,,,1358.0,,,,,
401856751,2026,12,regular,2026-11-21T05:00:00.000Z,True,False,False,True,,3838.0,Memorial Stadium,142,Missouri,fbs,SEC,,,,1690.0,,96,Kentucky,fbs,SEC,,,,1506.0,,,,NIGHT: 6 - 8pm ET start,
401867825,2026,12,regular,2026-11-21T17:00:00.000Z,False,False,False,True,,3802.0,Lawrence A. Wien Stadium,171,Columbia,fcs,Ivy,,,,,,172,Cornell,fcs,Ivy,,,,,,,,,
401866700,2026,12,regular,2026-11-21T17:00:00.000Z,False,False,False,False,,6048.0,Duane Stadium,2771,Merrimack,fcs,FCS Independents,,,,,,2529,Sacred Heart,fcs,Coastal Athletic,,,,,,,,,
401868380,2026,12,regular,2026-11-21T17:00:00.000Z,False,False,False,True,,3597.0,Alumni Memorial Field,2678,VMI,fcs,Southern,,,,,,231,Furman,fcs,Southern,,,,,,,,,
401872643,2026,12,regular,2026-11-21T17:00:00.000Z,False,False,False,True,,4428.0,Saxon Stadium,2385,Mercyhurst,fcs,NEC,,,,,,2441,New Haven,fcs,NEC,,,,,,,,,
401866694,2026,12,regular,2026-11-21T17:00:00.000Z,False,False,False,True,,3603.0,Aggie Stadium,2448,North Carolina A&T,fcs,Coastal Athletic,,,,,,399,UAlbany,fcs,Coastal Athletic,,,,,,,,,
401866695,2026,12,regular,2026-11-21T17:00:00.000Z,False,False,False,True,,3788.0,Kenneth P. LaValle Stadium,2619,Stony Brook,fcs,Coastal Athletic,,,,,,2261,Hampton,fcs,Coastal Athletic,,,,,,,,,
401867906,2026,12,regular,2026-11-21T17:00:00.000Z,False,False,False,True,,3624.0,Arute Field,2115,Central Connecticut,fcs,NEC,,,,,,2184,Duquesne,fcs,NEC,,,,,,,,,
401867915,2026,12,regular,2026-11-21T17:00:00.000Z,False,False,False,True,,3777.0,Joe Walton Stadium,2523,Robert Morris,fcs,NEC,,,,,,2341,Long Island University,fcs,NEC,,,,,,,,,
401867927,2026,12,regular,2026-11-21T17:00:00.000Z,False,False,False,True,,6075.0,W.B. Mason Stadium,284,Stonehill,fcs,NEC,,,,,,2681,Wagner,fcs,NEC,,,,,,,,,
401867965,2026,12,regular,2026-11-21T17:00:00.000Z,False,False,False,True,,3991.0,"William Dick"""" Price Stadium""""",2450,Norfolk State,fcs,MEAC,,,,,,47,Howard,fcs,MEAC,,,,,,,,,
401868015,2026,12,regular,2026-11-21T17:00:00.000Z,False,False,False,True,,3722.0,Fitton Field,107,Holy Cross,fcs,Patriot,,,,,,2230,Fordham,fcs,Patriot,,,,,,,,,
401868039,2026,12,regular,2026-11-21T17:00:00.000Z,False,False,False,True,,2068.0,E. Claiborne Robins Stadium,257,Richmond,fcs,Patriot,,,,,,2729,William & Mary,fcs,Patriot,,,,,,,,,
401872619,2026,12,regular,2026-11-21T17:00:00.000Z,False,False,False,True,,3881.0,Princeton University Stadium,163,Princeton,fcs,Ivy,,,,,,219,Pennsylvania,fcs,Ivy,,,,,,,,,
401862834,2026,12,regular,2026-11-21T17:00:00.000Z,False,False,False,True,,3852.0,Navy-Marine Corps Memorial Stadium,2426,Navy,fbs,American Athletic,,,,1513.0,,235,Memphis,fbs,American Athletic,,,,1526.0,,,,,
401856749,2026,12,regular,2026-11-21T17:00:00.000Z,False,False,False,False,,3974.0,Vaught-Hemingway Stadium,145,Ole Miss,fbs,SEC,,,,1859.0,1859.0,2747,Wofford,fcs,Southern,,,,,,,,,
401862831,2026,12,regular,2026-11-21T17:00:00.000Z,False,False,False,True,,3841.0,Michie Stadium,349,Army,fbs,American Athletic,,,,1530.0,,151,East Carolina,fbs,American Athletic,,,,1456.0,,,,,
401868032,2026,12,regular,2026-11-21T17:30:00.000Z,False,False,False,True,,3721.0,Fisher Field,322,Lafayette,fcs,Patriot,,,,,,2329,Lehigh,fcs,Patriot,,,,,,,,,
401866699,2026,12,regular,2026-11-21T18:00:00.000Z,False,False,False,True,,3607.0,Alfond Stadium,311,Maine,fcs,Coastal Athletic,,,,,,160,New Hampshire,fcs,Coastal Athletic,,,,,,,,,
401866696,2026,12,regular,2026-11-21T18:00:00.000Z,False,False,False,True,,3661.0,Bulldog Stadium,2803,Bryant,fcs,Coastal Athletic,,,,,,227,Rhode Island,fcs,Coastal Athletic,,,,,,,,,
401868253,2026,12,regular,2026-11-21T18:00:00.000Z,False,False,False,True,,3627.0,Bailey Memorial Stadium,2506,Presbyterian,fcs,Pioneer,,,,,,2168,Dayton,fcs,Pioneer,,,,,,,,,
401868396,2026,12,regular,2026-11-21T18:00:00.000Z,False,False,False,True,,3704.0,E. J. Whitmire Stadium,2717,Western Carolina,fcs,Southern,,,,,,2643,The Citadel,fcs,Southern,,,,,,,,,
401866697,2026,12,regular,2026-11-21T18:00:00.000Z,False,False,False,True,,3629.0,Barker-Lane Stadium,2097,Campbell,fcs,Coastal Athletic,,,,,,2405,Monmouth,fcs,Coastal Athletic,,,,,,,,,
401868226,2026,12,regular,2026-11-21T18:00:00.000Z,False,False,False,True,,3897.0,Richardson Stadium,2166,Davidson,fcs,Pioneer,,,,,,2368,Marist,fcs,Pioneer,,,,,,,,,
401868218,2026,12,regular,2026-11-21T18:00:00.000Z,False,False,False,True,,3664.0,Butler Bowl,2086,Butler,fcs,Pioneer,,,,,,2413,Morehead State,fcs,Pioneer,,,,,,,,,
401867812,2026,12,regular,2026-11-21T18:00:00.000Z,False,False,False,True,,3826.0,Memorial Field,159,Dartmouth,fcs,Ivy,,,,,,225,Brown,fcs,Ivy,,,,,,,,,
401868178,2026,12,regular,2026-11-21T18:00:00.000Z,False,False,False,True,,3858.0,O'Brien Stadium,2197,Eastern Illinois,fcs,OVC,,,,,,2127,Charleston Southern,fcs,OVC,,,,,,,,,
401868021,2026,12,regular,2026-11-21T18:00:00.000Z,False,False,False,True,,717.0,Villanova Stadium,222,Villanova,fcs,Patriot,,,,,,46,Georgetown,fcs,Patriot,,,,,,,,,
401867998,2026,12,regular,2026-11-21T18:00:00.000Z,False,False,False,True,,3676.0,Christy Mathewson-Memorial Stadium,2083,Bucknell,fcs,Patriot,,,,,,2142,Colgate,fcs,Patriot,,,,,,,,,
401867854,2026,12,regular,2026-11-21T18:00:00.000Z,False,False,False,True,,3744.0,Hancock Stadium,2287,Illinois State,fcs,MVFC,,,,,,233,South Dakota,fcs,MVFC,,,,,,,,,
401866698,2026,12,regular,2026-11-21T18:00:00.000Z,False,False,False,True,,3781.0,Johnny Unitas Stadium,119,Towson,fcs,Coastal Athletic,,,,,,2210,Elon,fcs,Coastal Athletic,,,,,,,,,
401856750,2026,12,regular,2026-11-21T18:00:00.000Z,False,False,False,False,,3693.0,Davis Wade Stadium,344,Mississippi State,fbs,SEC,,,,1662.0,1662.0,2635,Tennessee Tech,fcs,Southern,,,,,,,,,
401871080,2026,12,regular,2026-11-21T18:00:00.000Z,False,False,False,True,,3992.0,Williams Stadium (VA),2335,Liberty,fbs,Conference USA,,,,1750.0,,98,Western Kentucky,fbs,Conference USA,,,,1242.0,,,,,
401867959,2026,12,regular,2026-11-21T18:30:00.000Z,False,False,False,True,,3864.0,Oliver C. Dawson Stadium,2569,South Carolina State,fcs,MEAC,,,,,,2169,Delaware State,fcs,MEAC,,,,,,,,,
401868193,2026,12,regular,2026-11-21T18:30:00.000Z,False,False,False,True,,3710.0,Ernest W. Spangler Stadium,2241,Gardner-Webb,fcs,OVC,,,,,,2634,Tennessee State,fcs,OVC,,,,,,,,,
401891330,2026,12,regular,2026-11-21T19:00:00.000Z,False,False,False,False,,3706.0,Eccles Coliseum,253,Southern Utah,fcs,Big Sky,,,,,,2130,Chicago State,fcs,FCS Independents,,,,,,,,,
401868244,2026,12,regular,2026-11-21T19:00:00.000Z,False,False,False,True,,5888.0,University Stadium (GA),2698,West Georgia,fcs,UAC,,,,,,110242,West Florida,fcs,UAC,,,,,,,,,
401867881,2026,12,regular,2026-11-21T19:00:00.000Z,False,False,False,True,,3605.0,Alerus Center,155,North Dakota,fcs,MVFC,,,,,,79,Southern Illinois,fcs,MVFC,,,,,,,,,
401867971,2026,12,regular,2026-11-21T19:00:00.000Z,False,False,False,True,,3862.0,O'Kelly-Riddick Stadium,2428,North Carolina Central,fcs,MEAC,,,,,,2415,Morgan State,fcs,MEAC,,,,,,,,,
401868059,2026,12,regular,2026-11-21T19:00:00.000Z,False,False,False,True,,5440.0,Wildcat Stadium (TX),2000,Abilene Christian,fcs,UAC,,,,,,2198,Eastern Kentucky,fcs,UAC,,,,,,,,,
401867873,2026,12,regular,2026-11-21T19:00:00.000Z,False,False,False,True,,3909.0,Roy Stewart Stadium,93,Murray State,fcs,MVFC,,,,,,2460,Northern Iowa,fcs,MVFC,,,,,,,,,
401868117,2026,12,regular,2026-11-21T19:00:00.000Z,False,False,False,True,,3643.0,Bobcat Stadium,147,Montana State,fcs,Big Sky,,,,,,149,Montana,fcs,Big Sky,,,,,,,,,
401871079,2026,12,regular,2026-11-21T19:00:00.000Z,False,False,False,True,,3662.0,AmFirst Stadium,55,Jacksonville State,fbs,Conference USA,,,,1427.0,,2623,Missouri State,fbs,Conference USA,,,,1281.0,,,,,
401868203,2026,12,regular,2026-11-21T19:00:00.000Z,False,False,False,True,,7003.0,Houck Field,2546,Southeast Missouri State,fcs,OVC,,,,,,2630,UT Martin,fcs,OVC,,,,,,,,,
401871081,2026,12,regular,2026-11-21T19:00:00.000Z,False,False,False,True,,3647.0,Elliott T. Bowers Stadium,2534,Sam Houston,fbs,Conference USA,,,,1161.0,,2393,Middle Tennessee,fbs,Conference USA,,,,1298.0,,,,,
401868283,2026,12,regular,2026-11-21T19:00:00.000Z,False,False,False,True,,3655.0,Brown Field,2674,Valparaiso,fcs,Pioneer,,,,,,2900,St. Thomas (MN),fcs,Pioneer,,,,,,,,,
401856746,2026,12,regular,2026-11-21T19:00:00.000Z,False,False,False,False,,3657.0,Bryant-Denny Stadium,333,Alabama,fbs,SEC,,,,1872.0,1872.0,236,Chattanooga,fcs,Southern,,,,,,,,,
401871077,2026,12,regular,2026-11-21T20:00:00.000Z,False,False,False,True,,3601.0,Aggie Memorial Stadium,166,New Mexico State,fbs,Conference USA,,,,1261.0,,48,Delaware,fbs,Conference USA,,,,1414.0,,,,,
401868167,2026,12,regular,2026-11-21T20:00:00.000Z,False,False,False,True,,3942.0,Stewart Stadium,2692,Weber State,fcs,Big Sky,,,,,,3101,Utah Tech,fcs,Big Sky,,,,,,,,,
401868208,2026,12,regular,2026-11-21T20:00:00.000Z,False,False,False,True,,3749.0,Hunter Stadium,2815,Lindenwood,fcs,OVC,,,,,,2710,Western Illinois,fcs,OVC,,,,,,,,,
401868352,2026,12,regular,2026-11-21T20:00:00.000Z,False,False,False,True,,4417.0,Five Star Stadium at the Moye Complex,2382,Mercer,fcs,Southern,,,,,,2193,East Tennessee State,fcs,Southern,,,,,,,,,
401868304,2026,12,regular,2026-11-21T20:00:00.000Z,False,False,False,True,,3896.0,Rice-Totten Field,2400,Mississippi Valley State,fcs,SWAC,,,,,,2010,Alabama A&M,fcs,SWAC,,,,,,,,,
401868353,2026,12,regular,2026-11-21T20:00:00.000Z,False,False,False,True,,4582.0,Hornet Stadium,2011,Alabama State,fcs,SWAC,,,,,,2504,Prairie View A&M,fcs,SWAC,,,,,,,,,
401868365,2026,12,regular,2026-11-21T20:00:00.000Z,False,False,False,True,,3771.0,Jack Spinks Stadium,2016,Alcorn State,fcs,SWAC,,,,,,2296,Jackson State,fcs,SWAC,,,,,,,,,
401871078,2026,12,regular,2026-11-21T20:00:00.000Z,False,False,False,True,,4899.0,Fifth Third Stadium,338,Kennesaw State,fbs,Conference USA,,,,1285.0,,2229,Florida International,fbs,Conference USA,,,,1392.0,,,,,
401867864,2026,12,regular,2026-11-21T20:00:00.000Z,False,False,False,True,,5237.0,Dana J. Dykhouse Stadium,2571,South Dakota State,fcs,MVFC,,,,,,282,Indiana State,fcs,MVFC,,,,,,,,,
401861968,2026,12,regular,2026-11-21T20:30:00.000Z,False,False,False,False,,3892.0,Pratt & Whitney Stadium,41,UConn,fbs,FBS Independents,,,,1474.0,,295,Old Dominion,fbs,Sun Belt,,,,1295.0,,,,,
401856747,2026,12,regular,2026-11-21T20:30:00.000Z,False,False,False,False,,3785.0,Jordan-Hare Stadium,2,Auburn,fbs,SEC,,,,1666.0,1666.0,2535,Samford,fcs,Southern,,,,,,,,,
401868947,2026,12,regular,2026-11-21T20:30:00.000Z,False,False,True,True,,4013.0,Camping World Stadium,2065,Bethune-Cookman,fcs,SWAC,,,,,,50,Florida A&M,fcs,SWAC,,,,,,,,Florida Classic,
401867844,2026,12,regular,2026-11-21T20:30:00.000Z,False,False,True,True,,4245.0,Fenway Park,108,Harvard,fcs,Ivy,,,,,,43,Yale,fcs,Ivy,,,,,,,,,
401864543,2026,12,regular,2026-11-21T21:00:00.000Z,False,False,False,True,,3714.0,Fargodome,2449,North Dakota State,fbs,Mountain West,,,,1594.0,,2459,Northern Illinois,fbs,Mountain West,,,,1240.0,,,,,
401868092,2026,12,regular,2026-11-21T21:00:00.000Z,False,False,False,True,,3906.0,Roos Field,331,Eastern Washington,fcs,Big Sky,,,,,,2502,Portland State,fcs,Big Sky,,,,,,,,,
401868128,2026,12,regular,2026-11-21T21:00:00.000Z,False,False,False,True,,2023.0,Walkup Skydome,2464,Northern Arizona,fcs,Big Sky,,,,,,2458,Northern Colorado,fcs,Big Sky,,,,,,,,,
401868234,2026,12,regular,2026-11-21T21:00:00.000Z,False,False,False,True,,4133.0,Braly Municipal Stadium,2453,North Alabama,fcs,UAC,,,,,,2627,Tarleton State,fcs,UAC,,,,,,,,,
401868083,2026,12,regular,2026-11-21T21:00:00.000Z,False,False,False,True,,3602.0,Aggie Stadium,302,UC Davis,fcs,Big Sky,,,,,,13,Cal Poly,fcs,Big Sky,,,,,,,,,
401869149,2026,12,regular,2026-11-21T21:00:00.000Z,False,False,False,True,,4762.0,Memorial Stadium (Commerce TX),2837,East Texas A&M,fcs,Southland,,,,,,2916,Incarnate Word,fcs,Southland,,,,,,,,,
401868941,2026,12,regular,2026-11-21T21:00:00.000Z,False,False,False,True,,3631.0,BBVA Compass Stadium,2640,Texas Southern,fcs,SWAC,,,,,,2029,Arkansas-Pine Bluff,fcs,SWAC,,,,,,,,,
401868294,2026,12,regular,2026-11-21T22:00:00.000Z,False,False,False,True,,4424.0,Husky Stadium,2277,Houston Christian,fcs,Southland,,,,,,292,UT Rio Grande Valley,fcs,Southland,,,,,,,,,
401868069,2026,12,regular,2026-11-21T22:00:00.000Z,False,False,False,True,,3711.0,Estes Stadium,2110,Central Arkansas,fcs,UAC,,,,,,2046,Austin Peay,fcs,UAC,,,,,,,,,
401860920,2026,12,regular,2026-11-21T23:00:00.000Z,False,False,False,True,,3644.0,Bobcat Stadium (TX),326,Texas State,fbs,Pac-12,,,,1491.0,,265,Washington State,fbs,Pac-12,,,,1533.0,,,,,
401868100,2026,12,regular,2026-11-21T23:00:00.000Z,False,False,False,True,,1930.0,Holt Arena,304,Idaho State,fcs,Big Sky,,,,,,70,Idaho,fcs,Big Sky,,,,,,,,,
401869141,2026,12,regular,2026-11-22T00:00:00.000Z,False,False,False,True,,3686.0,Cowboy Stadium,2377,McNeese,fcs,Southland,,,,,,2320,Lamar,fcs,Southland,,,,,,,,,
401864544,2026,12,regular,2026-11-22T00:00:00.000Z,False,False,False,True,,3935.0,CEFCU Stadium,23,San José State,fbs,Mountain West,,,,1393.0,,2439,UNLV,fbs,Mountain West,,,,1480.0,,,,,
401858307,2026,12,regular,2026-11-22T00:30:00.000Z,False,False,False,False,,3855.0,Notre Dame Stadium,87,Notre Dame,fbs,FBS Independents,,,,2061.0,,2567,SMU,fbs,ACC,,,,1706.0,,,,,
401860918,2026,12,regular,2026-11-22T00:30:00.000Z,False,False,False,True,,3660.0,Valley Children's Stadium,278,Fresno State,fbs,Pac-12,,,,1611.0,,36,Colorado State,fbs,Pac-12,,,,1327.0,,,,,
401868287,2026,12,regular,2026-11-22T01:00:00.000Z,False,False,False,True,,716.0,Torero Stadium,301,San Diego,fcs,Pioneer,,,,,,56,Stetson,fcs,Pioneer,,,,,,,,,
401864542,2026,12,regular,2026-11-22T02:00:00.000Z,False,False,False,True,,3984.0,War Memorial Stadium,2751,Wyoming,fbs,Mountain West,,,,1268.0,,167,New Mexico,fbs,Mountain West,,,,1559.0,,,,,
401860925,2026,12,regular,2026-11-22T02:30:00.000Z,False,False,False,True,,3653.0,Albertsons Stadium,68,Boise State,fbs,Pac-12,,,,1609.0,,21,San Diego State,fbs,Pac-12,,,,1468.0,,,,,
401860919,2026,12,regular,2026-11-22T03:30:00.000Z,False,False,False,True,,3893.0,Reser Stadium,204,Oregon State,fbs,Pac-12,,,,1285.0,,328,Utah State,fbs,Pac-12,,,,1348.0,,,,,
401866471,2026,13,regular,2026-11-24T05:00:00.000Z,True,False,False,True,,3980.0,Waldo Stadium,2711,Western Michigan,fbs,Mid-American,,,,1519.0,,193,Miami (OH),fbs,Mid-American,,,,1263.0,,,,,
401908999,2026,13,regular,2026-11-24T18:00:00.000Z,False,False,False,False,,3667.0,Callaghan Stadium,2148,Concord,ii,Mountain East,,,,,,366,Ferrum,ii,Carolinas,,,,,,,,,
401866470,2026,13,regular,2026-11-25T00:00:00.000Z,False,False,False,True,,3912.0,Rynearson Stadium,2199,Eastern Michigan,fbs,Mid-American,,,,1188.0,,2309,Kent State,fbs,Mid-American,,,,1007.0,,,,,
401868354,2026,13,regular,2026-11-26T20:00:00.000Z,False,False,False,False,,4582.0,Hornet Stadium,2011,Alabama State,fcs,SWAC,,,,,,2657,Tuskegee,ii,SIAC,,,,,,,,,
401856879,2026,13,regular,2026-11-27T01:00:00.000Z,False,False,False,True,,3784.0,Jones AT&T Stadium,2641,Texas Tech,fbs,Big 12,,,,1841.0,,2628,TCU,fbs,Big 12,,,,1629.0,,,,,
401862838,2026,13,regular,2026-11-27T05:00:00.000Z,True,False,False,True,,3805.0,Simmons Bank Liberty Stadium,235,Memphis,fbs,American Athletic,,,,1526.0,,218,Temple,fbs,American Athletic,,,,1330.0,,,,,
401862837,2026,13,regular,2026-11-27T05:00:00.000Z,True,False,False,True,,3699.0,Dowdy-Ficklen Stadium,151,East Carolina,fbs,American Athletic,,,,1456.0,,2226,Florida Atlantic,fbs,American Athletic,,,,1243.0,,,,,
401862839,2026,13,regular,2026-11-27T05:00:00.000Z,True,False,False,True,,3886.0,Raymond James Stadium,58,South Florida,fbs,American Athletic,,,,1676.0,,2655,Tulane,fbs,American Athletic,,,,1520.0,,,,Will be played Nov. 27 or Nov. 28,
401858536,2026,13,regular,2026-11-27T17:00:00.000Z,False,False,False,True,,3793.0,Kinnick Stadium,2294,Iowa,fbs,Big Ten,,,,1845.0,,158,Nebraska,fbs,Big Ten,,,,1705.0,,,,,
401856762,2026,13,regular,2026-11-27T17:00:00.000Z,False,False,False,True,,3974.0,Vaught-Hemingway Stadium,145,Ole Miss,fbs,SEC,,,,1859.0,,344,Mississippi State,fbs,SEC,,,,1663.0,,,,,
401866473,2026,13,regular,2026-11-27T17:00:00.000Z,False,False,False,True,,3876.0,Peden Stadium,195,Ohio,fbs,Mid-American,,,,1318.0,,2649,Toledo,fbs,Mid-American,,,,1561.0,,,,,
401866472,2026,13,regular,2026-11-27T17:00:00.000Z,False,False,False,True,,3768.0,InfoCision Stadium,2006,Akron,fbs,Mid-American,,,,897.0,,2084,Buffalo,fbs,Mid-American,,,,1288.0,,,,,
401869930,2026,13,regular,2026-11-27T20:00:00.000Z,False,False,False,True,,6526.0,Hancock Whitney Stadium,6,South Alabama,fbs,Sun Belt,,,,1393.0,,2026,App State,fbs,Sun Belt,,,,1324.0,,,,,
401864549,2026,13,regular,2026-11-27T20:30:00.000Z,False,False,False,True,,3935.0,CEFCU Stadium,23,San José State,fbs,Mountain West,,,,1393.0,,2449,North Dakota State,fbs,Mountain West,,,,1594.0,,,,,
401856759,2026,13,regular,2026-11-27T20:30:00.000Z,False,False,False,False,,3697.0,Doak Campbell Stadium,52,Florida State,fbs,ACC,,,,1553.0,,57,Florida,fbs,SEC,,,,1668.0,,,,,
401858544,2026,13,regular,2026-11-28T00:30:00.000Z,False,False,False,True,,347.0,Camp Randall Stadium,275,Wisconsin,fbs,Big Ten,,,,1580.0,,135,Minnesota,fbs,Big Ten,,,,1484.0,,,,,
401856756,2026,13,regular,2026-11-28T00:30:00.000Z,False,False,False,True,,3795.0,Kyle Field,245,Texas A&M,fbs,SEC,,,,1824.0,,251,Texas,fbs,SEC,,,,1935.0,,,,,
401856880,2026,13,regular,2026-11-28T02:00:00.000Z,False,False,False,True,,587.0,Rice-Eccles Stadium,254,Utah,fbs,Big 12,,,,1907.0,,277,West Virginia,fbs,Big 12,,,,1408.0,,,,,
401869954,2026,13,regular,2026-11-28T05:00:00.000Z,True,False,False,True,,3608.0,Allen E. Paulson Stadium,290,Georgia Southern,fbs,Sun Belt,,,,1358.0,,2348,Louisiana Tech,fbs,Sun Belt,,,,1377.0,,,,,
401858537,2026,13,regular,2026-11-28T05:00:00.000Z,True,False,False,True,,11823.0,Ryan Field,77,Northwestern,fbs,Big Ten,,,,1625.0,,356,Illinois,fbs,Big Ten,,,,1589.0,,,,,
401871102,2026,13,regular,2026-11-28T05:00:00.000Z,True,False,False,True,,3817.0,Malone Stadium,2433,UL Monroe,fbs,Sun Belt,,,,1079.0,,276,Marshall,fbs,Sun Belt,,,,1391.0,,,,,
401858542,2026,13,regular,2026-11-28T05:00:00.000Z,True,False,False,True,,6577.0,SHI Stadium,164,Rutgers,fbs,Big Ten,,,,1391.0,,127,Michigan State,fbs,Big Ten,,,,1537.0,,,,,
401856757,2026,13,regular,2026-11-28T05:00:00.000Z,True,False,False,True,,3657.0,Bryant-Denny Stadium,333,Alabama,fbs,SEC,,,,1863.0,,2,Auburn,fbs,SEC,,,,1668.0,,,,FLEX: 3:30 - 4:30pm OR 6 - 8pm ET start,
401856758,2026,13,regular,2026-11-28T05:00:00.000Z,True,False,False,True,,3887.0,Razorback Stadium,8,Arkansas,fbs,SEC,,,,1466.0,,99,LSU,fbs,SEC,,,,1786.0,,,,EARLY: Noon - 1pm ET start,
401856765,2026,13,regular,2026-11-28T05:00:00.000Z,True,False,False,True,,3973.0,FirstBank Stadium,238,Vanderbilt,fbs,SEC,,,,1742.0,,2633,Tennessee,fbs,SEC,,,,1771.0,,,,NIGHT: 6 - 8pm ET start,
401856877,2026,13,regular,2026-11-28T05:00:00.000Z,True,False,False,True,,3646.0,Boone Pickens Stadium,197,Oklahoma State,fbs,Big 12,,,,1274.0,,2305,Kansas,fbs,Big 12,,,,1481.0,,,,,
401856878,2026,13,regular,2026-11-28T05:00:00.000Z,True,False,False,True,,3772.0,Jack Trice Stadium,66,Iowa State,fbs,Big 12,,,,1683.0,,2306,Kansas State,fbs,Big 12,,,,1692.0,,,,,
401858313,2026,13,regular,2026-11-28T05:00:00.000Z,True,False,False,True,,3787.0,Kenan Stadium,153,North Carolina,fbs,ACC,,,,1396.0,,152,NC State,fbs,ACC,,,,1510.0,,,,,
401862840,2026,13,regular,2026-11-28T05:00:00.000Z,True,False,False,True,,3604.0,Alamodome,2636,UTSA,fbs,American Athletic,,,,1506.0,,202,Tulsa,fbs,American Athletic,,,,1271.0,,,,Will be played Nov. 27 or Nov. 28,
401862843,2026,13,regular,2026-11-28T05:00:00.000Z,True,False,False,True,,3825.0,DATCU Stadium,249,North Texas,fbs,American Athletic,,,,1646.0,,5,UAB,fbs,American Athletic,,,,1393.0,,,,,
401864550,2026,13,regular,2026-11-28T05:00:00.000Z,True,False,False,True,,3764.0,Huskie Stadium,2459,Northern Illinois,fbs,Mountain West,,,,1240.0,,2638,UTEP,fbs,Mountain West,,,,1130.0,,,,,
401858538,2026,13,regular,2026-11-28T05:00:00.000Z,True,False,False,True,,3830.0,"Memorial Stadium (Bloomington, IN)",84,Indiana,fbs,Big Ten,,,,2121.0,,2509,Purdue,fbs,Big Ten,,,,1311.0,,,,,
401856874,2026,13,regular,2026-11-28T05:00:00.000Z,True,False,False,True,,4728.0,TDECU Stadium,248,Houston,fbs,Big 12,,,,1518.0,,239,Baylor,fbs,Big 12,,,,1534.0,,,,,
401856873,2026,13,regular,2026-11-28T05:00:00.000Z,True,False,False,True,,3619.0,Arizona Stadium,12,Arizona,fbs,Big 12,,,,1634.0,,9,Arizona State,fbs,Big 12,,,,1535.0,,,,,
401869947,2026,13,regular,2026-11-28T05:00:00.000Z,True,False,False,True,,3651.0,Bridgeforth Stadium,256,James Madison,fbs,Sun Belt,,,,1777.0,,324,Coastal Carolina,fbs,Sun Belt,,,,1245.0,,,,,
401856876,2026,13,regular,2026-11-28T05:00:00.000Z,True,False,False,True,,3801.0,LaVell Edwards Stadium,252,BYU,fbs,Big 12,,,,1692.0,,2132,Cincinnati,fbs,Big 12,,,,1512.0,,,,,
401856761,2026,13,regular,2026-11-28T05:00:00.000Z,True,False,False,False,,3683.0,Kroger Field,96,Kentucky,fbs,SEC,,,,1506.0,,97,Louisville,fbs,ACC,,,,1690.0,,,,EARLY: Noon - 1pm ET start,
401858539,2026,13,regular,2026-11-28T05:00:00.000Z,True,False,False,True,,3665.0,SECU Stadium,120,Maryland,fbs,Big Ten,,,,1474.0,,213,Penn State,fbs,Big Ten,,,,1933.0,,,,,
401856763,2026,13,regular,2026-11-28T05:00:00.000Z,True,False,False,True,,3838.0,Memorial Stadium,142,Missouri,fbs,SEC,,,,1690.0,,201,Oklahoma,fbs,SEC,,,,1782.0,,,,AFTERNOON: 3:30 - 4:30pm ET start,
401869959,2026,13,regular,2026-11-28T05:00:00.000Z,True,False,False,True,,4246.0,Center Parc Stadium,2247,Georgia State,fbs,Sun Belt,,,,1274.0,,309,Louisiana,fbs,Sun Belt,,,,1397.0,,,,,
401862842,2026,13,regular,2026-11-28T05:00:00.000Z,True,False,False,True,,4418.0,Jerry Richardson Stadium,2429,Charlotte,fbs,American Athletic,,,,1169.0,,2426,Navy,fbs,American Athletic,,,,1513.0,,,,,
401858311,2026,13,regular,2026-11-28T05:00:00.000Z,True,False,False,True,,3948.0,Hard Rock Stadium,2390,Miami,fbs,ACC,,,,1895.0,,103,Boston College,fbs,ACC,,,,1380.0,,,,,
401858316,2026,13,regular,2026-11-28T05:00:00.000Z,True,False,False,True,,3940.0,Stanford Stadium,24,Stanford,fbs,ACC,,,,1311.0,,2567,SMU,fbs,ACC,,,,1706.0,,,,,
401856764,2026,13,regular,2026-11-28T05:00:00.000Z,True,False,False,False,,3836.0,"Memorial Stadium (Clemson, SC)",228,Clemson,fbs,ACC,,,,1560.0,,2579,South Carolina,fbs,SEC,,,,1721.0,,,,,
401856875,2026,13,regular,2026-11-28T05:00:00.000Z,True,False,False,True,,3726.0,Folsom Field,38,Colorado,fbs,Big 12,,,,1330.0,,2116,UCF,fbs,Big 12,,,,1481.0,,,,,
401858541,2026,13,regular,2026-11-28T05:00:00.000Z,True,False,False,True,,3626.0,Autzen Stadium,2483,Oregon,fbs,Big Ten,,,,1811.0,,264,Washington,fbs,Big Ten,,,,1757.0,,,,,
401858543,2026,13,regular,2026-11-28T05:00:00.000Z,True,False,False,True,,1056.0,Rose Bowl,26,UCLA,fbs,Big Ten,,,,1502.0,,30,USC,fbs,Big Ten,,,,1817.0,,,,,
401862841,2026,13,regular,2026-11-28T05:00:00.000Z,True,False,False,True,,3895.0,Rice Stadium,242,Rice,fbs,American Athletic,,,,1162.0,,349,Army,fbs,American Athletic,,,,1530.0,,,,,
401858314,2026,13,regular,2026-11-28T05:00:00.000Z,True,False,False,False,,1964.0,JMA Wireless Dome,183,Syracuse,fbs,ACC,,,,1290.0,,87,Notre Dame,fbs,FBS Independents,,,,2061.0,,,,,
401858315,2026,13,regular,2026-11-28T05:00:00.000Z,True,False,False,True,,3831.0,California Memorial Stadium,25,California,fbs,ACC,,,,1350.0,,221,Pittsburgh,fbs,ACC,,,,1675.0,,,,,
401856760,2026,13,regular,2026-11-28T05:00:00.000Z,True,False,False,False,,3917.0,Sanford Stadium,61,Georgia,fbs,SEC,,,,1972.0,,59,Georgia Tech,fbs,ACC,,,,1515.0,,,,FLEX: 3:30 - 4:30pm OR 6 - 8pm ET start,
401871103,2026,13,regular,2026-11-28T05:00:00.000Z,True,False,False,True,,3918.0,S.B. Ballard Stadium,295,Old Dominion,fbs,Sun Belt,,,,1295.0,,2572,Southern Miss,fbs,Sun Belt,,,,1224.0,,,,,
401861969,2026,13,regular,2026-11-28T05:00:00.000Z,True,False,False,False,,3984.0,War Memorial Stadium,2751,Wyoming,fbs,Mountain West,,,,1268.0,,41,UConn,fbs,FBS Independents,,,,1474.0,,,,,
401858312,2026,13,regular,2026-11-28T05:00:00.000Z,True,False,False,True,,3630.0,Allegacy Federal Credit Union Stadium,154,Wake Forest,fbs,ACC,,,,1514.0,,150,Duke,fbs,ACC,,,,1656.0,,,,,
401858317,2026,13,regular,2026-11-28T05:00:00.000Z,True,False,False,True,,3799.0,Lane Stadium,259,Virginia Tech,fbs,ACC,,,,1489.0,,258,Virginia,fbs,ACC,,,,1612.0,,,,,
401858540,2026,13,regular,2026-11-28T17:00:00.000Z,False,False,False,True,,3861.0,Ohio Stadium,194,Ohio State,fbs,Big Ten,,,,2032.0,,130,Michigan,fbs,Big Ten,,,,1735.0,,,,,
401866474,2026,13,regular,2026-11-28T17:00:00.000Z,False,False,False,True,,3919.0,Scheumann Stadium,2050,Ball State,fbs,Mid-American,,,,1081.0,,2117,Central Michigan,fbs,Mid-American,,,,1291.0,,,,,
401866475,2026,13,regular,2026-11-28T17:00:00.000Z,False,False,False,True,,3700.0,Doyt L. Perry Stadium,189,Bowling Green,fbs,Mid-American,,,,1132.0,,113,Massachusetts,fbs,Mid-American,,,,1076.0,,,,,
401870804,2026,13,regular,2026-11-28T18:00:00.000Z,False,False,False,True,,3796.0,Houchens Industries-L.T. Smith Stadium,98,Western Kentucky,fbs,Conference USA,,,,1242.0,,338,Kennesaw State,fbs,Conference USA,,,,1285.0,,,,,
401871063,2026,13,regular,2026-11-28T19:00:00.000Z,False,False,False,True,,3878.0,Plaster Sports Complex,2623,Missouri State,fbs,Conference USA,,,,1281.0,,2335,Liberty,fbs,Conference USA,,,,1750.0,,,,,
401871082,2026,13,regular,2026-11-28T19:00:00.000Z,False,False,False,True,,2031.0,Pitbull Stadium,2229,Florida International,fbs,Conference USA,,,,1392.0,,2534,Sam Houston,fbs,Conference USA,,,,1161.0,,,,,
401871083,2026,13,regular,2026-11-28T19:00:00.000Z,False,False,False,True,,3725.0,"Johnny ""Red"" Floyd Stadium",2393,Middle Tennessee,fbs,Conference USA,,,,1298.0,,166,New Mexico State,fbs,Conference USA,,,,1261.0,,,,,
401868957,2026,13,regular,2026-11-28T19:00:00.000Z,False,False,True,True,,3493.0,Caesars Superdome,2582,Southern,fcs,SWAC,,,,,,2755,Grambling,fcs,SWAC,,,,,,,,,
401869939,2026,13,regular,2026-11-28T20:00:00.000Z,False,False,False,True,,3625.0,Centennial Bank Stadium,2032,Arkansas State,fbs,Sun Belt,,,,1319.0,,2653,Troy,fbs,Sun Belt,,,,1421.0,,,,,
401871062,2026,13,regular,2026-11-28T20:30:00.000Z,False,False,False,True,,3695.0,Delaware Stadium,48,Delaware,fbs,Conference USA,,,,1414.0,,55,Jacksonville State,fbs,Conference USA,,,,1427.0,,,,,
401864546,2026,13,regular,2026-11-28T21:30:00.000Z,False,False,False,True,,3971.0,University Stadium (NM),167,New Mexico,fbs,Mountain West,,,,1559.0,,2005,Air Force,fbs,Mountain West,,,,1423.0,,,,,
401864548,2026,13,regular,2026-11-29T02:00:00.000Z,False,False,False,True,,6501.0,Allegiant Stadium,2439,UNLV,fbs,Mountain West,,,,1480.0,,2440,Nevada,fbs,Mountain West,,,,1441.0,,,,,
401864547,2026,13,regular,2026-11-29T04:00:00.000Z,False,False,False,False,,7220.0,Clarence T.C. Ching Athletics Complex,62,Hawai'i,fbs,Mountain West,,,,1432.0,,16,Sacramento State,fbs,Mid-American,,,,1297.0,,,,,
401862844,2026,15,regular,2026-12-12T20:00:00.000Z,False,False,True,True,,3839.0,MetLife Stadium,349,Army,fbs,American Athletic,,,,1530.0,,2426,Navy,fbs,American Athletic,,,,1513.0,,,,,
