id,season,seasonType,week,startDate,homeTeamId,homeTeam,homeConference,homeClassification,homeScore,awayTeamId,awayTeam,awayConference,awayClassification,awayScore,lines
401856779,2026,regular,1,2026-09-05T17:00:00.000Z,66,Iowa State,Big 12,fbs,,2546,Southeast Missouri State,OVC,fcs,,"[{'provider': 'DraftKings', 'spread': -29.5, 'formattedSpread': 'Iowa State -29.5', 'spreadOpen': -29.5, 'overUnder': 53.5, 'overUnderOpen': 53.5, 'homeMoneyline': -20000, 'awayMoneyline': 3500}]"
401862698,2026,regular,1,2026-09-05T18:00:00.000Z,218,Temple,American Athletic,fbs,,227,Rhode Island,Coastal Athletic,fcs,,"[{'provider': 'DraftKings', 'spread': -14.5, 'formattedSpread': 'Temple -14.5', 'spreadOpen': -10, 'overUnder': 51.5, 'overUnderOpen': 51.5, 'homeMoneyline': -700, 'awayMoneyline': 500}]"
401856635,2026,regular,1,2026-09-05T20:15:00.000Z,8,Arkansas,SEC,fbs,,2453,North Alabama,UAC,fcs,,"[{'provider': 'DraftKings', 'spread': -40.5, 'formattedSpread': 'Arkansas -40.5', 'spreadOpen': -40.5, 'overUnder': 63.5, 'overUnderOpen': 63.5, 'homeMoneyline': None, 'awayMoneyline': None}]"
401861962,2026,regular,1,2026-09-05T16:00:00.000Z,41,UConn,FBS Independents,fbs,,322,Lafayette,Patriot,fcs,,"[{'provider': 'DraftKings', 'spread': -19.5, 'formattedSpread': 'UConn -19.5', 'spreadOpen': -19.5, 'overUnder': 52.5, 'overUnderOpen': 58.5, 'homeMoneyline': -1350, 'awayMoneyline': 800}]"
401869960,2026,regular,1,2026-09-05T16:00:00.000Z,256,James Madison,Sun Belt,fbs,,2335,Liberty,Conference USA,fbs,,"[{'provider': 'DraftKings', 'spread': -6, 'formattedSpread': 'James Madison -6', 'spreadOpen': -6, 'overUnder': 50.5, 'overUnderOpen': None, 'homeMoneyline': -225, 'awayMoneyline': 185}, {'provider': 'Bovada', 'spread': -6, 'formattedSpread': 'James Madison -6.0', 'spreadOpen': -6, 'overUnder': 50.5, 'overUnderOpen': 50.5, 'homeMoneyline': -250, 'awayMoneyline': 210}]"
401862701,2026,regular,1,2026-09-05T16:00:00.000Z,349,Army,American Athletic,fbs,,2803,Bryant,Coastal Athletic,fcs,,"[{'provider': 'DraftKings', 'spread': -36.5, 'formattedSpread': 'Army -36.5', 'spreadOpen': -36.5, 'overUnder': 51.5, 'overUnderOpen': None, 'homeMoneyline': None, 'awayMoneyline': None}]"
401856666,2026,regular,1,2026-09-05T19:30:00.000Z,2633,Tennessee,SEC,fbs,,231,Furman,Southern,fcs,,"[{'provider': 'DraftKings', 'spread': -47.5, 'formattedSpread': 'Tennessee -47.5', 'spreadOpen': -46.5, 'overUnder': 66.5, 'overUnderOpen': 66.5, 'homeMoneyline': None, 'awayMoneyline': None}]"
401858208,2026,regular,1,2026-09-05T16:00:00.000Z,183,Syracuse,ACC,fbs,,160,New Hampshire,Coastal Athletic,fcs,,"[{'provider': 'DraftKings', 'spread': -33.5, 'formattedSpread': 'Syracuse -33.5', 'spreadOpen': -32.5, 'overUnder': 54.5, 'overUnderOpen': 55.5, 'homeMoneyline': -100000, 'awayMoneyline': 5000}]"
401856767,2026,regular,1,2026-09-03T23:00:00.000Z,2116,UCF,Big 12,fbs,73.0,2065,Bethune-Cookman,SWAC,fcs,6.0,"[{'provider': 'DraftKings', 'spread': -43.5, 'formattedSpread': 'UCF -43.5', 'spreadOpen': -41.5, 'overUnder': 58.5, 'overUnderOpen': None, 'homeMoneyline': None, 'awayMoneyline': None}, {'provider': 'Draft Kings', 'spread': -43.5, 'formattedSpread': 'UCF -43.5', 'spreadOpen': None, 'overUnder': 58.5, 'overUnderOpen': None, 'homeMoneyline': None, 'awayMoneyline': None}]"
401866410,2026,regular,1,2026-09-05T16:00:00.000Z,189,Bowling Green,Mid-American,fbs,,2627,Tarleton State,UAC,fcs,,"[{'provider': 'DraftKings', 'spread': -2.5, 'formattedSpread': 'Bowling Green -2.5', 'spreadOpen': -2.5, 'overUnder': 48.5, 'overUnderOpen': 47.5, 'homeMoneyline': -135, 'awayMoneyline': 114}]"
401856777,2026,regular,1,2026-09-05T19:30:00.000Z,2132,Cincinnati,Big 12,fbs,,103,Boston College,ACC,fbs,,"[{'provider': 'DraftKings', 'spread': -7.5, 'formattedSpread': 'Cincinnati -7.5', 'spreadOpen': -9.5, 'overUnder': 50.5, 'overUnderOpen': None, 'homeMoneyline': -305, 'awayMoneyline': 245}, {'provider': 'Bovada', 'spread': -7.5, 'formattedSpread': 'Cincinnati -7.5', 'spreadOpen': -9.5, 'overUnder': 50, 'overUnderOpen': 54.5, 'homeMoneyline': -270, 'awayMoneyline': 220}]"
401856658,2026,regular,1,2026-09-05T19:00:00.000Z,61,Georgia,SEC,fbs,,2634,Tennessee State,OVC,fcs,,"[{'provider': 'DraftKings', 'spread': -46.5, 'formattedSpread': 'Georgia -46.5', 'spreadOpen': -46.5, 'overUnder': 55.5, 'overUnderOpen': 56.5, 'homeMoneyline': None, 'awayMoneyline': None}]"
401864496,2026,regular,1,2026-09-05T17:00:00.000Z,2005,Air Force,Mountain West,fbs,,2184,Duquesne,NEC,fcs,,"[{'provider': 'DraftKings', 'spread': -28.5, 'formattedSpread': 'Air Force -28.5', 'spreadOpen': -30.5, 'overUnder': 57.5, 'overUnderOpen': 58.5, 'homeMoneyline': -8000, 'awayMoneyline': 2200}]"
401856659,2026,regular,1,2026-09-05T17:00:00.000Z,96,Kentucky,SEC,fbs,,2754,Youngstown State,MVFC,fcs,,"[{'provider': 'DraftKings', 'spread': -22.5, 'formattedSpread': 'Kentucky -22.5', 'spreadOpen': -23.5, 'overUnder': 62.5, 'overUnderOpen': 62.5, 'homeMoneyline': -3600, 'awayMoneyline': 1500}]"
401866409,2026,regular,1,2026-09-03T23:00:00.000Z,2084,Buffalo,Mid-American,fbs,21.0,399,UAlbany,Coastal Athletic,fcs,17.0,"[{'provider': 'DraftKings', 'spread': -18.5, 'formattedSpread': 'Buffalo -18.5', 'spreadOpen': -24.5, 'overUnder': 47.5, 'overUnderOpen': 48.5, 'homeMoneyline': -1000, 'awayMoneyline': 650}, {'provider': 'Draft Kings', 'spread': -18.5, 'formattedSpread': 'Buffalo -18.5', 'spreadOpen': None, 'overUnder': 47.5, 'overUnderOpen': None, 'homeMoneyline': None, 'awayMoneyline': None}]"
401858435,2026,regular,1,2026-09-04T23:00:00.000Z,2509,Purdue,Big Ten,fbs,,282,Indiana State,MVFC,fcs,,"[{'provider': 'DraftKings', 'spread': -35.5, 'formattedSpread': 'Purdue -35.5', 'spreadOpen': -34.5, 'overUnder': 55.5, 'overUnderOpen': 56.5, 'homeMoneyline': None, 'awayMoneyline': None}]"
401858422,2026,regular,1,2026-09-04T00:00:00.000Z,135,Minnesota,Big Ten,fbs,59.0,2197,Eastern Illinois,OVC,fcs,7.0,"[{'provider': 'DraftKings', 'spread': -42.5, 'formattedSpread': 'Minnesota -42.5', 'spreadOpen': -43.5, 'overUnder': 52.5, 'overUnderOpen': None, 'homeMoneyline': None, 'awayMoneyline': None}, {'provider': 'Draft Kings', 'spread': -42.5, 'formattedSpread': 'Minnesota -42.5', 'spreadOpen': None, 'overUnder': 52.5, 'overUnderOpen': None, 'homeMoneyline': None, 'awayMoneyline': None}]"
401862696,2026,regular,1,2026-09-05T19:30:00.000Z,2426,Navy,American Athletic,fbs,,119,Towson,Coastal Athletic,fcs,,"[{'provider': 'DraftKings', 'spread': -30.5, 'formattedSpread': 'Navy -30.5', 'spreadOpen': -30.5, 'overUnder': 49.5, 'overUnderOpen': 53.5, 'homeMoneyline': -50000, 'awayMoneyline': 4000}]"
401856663,2026,regular,1,2026-09-04T00:00:00.000Z,142,Missouri,SEC,fbs,54.0,2029,Arkansas-Pine Bluff,SWAC,fcs,14.0,"[{'provider': 'DraftKings', 'spread': -55.5, 'formattedSpread': 'Missouri -55.5', 'spreadOpen': -54.5, 'overUnder': 62.5, 'overUnderOpen': 60.5, 'homeMoneyline': None, 'awayMoneyline': None}, {'provider': 'Draft Kings', 'spread': -55.5, 'formattedSpread': 'Missouri -55.5', 'spreadOpen': None, 'overUnder': 62.5, 'overUnderOpen': None, 'homeMoneyline': None, 'awayMoneyline': None}]"
401864424,2026,regular,1,2026-09-03T23:00:00.000Z,48,Delaware,Conference USA,fbs,42.0,2771,Merrimack,FCS Independents,fcs,7.0,"[{'provider': 'DraftKings', 'spread': -31.5, 'formattedSpread': 'Delaware -31.5', 'spreadOpen': -28.5, 'overUnder': 56.5, 'overUnderOpen': 55.5, 'homeMoneyline': -8000, 'awayMoneyline': 2200}, {'provider': 'Draft Kings', 'spread': -31.5, 'formattedSpread': 'Delaware -31.5', 'spreadOpen': None, 'overUnder': 56.5, 'overUnderOpen': None, 'homeMoneyline': None, 'awayMoneyline': None}]"
401866623,2026,regular,1,2026-09-04T23:00:00.000Z,2247,Georgia State,Sun Belt,fbs,,2448,North Carolina A&T,Coastal Athletic,fcs,,"[{'provider': 'DraftKings', 'spread': -29.5, 'formattedSpread': 'Georgia State -29.5', 'spreadOpen': -28.5, 'overUnder': 62.5, 'overUnderOpen': 63.5, 'homeMoneyline': -6500, 'awayMoneyline': 2000}]"
401862694,2026,regular,1,2026-09-05T19:30:00.000Z,2429,Charlotte,American Athletic,fbs,,2643,The Citadel,Southern,fcs,,"[{'provider': 'DraftKings', 'spread': -20.5, 'formattedSpread': 'Charlotte -20.5', 'spreadOpen': -15.5, 'overUnder': 46.5, 'overUnderOpen': 46.5, 'homeMoneyline': -1650, 'awayMoneyline': 950}]"
401864425,2026,regular,1,2026-09-03T23:00:00.000Z,338,Kennesaw State,Conference USA,fbs,47.0,2698,West Georgia,UAC,fcs,0.0,"[{'provider': 'DraftKings', 'spread': -22.5, 'formattedSpread': 'Kennesaw State -22.5', 'spreadOpen': -22.5, 'overUnder': 50.5, 'overUnderOpen': 51.5, 'homeMoneyline': -3600, 'awayMoneyline': 1500}, {'provider': 'Draft Kings', 'spread': -22.5, 'formattedSpread': 'Kennesaw State -22.5', 'spreadOpen': None, 'overUnder': 50.5, 'overUnderOpen': None, 'homeMoneyline': None, 'awayMoneyline': None}]"
401856769,2026,regular,1,2026-09-05T00:00:00.000Z,2305,Kansas,Big 12,fbs,,2341,Long Island University,NEC,fcs,,"[{'provider': 'DraftKings', 'spread': -41.5, 'formattedSpread': 'Kansas -41.5', 'spreadOpen': -38.5, 'overUnder': 54.5, 'overUnderOpen': 53.5, 'homeMoneyline': None, 'awayMoneyline': None}]"
401862700,2026,regular,1,2026-09-05T19:30:00.000Z,2636,UTSA,American Athletic,fbs,,292,UT Rio Grande Valley,Southland,fcs,,"[{'provider': 'DraftKings', 'spread': -28.5, 'formattedSpread': 'UTSA -28.5', 'spreadOpen': -28.5, 'overUnder': 59.5, 'overUnderOpen': 59.5, 'homeMoneyline': -9000, 'awayMoneyline': 2500}]"
401864499,2026,regular,1,2026-09-05T19:30:00.000Z,2449,North Dakota State,Mountain West,fbs,,2230,Fordham,Patriot,fcs,,"[{'provider': 'DraftKings', 'spread': -41.5, 'formattedSpread': 'North Dakota State -41.5', 'spreadOpen': -39.5, 'overUnder': 56.5, 'overUnderOpen': 57.5, 'homeMoneyline': None, 'awayMoneyline': None}]"
401866627,2026,regular,1,2026-09-05T19:30:00.000Z,2026,App State,Sun Belt,fbs,,311,Maine,Coastal Athletic,fcs,,"[{'provider': 'DraftKings', 'spread': -19.5, 'formattedSpread': 'App State -19.5', 'spreadOpen': -17.5, 'overUnder': 53.5, 'overUnderOpen': 53.5, 'homeMoneyline': -1100, 'awayMoneyline': 700}]"
401856770,2026,regular,1,2026-09-05T23:00:00.000Z,2641,Texas Tech,Big 12,fbs,,2000,Abilene Christian,UAC,fcs,,"[{'provider': 'DraftKings', 'spread': -42.5, 'formattedSpread': 'Texas Tech -42.5', 'spreadOpen': -42.5, 'overUnder': 59.5, 'overUnderOpen': 59.5, 'homeMoneyline': None, 'awayMoneyline': None}]"
401858427,2026,regular,1,2026-09-06T00:00:00.000Z,120,Maryland,Big Ten,fbs,,2261,Hampton,Coastal Athletic,fcs,,"[{'provider': 'DraftKings', 'spread': -45.5, 'formattedSpread': 'Maryland -45.5', 'spreadOpen': -45.5, 'overUnder': 56.5, 'overUnderOpen': 56.5, 'homeMoneyline': None, 'awayMoneyline': None}]"
401856811,2026,regular,3,2026-09-19T00:00:00.000Z,2641,Texas Tech,Big 12,fbs,,248,Houston,Big 12,fbs,,"[{'provider': 'DraftKings', 'spread': -13.5, 'formattedSpread': 'Texas Tech -13.5', 'spreadOpen': -13.5, 'overUnder': None, 'overUnderOpen': None, 'homeMoneyline': None, 'awayMoneyline': None}]"
401856685,2026,regular,3,2026-09-19T19:30:00.000Z,333,Alabama,SEC,fbs,,52,Florida State,ACC,fbs,,"[{'provider': 'DraftKings', 'spread': -15.5, 'formattedSpread': 'Alabama -15.5', 'spreadOpen': -15.5, 'overUnder': 52.5, 'overUnderOpen': 52.5, 'homeMoneyline': -600, 'awayMoneyline': 440}]"
401867973,2026,regular,1,2026-09-05T22:00:00.000Z,295,Old Dominion,Sun Belt,fbs,,2450,Norfolk State,MEAC,fcs,,"[{'provider': 'DraftKings', 'spread': -40.5, 'formattedSpread': 'Old Dominion -40.5', 'spreadOpen': -41.5, 'overUnder': 52.5, 'overUnderOpen': 55.5, 'homeMoneyline': None, 'awayMoneyline': None}]"
401856775,2026,regular,1,2026-09-06T00:00:00.000Z,252,BYU,Big 12,fbs,,3101,Utah Tech,Big Sky,fcs,,"[{'provider': 'DraftKings', 'spread': -51.5, 'formattedSpread': 'BYU -51.5', 'spreadOpen': -47.5, 'overUnder': 61.5, 'overUnderOpen': 54.5, 'homeMoneyline': None, 'awayMoneyline': None}]"
401860880,2026,regular,1,2026-09-05T23:00:00.000Z,328,Utah State,Pac-12,fbs,,304,Idaho State,Big Sky,fcs,,"[{'provider': 'DraftKings', 'spread': -14, 'formattedSpread': 'Utah State -14', 'spreadOpen': -11.5, 'overUnder': 62.5, 'overUnderOpen': 64.5, 'homeMoneyline': -575, 'awayMoneyline': 425}]"
401868140,2026,regular,1,2026-09-05T23:00:00.000Z,55,Jacksonville State,Conference USA,fbs,,2198,Eastern Kentucky,UAC,fcs,,"[{'provider': 'DraftKings', 'spread': -20.5, 'formattedSpread': 'Jacksonville State -20.5', 'spreadOpen': -19.5, 'overUnder': 53.5, 'overUnderOpen': 52.5, 'homeMoneyline': -2100, 'awayMoneyline': 1100}]"
401866411,2026,regular,1,2026-09-06T02:00:00.000Z,16,Sacramento State,Mid-American,fbs,,2400,Mississippi Valley State,SWAC,fcs,,"[{'provider': 'DraftKings', 'spread': -37.5, 'formattedSpread': 'Sacramento State -37.5', 'spreadOpen': -35.5, 'overUnder': 56.5, 'overUnderOpen': 56.5, 'homeMoneyline': None, 'awayMoneyline': None}]"
401862697,2026,regular,1,2026-09-05T23:00:00.000Z,242,Rice,American Athletic,fbs,,2277,Houston Christian,Southland,fcs,,"[{'provider': 'DraftKings', 'spread': -22.5, 'formattedSpread': 'Rice -22.5', 'spreadOpen': -24.5, 'overUnder': 47.5, 'overUnderOpen': 47.5, 'homeMoneyline': -3600, 'awayMoneyline': 1500}]"
401858211,2026,regular,1,2026-09-05T23:30:00.000Z,259,Virginia Tech,ACC,fbs,,2678,VMI,Southern,fcs,,"[{'provider': 'DraftKings', 'spread': -55.5, 'formattedSpread': 'Virginia Tech -55.5', 'spreadOpen': -50.5, 'overUnder': 62.5, 'overUnderOpen': 57.5, 'homeMoneyline': None, 'awayMoneyline': None}]"
401856670,2026,regular,2,2026-09-13T02:15:00.000Z,254,Utah,Big 12,fbs,,8,Arkansas,SEC,fbs,,"[{'provider': 'DraftKings', 'spread': -9.5, 'formattedSpread': 'Utah -9.5', 'spreadOpen': -9.5, 'overUnder': 54.5, 'overUnderOpen': 54.5, 'homeMoneyline': -380, 'awayMoneyline': 300}]"
401858431,2026,regular,1,2026-09-06T00:00:00.000Z,77,Northwestern,Big Ten,fbs,,2571,South Dakota State,MVFC,fcs,,"[{'provider': 'DraftKings', 'spread': -12.5, 'formattedSpread': 'Northwestern -12.5', 'spreadOpen': -12.5, 'overUnder': 46.5, 'overUnderOpen': 46.5, 'homeMoneyline': -500, 'awayMoneyline': 380}]"
401856773,2026,regular,1,2026-09-06T01:30:00.000Z,12,Arizona,Big 12,fbs,,2464,Northern Arizona,Big Sky,fcs,,"[{'provider': 'DraftKings', 'spread': -31.5, 'formattedSpread': 'Arizona -31.5', 'spreadOpen': -31.5, 'overUnder': 58.5, 'overUnderOpen': 56.5, 'homeMoneyline': -8000, 'awayMoneyline': 2200}]"
401856771,2026,regular,1,2026-09-05T23:00:00.000Z,2306,Kansas State,Big 12,fbs,,2447,Nicholls,Southland,fcs,,"[{'provider': 'DraftKings', 'spread': -40.5, 'formattedSpread': 'Kansas State -40.5', 'spreadOpen': -40.5, 'overUnder': 54.5, 'overUnderOpen': 55.5, 'homeMoneyline': None, 'awayMoneyline': None}]"
401856683,2026,regular,2,2026-09-12T16:00:00.000Z,245,Texas A&M,SEC,fbs,,9,Arizona State,Big 12,fbs,,"[{'provider': 'DraftKings', 'spread': -14.5, 'formattedSpread': 'Texas A&M -14.5', 'spreadOpen': -14.5, 'overUnder': 51.5, 'overUnderOpen': 51.5, 'homeMoneyline': -575, 'awayMoneyline': 425}]"
401856774,2026,regular,1,2026-09-06T02:00:00.000Z,9,Arizona State,Big 12,fbs,,2415,Morgan State,MEAC,fcs,,"[{'provider': 'DraftKings', 'spread': -43.5, 'formattedSpread': 'Arizona State -43.5', 'spreadOpen': -41.5, 'overUnder': 52.5, 'overUnderOpen': 52.5, 'homeMoneyline': None, 'awayMoneyline': None}]"
401856688,2026,regular,3,2026-09-19T23:30:00.000Z,145,Ole Miss,SEC,fbs,,99,LSU,SEC,fbs,,"[{'provider': 'DraftKings', 'spread': -1.5, 'formattedSpread': 'Ole Miss -1.5', 'spreadOpen': -1.5, 'overUnder': 57.5, 'overUnderOpen': 57.5, 'homeMoneyline': -130, 'awayMoneyline': 110}]"
401856782,2026,regular,2,2026-09-12T16:00:00.000Z,197,Oklahoma State,Big 12,fbs,,2483,Oregon,Big Ten,fbs,,"[{'provider': 'DraftKings', 'spread': 18.5, 'formattedSpread': 'Oregon -18.5', 'spreadOpen': 18.5, 'overUnder': 60.5, 'overUnderOpen': 60.5, 'homeMoneyline': 750, 'awayMoneyline': -1200}]"
401869129,2026,regular,1,2026-09-05T23:30:00.000Z,2348,Louisiana Tech,Sun Belt,fbs,,2466,Northwestern State,Southland,fcs,,"[{'provider': 'DraftKings', 'spread': -44.5, 'formattedSpread': 'Louisiana Tech -44.5', 'spreadOpen': -41.5, 'overUnder': 55.5, 'overUnderOpen': 52.5, 'homeMoneyline': None, 'awayMoneyline': None}]"
401858469,2026,regular,4,2026-09-26T04:00:00.000Z,30,USC,Big Ten,fbs,,2483,Oregon,Big Ten,fbs,,"[{'provider': 'DraftKings', 'spread': 5.5, 'formattedSpread': 'Oregon -5.5', 'spreadOpen': 5.5, 'overUnder': 58.5, 'overUnderOpen': 58.5, 'homeMoneyline': 195, 'awayMoneyline': -238}]"
401856702,2026,regular,4,2026-09-26T04:00:00.000Z,99,LSU,SEC,fbs,,245,Texas A&M,SEC,fbs,,"[{'provider': 'DraftKings', 'spread': -3, 'formattedSpread': 'LSU -3', 'spreadOpen': -3, 'overUnder': 56.5, 'overUnderOpen': 57.5, 'homeMoneyline': -155, 'awayMoneyline': 130}]"
401856682,2026,regular,2,2026-09-12T23:30:00.000Z,251,Texas,SEC,fbs,,194,Ohio State,Big Ten,fbs,,"[{'provider': 'DraftKings', 'spread': -1.5, 'formattedSpread': 'Texas -1.5', 'spreadOpen': -1.5, 'overUnder': 47.5, 'overUnderOpen': None, 'homeMoneyline': -118, 'awayMoneyline': -102}, {'provider': 'Bovada', 'spread': -1.5, 'formattedSpread': 'Texas -1.5', 'spreadOpen': -2.5, 'overUnder': 47.5, 'overUnderOpen': 47.5, 'homeMoneyline': -120, 'awayMoneyline': 100}]"
401868316,2026,regular,1,2026-09-05T23:00:00.000Z,6,South Alabama,Sun Belt,fbs,,2545,SE Louisiana,Southland,fcs,,"[{'provider': 'DraftKings', 'spread': -12.5, 'formattedSpread': 'South Alabama -12.5', 'spreadOpen': -12.5, 'overUnder': 52.5, 'overUnderOpen': 52.5, 'homeMoneyline': -600, 'awayMoneyline': 440}]"
401856679,2026,regular,2,2026-09-12T16:00:00.000Z,130,Michigan,Big Ten,fbs,,201,Oklahoma,SEC,fbs,,"[{'provider': 'DraftKings', 'spread': 1.5, 'formattedSpread': 'Oklahoma -1.5', 'spreadOpen': -1.5, 'overUnder': 46.5, 'overUnderOpen': 46.5, 'homeMoneyline': -102, 'awayMoneyline': -118}, {'provider': 'Bovada', 'spread': -2.5, 'formattedSpread': 'Michigan -2.5', 'spreadOpen': -1.5, 'overUnder': 45.5, 'overUnderOpen': 45.5, 'homeMoneyline': -145, 'awayMoneyline': 125}]"
401856678,2026,regular,2,2026-09-12T00:00:00.000Z,2305,Kansas,Big 12,fbs,,142,Missouri,SEC,fbs,,"[{'provider': 'DraftKings', 'spread': 6.5, 'formattedSpread': 'Missouri -6.5', 'spreadOpen': 7, 'overUnder': 53.5, 'overUnderOpen': 52.5, 'homeMoneyline': 185, 'awayMoneyline': -225}]"
401868170,2026,regular,1,2026-09-05T23:00:00.000Z,290,Georgia Southern,Sun Belt,fbs,,2127,Charleston Southern,OVC,fcs,,"[{'provider': 'DraftKings', 'spread': -25.5, 'formattedSpread': 'Georgia Southern -25.5', 'spreadOpen': -25.5, 'overUnder': 51.5, 'overUnderOpen': 51.5, 'homeMoneyline': -4500, 'awayMoneyline': 1700}]"
401856788,2026,regular,2,2026-09-12T23:30:00.000Z,2294,Iowa,Big Ten,fbs,,66,Iowa State,Big 12,fbs,,"[{'provider': 'DraftKings', 'spread': -12.5, 'formattedSpread': 'Iowa -12.5', 'spreadOpen': -11.5, 'overUnder': 41.5, 'overUnderOpen': 41.5, 'homeMoneyline': -625, 'awayMoneyline': 455}]"
401858230,2026,regular,3,2026-09-19T19:30:00.000Z,97,Louisville,ACC,fbs,,2567,SMU,ACC,fbs,,"[{'provider': 'DraftKings', 'spread': -1.5, 'formattedSpread': 'Louisville -1.5', 'spreadOpen': -1.5, 'overUnder': 56.5, 'overUnderOpen': 56.5, 'homeMoneyline': -115, 'awayMoneyline': -105}]"
401856687,2026,regular,3,2026-09-19T23:00:00.000Z,2,Auburn,SEC,fbs,,57,Florida,SEC,fbs,,"[{'provider': 'DraftKings', 'spread': 1.5, 'formattedSpread': 'Florida -1.5', 'spreadOpen': -1.5, 'overUnder': 53.5, 'overUnderOpen': 53.5, 'homeMoneyline': -108, 'awayMoneyline': -112}]"
401860879,2026,regular,1,2026-09-06T01:30:00.000Z,21,San Diego State,Pac-12,fbs,,2502,Portland State,Big Sky,fcs,,"[{'provider': 'DraftKings', 'spread': -40.5, 'formattedSpread': 'San Diego State -40.5', 'spreadOpen': -38.5, 'overUnder': 61.5, 'overUnderOpen': 57.5, 'homeMoneyline': None, 'awayMoneyline': None}]"
401869142,2026,regular,1,2026-09-06T00:00:00.000Z,309,Louisiana,Sun Belt,fbs,,2320,Lamar,Southland,fcs,,"[{'provider': 'DraftKings', 'spread': -20.5, 'formattedSpread': 'Louisiana -20.5', 'spreadOpen': -18.5, 'overUnder': 48.5, 'overUnderOpen': 48.5, 'homeMoneyline': -1200, 'awayMoneyline': 750}]"
401856700,2026,regular,4,2026-09-26T04:00:00.000Z,61,Georgia,SEC,fbs,,201,Oklahoma,SEC,fbs,,"[{'provider': 'DraftKings', 'spread': -10, 'formattedSpread': 'Georgia -10', 'spreadOpen': -10, 'overUnder': 52.5, 'overUnderOpen': 52.5, 'homeMoneyline': -395, 'awayMoneyline': 310}]"
401867866,2026,regular,1,2026-09-05T23:00:00.000Z,2393,Middle Tennessee,Conference USA,fbs,,93,Murray State,MVFC,fcs,,"[{'provider': 'DraftKings', 'spread': -20.5, 'formattedSpread': 'Middle Tennessee -20.5', 'spreadOpen': -20.5, 'overUnder': 57.5, 'overUnderOpen': 59.5, 'homeMoneyline': -1800, 'awayMoneyline': 1000}]"
401868356,2026,regular,1,2026-09-05T21:00:00.000Z,2572,Southern Miss,Sun Belt,fbs,,2016,Alcorn State,SWAC,fcs,,"[{'provider': 'DraftKings', 'spread': -20.5, 'formattedSpread': 'Southern Miss -20.5', 'spreadOpen': -21, 'overUnder': 50.5, 'overUnderOpen': 50.5, 'homeMoneyline': -1200, 'awayMoneyline': 750}]"
401856669,2026,regular,1,2026-09-05T23:00:00.000Z,238,Vanderbilt,SEC,fbs,,2046,Austin Peay,UAC,fcs,,"[{'provider': 'DraftKings', 'spread': -29.5, 'formattedSpread': 'Vanderbilt -29.5', 'spreadOpen': -30.5, 'overUnder': 60.5, 'overUnderOpen': 61.5, 'homeMoneyline': -4500, 'awayMoneyline': 1700}]"
401867894,2026,regular,1,2026-08-27T22:00:00.000Z,2754,Youngstown State,MVFC,fcs,43.0,2385,Mercyhurst,NEC,fcs,10.0,"[{'provider': 'Draft Kings', 'spread': -30.5, 'formattedSpread': 'Youngstown State -30.5', 'spreadOpen': None, 'overUnder': 57.5, 'overUnderOpen': None, 'homeMoneyline': None, 'awayMoneyline': None}]"
401870790,2026,regular,1,2026-09-06T01:00:00.000Z,166,New Mexico State,Conference USA,fbs,,2385,Mercyhurst,NEC,fcs,,"[{'provider': 'DraftKings', 'spread': -28.5, 'formattedSpread': 'New Mexico State -28.5', 'spreadOpen': -24.5, 'overUnder': 52.5, 'overUnderOpen': 50.5, 'homeMoneyline': -8000, 'awayMoneyline': 2200}]"
401858423,2026,regular,1,2026-09-03T22:00:00.000Z,164,Rutgers,Big Ten,fbs,21.0,113,Massachusetts,Mid-American,fbs,37.0,"[{'provider': 'Bovada', 'spread': -29, 'formattedSpread': 'Rutgers -29.0', 'spreadOpen': -30.5, 'overUnder': 54.5, 'overUnderOpen': 54.5, 'homeMoneyline': None, 'awayMoneyline': None}, {'provider': 'Draft Kings', 'spread': -29.5, 'formattedSpread': 'Rutgers -29.5', 'spreadOpen': None, 'overUnder': 55.5, 'overUnderOpen': None, 'homeMoneyline': None, 'awayMoneyline': None}, {'provider': 'DraftKings', 'spread': -29.5, 'formattedSpread': 'Rutgers -29.5', 'spreadOpen': -30.5, 'overUnder': 54.5, 'overUnderOpen': None, 'homeMoneyline': -8000, 'awayMoneyline': 2200}]"
401856768,2026,regular,1,2026-09-04T01:00:00.000Z,254,Utah,Big 12,fbs,66.0,70,Idaho,Big Sky,fcs,14.0,"[{'provider': 'DraftKings', 'spread': -37.5, 'formattedSpread': 'Utah -37.5', 'spreadOpen': -32.5, 'overUnder': 60.5, 'overUnderOpen': 56.5, 'homeMoneyline': -100000, 'awayMoneyline': 5000}, {'provider': 'Draft Kings', 'spread': -38.5, 'formattedSpread': 'Utah -38.5', 'spreadOpen': None, 'overUnder': 60.5, 'overUnderOpen': None, 'homeMoneyline': None, 'awayMoneyline': None}]"
401858249,2026,regular,5,2026-10-03T04:00:00.000Z,228,Clemson,ACC,fbs,,2390,Miami,ACC,fbs,,"[{'provider': 'DraftKings', 'spread': 7, 'formattedSpread': 'Miami -7', 'spreadOpen': 7, 'overUnder': 55.5, 'overUnderOpen': 55.5, 'homeMoneyline': 260, 'awayMoneyline': -325}]"
401858313,2026,regular,13,2026-11-28T05:00:00.000Z,153,North Carolina,ACC,fbs,,152,NC State,ACC,fbs,,"[{'provider': 'DraftKings', 'spread': 1.5, 'formattedSpread': 'NC State -1.5', 'spreadOpen': 1.5, 'overUnder': 55.5, 'overUnderOpen': 55.5, 'homeMoneyline': -102, 'awayMoneyline': -118}]"
401858317,2026,regular,13,2026-11-28T05:00:00.000Z,259,Virginia Tech,ACC,fbs,,258,Virginia,ACC,fbs,,"[{'provider': 'DraftKings', 'spread': -1.5, 'formattedSpread': 'Virginia Tech -1.5', 'spreadOpen': -1.5, 'overUnder': 53.5, 'overUnderOpen': 53.5, 'homeMoneyline': -125, 'awayMoneyline': 105}]"
401858537,2026,regular,13,2026-11-28T05:00:00.000Z,77,Northwestern,Big Ten,fbs,,356,Illinois,Big Ten,fbs,,"[{'provider': 'DraftKings', 'spread': 3.5, 'formattedSpread': 'Illinois -3.5', 'spreadOpen': 3.5, 'overUnder': 52.5, 'overUnderOpen': 52.5, 'homeMoneyline': 145, 'awayMoneyline': -175}]"
401868129,2026,regular,1,2026-08-29T01:00:00.000Z,2458,Northern Colorado,Big Sky,fcs,29.0,2692,Weber State,Big Sky,fcs,30.0,"[{'provider': 'DraftKings', 'spread': -3, 'formattedSpread': 'Northern Colorado -3', 'spreadOpen': -3.5, 'overUnder': 50.5, 'overUnderOpen': 49.5, 'homeMoneyline': -161, 'awayMoneyline': 129}, {'provider': 'Draft Kings', 'spread': -3, 'formattedSpread': 'Northern Colorado -3', 'spreadOpen': None, 'overUnder': 50.5, 'overUnderOpen': None, 'homeMoneyline': None, 'awayMoneyline': None}]"
401856873,2026,regular,13,2026-11-28T05:00:00.000Z,12,Arizona,Big 12,fbs,,9,Arizona State,Big 12,fbs,,"[{'provider': 'DraftKings', 'spread': -4.5, 'formattedSpread': 'Arizona -4.5', 'spreadOpen': -4.5, 'overUnder': 52.5, 'overUnderOpen': 52.5, 'homeMoneyline': -218, 'awayMoneyline': 180}]"
401866617,2026,regular,1,2026-08-28T22:00:00.000Z,2771,Merrimack,FCS Independents,fcs,7.0,227,Rhode Island,Coastal Athletic,fcs,34.0,"[{'provider': 'DraftKings', 'spread': 20.5, 'formattedSpread': 'Rhode Island -20.5', 'spreadOpen': 20.5, 'overUnder': 47.5, 'overUnderOpen': 53.5, 'homeMoneyline': 890, 'awayMoneyline': -1960}, {'provider': 'Draft Kings', 'spread': 21, 'formattedSpread': 'Rhode Island -21', 'spreadOpen': None, 'overUnder': 47.5, 'overUnderOpen': None, 'homeMoneyline': None, 'awayMoneyline': None}]"
401868324,2026,regular,1,2026-08-29T19:00:00.000Z,2011,Alabama State,SWAC,fcs,30.0,2582,Southern,SWAC,fcs,17.0,"[{'provider': 'DraftKings', 'spread': -19.5, 'formattedSpread': 'Alabama State -19.5', 'spreadOpen': -19.5, 'overUnder': 56.5, 'overUnderOpen': 56.5, 'homeMoneyline': -1760, 'awayMoneyline': 830}, {'provider': 'Draft Kings', 'spread': 19.5, 'formattedSpread': 'Southern -19.5', 'spreadOpen': None, 'overUnder': 56.5, 'overUnderOpen': None, 'homeMoneyline': None, 'awayMoneyline': None}]"
401866616,2026,regular,1,2026-08-28T23:00:00.000Z,399,UAlbany,Coastal Athletic,fcs,28.0,160,New Hampshire,Coastal Athletic,fcs,14.0,"[{'provider': 'DraftKings', 'spread': 10, 'formattedSpread': 'New Hampshire -10', 'spreadOpen': 11.5, 'overUnder': 46.5, 'overUnderOpen': 45.5, 'homeMoneyline': 268, 'awayMoneyline': -357}, {'provider': 'Draft Kings', 'spread': 10, 'formattedSpread': 'New Hampshire -10', 'spreadOpen': None, 'overUnder': 46.5, 'overUnderOpen': None, 'homeMoneyline': None, 'awayMoneyline': None}]"
401858485,2026,regular,6,2026-10-10T04:00:00.000Z,213,Penn State,Big Ten,fbs,,30,USC,Big Ten,fbs,,"[{'provider': 'DraftKings', 'spread': -1.5, 'formattedSpread': 'Penn State -1.5', 'spreadOpen': -1.5, 'overUnder': 56.5, 'overUnderOpen': 56.5, 'homeMoneyline': -125, 'awayMoneyline': 105}]"
401856885,2026,regular,11,2026-11-14T05:00:00.000Z,99,LSU,SEC,fbs,,251,Texas,SEC,fbs,,"[{'provider': 'DraftKings', 'spread': 2.5, 'formattedSpread': 'Texas -2.5', 'spreadOpen': 2.5, 'overUnder': 54.5, 'overUnderOpen': 54.5, 'homeMoneyline': 120, 'awayMoneyline': -142}]"
401858518,2026,regular,11,2026-11-14T05:00:00.000Z,84,Indiana,Big Ten,fbs,,30,USC,Big Ten,fbs,,"[{'provider': 'DraftKings', 'spread': -10, 'formattedSpread': 'Indiana -10', 'spreadOpen': -10, 'overUnder': 58.5, 'overUnderOpen': 58.5, 'homeMoneyline': -455, 'awayMoneyline': 350}]"
401868040,2026,regular,1,2026-08-28T22:00:00.000Z,222,Villanova,Patriot,fcs,32.0,2729,William & Mary,Patriot,fcs,35.0,"[{'provider': 'DraftKings', 'spread': -12.5, 'formattedSpread': 'Villanova -12.5', 'spreadOpen': -11.5, 'overUnder': 47.5, 'overUnderOpen': 50.5, 'homeMoneyline': -700, 'awayMoneyline': 462}, {'provider': 'Draft Kings', 'spread': -12.5, 'formattedSpread': 'Villanova -12.5', 'spreadOpen': None, 'overUnder': 47.5, 'overUnderOpen': None, 'homeMoneyline': None, 'awayMoneyline': None}]"
401867882,2026,regular,1,2026-08-29T18:00:00.000Z,233,South Dakota,MVFC,fcs,59.0,2115,Central Connecticut,NEC,fcs,20.0,"[{'provider': 'DraftKings', 'spread': -21.5, 'formattedSpread': 'South Dakota -21.5', 'spreadOpen': -22.5, 'overUnder': 49.5, 'overUnderOpen': 53.5, 'homeMoneyline': -3900, 'awayMoneyline': 1180}, {'provider': 'Draft Kings', 'spread': -20.5, 'formattedSpread': 'South Dakota -20.5', 'spreadOpen': None, 'overUnder': 49.5, 'overUnderOpen': None, 'homeMoneyline': None, 'awayMoneyline': None}]"
401867916,2026,regular,1,2026-08-29T16:00:00.000Z,2681,Wagner,NEC,fcs,7.0,2523,Robert Morris,NEC,fcs,28.0,"[{'provider': 'DraftKings', 'spread': -5.5, 'formattedSpread': 'Wagner -5.5', 'spreadOpen': -5.5, 'overUnder': 40.5, 'overUnderOpen': 39.5, 'homeMoneyline': -223, 'awayMoneyline': 176}, {'provider': 'Draft Kings', 'spread': -5.5, 'formattedSpread': 'Wagner -5.5', 'spreadOpen': None, 'overUnder': 40.5, 'overUnderOpen': None, 'homeMoneyline': None, 'awayMoneyline': None}]"
401858523,2026,regular,11,2026-11-14T05:00:00.000Z,2483,Oregon,Big Ten,fbs,,130,Michigan,Big Ten,fbs,,"[{'provider': 'DraftKings', 'spread': -13.5, 'formattedSpread': 'Oregon -13.5', 'spreadOpen': -13.5, 'overUnder': 53.5, 'overUnderOpen': 53.5, 'homeMoneyline': -600, 'awayMoneyline': 440}]"
401856764,2026,regular,13,2026-11-28T05:00:00.000Z,228,Clemson,ACC,fbs,,2579,South Carolina,SEC,fbs,,"[{'provider': 'DraftKings', 'spread': -3, 'formattedSpread': 'Clemson -3', 'spreadOpen': -3, 'overUnder': 53.5, 'overUnderOpen': 53.5, 'homeMoneyline': -162, 'awayMoneyline': 136}]"
401856704,2026,regular,4,2026-09-26T16:00:00.000Z,2633,Tennessee,SEC,fbs,,251,Texas,SEC,fbs,,"[{'provider': 'DraftKings', 'spread': 6.5, 'formattedSpread': 'Texas -6.5', 'spreadOpen': 6.5, 'overUnder': 56.5, 'overUnderOpen': 56.5, 'homeMoneyline': 220, 'awayMoneyline': -270}]"
401858540,2026,regular,13,2026-11-28T17:00:00.000Z,194,Ohio State,Big Ten,fbs,,130,Michigan,Big Ten,fbs,,"[{'provider': 'DraftKings', 'spread': -13.5, 'formattedSpread': 'Ohio State -13.5', 'spreadOpen': -13.5, 'overUnder': 46.5, 'overUnderOpen': 46.5, 'homeMoneyline': -575, 'awayMoneyline': 425}]"
401862844,2026,regular,15,2026-12-12T20:00:00.000Z,349,Army,American Athletic,fbs,,2426,Navy,American Athletic,fbs,,"[{'provider': 'DraftKings', 'spread': 2.5, 'formattedSpread': 'Navy -2.5', 'spreadOpen': 2.5, 'overUnder': 37.5, 'overUnderOpen': 37.5, 'homeMoneyline': 120, 'awayMoneyline': -142}]"
401856712,2026,regular,6,2026-10-10T04:00:00.000Z,333,Alabama,SEC,fbs,,61,Georgia,SEC,fbs,,"[{'provider': 'DraftKings', 'spread': 3, 'formattedSpread': 'Georgia -3', 'spreadOpen': 3, 'overUnder': 50.5, 'overUnderOpen': 50.5, 'homeMoneyline': 136, 'awayMoneyline': -162}]"
401858436,2026,regular,1,2026-09-05T01:00:00.000Z,30,USC,Big Ten,fbs,,278,Fresno State,Pac-12,fbs,,"[{'provider': 'DraftKings', 'spread': -22.5, 'formattedSpread': 'USC -22.5', 'spreadOpen': -23.5, 'overUnder': 51.5, 'overUnderOpen': None, 'homeMoneyline': -2100, 'awayMoneyline': 1100}, {'provider': 'Bovada', 'spread': -21.5, 'formattedSpread': 'USC -21.5', 'spreadOpen': -23, 'overUnder': 51.5, 'overUnderOpen': 51.5, 'homeMoneyline': -3500, 'awayMoneyline': 1100}]"
401858201,2026,regular,1,2026-08-29T23:00:00.000Z,24,Stanford,ACC,fbs,37.0,62,Hawai'i,Mountain West,fbs,27.0,"[{'provider': 'DraftKings', 'spread': -4.5, 'formattedSpread': 'Stanford -4.5', 'spreadOpen': -3, 'overUnder': 48.5, 'overUnderOpen': None, 'homeMoneyline': -205, 'awayMoneyline': 170}, {'provider': 'Draft Kings', 'spread': -4.5, 'formattedSpread': 'Stanford -4.5', 'spreadOpen': None, 'overUnder': 48.5, 'overUnderOpen': None, 'homeMoneyline': None, 'awayMoneyline': None}, {'provider': 'Bovada', 'spread': -5, 'formattedSpread': 'Stanford -5.0', 'spreadOpen': -3, 'overUnder': 48.5, 'overUnderOpen': 50.5, 'homeMoneyline': -170, 'awayMoneyline': 145}]"
401858212,2026,regular,1,2026-09-07T23:30:00.000Z,52,Florida State,ACC,fbs,,2567,SMU,ACC,fbs,,"[{'provider': 'DraftKings', 'spread': 3, 'formattedSpread': 'SMU -3', 'spreadOpen': None, 'overUnder': 53.5, 'overUnderOpen': None, 'homeMoneyline': 124, 'awayMoneyline': -148}, {'provider': 'Bovada', 'spread': 3, 'formattedSpread': 'SMU -3.0', 'spreadOpen': 2.5, 'overUnder': 53, 'overUnderOpen': 52.5, 'homeMoneyline': 145, 'awayMoneyline': -170}]"
401858250,2026,regular,5,2026-10-03T04:00:00.000Z,153,North Carolina,ACC,fbs,,87,Notre Dame,FBS Independents,fbs,,"[{'provider': 'DraftKings', 'spread': 23.5, 'formattedSpread': 'Notre Dame -23.5', 'spreadOpen': 23.5, 'overUnder': 55.5, 'overUnderOpen': 55.5, 'homeMoneyline': 1100, 'awayMoneyline': -2100}]"
401858263,2026,regular,7,2026-10-17T04:00:00.000Z,2390,Miami,ACC,fbs,,52,Florida State,ACC,fbs,,"[{'provider': 'DraftKings', 'spread': -16.5, 'formattedSpread': 'Miami -16.5', 'spreadOpen': -16.5, 'overUnder': 53.5, 'overUnderOpen': 53.5, 'homeMoneyline': -1200, 'awayMoneyline': 750}]"
401858271,2026,regular,8,2026-10-23T23:00:00.000Z,258,Virginia,ACC,fbs,,150,Duke,ACC,fbs,,"[{'provider': 'DraftKings', 'spread': -6.5, 'formattedSpread': 'Virginia -6.5', 'spreadOpen': -6.5, 'overUnder': 53.5, 'overUnderOpen': 53.5, 'homeMoneyline': -278, 'awayMoneyline': 225}]"
401858509,2026,regular,9,2026-10-31T04:00:00.000Z,30,USC,Big Ten,fbs,,194,Ohio State,Big Ten,fbs,,"[{'provider': 'DraftKings', 'spread': 7.5, 'formattedSpread': 'Ohio State -7.5', 'spreadOpen': 7.5, 'overUnder': 54.5, 'overUnderOpen': 54.5, 'homeMoneyline': 260, 'awayMoneyline': -325}]"
401858280,2026,regular,9,2026-10-31T04:00:00.000Z,52,Florida State,ACC,fbs,,228,Clemson,ACC,fbs,,"[{'provider': 'DraftKings', 'spread': 1.5, 'formattedSpread': 'Clemson -1.5', 'spreadOpen': 1.5, 'overUnder': 51.5, 'overUnderOpen': 51.5, 'homeMoneyline': -108, 'awayMoneyline': -112}]"
401856734,2026,regular,9,2026-10-31T19:30:00.000Z,61,Georgia,SEC,fbs,,57,Florida,SEC,fbs,,"[{'provider': 'DraftKings', 'spread': -12.5, 'formattedSpread': 'Georgia -12.5', 'spreadOpen': -12.5, 'overUnder': 53.5, 'overUnderOpen': 53.5, 'homeMoneyline': -550, 'awayMoneyline': 410}]"
401858514,2026,regular,10,2026-11-07T05:00:00.000Z,194,Ohio State,Big Ten,fbs,,2483,Oregon,Big Ten,fbs,,"[{'provider': 'DraftKings', 'spread': -6, 'formattedSpread': 'Ohio State -6', 'spreadOpen': -6, 'overUnder': 52.5, 'overUnderOpen': 52.5, 'homeMoneyline': -258, 'awayMoneyline': 210}]"
401856741,2026,regular,10,2026-11-07T05:00:00.000Z,145,Ole Miss,SEC,fbs,,61,Georgia,SEC,fbs,,"[{'provider': 'DraftKings', 'spread': 4.5, 'formattedSpread': 'Georgia -4.5', 'spreadOpen': 4.5, 'overUnder': 55.5, 'overUnderOpen': 55.5, 'homeMoneyline': 180, 'awayMoneyline': -218}]"
401856740,2026,regular,10,2026-11-07T05:00:00.000Z,99,LSU,SEC,fbs,,333,Alabama,SEC,fbs,,"[{'provider': 'DraftKings', 'spread': -3.5, 'formattedSpread': 'LSU -3.5', 'spreadOpen': -3.5, 'overUnder': 54.5, 'overUnderOpen': 54.5, 'homeMoneyline': -185, 'awayMoneyline': 154}]"
401858511,2026,regular,10,2026-11-07T05:00:00.000Z,130,Michigan,Big Ten,fbs,,127,Michigan State,Big Ten,fbs,,"[{'provider': 'DraftKings', 'spread': -16.5, 'formattedSpread': 'Michigan -16.5', 'spreadOpen': -16.5, 'overUnder': 50.5, 'overUnderOpen': 50.5, 'homeMoneyline': -950, 'awayMoneyline': 625}]"
401856887,2026,regular,11,2026-11-14T05:00:00.000Z,201,Oklahoma,SEC,fbs,,145,Ole Miss,SEC,fbs,,"[{'provider': 'DraftKings', 'spread': -4, 'formattedSpread': 'Oklahoma -4', 'spreadOpen': -4, 'overUnder': 53.5, 'overUnderOpen': 53.5, 'homeMoneyline': -198, 'awayMoneyline': 164}]"
401856879,2026,regular,13,2026-11-27T01:00:00.000Z,2641,Texas Tech,Big 12,fbs,,2628,TCU,Big 12,fbs,,"[{'provider': 'DraftKings', 'spread': -16.5, 'formattedSpread': 'Texas Tech -16.5', 'spreadOpen': -16.5, 'overUnder': 55.5, 'overUnderOpen': 55.5, 'homeMoneyline': -950, 'awayMoneyline': 625}]"
401856759,2026,regular,13,2026-11-27T20:30:00.000Z,52,Florida State,ACC,fbs,,57,Florida,SEC,fbs,,"[{'provider': 'DraftKings', 'spread': 4.5, 'formattedSpread': 'Florida -4.5', 'spreadOpen': 4.5, 'overUnder': 52.5, 'overUnderOpen': 52.5, 'homeMoneyline': 170, 'awayMoneyline': -205}]"
401858543,2026,regular,13,2026-11-28T05:00:00.000Z,26,UCLA,Big Ten,fbs,,30,USC,Big Ten,fbs,,"[{'provider': 'DraftKings', 'spread': 10.5, 'formattedSpread': 'USC -10.5', 'spreadOpen': 10.5, 'overUnder': 55.5, 'overUnderOpen': 55.5, 'homeMoneyline': 360, 'awayMoneyline': -470}]"
401858291,2026,regular,10,2026-11-08T00:30:00.000Z,87,Notre Dame,FBS Independents,fbs,,2390,Miami,ACC,fbs,,"[{'provider': 'DraftKings', 'spread': -6.5, 'formattedSpread': 'Notre Dame -6.5', 'spreadOpen': -6.5, 'overUnder': 54.5, 'overUnderOpen': 54.5, 'homeMoneyline': -238, 'awayMoneyline': 195}]"
401858490,2026,regular,7,2026-10-17T04:00:00.000Z,130,Michigan,Big Ten,fbs,,213,Penn State,Big Ten,fbs,,"[{'provider': 'DraftKings', 'spread': -6.5, 'formattedSpread': 'Michigan -6.5', 'spreadOpen': -6.5, 'overUnder': 51.5, 'overUnderOpen': 51.5, 'homeMoneyline': -270, 'awayMoneyline': 220}]"
401856837,2026,regular,8,2026-10-24T04:00:00.000Z,254,Utah,Big 12,fbs,,248,Houston,Big 12,fbs,,"[{'provider': 'DraftKings', 'spread': -6.5, 'formattedSpread': 'Utah -6.5', 'spreadOpen': -6.5, 'overUnder': 50.5, 'overUnderOpen': 50.5, 'homeMoneyline': -258, 'awayMoneyline': 210}]"
401858266,2026,regular,7,2026-10-17T04:00:00.000Z,150,Duke,ACC,fbs,,153,North Carolina,ACC,fbs,,"[{'provider': 'DraftKings', 'spread': -4.5, 'formattedSpread': 'Duke -4.5', 'spreadOpen': -4.5, 'overUnder': 54.5, 'overUnderOpen': 54.5, 'homeMoneyline': -225, 'awayMoneyline': 185}]"
401856717,2026,regular,6,2026-10-10T19:30:00.000Z,201,Oklahoma,SEC,fbs,,251,Texas,SEC,fbs,,"[{'provider': 'DraftKings', 'spread': 6, 'formattedSpread': 'Texas -6', 'spreadOpen': 6, 'overUnder': 48.5, 'overUnderOpen': 48.5, 'homeMoneyline': 180, 'awayMoneyline': -218}]"
401856752,2026,regular,12,2026-11-21T05:00:00.000Z,201,Oklahoma,SEC,fbs,,245,Texas A&M,SEC,fbs,,"[{'provider': 'DraftKings', 'spread': -2.5, 'formattedSpread': 'Oklahoma -2.5', 'spreadOpen': -2.5, 'overUnder': 51.5, 'overUnderOpen': 51.5, 'homeMoneyline': -142, 'awayMoneyline': 120}]"
401856765,2026,regular,13,2026-11-28T05:00:00.000Z,238,Vanderbilt,SEC,fbs,,2633,Tennessee,SEC,fbs,,"[{'provider': 'DraftKings', 'spread': 3, 'formattedSpread': 'Tennessee -3', 'spreadOpen': 3, 'overUnder': 57.5, 'overUnderOpen': 57.5, 'homeMoneyline': 136, 'awayMoneyline': -162}]"
401858492,2026,regular,7,2026-10-17T04:00:00.000Z,2483,Oregon,Big Ten,fbs,,158,Nebraska,Big Ten,fbs,,"[{'provider': 'DraftKings', 'spread': -21.5, 'formattedSpread': 'Oregon -21.5', 'spreadOpen': -21.5, 'overUnder': 51.5, 'overUnderOpen': 51.5, 'homeMoneyline': -3600, 'awayMoneyline': 1500}]"
401858496,2026,regular,8,2026-10-24T04:00:00.000Z,130,Michigan,Big Ten,fbs,,84,Indiana,Big Ten,fbs,,"[{'provider': 'DraftKings', 'spread': 6, 'formattedSpread': 'Indiana -6', 'spreadOpen': 6, 'overUnder': 52.5, 'overUnderOpen': 52.5, 'homeMoneyline': 210, 'awayMoneyline': -258}]"
401856809,2026,regular,7,2026-10-17T04:00:00.000Z,252,BYU,Big 12,fbs,,87,Notre Dame,FBS Independents,fbs,,"[{'provider': 'DraftKings', 'spread': 10, 'formattedSpread': 'Notre Dame -10', 'spreadOpen': 10, 'overUnder': 54.5, 'overUnderOpen': 54.5, 'homeMoneyline': 340, 'awayMoneyline': -440}]"
401858296,2026,regular,11,2026-11-14T05:00:00.000Z,2390,Miami,ACC,fbs,,150,Duke,ACC,fbs,,"[{'provider': 'DraftKings', 'spread': -21, 'formattedSpread': 'Miami -21', 'spreadOpen': -21, 'overUnder': 55.5, 'overUnderOpen': 55.5, 'homeMoneyline': -1800, 'awayMoneyline': 1000}]"
401858307,2026,regular,12,2026-11-22T00:30:00.000Z,87,Notre Dame,FBS Independents,fbs,,2567,SMU,ACC,fbs,,"[{'provider': 'DraftKings', 'spread': -17.5, 'formattedSpread': 'Notre Dame -17.5', 'spreadOpen': -17.5, 'overUnder': 56.5, 'overUnderOpen': 56.5, 'homeMoneyline': -1200, 'awayMoneyline': 750}]"
401856754,2026,regular,12,2026-11-21T05:00:00.000Z,2633,Tennessee,SEC,fbs,,99,LSU,SEC,fbs,,"[{'provider': 'DraftKings', 'spread': 1.5, 'formattedSpread': 'LSU -1.5', 'spreadOpen': 1.5, 'overUnder': 57.5, 'overUnderOpen': 57.5, 'homeMoneyline': 100, 'awayMoneyline': -120}]"
401856849,2026,regular,10,2026-11-07T05:00:00.000Z,254,Utah,Big 12,fbs,,252,BYU,Big 12,fbs,,"[{'provider': 'DraftKings', 'spread': -3, 'formattedSpread': 'Utah -3', 'spreadOpen': -3, 'overUnder': 51.5, 'overUnderOpen': 51.5, 'homeMoneyline': -142, 'awayMoneyline': 120}]"
401858488,2026,regular,7,2026-10-17T04:00:00.000Z,84,Indiana,Big Ten,fbs,,194,Ohio State,Big Ten,fbs,,"[{'provider': 'DraftKings', 'spread': -1.5, 'formattedSpread': 'Indiana -1.5', 'spreadOpen': 1.5, 'overUnder': 48.5, 'overUnderOpen': 48.5, 'homeMoneyline': -110, 'awayMoneyline': -110}]"
401856727,2026,regular,8,2026-10-24T04:00:00.000Z,333,Alabama,SEC,fbs,,245,Texas A&M,SEC,fbs,,"[{'provider': 'DraftKings', 'spread': -2.5, 'formattedSpread': 'Alabama -2.5', 'spreadOpen': -2.5, 'overUnder': 54.5, 'overUnderOpen': 54.5, 'homeMoneyline': -142, 'awayMoneyline': 120}]"
401856863,2026,regular,11,2026-11-14T05:00:00.000Z,197,Oklahoma State,Big 12,fbs,,2641,Texas Tech,Big 12,fbs,,"[{'provider': 'DraftKings', 'spread': 15.5, 'formattedSpread': 'Texas Tech -15.5', 'spreadOpen': 15.5, 'overUnder': 61.5, 'overUnderOpen': 61.5, 'homeMoneyline': 500, 'awayMoneyline': -700}]"
401856757,2026,regular,13,2026-11-28T05:00:00.000Z,333,Alabama,SEC,fbs,,2,Auburn,SEC,fbs,,"[{'provider': 'DraftKings', 'spread': -10, 'formattedSpread': 'Alabama -10', 'spreadOpen': -10, 'overUnder': 52.5, 'overUnderOpen': 53.5, 'homeMoneyline': -425, 'awayMoneyline': 330}]"
401856830,2026,regular,7,2026-10-17T04:00:00.000Z,2306,Kansas State,Big 12,fbs,,2305,Kansas,Big 12,fbs,,"[{'provider': 'DraftKings', 'spread': -7.5, 'formattedSpread': 'Kansas State -7.5', 'spreadOpen': -7.5, 'overUnder': 54.5, 'overUnderOpen': 54.5, 'homeMoneyline': -290, 'awayMoneyline': 235}]"
401856723,2026,regular,7,2026-10-17T04:00:00.000Z,2633,Tennessee,SEC,fbs,,333,Alabama,SEC,fbs,,"[{'provider': 'DraftKings', 'spread': 1.5, 'formattedSpread': 'Alabama -1.5', 'spreadOpen': 1.5, 'overUnder': 56.5, 'overUnderOpen': 56.5, 'homeMoneyline': 100, 'awayMoneyline': -120}]"
401856719,2026,regular,7,2026-10-17T04:00:00.000Z,61,Georgia,SEC,fbs,,2,Auburn,SEC,fbs,,"[{'provider': 'DraftKings', 'spread': -16.5, 'formattedSpread': 'Georgia -16.5', 'spreadOpen': -16.5, 'overUnder': 54.5, 'overUnderOpen': 54.5, 'homeMoneyline': -1200, 'awayMoneyline': 750}]"
401856888,2026,regular,11,2026-11-14T05:00:00.000Z,245,Texas A&M,SEC,fbs,,2633,Tennessee,SEC,fbs,,"[{'provider': 'DraftKings', 'spread': -8.5, 'formattedSpread': 'Texas A&M -8.5', 'spreadOpen': -8.5, 'overUnder': 55.5, 'overUnderOpen': 55.5, 'homeMoneyline': -360, 'awayMoneyline': 285}]"
401856762,2026,regular,13,2026-11-27T17:00:00.000Z,145,Ole Miss,SEC,fbs,,344,Mississippi State,SEC,fbs,,"[{'provider': 'DraftKings', 'spread': -14.5, 'formattedSpread': 'Ole Miss -14.5', 'spreadOpen': -14.5, 'overUnder': 57.5, 'overUnderOpen': 56.5, 'homeMoneyline': -600, 'awayMoneyline': 440}]"
401856756,2026,regular,13,2026-11-28T00:30:00.000Z,245,Texas A&M,SEC,fbs,,251,Texas,SEC,fbs,,"[{'provider': 'DraftKings', 'spread': 2.5, 'formattedSpread': 'Texas -2.5', 'spreadOpen': 2.5, 'overUnder': 53.5, 'overUnderOpen': 53.5, 'homeMoneyline': 120, 'awayMoneyline': -142}]"
401856732,2026,regular,8,2026-10-24T04:00:00.000Z,251,Texas,SEC,fbs,,145,Ole Miss,SEC,fbs,,"[{'provider': 'DraftKings', 'spread': -8.5, 'formattedSpread': 'Texas -8.5', 'spreadOpen': -8.5, 'overUnder': 54.5, 'overUnderOpen': 54.5, 'homeMoneyline': -310, 'awayMoneyline': 250}]"
401858541,2026,regular,13,2026-11-28T05:00:00.000Z,2483,Oregon,Big Ten,fbs,,264,Washington,Big Ten,fbs,,"[{'provider': 'DraftKings', 'spread': -15.5, 'formattedSpread': 'Oregon -15.5', 'spreadOpen': -15.5, 'overUnder': 54.5, 'overUnderOpen': 54.5, 'homeMoneyline': -700, 'awayMoneyline': 500}]"
401858302,2026,regular,12,2026-11-21T05:00:00.000Z,2390,Miami,ACC,fbs,,259,Virginia Tech,ACC,fbs,,"[{'provider': 'DraftKings', 'spread': -16.5, 'formattedSpread': 'Miami -16.5', 'spreadOpen': -16.5, 'overUnder': 56.5, 'overUnderOpen': 56.5, 'homeMoneyline': -1050, 'awayMoneyline': 675}]"
401856772,2026,regular,1,2026-09-05T19:45:00.000Z,202,Tulsa,American Athletic,fbs,,197,Oklahoma State,Big 12,fbs,,"[{'provider': 'DraftKings', 'spread': 13.5, 'formattedSpread': 'Oklahoma State -13.5', 'spreadOpen': 11.5, 'overUnder': 59.5, 'overUnderOpen': None, 'homeMoneyline': 425, 'awayMoneyline': -575}, {'provider': 'Bovada', 'spread': 13.5, 'formattedSpread': 'Oklahoma State -13.5', 'spreadOpen': 11.5, 'overUnder': 59, 'overUnderOpen': 61.5, 'homeMoneyline': 390, 'awayMoneyline': -550}]"
401866620,2026,regular,1,2026-08-29T21:30:00.000Z,2193,East Tennessee State,Southern,fcs,37.0,2097,Campbell,Coastal Athletic,fcs,49.0,"[{'provider': 'DraftKings', 'spread': -7, 'formattedSpread': 'East Tennessee State -7', 'spreadOpen': -7, 'overUnder': 56.5, 'overUnderOpen': 55.5, 'homeMoneyline': -267, 'awayMoneyline': 207}, {'provider': 'Draft Kings', 'spread': -7, 'formattedSpread': 'East Tennessee State -7', 'spreadOpen': None, 'overUnder': 56.5, 'overUnderOpen': None, 'homeMoneyline': None, 'awayMoneyline': None}]"
401868101,2026,regular,1,2026-08-29T22:00:00.000Z,304,Idaho State,Big Sky,fcs,38.0,2678,VMI,Southern,fcs,10.0,"[{'provider': 'DraftKings', 'spread': -34.5, 'formattedSpread': 'Idaho State -34.5', 'spreadOpen': -34.5, 'overUnder': 53.5, 'overUnderOpen': 60.5, 'homeMoneyline': None, 'awayMoneyline': None}, {'provider': 'Draft Kings', 'spread': -34.5, 'formattedSpread': 'Idaho State -34.5', 'spreadOpen': None, 'overUnder': 53.5, 'overUnderOpen': None, 'homeMoneyline': None, 'awayMoneyline': None}]"
401866621,2026,regular,1,2026-08-29T23:00:00.000Z,2635,Tennessee Tech,Southern,fcs,38.0,2405,Monmouth,Coastal Athletic,fcs,14.0,"[{'provider': 'DraftKings', 'spread': -8.5, 'formattedSpread': 'Tennessee Tech -8.5', 'spreadOpen': -8.5, 'overUnder': 58.5, 'overUnderOpen': 58.5, 'homeMoneyline': -340, 'awayMoneyline': 257}, {'provider': 'Draft Kings', 'spread': -8.5, 'formattedSpread': 'Tennessee Tech -8.5', 'spreadOpen': None, 'overUnder': 58.5, 'overUnderOpen': None, 'homeMoneyline': None, 'awayMoneyline': None}]"
401858437,2026,regular,1,2026-09-06T20:00:00.000Z,264,Washington,Big Ten,fbs,,265,Washington State,Pac-12,fbs,,"[{'provider': 'DraftKings', 'spread': -23.5, 'formattedSpread': 'Washington -23.5', 'spreadOpen': -21.5, 'overUnder': 51.5, 'overUnderOpen': None, 'homeMoneyline': -2100, 'awayMoneyline': 1100}, {'provider': 'Bovada', 'spread': -23, 'formattedSpread': 'Washington -23.0', 'spreadOpen': -21.5, 'overUnder': 51, 'overUnderOpen': 50.5, 'homeMoneyline': -2200, 'awayMoneyline': 1000}]"
401858425,2026,regular,1,2026-09-05T16:00:00.000Z,84,Indiana,Big Ten,fbs,,249,North Texas,American Athletic,fbs,,"[{'provider': 'DraftKings', 'spread': -40.5, 'formattedSpread': 'Indiana -40.5', 'spreadOpen': -40.5, 'overUnder': 56.5, 'overUnderOpen': None, 'homeMoneyline': None, 'awayMoneyline': None}, {'provider': 'Bovada', 'spread': -41, 'formattedSpread': 'Indiana -41.0', 'spreadOpen': -40.5, 'overUnder': 57, 'overUnderOpen': 55.5, 'homeMoneyline': None, 'awayMoneyline': None}]"
401866619,2026,regular,1,2026-08-29T22:00:00.000Z,284,Stonehill,NEC,fcs,6.0,2803,Bryant,Coastal Athletic,fcs,24.0,"[{'provider': 'DraftKings', 'spread': 4.5, 'formattedSpread': 'Bryant -4.5', 'spreadOpen': 4.5, 'overUnder': 45.5, 'overUnderOpen': 44.5, 'homeMoneyline': 153, 'awayMoneyline': -192}, {'provider': 'Draft Kings', 'spread': 4, 'formattedSpread': 'Bryant -4', 'spreadOpen': None, 'overUnder': 45.5, 'overUnderOpen': None, 'homeMoneyline': None, 'awayMoneyline': None}]"
401868394,2026,regular,1,2026-08-29T22:00:00.000Z,2747,Wofford,Southern,fcs,42.0,2643,The Citadel,Southern,fcs,14.0,"[{'provider': 'DraftKings', 'spread': -7.5, 'formattedSpread': 'Wofford -7.5', 'spreadOpen': -8.5, 'overUnder': 45.5, 'overUnderOpen': 45.5, 'homeMoneyline': -415, 'awayMoneyline': 305}, {'provider': 'Draft Kings', 'spread': -7.5, 'formattedSpread': 'Wofford -7.5', 'spreadOpen': None, 'overUnder': 45.5, 'overUnderOpen': None, 'homeMoneyline': None, 'awayMoneyline': None}]"
401858206,2026,regular,1,2026-09-05T01:00:00.000Z,24,Stanford,ACC,fbs,,2390,Miami,ACC,fbs,,"[{'provider': 'DraftKings', 'spread': 24.5, 'formattedSpread': 'Miami -24.5', 'spreadOpen': 21.5, 'overUnder': 48.5, 'overUnderOpen': None, 'homeMoneyline': 1400, 'awayMoneyline': -3200}, {'provider': 'Bovada', 'spread': 24, 'formattedSpread': 'Miami -24.0', 'spreadOpen': 21.5, 'overUnder': 48, 'overUnderOpen': 48.5, 'homeMoneyline': 1100, 'awayMoneyline': -3500}]"
401856667,2026,regular,1,2026-09-05T19:30:00.000Z,251,Texas,SEC,fbs,,326,Texas State,Pac-12,fbs,,"[{'provider': 'DraftKings', 'spread': -29.5, 'formattedSpread': 'Texas -29.5', 'spreadOpen': -30.5, 'overUnder': 59.5, 'overUnderOpen': None, 'homeMoneyline': -9000, 'awayMoneyline': 2500}, {'provider': 'Bovada', 'spread': -29.5, 'formattedSpread': 'Texas -29.5', 'spreadOpen': -30.5, 'overUnder': 60, 'overUnderOpen': 59.5, 'homeMoneyline': -10000, 'awayMoneyline': -100000}]"
401858209,2026,regular,1,2026-09-05T19:30:00.000Z,150,Duke,ACC,fbs,,2655,Tulane,American Athletic,fbs,,"[{'provider': 'DraftKings', 'spread': -7.5, 'formattedSpread': 'Duke -7.5', 'spreadOpen': -8.5, 'overUnder': 51.5, 'overUnderOpen': None, 'homeMoneyline': -325, 'awayMoneyline': 260}, {'provider': 'Bovada', 'spread': -7.5, 'formattedSpread': 'Duke -7.5', 'spreadOpen': -8.5, 'overUnder': 51, 'overUnderOpen': 53.5, 'homeMoneyline': -480, 'awayMoneyline': 350}]"
401868084,2026,regular,1,2026-08-29T21:00:00.000Z,2464,Northern Arizona,Big Sky,fcs,34.0,331,Eastern Washington,Big Sky,fcs,27.0,"[{'provider': 'DraftKings', 'spread': -5.5, 'formattedSpread': 'Northern Arizona -5.5', 'spreadOpen': -3, 'overUnder': 55.5, 'overUnderOpen': 56.5, 'homeMoneyline': -242, 'awayMoneyline': 189}, {'provider': 'Draft Kings', 'spread': -5.5, 'formattedSpread': 'Northern Arizona -5.5', 'spreadOpen': None, 'overUnder': 55.5, 'overUnderOpen': None, 'homeMoneyline': None, 'awayMoneyline': None}]"
401868022,2026,regular,1,2026-08-29T19:30:00.000Z,107,Holy Cross,Patriot,fcs,10.0,2329,Lehigh,Patriot,fcs,35.0,"[{'provider': 'DraftKings', 'spread': 14, 'formattedSpread': 'Lehigh -14', 'spreadOpen': 14, 'overUnder': 47.5, 'overUnderOpen': 47.5, 'homeMoneyline': 509, 'awayMoneyline': -800}, {'provider': 'Draft Kings', 'spread': 14, 'formattedSpread': 'Lehigh -14', 'spreadOpen': None, 'overUnder': 47.5, 'overUnderOpen': None, 'homeMoneyline': None, 'awayMoneyline': None}]"
401867855,2026,regular,1,2026-08-29T22:00:00.000Z,282,Indiana State,MVFC,fcs,21.0,2546,Southeast Missouri State,OVC,fcs,23.0,"[{'provider': 'DraftKings', 'spread': -2.5, 'formattedSpread': 'Indiana State -2.5', 'spreadOpen': -2.5, 'overUnder': 52.5, 'overUnderOpen': 52.5, 'homeMoneyline': -143, 'awayMoneyline': 115}, {'provider': 'Draft Kings', 'spread': -2.5, 'formattedSpread': 'Indiana State -2.5', 'spreadOpen': None, 'overUnder': 52.5, 'overUnderOpen': None, 'homeMoneyline': None, 'awayMoneyline': None}]"
401866618,2026,regular,1,2026-08-29T22:00:00.000Z,2448,North Carolina A&T,Coastal Athletic,fcs,7.0,2415,Morgan State,MEAC,fcs,17.0,"[{'provider': 'DraftKings', 'spread': 7, 'formattedSpread': 'Morgan State -7', 'spreadOpen': 8.5, 'overUnder': 49.5, 'overUnderOpen': 50.5, 'homeMoneyline': 210, 'awayMoneyline': -270}, {'provider': 'Draft Kings', 'spread': 7, 'formattedSpread': 'Morgan State -7', 'spreadOpen': None, 'overUnder': 49.5, 'overUnderOpen': None, 'homeMoneyline': None, 'awayMoneyline': None}]"
401858202,2026,regular,1,2026-08-29T19:30:00.000Z,258,Virginia,ACC,fbs,34.0,152,NC State,ACC,fbs,8.0,"[{'provider': 'Bovada', 'spread': -4, 'formattedSpread': 'Virginia -4.0', 'spreadOpen': -3.5, 'overUnder': 50.5, 'overUnderOpen': 54.5, 'homeMoneyline': -145, 'awayMoneyline': 125}, {'provider': 'Draft Kings', 'spread': -4, 'formattedSpread': 'Virginia -4', 'spreadOpen': None, 'overUnder': 50.5, 'overUnderOpen': None, 'homeMoneyline': None, 'awayMoneyline': None}, {'provider': 'DraftKings', 'spread': -4, 'formattedSpread': 'Virginia -4', 'spreadOpen': None, 'overUnder': 50.5, 'overUnderOpen': None, 'homeMoneyline': -185, 'awayMoneyline': 154}]"
401862693,2026,regular,1,2026-08-30T02:00:00.000Z,2439,UNLV,Mountain West,fbs,21.0,235,Memphis,American Athletic,fbs,27.0,"[{'provider': 'DraftKings', 'spread': -4, 'formattedSpread': 'UNLV -4', 'spreadOpen': -3, 'overUnder': 55.5, 'overUnderOpen': None, 'homeMoneyline': -198, 'awayMoneyline': 164}, {'provider': 'Draft Kings', 'spread': -4.5, 'formattedSpread': 'UNLV -4.5', 'spreadOpen': None, 'overUnder': 55.5, 'overUnderOpen': None, 'homeMoneyline': None, 'awayMoneyline': None}, {'provider': 'Bovada', 'spread': -5, 'formattedSpread': 'UNLV -5.0', 'spreadOpen': -3, 'overUnder': 55.5, 'overUnderOpen': 60.5, 'homeMoneyline': -170, 'awayMoneyline': 145}]"
401867977,2026,regular,1,2026-08-29T23:00:00.000Z,2640,Texas Southern,SWAC,fcs,42.0,2428,North Carolina Central,MEAC,fcs,30.0,"[{'provider': 'DraftKings', 'spread': 10.5, 'formattedSpread': 'North Carolina Central -10.5', 'spreadOpen': 11.5, 'overUnder': 51.5, 'overUnderOpen': 51.5, 'homeMoneyline': 328, 'awayMoneyline': -453}, {'provider': 'Draft Kings', 'spread': 10.5, 'formattedSpread': 'North Carolina Central -10.5', 'spreadOpen': None, 'overUnder': 51.5, 'overUnderOpen': None, 'homeMoneyline': None, 'awayMoneyline': None}]"
401856776,2026,regular,1,2026-09-04T00:00:00.000Z,59,Georgia Tech,ACC,fbs,13.0,38,Colorado,Big 12,fbs,14.0,"[{'provider': 'DraftKings', 'spread': -6.5, 'formattedSpread': 'Georgia Tech -6.5', 'spreadOpen': -7, 'overUnder': 53.5, 'overUnderOpen': None, 'homeMoneyline': -238, 'awayMoneyline': 195}, {'provider': 'Draft Kings', 'spread': -6.5, 'formattedSpread': 'Georgia Tech -6.5', 'spreadOpen': None, 'overUnder': 53.5, 'overUnderOpen': None, 'homeMoneyline': None, 'awayMoneyline': None}, {'provider': 'Bovada', 'spread': -6.5, 'formattedSpread': 'Georgia Tech -6.5', 'spreadOpen': -7, 'overUnder': 52.5, 'overUnderOpen': 51.5, 'homeMoneyline': -290, 'awayMoneyline': 240}]"
401867988,2026,regular,1,2026-08-29T22:00:00.000Z,257,Richmond,Patriot,fcs,35.0,2083,Bucknell,Patriot,fcs,14.0,"[{'provider': 'DraftKings', 'spread': -12.5, 'formattedSpread': 'Richmond -12.5', 'spreadOpen': -10.5, 'overUnder': 48.5, 'overUnderOpen': 49.5, 'homeMoneyline': -620, 'awayMoneyline': 420}, {'provider': 'Draft Kings', 'spread': -12.5, 'formattedSpread': 'Richmond -12.5', 'spreadOpen': None, 'overUnder': 48.5, 'overUnderOpen': None, 'homeMoneyline': None, 'awayMoneyline': None}]"
401868049,2026,regular,1,2026-08-29T23:00:00.000Z,2320,Lamar,Southland,fcs,21.0,2000,Abilene Christian,UAC,fcs,14.0,"[{'provider': 'DraftKings', 'spread': 7.5, 'formattedSpread': 'Abilene Christian -7.5', 'spreadOpen': 7.5, 'overUnder': 49.5, 'overUnderOpen': 49.5, 'homeMoneyline': 232, 'awayMoneyline': -303}, {'provider': 'Draft Kings', 'spread': 7.5, 'formattedSpread': 'Abilene Christian -7.5', 'spreadOpen': None, 'overUnder': 49.5, 'overUnderOpen': None, 'homeMoneyline': None, 'awayMoneyline': None}]"
401867935,2026,regular,1,2026-08-29T23:30:00.000Z,47,Howard,MEAC,fcs,31.0,2010,Alabama A&M,SWAC,fcs,24.0,"[{'provider': 'DraftKings', 'spread': -1.5, 'formattedSpread': 'Howard -1.5', 'spreadOpen': -2.5, 'overUnder': 46.5, 'overUnderOpen': 46.5, 'homeMoneyline': -124, 'awayMoneyline': 100}, {'provider': 'Draft Kings', 'spread': 1.5, 'formattedSpread': 'Alabama A&M -1.5', 'spreadOpen': None, 'overUnder': 46.5, 'overUnderOpen': None, 'homeMoneyline': None, 'awayMoneyline': None}]"
401868110,2026,regular,1,2026-08-30T01:00:00.000Z,149,Montana,Big Sky,fcs,28.0,253,Southern Utah,Big Sky,fcs,21.0,"[{'provider': 'DraftKings', 'spread': -15.5, 'formattedSpread': 'Montana -15.5', 'spreadOpen': -16.5, 'overUnder': 59.5, 'overUnderOpen': 58.5, 'homeMoneyline': -1080, 'awayMoneyline': 620}, {'provider': 'Draft Kings', 'spread': -15.5, 'formattedSpread': 'Montana -15.5', 'spreadOpen': None, 'overUnder': 59.5, 'overUnderOpen': None, 'homeMoneyline': None, 'awayMoneyline': None}]"
401868235,2026,regular,1,2026-08-30T01:00:00.000Z,2627,Tarleton State,UAC,fcs,49.0,2504,Prairie View A&M,SWAC,fcs,30.0,"[{'provider': 'DraftKings', 'spread': -19.5, 'formattedSpread': 'Tarleton State -19.5', 'spreadOpen': -21.5, 'overUnder': 54.5, 'overUnderOpen': 54.5, 'homeMoneyline': -1540, 'awayMoneyline': 770}, {'provider': 'Draft Kings', 'spread': -19.5, 'formattedSpread': 'Tarleton State -19.5', 'spreadOpen': None, 'overUnder': 54.5, 'overUnderOpen': None, 'homeMoneyline': None, 'awayMoneyline': None}]"
401874042,2026,regular,1,2026-08-29T23:00:00.000Z,2382,Mercer,Southern,fcs,23.0,2837,East Texas A&M,Southland,fcs,15.0,"[{'provider': 'DraftKings', 'spread': -22.5, 'formattedSpread': 'Mercer -22.5', 'spreadOpen': -23.5, 'overUnder': 57.5, 'overUnderOpen': 60.5, 'homeMoneyline': -3200, 'awayMoneyline': 1100}, {'provider': 'Draft Kings', 'spread': -22.5, 'formattedSpread': 'Mercer -22.5', 'spreadOpen': None, 'overUnder': 57.5, 'overUnderOpen': None, 'homeMoneyline': None, 'awayMoneyline': None}]"
401868139,2026,regular,1,2026-08-29T23:00:00.000Z,2717,Western Carolina,Southern,fcs,45.0,2198,Eastern Kentucky,UAC,fcs,21.0,"[{'provider': 'DraftKings', 'spread': -3, 'formattedSpread': 'Western Carolina -3', 'spreadOpen': -4.5, 'overUnder': 54.5, 'overUnderOpen': 50.5, 'homeMoneyline': -152, 'awayMoneyline': 122}, {'provider': 'Draft Kings', 'spread': -3, 'formattedSpread': 'Western Carolina -3', 'spreadOpen': None, 'overUnder': 54.5, 'overUnderOpen': None, 'homeMoneyline': None, 'awayMoneyline': None}]"
401872615,2026,regular,1,2026-08-29T23:00:00.000Z,2571,South Dakota State,MVFC,fcs,70.0,56,Stetson,Pioneer,fcs,7.0,"[{'provider': 'DraftKings', 'spread': -50.5, 'formattedSpread': 'South Dakota State -50.5', 'spreadOpen': -47.5, 'overUnder': 58.5, 'overUnderOpen': 56.5, 'homeMoneyline': None, 'awayMoneyline': None}, {'provider': 'Draft Kings', 'spread': -50.5, 'formattedSpread': 'South Dakota State -50.5', 'spreadOpen': None, 'overUnder': 58.5, 'overUnderOpen': None, 'homeMoneyline': None, 'awayMoneyline': None}]"
401868149,2026,regular,1,2026-08-29T23:00:00.000Z,2453,North Alabama,UAC,fcs,22.0,2535,Samford,Southern,fcs,10.0,"[{'provider': 'DraftKings', 'spread': -7, 'formattedSpread': 'North Alabama -7', 'spreadOpen': -7.5, 'overUnder': 55.5, 'overUnderOpen': 55.5, 'homeMoneyline': -313, 'awayMoneyline': 239}, {'provider': 'Draft Kings', 'spread': -7, 'formattedSpread': 'North Alabama -7', 'spreadOpen': None, 'overUnder': 55.5, 'overUnderOpen': None, 'homeMoneyline': None, 'awayMoneyline': None}]"
401868305,2026,regular,1,2026-08-29T23:00:00.000Z,2377,McNeese,Southland,fcs,27.0,2617,Stephen F. Austin,Southland,fcs,38.0,"[{'provider': 'DraftKings', 'spread': 12.5, 'formattedSpread': 'Stephen F. Austin -12.5', 'spreadOpen': 13.5, 'overUnder': 49.5, 'overUnderOpen': 49.5, 'homeMoneyline': 328, 'awayMoneyline': -453}, {'provider': 'Draft Kings', 'spread': 12.5, 'formattedSpread': 'Stephen F. Austin -12.5', 'spreadOpen': None, 'overUnder': 49.5, 'overUnderOpen': None, 'homeMoneyline': None, 'awayMoneyline': None}]"
401868118,2026,regular,1,2026-08-30T02:00:00.000Z,3101,Utah Tech,Big Sky,fcs,0.0,147,Montana State,Big Sky,fcs,54.0,"[{'provider': 'DraftKings', 'spread': 32.5, 'formattedSpread': 'Montana State -32.5', 'spreadOpen': 31.5, 'overUnder': 57.5, 'overUnderOpen': 56.5, 'homeMoneyline': None, 'awayMoneyline': None}, {'provider': 'Draft Kings', 'spread': 32.5, 'formattedSpread': 'Montana State -32.5', 'spreadOpen': None, 'overUnder': 57.5, 'overUnderOpen': None, 'homeMoneyline': None, 'awayMoneyline': None}]"
401868154,2026,regular,1,2026-08-29T19:00:00.000Z,2502,Portland State,Big Sky,fcs,24.0,302,UC Davis,Big Sky,fcs,31.0,"[{'provider': 'DraftKings', 'spread': 25.5, 'formattedSpread': 'UC Davis -25.5', 'spreadOpen': 24.5, 'overUnder': 60.5, 'overUnderOpen': 62.5, 'homeMoneyline': 1300, 'awayMoneyline': -5400}, {'provider': 'Draft Kings', 'spread': 25.5, 'formattedSpread': 'UC Davis -25.5', 'spreadOpen': None, 'overUnder': 60.5, 'overUnderOpen': None, 'homeMoneyline': None, 'awayMoneyline': None}]"
401868194,2026,regular,1,2026-08-30T00:30:00.000Z,2634,Tennessee State,OVC,fcs,24.0,2296,Jackson State,SWAC,fcs,26.0,"[{'provider': 'DraftKings', 'spread': 12.5, 'formattedSpread': 'Jackson State -12.5', 'spreadOpen': 15.5, 'overUnder': 49.5, 'overUnderOpen': 49.5, 'homeMoneyline': 435, 'awayMoneyline': -650}, {'provider': 'Draft Kings', 'spread': 12.5, 'formattedSpread': 'Jackson State -12.5', 'spreadOpen': None, 'overUnder': 49.5, 'overUnderOpen': None, 'homeMoneyline': None, 'awayMoneyline': None}]"
401868261,2026,regular,1,2026-08-28T22:00:00.000Z,2441,New Haven,NEC,fcs,22.0,2368,Marist,Pioneer,fcs,21.0,"[{'provider': 'DraftKings', 'spread': -2.5, 'formattedSpread': 'New Haven -2.5', 'spreadOpen': 1.5, 'overUnder': 46.5, 'overUnderOpen': 44.5, 'homeMoneyline': -145, 'awayMoneyline': 116}, {'provider': 'Draft Kings', 'spread': -2.5, 'formattedSpread': 'New Haven -2.5', 'spreadOpen': None, 'overUnder': 46.5, 'overUnderOpen': None, 'homeMoneyline': None, 'awayMoneyline': None}]"
401868007,2026,regular,1,2026-08-28T22:00:00.000Z,2230,Fordham,Patriot,fcs,14.0,2142,Colgate,Patriot,fcs,24.0,"[{'provider': 'DraftKings', 'spread': 8.5, 'formattedSpread': 'Colgate -8.5', 'spreadOpen': 10, 'overUnder': 55.5, 'overUnderOpen': 50.5, 'homeMoneyline': 242, 'awayMoneyline': -318}, {'provider': 'Draft Kings', 'spread': 8.5, 'formattedSpread': 'Colgate -8.5', 'spreadOpen': None, 'overUnder': 55.5, 'overUnderOpen': None, 'homeMoneyline': None, 'awayMoneyline': None}]"
401868073,2026,regular,1,2026-08-29T02:00:00.000Z,13,Cal Poly,Big Sky,fcs,38.0,70,Idaho,Big Sky,fcs,34.0,"[{'provider': 'DraftKings', 'spread': 5.5, 'formattedSpread': 'Idaho -5.5', 'spreadOpen': 3.5, 'overUnder': 53.5, 'overUnderOpen': 55.5, 'homeMoneyline': 172, 'awayMoneyline': -219}, {'provider': 'Draft Kings', 'spread': 5.5, 'formattedSpread': 'Idaho -5.5', 'spreadOpen': None, 'overUnder': 53.5, 'overUnderOpen': None, 'homeMoneyline': None, 'awayMoneyline': None}]"
401864577,2026,regular,1,2026-08-29T21:30:00.000Z,2449,North Dakota State,Mountain West,fbs,33.0,55,Jacksonville State,Conference USA,fbs,7.0,"[{'provider': 'Draft Kings', 'spread': -6.5, 'formattedSpread': 'North Dakota State -6.5', 'spreadOpen': None, 'overUnder': 46.5, 'overUnderOpen': None, 'homeMoneyline': None, 'awayMoneyline': None}, {'provider': 'Bovada', 'spread': -7, 'formattedSpread': 'North Dakota State -7.0', 'spreadOpen': -10, 'overUnder': 46.5, 'overUnderOpen': 48.5, 'homeMoneyline': -330, 'awayMoneyline': 265}, {'provider': 'DraftKings', 'spread': -6.5, 'formattedSpread': 'North Dakota State -6.5', 'spreadOpen': -10, 'overUnder': 46.5, 'overUnderOpen': None, 'homeMoneyline': -265, 'awayMoneyline': 215}]"
401856766,2026,regular,1,2026-08-29T16:00:00.000Z,2628,TCU,Big 12,fbs,10.0,153,North Carolina,ACC,fbs,15.0,"[{'provider': 'Draft Kings', 'spread': -7.5, 'formattedSpread': 'TCU -7.5', 'spreadOpen': None, 'overUnder': 46.5, 'overUnderOpen': None, 'homeMoneyline': None, 'awayMoneyline': None}, {'provider': 'DraftKings', 'spread': -7.5, 'formattedSpread': 'TCU -7.5', 'spreadOpen': None, 'overUnder': 46.5, 'overUnderOpen': None, 'homeMoneyline': -310, 'awayMoneyline': 250}, {'provider': 'Bovada', 'spread': -7.5, 'formattedSpread': 'TCU -7.5', 'spreadOpen': -7.5, 'overUnder': 46, 'overUnderOpen': 50.5, 'homeMoneyline': -235, 'awayMoneyline': 195}]"
401864494,2026,regular,1,2026-08-29T19:00:00.000Z,30,USC,Big Ten,fbs,42.0,23,San José State,Mountain West,fbs,26.0,"[{'provider': 'Draft Kings', 'spread': -37.5, 'formattedSpread': 'USC -37.5', 'spreadOpen': None, 'overUnder': 61.5, 'overUnderOpen': None, 'homeMoneyline': None, 'awayMoneyline': None}, {'provider': 'DraftKings', 'spread': -37.5, 'formattedSpread': 'USC -37.5', 'spreadOpen': -35.5, 'overUnder': 61.5, 'overUnderOpen': None, 'homeMoneyline': -100000, 'awayMoneyline': 5000}, {'provider': 'Bovada', 'spread': -37, 'formattedSpread': 'USC -37.0', 'spreadOpen': -35.5, 'overUnder': 60.5, 'overUnderOpen': 57.5, 'homeMoneyline': -100000, 'awayMoneyline': 3500}]"
401866408,2026,regular,1,2026-08-29T22:30:00.000Z,2199,Eastern Michigan,Mid-American,fbs,28.0,16,Sacramento State,Mid-American,fbs,17.0,"[{'provider': 'Draft Kings', 'spread': -9.5, 'formattedSpread': 'Eastern Michigan -9.5', 'spreadOpen': None, 'overUnder': 52.5, 'overUnderOpen': None, 'homeMoneyline': None, 'awayMoneyline': None}, {'provider': 'DraftKings', 'spread': -8.5, 'formattedSpread': 'Eastern Michigan -8.5', 'spreadOpen': -8.5, 'overUnder': 52.5, 'overUnderOpen': None, 'homeMoneyline': -355, 'awayMoneyline': 280}, {'provider': 'Bovada', 'spread': -9, 'formattedSpread': 'Eastern Michigan -9.0', 'spreadOpen': -8.5, 'overUnder': 53, 'overUnderOpen': 52.5, 'homeMoneyline': -330, 'awayMoneyline': 265}]"
401864570,2026,regular,1,2026-08-29T23:00:00.000Z,52,Florida State,ACC,fbs,34.0,166,New Mexico State,Conference USA,fbs,17.0,"[{'provider': 'Draft Kings', 'spread': -30.5, 'formattedSpread': 'Florida State -30.5', 'spreadOpen': None, 'overUnder': 53.5, 'overUnderOpen': None, 'homeMoneyline': None, 'awayMoneyline': None}, {'provider': 'DraftKings', 'spread': -31.5, 'formattedSpread': 'Florida State -31.5', 'spreadOpen': -28.5, 'overUnder': 53.5, 'overUnderOpen': None, 'homeMoneyline': -8000, 'awayMoneyline': 2200}, {'provider': 'Bovada', 'spread': -31, 'formattedSpread': 'Florida State -31.0', 'spreadOpen': -29.5, 'overUnder': 53.5, 'overUnderOpen': 53.5, 'homeMoneyline': -100000, 'awayMoneyline': 2800}]"
401866615,2026,regular,1,2026-08-27T22:00:00.000Z,2169,Delaware State,MEAC,fcs,41.0,2619,Stony Brook,Coastal Athletic,fcs,34.0,"[{'provider': 'Draft Kings', 'spread': 4.5, 'formattedSpread': 'Stony Brook -4.5', 'spreadOpen': None, 'overUnder': 50.5, 'overUnderOpen': None, 'homeMoneyline': None, 'awayMoneyline': None}]"
401867865,2026,regular,1,2026-08-27T23:00:00.000Z,93,Murray State,MVFC,fcs,14.0,2197,Eastern Illinois,OVC,fcs,28.0,"[{'provider': 'Draft Kings', 'spread': -4.5, 'formattedSpread': 'Murray State -4.5', 'spreadOpen': None, 'overUnder': 49.5, 'overUnderOpen': None, 'homeMoneyline': None, 'awayMoneyline': None}]"
401868060,2026,regular,1,2026-08-27T23:00:00.000Z,2046,Austin Peay,UAC,fcs,35.0,2241,Gardner-Webb,OVC,fcs,17.0,"[{'provider': 'Draft Kings', 'spread': -14.5, 'formattedSpread': 'Austin Peay -14.5', 'spreadOpen': None, 'overUnder': 59.5, 'overUnderOpen': None, 'homeMoneyline': None, 'awayMoneyline': None}]"
401868240,2026,regular,1,2026-08-27T23:00:00.000Z,2698,West Georgia,UAC,fcs,10.0,236,Chattanooga,Southern,fcs,24.0,"[{'provider': 'Draft Kings', 'spread': 3.5, 'formattedSpread': 'Chattanooga -3.5', 'spreadOpen': None, 'overUnder': 50.5, 'overUnderOpen': None, 'homeMoneyline': None, 'awayMoneyline': None}]"
401868315,2026,regular,1,2026-08-27T23:00:00.000Z,2545,SE Louisiana,Southland,fcs,28.0,2277,Houston Christian,Southland,fcs,34.0,"[{'provider': 'Draft Kings', 'spread': -24.5, 'formattedSpread': 'SE Louisiana -24.5', 'spreadOpen': None, 'overUnder': 51.5, 'overUnderOpen': None, 'homeMoneyline': None, 'awayMoneyline': None}]"
401868070,2026,regular,1,2026-08-27T23:30:00.000Z,2630,UT Martin,OVC,fcs,24.0,2110,Central Arkansas,UAC,fcs,36.0,"[{'provider': 'Draft Kings', 'spread': -3, 'formattedSpread': 'UT Martin -3', 'spreadOpen': None, 'overUnder': 50.5, 'overUnderOpen': None, 'homeMoneyline': None, 'awayMoneyline': None}]"
401868962,2026,regular,1,2026-08-27T23:00:00.000Z,2447,Nicholls,Southland,fcs,44.0,2400,Mississippi Valley State,SWAC,fcs,10.0,"[{'provider': 'Draft Kings', 'spread': -28.5, 'formattedSpread': 'Nicholls -28.5', 'spreadOpen': None, 'overUnder': 51.5, 'overUnderOpen': None, 'homeMoneyline': None, 'awayMoneyline': None}]"
401867874,2026,regular,1,2026-08-28T00:00:00.000Z,155,North Dakota,MVFC,fcs,42.0,2341,Long Island University,NEC,fcs,21.0,"[{'provider': 'Draft Kings', 'spread': -27.5, 'formattedSpread': 'North Dakota -27.5', 'spreadOpen': None, 'overUnder': 44.5, 'overUnderOpen': None, 'homeMoneyline': None, 'awayMoneyline': None}]"
401874035,2026,regular,1,2026-08-27T23:00:00.000Z,110242,West Florida,UAC,fcs,34.0,79,Southern Illinois,MVFC,fcs,31.0,"[{'provider': 'Draft Kings', 'spread': 19.5, 'formattedSpread': 'Southern Illinois -19.5', 'spreadOpen': None, 'overUnder': 55.5, 'overUnderOpen': None, 'homeMoneyline': None, 'awayMoneyline': None}]"
401868169,2026,regular,1,2026-08-27T23:00:00.000Z,2815,Lindenwood,OVC,fcs,20.0,2127,Charleston Southern,OVC,fcs,17.0,"[{'provider': 'Draft Kings', 'spread': -7.5, 'formattedSpread': 'Lindenwood -7.5', 'spreadOpen': None, 'overUnder': 45.5, 'overUnderOpen': None, 'homeMoneyline': None, 'awayMoneyline': None}]"
401866532,2026,regular,1,2026-08-27T22:00:00.000Z,119,Towson,Coastal Athletic,fcs,18.0,311,Maine,Coastal Athletic,fcs,21.0,"[{'provider': 'Draft Kings', 'spread': -2.5, 'formattedSpread': 'Towson -2.5', 'spreadOpen': None, 'overUnder': 46.5, 'overUnderOpen': None, 'homeMoneyline': None, 'awayMoneyline': None}]"
401856662,2026,regular,1,2026-09-05T23:30:00.000Z,344,Mississippi State,SEC,fbs,,2433,UL Monroe,Sun Belt,fbs,,"[{'provider': 'Bovada', 'spread': -28.5, 'formattedSpread': 'Mississippi State -28.5', 'spreadOpen': -28.5, 'overUnder': 55, 'overUnderOpen': 55.5, 'homeMoneyline': -100000, 'awayMoneyline': 2000}, {'provider': 'DraftKings', 'spread': -28.5, 'formattedSpread': 'Mississippi State -28.5', 'spreadOpen': -28.5, 'overUnder': 54.5, 'overUnderOpen': None, 'homeMoneyline': -4000, 'awayMoneyline': 1600}]"
401856674,2026,regular,2,2026-09-12T19:30:00.000Z,96,Kentucky,SEC,fbs,,333,Alabama,SEC,fbs,,"[{'provider': 'DraftKings', 'spread': 10.5, 'formattedSpread': 'Alabama -10.5', 'spreadOpen': 10.5, 'overUnder': None, 'overUnderOpen': None, 'homeMoneyline': None, 'awayMoneyline': None}]"
401856677,2026,regular,2,2026-09-12T19:30:00.000Z,135,Minnesota,Big Ten,fbs,,344,Mississippi State,SEC,fbs,,"[{'provider': 'DraftKings', 'spread': -2.5, 'formattedSpread': 'Minnesota -2.5', 'spreadOpen': -2.5, 'overUnder': None, 'overUnderOpen': None, 'homeMoneyline': None, 'awayMoneyline': None}]"
401864498,2026,regular,1,2026-09-06T02:00:00.000Z,167,New Mexico,Mountain West,fbs,,2117,Central Michigan,Mid-American,fbs,,"[{'provider': 'Bovada', 'spread': -10, 'formattedSpread': 'New Mexico -10.0', 'spreadOpen': -12.5, 'overUnder': 46.5, 'overUnderOpen': 49, 'homeMoneyline': -575, 'awayMoneyline': 400}, {'provider': 'DraftKings', 'spread': -10.5, 'formattedSpread': 'New Mexico -10.5', 'spreadOpen': -12.5, 'overUnder': 46.5, 'overUnderOpen': None, 'homeMoneyline': -440, 'awayMoneyline': 340}]"
401858428,2026,regular,1,2026-09-05T23:30:00.000Z,130,Michigan,Big Ten,fbs,,2711,Western Michigan,Mid-American,fbs,,"[{'provider': 'Bovada', 'spread': -27.5, 'formattedSpread': 'Michigan -27.5', 'spreadOpen': -26.5, 'overUnder': 49.5, 'overUnderOpen': 47.5, 'homeMoneyline': -7000, 'awayMoneyline': 1300}, {'provider': 'DraftKings', 'spread': -27.5, 'formattedSpread': 'Michigan -27.5', 'spreadOpen': -26.5, 'overUnder': 49.5, 'overUnderOpen': None, 'homeMoneyline': -6500, 'awayMoneyline': 2000}]"
401858424,2026,regular,1,2026-09-04T01:00:00.000Z,356,Illinois,Big Ten,fbs,42.0,5,UAB,American Athletic,fbs,23.0,"[{'provider': 'Bovada', 'spread': -26.5, 'formattedSpread': 'Illinois -26.5', 'spreadOpen': -27.5, 'overUnder': 54.5, 'overUnderOpen': 56.5, 'homeMoneyline': -8000, 'awayMoneyline': 1400}, {'provider': 'Draft Kings', 'spread': -25.5, 'formattedSpread': 'Illinois -25.5', 'spreadOpen': None, 'overUnder': 53.5, 'overUnderOpen': None, 'homeMoneyline': None, 'awayMoneyline': None}, {'provider': 'DraftKings', 'spread': -25.5, 'formattedSpread': 'Illinois -25.5', 'spreadOpen': -27.5, 'overUnder': 54.5, 'overUnderOpen': None, 'homeMoneyline': -3600, 'awayMoneyline': 1500}]"
401856636,2026,regular,1,2026-09-05T19:30:00.000Z,2,Auburn,SEC,fbs,,239,Baylor,Big 12,fbs,,"[{'provider': 'DraftKings', 'spread': -7.5, 'formattedSpread': 'Auburn -7.5', 'spreadOpen': -6.5, 'overUnder': 59.5, 'overUnderOpen': None, 'homeMoneyline': -298, 'awayMoneyline': 240}, {'provider': 'Bovada', 'spread': -7, 'formattedSpread': 'Auburn -7.0', 'spreadOpen': -7.5, 'overUnder': 58.5, 'overUnderOpen': 58.5, 'homeMoneyline': -270, 'awayMoneyline': 220}]"
401858433,2026,regular,1,2026-09-05T19:30:00.000Z,2483,Oregon,Big Ten,fbs,,68,Boise State,Pac-12,fbs,,"[{'provider': 'DraftKings', 'spread': -24.5, 'formattedSpread': 'Oregon -24.5', 'spreadOpen': -24.5, 'overUnder': 51.5, 'overUnderOpen': None, 'homeMoneyline': -2400, 'awayMoneyline': 1200}, {'provider': 'Bovada', 'spread': -25, 'formattedSpread': 'Oregon -25.0', 'spreadOpen': -24.5, 'overUnder': 51.5, 'overUnderOpen': 53.5, 'homeMoneyline': -3300, 'awayMoneyline': 1100}]"
401858430,2026,regular,1,2026-09-05T16:00:00.000Z,158,Nebraska,Big Ten,fbs,,195,Ohio,Mid-American,fbs,,"[{'provider': 'DraftKings', 'spread': -23.5, 'formattedSpread': 'Nebraska -23.5', 'spreadOpen': -23.5, 'overUnder': 46.5, 'overUnderOpen': None, 'homeMoneyline': -2800, 'awayMoneyline': 1300}, {'provider': 'Bovada', 'spread': -23.5, 'formattedSpread': 'Nebraska -23.5', 'spreadOpen': -23.5, 'overUnder': 46, 'overUnderOpen': 47.5, 'homeMoneyline': -2800, 'awayMoneyline': 1100}]"
401867889,2026,regular,1,2026-09-03T23:00:00.000Z,2535,Samford,Southern,fcs,18.0,79,Southern Illinois,MVFC,fcs,22.0,"[{'provider': 'DraftKings', 'spread': 20.5, 'formattedSpread': 'Southern Illinois -20.5', 'spreadOpen': 24.5, 'overUnder': 54.5, 'overUnderOpen': 49.5, 'homeMoneyline': 730, 'awayMoneyline': -1400}, {'provider': 'Draft Kings', 'spread': 20.5, 'formattedSpread': 'Southern Illinois -20.5', 'spreadOpen': None, 'overUnder': 54.5, 'overUnderOpen': None, 'homeMoneyline': None, 'awayMoneyline': None}]"
401858443,2026,regular,2,2026-09-12T23:15:00.000Z,26,UCLA,Big Ten,fbs,,21,San Diego State,Pac-12,fbs,,"[{'provider': 'DraftKings', 'spread': -9.5, 'formattedSpread': 'UCLA -9.5', 'spreadOpen': -8.5, 'overUnder': None, 'overUnderOpen': None, 'homeMoneyline': None, 'awayMoneyline': None}]"
401858221,2026,regular,2,2026-09-12T16:00:00.000Z,259,Virginia Tech,ACC,fbs,,295,Old Dominion,Sun Belt,fbs,,"[{'provider': 'DraftKings', 'spread': -14, 'formattedSpread': 'Virginia Tech -14', 'spreadOpen': -14, 'overUnder': None, 'overUnderOpen': None, 'homeMoneyline': None, 'awayMoneyline': None}]"
401860881,2026,regular,2,2026-09-12T22:00:00.000Z,68,Boise State,Pac-12,fbs,,235,Memphis,American Athletic,fbs,,"[{'provider': 'DraftKings', 'spread': -6.5, 'formattedSpread': 'Boise State -6.5', 'spreadOpen': -6.5, 'overUnder': None, 'overUnderOpen': None, 'homeMoneyline': None, 'awayMoneyline': None}]"
401856681,2026,regular,2,2026-09-12T23:00:00.000Z,59,Georgia Tech,ACC,fbs,,2633,Tennessee,SEC,fbs,,"[{'provider': 'DraftKings', 'spread': 8.5, 'formattedSpread': 'Tennessee -8.5', 'spreadOpen': 8.5, 'overUnder': None, 'overUnderOpen': None, 'homeMoneyline': None, 'awayMoneyline': None}]"
401856810,2026,regular,2,2026-09-12T19:30:00.000Z,252,BYU,Big 12,fbs,,12,Arizona,Big 12,fbs,,"[{'provider': 'DraftKings', 'spread': -7, 'formattedSpread': 'BYU -7', 'spreadOpen': -6.5, 'overUnder': None, 'overUnderOpen': None, 'homeMoneyline': None, 'awayMoneyline': None}]"
401856661,2026,regular,1,2026-09-06T23:30:00.000Z,145,Ole Miss,SEC,fbs,,97,Louisville,ACC,fbs,,"[{'provider': 'Bovada', 'spread': -7, 'formattedSpread': 'Ole Miss -7.0', 'spreadOpen': -8.5, 'overUnder': 55, 'overUnderOpen': 52.5, 'homeMoneyline': -270, 'awayMoneyline': 220}, {'provider': 'DraftKings', 'spread': -6.5, 'formattedSpread': 'Ole Miss -6.5', 'spreadOpen': None, 'overUnder': 55.5, 'overUnderOpen': None, 'homeMoneyline': -270, 'awayMoneyline': 220}]"
401866622,2026,regular,1,2026-09-03T23:00:00.000Z,2619,Stony Brook,Coastal Athletic,fcs,36.0,2815,Lindenwood,OVC,fcs,32.0,"[{'provider': 'DraftKings', 'spread': -4, 'formattedSpread': 'Stony Brook -4', 'spreadOpen': -4, 'overUnder': 50.5, 'overUnderOpen': 50.5, 'homeMoneyline': -189, 'awayMoneyline': 150}, {'provider': 'Draft Kings', 'spread': -4, 'formattedSpread': 'Stony Brook -4', 'spreadOpen': None, 'overUnder': 50.5, 'overUnderOpen': None, 'homeMoneyline': None, 'awayMoneyline': None}]"
401864432,2026,regular,1,2026-09-06T02:30:00.000Z,2440,Nevada,Mountain West,fbs,,98,Western Kentucky,Conference USA,fbs,,"[{'provider': 'Bovada', 'spread': 1, 'formattedSpread': 'Western Kentucky -1.0', 'spreadOpen': 4, 'overUnder': 52.5, 'overUnderOpen': 53.5, 'homeMoneyline': 120, 'awayMoneyline': -140}, {'provider': 'DraftKings', 'spread': 1.5, 'formattedSpread': 'Western Kentucky -1.5', 'spreadOpen': 4.5, 'overUnder': 52.5, 'overUnderOpen': None, 'homeMoneyline': -105, 'awayMoneyline': -115}]"
401858204,2026,regular,1,2026-09-03T23:00:00.000Z,154,Wake Forest,ACC,fbs,38.0,2006,Akron,Mid-American,fbs,16.0,"[{'provider': 'Draft Kings', 'spread': -27.5, 'formattedSpread': 'Wake Forest -27.5', 'spreadOpen': None, 'overUnder': 50.5, 'overUnderOpen': None, 'homeMoneyline': None, 'awayMoneyline': None}, {'provider': 'Bovada', 'spread': -27.5, 'formattedSpread': 'Wake Forest -27.5', 'spreadOpen': -22.5, 'overUnder': 50.5, 'overUnderOpen': 49.5, 'homeMoneyline': -3500, 'awayMoneyline': 1100}, {'provider': 'DraftKings', 'spread': -27.5, 'formattedSpread': 'Wake Forest -27.5', 'spreadOpen': -22.5, 'overUnder': 50.5, 'overUnderOpen': None, 'homeMoneyline': -3600, 'awayMoneyline': 1500}]"
401864497,2026,regular,1,2026-09-06T02:00:00.000Z,62,Hawai'i,Mountain West,fbs,,2439,UNLV,Mountain West,fbs,,"[{'provider': 'Bovada', 'spread': 3, 'formattedSpread': 'UNLV -3.0', 'spreadOpen': 1.5, 'overUnder': 55.5, 'overUnderOpen': 58.5, 'homeMoneyline': 130, 'awayMoneyline': -150}, {'provider': 'DraftKings', 'spread': 3, 'formattedSpread': 'UNLV -3', 'spreadOpen': 1.5, 'overUnder': 55.5, 'overUnderOpen': None, 'homeMoneyline': 130, 'awayMoneyline': -155}]"
401870763,2026,regular,1,2026-09-05T23:00:00.000Z,2653,Troy,Sun Belt,fbs,,2534,Sam Houston,Conference USA,fbs,,"[{'provider': 'Bovada', 'spread': -17, 'formattedSpread': 'Troy -17.0', 'spreadOpen': -17, 'overUnder': 54.5, 'overUnderOpen': 50.5, 'homeMoneyline': -1300, 'awayMoneyline': 725}, {'provider': 'DraftKings', 'spread': -16.5, 'formattedSpread': 'Troy -16.5', 'spreadOpen': -17.5, 'overUnder': 54.5, 'overUnderOpen': None, 'homeMoneyline': -850, 'awayMoneyline': 575}]"
401856665,2026,regular,1,2026-09-05T16:45:00.000Z,2579,South Carolina,SEC,fbs,,2309,Kent State,Mid-American,fbs,,"[{'provider': 'Bovada', 'spread': -36.5, 'formattedSpread': 'South Carolina -36.5', 'spreadOpen': -34.5, 'overUnder': 53.5, 'overUnderOpen': 52.5, 'homeMoneyline': -100000, 'awayMoneyline': -100000}, {'provider': 'DraftKings', 'spread': -35.5, 'formattedSpread': 'South Carolina -35.5', 'spreadOpen': -33.5, 'overUnder': 53.5, 'overUnderOpen': None, 'homeMoneyline': -100000, 'awayMoneyline': 5000}]"
401858438,2026,regular,1,2026-09-06T23:30:00.000Z,87,Notre Dame,FBS Independents,fbs,,275,Wisconsin,Big Ten,fbs,,"[{'provider': 'Bovada', 'spread': -20.5, 'formattedSpread': 'Notre Dame -20.5', 'spreadOpen': -16.5, 'overUnder': 46.5, 'overUnderOpen': 46.5, 'homeMoneyline': -2500, 'awayMoneyline': 1000}, {'provider': 'DraftKings', 'spread': -20.5, 'formattedSpread': 'Notre Dame -20.5', 'spreadOpen': None, 'overUnder': 46.5, 'overUnderOpen': 47.5, 'homeMoneyline': -1650, 'awayMoneyline': 950}]"
401856778,2026,regular,1,2026-09-05T16:00:00.000Z,248,Houston,Big 12,fbs,,204,Oregon State,Pac-12,fbs,,"[{'provider': 'Bovada', 'spread': -21, 'formattedSpread': 'Houston -21.0', 'spreadOpen': -18.5, 'overUnder': 49.5, 'overUnderOpen': 51.5, 'homeMoneyline': -1300, 'awayMoneyline': 725}, {'provider': 'DraftKings', 'spread': -21, 'formattedSpread': 'Houston -21', 'spreadOpen': -18.5, 'overUnder': 49.5, 'overUnderOpen': None, 'homeMoneyline': -1650, 'awayMoneyline': 950}]"
401858426,2026,regular,1,2026-09-05T20:15:00.000Z,2294,Iowa,Big Ten,fbs,,2459,Northern Illinois,Mountain West,fbs,,"[{'provider': 'Bovada', 'spread': -32, 'formattedSpread': 'Iowa -32.0', 'spreadOpen': -29.5, 'overUnder': 44.5, 'overUnderOpen': 43.5, 'homeMoneyline': -100000, 'awayMoneyline': 2500}, {'provider': 'DraftKings', 'spread': -31.5, 'formattedSpread': 'Iowa -31.5', 'spreadOpen': -29.5, 'overUnder': 44.5, 'overUnderOpen': None, 'homeMoneyline': -100000, 'awayMoneyline': 5000}]"
401862699,2026,regular,1,2026-09-05T23:00:00.000Z,58,South Florida,American Athletic,fbs,,2229,Florida International,Conference USA,fbs,,"[{'provider': 'Bovada', 'spread': -14.5, 'formattedSpread': 'South Florida -14.5', 'spreadOpen': -12.5, 'overUnder': 52, 'overUnderOpen': 54.5, 'homeMoneyline': -460, 'awayMoneyline': 340}, {'provider': 'DraftKings', 'spread': -14.5, 'formattedSpread': 'South Florida -14.5', 'spreadOpen': -12.5, 'overUnder': 51.5, 'overUnderOpen': None, 'homeMoneyline': -675, 'awayMoneyline': 490}]"
401858210,2026,regular,1,2026-09-06T02:30:00.000Z,25,California,ACC,fbs,,26,UCLA,Big Ten,fbs,,"[{'provider': 'Bovada', 'spread': 2.5, 'formattedSpread': 'UCLA -2.5', 'spreadOpen': -3.5, 'overUnder': 53.5, 'overUnderOpen': 53.5, 'homeMoneyline': 110, 'awayMoneyline': -130}, {'provider': 'DraftKings', 'spread': 2.5, 'formattedSpread': 'UCLA -2.5', 'spreadOpen': -1.5, 'overUnder': 53.5, 'overUnderOpen': None, 'homeMoneyline': 110, 'awayMoneyline': -130}]"
401858434,2026,regular,1,2026-09-05T19:30:00.000Z,213,Penn State,Big Ten,fbs,,276,Marshall,Sun Belt,fbs,,"[{'provider': 'Bovada', 'spread': -23.5, 'formattedSpread': 'Penn State -23.5', 'spreadOpen': -23.5, 'overUnder': 52, 'overUnderOpen': 54.5, 'homeMoneyline': -3500, 'awayMoneyline': 1100}, {'provider': 'DraftKings', 'spread': -23.5, 'formattedSpread': 'Penn State -23.5', 'spreadOpen': -23.5, 'overUnder': 52.5, 'overUnderOpen': None, 'homeMoneyline': -3200, 'awayMoneyline': 1400}]"
401856637,2026,regular,1,2026-09-05T23:45:00.000Z,57,Florida,SEC,fbs,,2226,Florida Atlantic,American Athletic,fbs,,"[{'provider': 'Bovada', 'spread': -26.5, 'formattedSpread': 'Florida -26.5', 'spreadOpen': -25.5, 'overUnder': 59.5, 'overUnderOpen': 56.5, 'homeMoneyline': -6500, 'awayMoneyline': 1300}, {'provider': 'DraftKings', 'spread': -26.5, 'formattedSpread': 'Florida -26.5', 'spreadOpen': -25.5, 'overUnder': 59.5, 'overUnderOpen': None, 'homeMoneyline': -2800, 'awayMoneyline': 1300}]"
401860878,2026,regular,1,2026-09-05T22:00:00.000Z,36,Colorado State,Pac-12,fbs,,2751,Wyoming,Mountain West,fbs,,"[{'provider': 'DraftKings', 'spread': -3, 'formattedSpread': 'Colorado State -3', 'spreadOpen': -4, 'overUnder': 46.5, 'overUnderOpen': None, 'homeMoneyline': -155, 'awayMoneyline': 130}, {'provider': 'Bovada', 'spread': -3, 'formattedSpread': 'Colorado State -3.0', 'spreadOpen': -4, 'overUnder': 46.5, 'overUnderOpen': 47.5, 'homeMoneyline': -180, 'awayMoneyline': 155}]"
401858217,2026,regular,2,2026-09-12T19:30:00.000Z,356,Illinois,Big Ten,fbs,,150,Duke,ACC,fbs,,"[{'provider': 'DraftKings', 'spread': -8.5, 'formattedSpread': 'Illinois -8.5', 'spreadOpen': -8.5, 'overUnder': None, 'overUnderOpen': None, 'homeMoneyline': None, 'awayMoneyline': None}]"
401860884,2026,regular,2,2026-09-12T19:30:00.000Z,326,Texas State,Pac-12,fbs,,2636,UTSA,American Athletic,fbs,,"[{'provider': 'DraftKings', 'spread': -1.5, 'formattedSpread': 'Texas State -1.5', 'spreadOpen': -1.5, 'overUnder': None, 'overUnderOpen': None, 'homeMoneyline': None, 'awayMoneyline': None}]"
401856634,2026,regular,1,2026-09-05T16:00:00.000Z,333,Alabama,SEC,fbs,,151,East Carolina,American Athletic,fbs,,"[{'provider': 'Bovada', 'spread': -28, 'formattedSpread': 'Alabama -28.0', 'spreadOpen': -25.5, 'overUnder': 52.5, 'overUnderOpen': 53.5, 'homeMoneyline': -10000, 'awayMoneyline': 1600}, {'provider': 'DraftKings', 'spread': -27.5, 'formattedSpread': 'Alabama -27.5', 'spreadOpen': -25.5, 'overUnder': 52.5, 'overUnderOpen': None, 'homeMoneyline': -6500, 'awayMoneyline': 2000}]"
401856780,2026,regular,1,2026-09-05T16:00:00.000Z,277,West Virginia,Big 12,fbs,,324,Coastal Carolina,Sun Belt,fbs,,"[{'provider': 'Bovada', 'spread': -21, 'formattedSpread': 'West Virginia -21.0', 'spreadOpen': -17.5, 'overUnder': 56, 'overUnderOpen': 57.5, 'homeMoneyline': -1725, 'awayMoneyline': -100000}, {'provider': 'DraftKings', 'spread': -21, 'formattedSpread': 'West Virginia -21', 'spreadOpen': -17.5, 'overUnder': 56.5, 'overUnderOpen': None, 'homeMoneyline': -1450, 'awayMoneyline': 850}]"
401864495,2026,regular,1,2026-09-04T22:30:00.000Z,2199,Eastern Michigan,Mid-American,fbs,,23,San José State,Mountain West,fbs,,"[{'provider': 'DraftKings', 'spread': -3, 'formattedSpread': 'Eastern Michigan -3', 'spreadOpen': -3.5, 'overUnder': 56.5, 'overUnderOpen': None, 'homeMoneyline': -148, 'awayMoneyline': 124}, {'provider': 'Bovada', 'spread': -3, 'formattedSpread': 'Eastern Michigan -3.0', 'spreadOpen': -3.5, 'overUnder': 56, 'overUnderOpen': 53.5, 'homeMoneyline': -170, 'awayMoneyline': 145}]"
401858207,2026,regular,1,2026-09-05T16:30:00.000Z,221,Pittsburgh,ACC,fbs,,193,Miami (OH),Mid-American,fbs,,"[{'provider': 'Bovada', 'spread': -16, 'formattedSpread': 'Pittsburgh -16.0', 'spreadOpen': -16.5, 'overUnder': 47, 'overUnderOpen': 50.5, 'homeMoneyline': -800, 'awayMoneyline': 525}, {'provider': 'DraftKings', 'spread': -16.5, 'formattedSpread': 'Pittsburgh -16.5', 'spreadOpen': -16.5, 'overUnder': 47.5, 'overUnderOpen': None, 'homeMoneyline': -800, 'awayMoneyline': 550}]"
401858432,2026,regular,1,2026-09-05T16:30:00.000Z,194,Ohio State,Big Ten,fbs,,2050,Ball State,Mid-American,fbs,,"[{'provider': 'DraftKings', 'spread': -50.5, 'formattedSpread': 'Ohio State -50.5', 'spreadOpen': -49.5, 'overUnder': 56.5, 'overUnderOpen': None, 'homeMoneyline': None, 'awayMoneyline': None}, {'provider': 'Bovada', 'spread': -51, 'formattedSpread': 'Ohio State -51.0', 'spreadOpen': -50.5, 'overUnder': 56.5, 'overUnderOpen': 56.5, 'homeMoneyline': None, 'awayMoneyline': None}]"
401856660,2026,regular,1,2026-09-05T23:30:00.000Z,99,LSU,SEC,fbs,,228,Clemson,ACC,fbs,,"[{'provider': 'Bovada', 'spread': -10, 'formattedSpread': 'LSU -10.0', 'spreadOpen': -11.5, 'overUnder': 50.5, 'overUnderOpen': 51.5, 'homeMoneyline': -480, 'awayMoneyline': 350}, {'provider': 'DraftKings', 'spread': -10, 'formattedSpread': 'LSU -10', 'spreadOpen': None, 'overUnder': 50.5, 'overUnderOpen': None, 'homeMoneyline': -375, 'awayMoneyline': 295}]"
401858429,2026,regular,1,2026-09-05T00:00:00.000Z,127,Michigan State,Big Ten,fbs,,2649,Toledo,Mid-American,fbs,,"[{'provider': 'Bovada', 'spread': -10, 'formattedSpread': 'Michigan State -10.0', 'spreadOpen': -10.5, 'overUnder': 46.5, 'overUnderOpen': 49.5, 'homeMoneyline': -410, 'awayMoneyline': 305}, {'provider': 'DraftKings', 'spread': -10, 'formattedSpread': 'Michigan State -10', 'spreadOpen': -10.5, 'overUnder': 46.5, 'overUnderOpen': None, 'homeMoneyline': -410, 'awayMoneyline': 320}]"
401862695,2026,regular,1,2026-09-05T23:00:00.000Z,235,Memphis,American Athletic,fbs,,2032,Arkansas State,Sun Belt,fbs,,"[{'provider': 'Bovada', 'spread': -11, 'formattedSpread': 'Memphis -11.0', 'spreadOpen': -10.5, 'overUnder': 52, 'overUnderOpen': 55.5, 'homeMoneyline': -340, 'awayMoneyline': 270}, {'provider': 'DraftKings', 'spread': -11.5, 'formattedSpread': 'Memphis -11.5', 'spreadOpen': -10.5, 'overUnder': 52.5, 'overUnderOpen': None, 'homeMoneyline': -455, 'awayMoneyline': 350}]"
401856668,2026,regular,1,2026-09-05T23:00:00.000Z,245,Texas A&M,SEC,fbs,,2623,Missouri State,Conference USA,fbs,,"[{'provider': 'Bovada', 'spread': -40.5, 'formattedSpread': 'Texas A&M -40.5', 'spreadOpen': -38.5, 'overUnder': 53.5, 'overUnderOpen': 52.5, 'homeMoneyline': None, 'awayMoneyline': None}, {'provider': 'DraftKings', 'spread': -40.5, 'formattedSpread': 'Texas A&M -40.5', 'spreadOpen': -38.5, 'overUnder': 53.5, 'overUnderOpen': None, 'homeMoneyline': None, 'awayMoneyline': None}]"
401856664,2026,regular,1,2026-09-05T00:00:00.000Z,201,Oklahoma,SEC,fbs,,2638,UTEP,Mountain West,fbs,,"[{'provider': 'Bovada', 'spread': -41.5, 'formattedSpread': 'Oklahoma -41.5', 'spreadOpen': -40.5, 'overUnder': 51.5, 'overUnderOpen': 50.5, 'homeMoneyline': None, 'awayMoneyline': None}, {'provider': 'DraftKings', 'spread': -40.5, 'formattedSpread': 'Oklahoma -40.5', 'spreadOpen': -40.5, 'overUnder': 51.5, 'overUnderOpen': None, 'homeMoneyline': None, 'awayMoneyline': None}]"
401866471,2026,regular,13,2026-11-24T05:00:00.000Z,2711,Western Michigan,Mid-American,fbs,,193,Miami (OH),Mid-American,fbs,,[]
401858493,2026,regular,7,2026-10-17T00:00:00.000Z,2509,Purdue,Big Ten,fbs,,264,Washington,Big Ten,fbs,,[]
401856867,2026,regular,12,2026-11-21T05:00:00.000Z,2132,Cincinnati,Big 12,fbs,,38,Colorado,Big 12,fbs,,[]
401864515,2026,regular,5,2026-10-03T19:30:00.000Z,2449,North Dakota State,Mountain West,fbs,,2751,Wyoming,Mountain West,fbs,,[]
401864517,2026,regular,6,2026-10-10T04:00:00.000Z,2638,UTEP,Mountain West,fbs,,2440,Nevada,Mountain West,fbs,,[]
401856716,2026,regular,6,2026-10-10T04:00:00.000Z,142,Missouri,SEC,fbs,,245,Texas A&M,SEC,fbs,,[]
401856735,2026,regular,9,2026-10-31T04:00:00.000Z,145,Ole Miss,SEC,fbs,,2,Auburn,SEC,fbs,,[]
401858500,2026,regular,8,2026-10-24T04:00:00.000Z,275,Wisconsin,Big Ten,fbs,,30,USC,Big Ten,fbs,,[]
401862836,2026,regular,12,2026-11-21T05:00:00.000Z,5,UAB,American Athletic,fbs,,2636,UTSA,American Athletic,fbs,,[]
401856728,2026,regular,8,2026-10-24T16:00:00.000Z,2,Auburn,SEC,fbs,,99,LSU,SEC,fbs,,[]
401864540,2026,regular,11,2026-11-14T05:00:00.000Z,2638,UTEP,Mountain West,fbs,,2751,Wyoming,Mountain West,fbs,,[]
401864529,2026,regular,9,2026-10-31T04:00:00.000Z,23,San José State,Mountain West,fbs,,167,New Mexico,Mountain West,fbs,,[]
401858454,2026,regular,3,2026-09-19T16:00:00.000Z,194,Ohio State,Big Ten,fbs,,2309,Kent State,Mid-American,fbs,,[]
401871083,2026,regular,13,2026-11-28T19:00:00.000Z,2393,Middle Tennessee,Conference USA,fbs,,166,New Mexico State,Conference USA,fbs,,[]
401858491,2026,regular,7,2026-10-17T04:00:00.000Z,127,Michigan State,Big Ten,fbs,,77,Northwestern,Big Ten,fbs,,[]
401862702,2026,regular,2,2026-09-12T16:00:00.000Z,349,Army,American Athletic,fbs,,58,South Florida,American Athletic,fbs,,[]
401858495,2026,regular,8,2026-10-24T04:00:00.000Z,356,Illinois,Big Ten,fbs,,2483,Oregon,Big Ten,fbs,,[]
401870766,2026,regular,6,2026-10-08T23:00:00.000Z,2335,Liberty,Conference USA,fbs,,2534,Sam Houston,Conference USA,fbs,,[]
401866432,2026,regular,5,2026-10-03T04:00:00.000Z,2084,Buffalo,Mid-American,fbs,,2711,Western Michigan,Mid-American,fbs,,[]
401858494,2026,regular,7,2026-10-17T04:00:00.000Z,26,UCLA,Big Ten,fbs,,275,Wisconsin,Big Ten,fbs,,[]
401866463,2026,regular,11,2026-11-11T05:00:00.000Z,2649,Toledo,Mid-American,fbs,,113,Massachusetts,Mid-American,fbs,,[]
401858298,2026,regular,11,2026-11-14T05:00:00.000Z,153,North Carolina,ACC,fbs,,97,Louisville,ACC,fbs,,[]
401856843,2026,regular,9,2026-10-31T04:00:00.000Z,252,BYU,Big 12,fbs,,9,Arizona State,Big 12,fbs,,[]
401866444,2026,regular,7,2026-10-17T04:00:00.000Z,2199,Eastern Michigan,Mid-American,fbs,,2649,Toledo,Mid-American,fbs,,[]
401866454,2026,regular,10,2026-11-04T00:00:00.000Z,193,Miami (OH),Mid-American,fbs,,2084,Buffalo,Mid-American,fbs,,[]
401869954,2026,regular,13,2026-11-28T05:00:00.000Z,290,Georgia Southern,Sun Belt,fbs,,2348,Louisiana Tech,Sun Belt,fbs,,[]
401862813,2026,regular,9,2026-10-30T23:00:00.000Z,2429,Charlotte,American Athletic,fbs,,2655,Tulane,American Athletic,fbs,,[]
401856805,2026,regular,4,2026-09-26T04:00:00.000Z,2641,Texas Tech,Big 12,fbs,,2534,Sam Houston,Conference USA,fbs,,[]
401866457,2026,regular,10,2026-11-04T05:00:00.000Z,16,Sacramento State,Mid-American,fbs,,2649,Toledo,Mid-American,fbs,,[]
401862829,2026,regular,11,2026-11-14T05:00:00.000Z,218,Temple,American Athletic,fbs,,5,UAB,American Athletic,fbs,,[]
401858473,2026,regular,5,2026-10-03T04:00:00.000Z,2294,Iowa,Big Ten,fbs,,194,Ohio State,Big Ten,fbs,,[]
401862821,2026,regular,10,2026-11-07T05:00:00.000Z,249,North Texas,American Athletic,fbs,,242,Rice,American Athletic,fbs,,[]
401869937,2026,regular,11,2026-11-14T05:00:00.000Z,324,Coastal Carolina,Sun Belt,fbs,,2032,Arkansas State,Sun Belt,fbs,,[]
401862783,2026,regular,4,2026-09-26T23:30:00.000Z,249,North Texas,American Athletic,fbs,,2277,Houston Christian,Southland,fcs,,[]
401856690,2026,regular,3,2026-09-19T23:30:00.000Z,201,Oklahoma,SEC,fbs,,167,New Mexico,Mountain West,fbs,,[]
401866438,2026,regular,6,2026-10-10T04:00:00.000Z,195,Ohio,Mid-American,fbs,,2117,Central Michigan,Mid-American,fbs,,[]
401858315,2026,regular,13,2026-11-28T05:00:00.000Z,25,California,ACC,fbs,,221,Pittsburgh,ACC,fbs,,[]
401858299,2026,regular,11,2026-11-14T05:00:00.000Z,259,Virginia Tech,ACC,fbs,,24,Stanford,ACC,fbs,,[]
401858477,2026,regular,5,2026-10-04T00:00:00.000Z,164,Rutgers,Big Ten,fbs,,84,Indiana,Big Ten,fbs,,[]
401858264,2026,regular,7,2026-10-17T04:00:00.000Z,259,Virginia Tech,ACC,fbs,,59,Georgia Tech,ACC,fbs,,[]
401862802,2026,regular,7,2026-10-17T16:00:00.000Z,349,Army,American Athletic,fbs,,2226,Florida Atlantic,American Athletic,fbs,,[]
401862807,2026,regular,8,2026-10-22T23:30:00.000Z,235,Memphis,American Athletic,fbs,,151,East Carolina,American Athletic,fbs,,[]
401858498,2026,regular,8,2026-10-24T04:00:00.000Z,77,Northwestern,Big Ten,fbs,,164,Rutgers,Big Ten,fbs,,[]
401866436,2026,regular,6,2026-10-10T04:00:00.000Z,189,Bowling Green,Mid-American,fbs,,16,Sacramento State,Mid-American,fbs,,[]
401858300,2026,regular,11,2026-11-14T05:00:00.000Z,152,NC State,ACC,fbs,,183,Syracuse,ACC,fbs,,[]
401858272,2026,regular,8,2026-10-24T02:30:00.000Z,24,Stanford,ACC,fbs,,152,NC State,ACC,fbs,,[]
401858254,2026,regular,6,2026-10-09T23:00:00.000Z,97,Louisville,ACC,fbs,,52,Florida State,ACC,fbs,,[]
401862814,2026,regular,9,2026-10-31T04:00:00.000Z,235,Memphis,American Athletic,fbs,,349,Army,American Athletic,fbs,,[]
401866430,2026,regular,5,2026-10-03T04:00:00.000Z,2117,Central Michigan,Mid-American,fbs,,2006,Akron,Mid-American,fbs,,[]
401866433,2026,regular,5,2026-10-03T04:00:00.000Z,113,Massachusetts,Mid-American,fbs,,2199,Eastern Michigan,Mid-American,fbs,,[]
401858504,2026,regular,9,2026-10-31T04:00:00.000Z,158,Nebraska,Big Ten,fbs,,264,Washington,Big Ten,fbs,,[]
401866452,2026,regular,9,2026-10-31T16:00:00.000Z,2711,Western Michigan,Mid-American,fbs,,189,Bowling Green,Mid-American,fbs,,[]
401869958,2026,regular,12,2026-11-21T05:00:00.000Z,276,Marshall,Sun Belt,fbs,,2247,Georgia State,Sun Belt,fbs,,[]
401864504,2026,regular,2,2026-09-13T01:00:00.000Z,23,San José State,Mountain West,fbs,,13,Cal Poly,Big Sky,fcs,,[]
401862775,2026,regular,3,2026-09-20T00:00:00.000Z,202,Tulsa,American Athletic,fbs,,2837,East Texas A&M,Southland,fcs,,[]
401864544,2026,regular,12,2026-11-22T00:00:00.000Z,23,San José State,Mountain West,fbs,,2439,UNLV,Mountain West,fbs,,[]
401858451,2026,regular,3,2026-09-19T16:00:00.000Z,135,Minnesota,Big Ten,fbs,,2006,Akron,Mid-American,fbs,,[]
401871092,2026,regular,8,2026-10-20T23:30:00.000Z,276,Marshall,Sun Belt,fbs,,6,South Alabama,Sun Belt,fbs,,[]
401860914,2026,regular,11,2026-11-14T23:00:00.000Z,68,Boise State,Pac-12,fbs,,204,Oregon State,Pac-12,fbs,,[]
401856724,2026,regular,7,2026-10-17T04:00:00.000Z,251,Texas,SEC,fbs,,57,Florida,SEC,fbs,,[]
401856793,2026,regular,3,2026-09-20T02:30:00.000Z,12,Arizona,Big 12,fbs,,2459,Northern Illinois,Mountain West,fbs,,[]
401856697,2026,regular,4,2026-09-27T00:00:00.000Z,8,Arkansas,SEC,fbs,,202,Tulsa,American Athletic,fbs,,[]
401862841,2026,regular,13,2026-11-28T05:00:00.000Z,242,Rice,American Athletic,fbs,,349,Army,American Athletic,fbs,,[]
401862705,2026,regular,2,2026-09-12T19:45:00.000Z,249,North Texas,American Athletic,fbs,,2439,UNLV,Mountain West,fbs,,[]
401858447,2026,regular,2,2026-09-12T23:15:00.000Z,275,Wisconsin,Big Ten,fbs,,2710,Western Illinois,OVC,fcs,,[]
401858224,2026,regular,2,2026-09-12T16:00:00.000Z,2509,Purdue,Big Ten,fbs,,154,Wake Forest,ACC,fbs,,[]
401860913,2026,regular,10,2026-11-08T02:30:00.000Z,328,Utah State,Pac-12,fbs,,278,Fresno State,Pac-12,fbs,,[]
401858544,2026,regular,13,2026-11-28T00:30:00.000Z,275,Wisconsin,Big Ten,fbs,,135,Minnesota,Big Ten,fbs,,[]
401866458,2026,regular,11,2026-11-11T00:00:00.000Z,2006,Akron,Mid-American,fbs,,2711,Western Michigan,Mid-American,fbs,,[]
401856731,2026,regular,8,2026-10-24T04:00:00.000Z,2579,South Carolina,SEC,fbs,,2633,Tennessee,SEC,fbs,,[]
401861964,2026,regular,6,2026-10-10T04:00:00.000Z,218,Temple,American Athletic,fbs,,41,UConn,FBS Independents,fbs,,[]
401864579,2026,regular,4,2026-09-26T19:30:00.000Z,166,New Mexico State,Conference USA,fbs,,167,New Mexico,Mountain West,fbs,,[]
401869940,2026,regular,3,2026-09-19T15:30:00.000Z,48,Delaware,Conference USA,fbs,,324,Coastal Carolina,Sun Belt,fbs,,[]
401856818,2026,regular,5,2026-10-03T04:00:00.000Z,2628,TCU,Big 12,fbs,,252,BYU,Big 12,fbs,,[]
401858441,2026,regular,2,2026-09-12T23:00:00.000Z,158,Nebraska,Big Ten,fbs,,189,Bowling Green,Mid-American,fbs,,[]
401860885,2026,regular,3,2026-09-20T02:00:00.000Z,68,Boise State,Pac-12,fbs,,233,South Dakota,MVFC,fcs,,[]
401871063,2026,regular,13,2026-11-28T19:00:00.000Z,2623,Missouri State,Conference USA,fbs,,2335,Liberty,Conference USA,fbs,,[]
401862785,2026,regular,4,2026-09-26T04:00:00.000Z,189,Bowling Green,Mid-American,fbs,,58,South Florida,American Athletic,fbs,,[]
401864511,2026,regular,4,2026-09-26T04:00:00.000Z,2247,Georgia State,Sun Belt,fbs,,2459,Northern Illinois,Mountain West,fbs,,[]
401862824,2026,regular,11,2026-11-13T01:00:00.000Z,58,South Florida,American Athletic,fbs,,235,Memphis,American Athletic,fbs,,[]
401862793,2026,regular,5,2026-10-03T19:30:00.000Z,5,UAB,American Athletic,fbs,,2535,Samford,Southern,fcs,,[]
401862799,2026,regular,6,2026-10-10T19:30:00.000Z,2426,Navy,American Athletic,fbs,,202,Tulsa,American Athletic,fbs,,[]
401856676,2026,regular,2,2026-09-12T23:45:00.000Z,145,Ole Miss,SEC,fbs,,2429,Charlotte,American Athletic,fbs,,[]
401871080,2026,regular,12,2026-11-21T18:00:00.000Z,2335,Liberty,Conference USA,fbs,,98,Western Kentucky,Conference USA,fbs,,[]
401869946,2026,regular,12,2026-11-21T05:00:00.000Z,309,Louisiana,Sun Belt,fbs,,324,Coastal Carolina,Sun Belt,fbs,,[]
401871055,2026,regular,8,2026-10-20T23:00:00.000Z,2229,Florida International,Conference USA,fbs,,2393,Middle Tennessee,Conference USA,fbs,,[]
401862830,2026,regular,12,2026-11-20T00:30:00.000Z,218,Temple,American Athletic,fbs,,242,Rice,American Athletic,fbs,,[]
401858258,2026,regular,6,2026-10-10T04:00:00.000Z,258,Virginia,ACC,fbs,,183,Syracuse,ACC,fbs,,[]
401858229,2026,regular,3,2026-09-19T16:00:00.000Z,228,Clemson,ACC,fbs,,153,North Carolina,ACC,fbs,,[]
401858233,2026,regular,3,2026-09-19T19:30:00.000Z,25,California,ACC,fbs,,2681,Wagner,NEC,fcs,,[]
401860891,2026,regular,4,2026-09-27T02:00:00.000Z,278,Fresno State,Pac-12,fbs,,242,Rice,American Athletic,fbs,,[]
401862801,2026,regular,7,2026-10-16T23:30:00.000Z,2655,Tulane,American Athletic,fbs,,235,Memphis,American Athletic,fbs,,[]
401858526,2026,regular,11,2026-11-14T02:00:00.000Z,26,UCLA,Big Ten,fbs,,356,Illinois,Big Ten,fbs,,[]
401862834,2026,regular,12,2026-11-21T17:00:00.000Z,2426,Navy,American Athletic,fbs,,235,Memphis,American Athletic,fbs,,[]
401869955,2026,regular,2,2026-09-12T23:00:00.000Z,338,Kennesaw State,Conference USA,fbs,,2247,Georgia State,Sun Belt,fbs,,[]
401858227,2026,regular,3,2026-09-19T18:00:00.000Z,103,Boston College,ACC,fbs,,311,Maine,Coastal Athletic,fcs,,[]
401858231,2026,regular,3,2026-09-19T20:00:00.000Z,150,Duke,ACC,fbs,,24,Stanford,ACC,fbs,,[]
401858274,2026,regular,8,2026-10-24T04:00:00.000Z,2390,Miami,ACC,fbs,,221,Pittsburgh,ACC,fbs,,[]
401858448,2026,regular,3,2026-09-19T18:00:00.000Z,356,Illinois,Big Ten,fbs,,79,Southern Illinois,MVFC,fcs,,[]
401869939,2026,regular,13,2026-11-28T20:00:00.000Z,2032,Arkansas State,Sun Belt,fbs,,2653,Troy,Sun Belt,fbs,,[]
401856781,2026,regular,2,2026-09-12T16:00:00.000Z,2306,Kansas State,Big 12,fbs,,265,Washington State,Pac-12,fbs,,[]
401858316,2026,regular,13,2026-11-28T05:00:00.000Z,24,Stanford,ACC,fbs,,2567,SMU,ACC,fbs,,[]
401858314,2026,regular,13,2026-11-28T05:00:00.000Z,183,Syracuse,ACC,fbs,,87,Notre Dame,FBS Independents,fbs,,[]
401856750,2026,regular,12,2026-11-21T18:00:00.000Z,344,Mississippi State,SEC,fbs,,2635,Tennessee Tech,Southern,fcs,,[]
401858278,2026,regular,9,2026-10-31T04:00:00.000Z,183,Syracuse,ACC,fbs,,2567,SMU,ACC,fbs,,[]
401858267,2026,regular,7,2026-10-17T04:00:00.000Z,103,Boston College,ACC,fbs,,221,Pittsburgh,ACC,fbs,,[]
401858519,2026,regular,11,2026-11-14T05:00:00.000Z,2294,Iowa,Big Ten,fbs,,2509,Purdue,Big Ten,fbs,,[]
401866464,2026,regular,12,2026-11-18T00:00:00.000Z,195,Ohio,Mid-American,fbs,,2050,Ball State,Mid-American,fbs,,[]
401868187,2026,regular,2,2026-09-12T22:00:00.000Z,2335,Liberty,Conference USA,fbs,,2241,Gardner-Webb,OVC,fcs,,[]
401856798,2026,regular,3,2026-09-19T16:00:00.000Z,66,Iowa State,Big 12,fbs,,189,Bowling Green,Mid-American,fbs,,[]
401858243,2026,regular,4,2026-09-26T04:00:00.000Z,97,Louisville,ACC,fbs,,154,Wake Forest,ACC,fbs,,[]
401862776,2026,regular,3,2026-09-20T00:00:00.000Z,309,Louisiana,Sun Belt,fbs,,5,UAB,American Athletic,fbs,,[]
401866467,2026,regular,12,2026-11-18T05:00:00.000Z,113,Massachusetts,Mid-American,fbs,,2006,Akron,Mid-American,fbs,,[]
401856878,2026,regular,13,2026-11-28T05:00:00.000Z,66,Iowa State,Big 12,fbs,,2306,Kansas State,Big 12,fbs,,[]
401856850,2026,regular,10,2026-11-07T05:00:00.000Z,2305,Kansas,Big 12,fbs,,2116,UCF,Big 12,fbs,,[]
401858257,2026,regular,6,2026-10-10T19:30:00.000Z,87,Notre Dame,FBS Independents,fbs,,24,Stanford,ACC,fbs,,[]
401862800,2026,regular,7,2026-10-15T23:30:00.000Z,5,UAB,American Athletic,fbs,,151,East Carolina,American Athletic,fbs,,[]
401856739,2026,regular,10,2026-11-07T05:00:00.000Z,57,Florida,SEC,fbs,,201,Oklahoma,SEC,fbs,,[]
401858259,2026,regular,6,2026-10-10T04:00:00.000Z,25,California,ACC,fbs,,259,Virginia Tech,ACC,fbs,,[]
401864522,2026,regular,7,2026-10-17T19:30:00.000Z,2751,Wyoming,Mountain West,fbs,,2459,Northern Illinois,Mountain West,fbs,,[]
401864506,2026,regular,2,2026-09-12T20:00:00.000Z,2751,Wyoming,Mountain West,fbs,,2458,Northern Colorado,Big Sky,fcs,,[]
401869944,2026,regular,9,2026-10-31T04:00:00.000Z,2247,Georgia State,Sun Belt,fbs,,324,Coastal Carolina,Sun Belt,fbs,,[]
401858461,2026,regular,4,2026-09-26T00:00:00.000Z,84,Indiana,Big Ten,fbs,,77,Northwestern,Big Ten,fbs,,[]
401856680,2026,regular,2,2026-09-12T23:00:00.000Z,2579,South Carolina,SEC,fbs,,119,Towson,Coastal Athletic,fcs,,[]
401862842,2026,regular,13,2026-11-28T05:00:00.000Z,2429,Charlotte,American Athletic,fbs,,2426,Navy,American Athletic,fbs,,[]
401856826,2026,regular,6,2026-10-10T02:15:00.000Z,252,BYU,Big 12,fbs,,66,Iowa State,Big 12,fbs,,[]
401858484,2026,regular,6,2026-10-10T04:00:00.000Z,2483,Oregon,Big Ten,fbs,,26,UCLA,Big Ten,fbs,,[]
401862792,2026,regular,5,2026-10-03T04:00:00.000Z,58,South Florida,American Athletic,fbs,,218,Temple,American Athletic,fbs,,[]
401866472,2026,regular,13,2026-11-27T17:00:00.000Z,2006,Akron,Mid-American,fbs,,2084,Buffalo,Mid-American,fbs,,[]
401856851,2026,regular,10,2026-11-07T05:00:00.000Z,248,Houston,Big 12,fbs,,2132,Cincinnati,Big 12,fbs,,[]
401858470,2026,regular,4,2026-09-26T04:00:00.000Z,264,Washington,Big Ten,fbs,,135,Minnesota,Big Ten,fbs,,[]
401856802,2026,regular,3,2026-09-19T23:30:00.000Z,258,Virginia,ACC,fbs,,277,West Virginia,Big 12,fbs,,[]
401864503,2026,regular,2,2026-09-12T23:00:00.000Z,2459,Northern Illinois,Mountain West,fbs,,2287,Illinois State,MVFC,fcs,,[]
401864549,2026,regular,13,2026-11-27T20:30:00.000Z,23,San José State,Mountain West,fbs,,2449,North Dakota State,Mountain West,fbs,,[]
401866423,2026,regular,3,2026-09-19T23:00:00.000Z,6,South Alabama,Sun Belt,fbs,,195,Ohio,Mid-American,fbs,,[]
401858277,2026,regular,9,2026-10-31T04:00:00.000Z,152,NC State,ACC,fbs,,25,California,ACC,fbs,,[]
401864578,2026,regular,2,2026-09-13T03:59:00.000Z,62,Hawai'i,Mountain West,fbs,,166,New Mexico State,Conference USA,fbs,,[]
401856877,2026,regular,13,2026-11-28T05:00:00.000Z,197,Oklahoma State,Big 12,fbs,,2305,Kansas,Big 12,fbs,,[]
401870764,2026,regular,3,2026-09-19T23:00:00.000Z,2534,Sam Houston,Conference USA,fbs,,2447,Nicholls,Southland,fcs,,[]
401858289,2026,regular,10,2026-11-07T05:00:00.000Z,103,Boston College,ACC,fbs,,52,Florida State,ACC,fbs,,[]
401856847,2026,regular,9,2026-10-31T04:00:00.000Z,66,Iowa State,Big 12,fbs,,197,Oklahoma State,Big 12,fbs,,[]
401859184,2026,regular,2,2026-09-12T19:30:00.000Z,87,Notre Dame,FBS Independents,fbs,,242,Rice,American Athletic,fbs,,[]
401860898,2026,regular,5,2026-10-03T23:30:00.000Z,68,Boise State,Pac-12,fbs,,328,Utah State,Pac-12,fbs,,[]
401866474,2026,regular,13,2026-11-28T17:00:00.000Z,2050,Ball State,Mid-American,fbs,,2117,Central Michigan,Mid-American,fbs,,[]
401871058,2026,regular,9,2026-10-28T23:00:00.000Z,2393,Middle Tennessee,Conference USA,fbs,,338,Kennesaw State,Conference USA,fbs,,[]
401864571,2026,regular,2,2026-09-12T16:00:00.000Z,151,East Carolina,American Athletic,fbs,,2026,App State,Sun Belt,fbs,,[]
401856711,2026,regular,5,2026-10-03T04:00:00.000Z,245,Texas A&M,SEC,fbs,,8,Arkansas,SEC,fbs,,[]
401862796,2026,regular,6,2026-10-10T04:00:00.000Z,249,North Texas,American Athletic,fbs,,2429,Charlotte,American Athletic,fbs,,[]
401864538,2026,regular,11,2026-11-15T00:00:00.000Z,2005,Air Force,Mountain West,fbs,,23,San José State,Mountain West,fbs,,[]
401856806,2026,regular,4,2026-09-26T04:00:00.000Z,290,Georgia Southern,Sun Belt,fbs,,248,Houston,Big 12,fbs,,[]
401858440,2026,regular,2,2026-09-12T19:30:00.000Z,127,Michigan State,Big Ten,fbs,,2199,Eastern Michigan,Mid-American,fbs,,[]
401869843,2026,regular,6,2026-10-10T04:00:00.000Z,2026,App State,Sun Belt,fbs,,295,Old Dominion,Sun Belt,fbs,,[]
401858283,2026,regular,9,2026-10-31T04:00:00.000Z,97,Louisville,ACC,fbs,,24,Stanford,ACC,fbs,,[]
401856815,2026,regular,4,2026-09-26T04:00:00.000Z,2116,UCF,Big 12,fbs,,2628,TCU,Big 12,fbs,,[]
401862710,2026,regular,3,2026-09-19T22:00:00.000Z,295,Old Dominion,Sun Belt,fbs,,151,East Carolina,American Athletic,fbs,,[]
401871047,2026,regular,3,2026-09-19T22:30:00.000Z,2623,Missouri State,Conference USA,fbs,,276,Marshall,Sun Belt,fbs,,[]
401856696,2026,regular,4,2026-09-26T04:00:00.000Z,333,Alabama,SEC,fbs,,2579,South Carolina,SEC,fbs,,[]
401858276,2026,regular,8,2026-10-24T04:00:00.000Z,228,Clemson,ACC,fbs,,259,Virginia Tech,ACC,fbs,,[]
401866425,2026,regular,4,2026-09-26T04:00:00.000Z,2309,Kent State,Mid-American,fbs,,2050,Ball State,Mid-American,fbs,,[]
401858236,2026,regular,4,2026-09-26T16:00:00.000Z,221,Pittsburgh,ACC,fbs,,2083,Bucknell,Patriot,fcs,,[]
401856691,2026,regular,3,2026-09-19T20:15:00.000Z,2579,South Carolina,SEC,fbs,,344,Mississippi State,SEC,fbs,,[]
401856883,2026,regular,11,2026-11-14T05:00:00.000Z,61,Georgia,SEC,fbs,,142,Missouri,SEC,fbs,,[]
401869957,2026,regular,7,2026-10-17T04:00:00.000Z,256,James Madison,Sun Belt,fbs,,2247,Georgia State,Sun Belt,fbs,,[]
401868317,2026,regular,3,2026-09-19T20:30:00.000Z,2433,UL Monroe,Sun Belt,fbs,,2545,SE Louisiana,Southland,fcs,,[]
401864547,2026,regular,13,2026-11-29T04:00:00.000Z,62,Hawai'i,Mountain West,fbs,,16,Sacramento State,Mid-American,fbs,,[]
401858442,2026,regular,2,2026-09-12T16:00:00.000Z,218,Temple,American Athletic,fbs,,213,Penn State,Big Ten,fbs,,[]
401856816,2026,regular,4,2026-09-26T04:00:00.000Z,66,Iowa State,Big 12,fbs,,254,Utah,Big 12,fbs,,[]
401860912,2026,regular,10,2026-11-08T03:30:00.000Z,204,Oregon State,Pac-12,fbs,,326,Texas State,Pac-12,fbs,,[]
401866478,2026,regular,7,2026-10-17T04:00:00.000Z,193,Miami (OH),Mid-American,fbs,,2006,Akron,Mid-American,fbs,,[]
401871102,2026,regular,13,2026-11-28T05:00:00.000Z,2433,UL Monroe,Sun Belt,fbs,,276,Marshall,Sun Belt,fbs,,[]
401869968,2026,regular,10,2026-11-07T05:00:00.000Z,309,Louisiana,Sun Belt,fbs,,6,South Alabama,Sun Belt,fbs,,[]
401856889,2026,regular,11,2026-11-14T05:00:00.000Z,238,Vanderbilt,SEC,fbs,,333,Alabama,SEC,fbs,,[]
401866470,2026,regular,13,2026-11-25T00:00:00.000Z,2199,Eastern Michigan,Mid-American,fbs,,2309,Kent State,Mid-American,fbs,,[]
401856836,2026,regular,8,2026-10-24T04:00:00.000Z,197,Oklahoma State,Big 12,fbs,,38,Colorado,Big 12,fbs,,[]
401858225,2026,regular,3,2026-09-17T23:30:00.000Z,221,Pittsburgh,ACC,fbs,,183,Syracuse,ACC,fbs,,[]
401858304,2026,regular,12,2026-11-21T05:00:00.000Z,52,Florida State,ACC,fbs,,152,NC State,ACC,fbs,,[]
401864500,2026,regular,2,2026-09-13T02:30:00.000Z,2440,Nevada,Mountain West,fbs,,147,Montana State,Big Sky,fcs,,[]
401858539,2026,regular,13,2026-11-28T05:00:00.000Z,120,Maryland,Big Ten,fbs,,213,Penn State,Big Ten,fbs,,[]
401869933,2026,regular,6,2026-10-08T23:30:00.000Z,2032,Arkansas State,Sun Belt,fbs,,6,South Alabama,Sun Belt,fbs,,[]
401862820,2026,regular,10,2026-11-07T20:30:00.000Z,2426,Navy,American Athletic,fbs,,218,Temple,American Athletic,fbs,,[]
401869942,2026,regular,5,2026-10-03T04:00:00.000Z,324,Coastal Carolina,Sun Belt,fbs,,290,Georgia Southern,Sun Belt,fbs,,[]
401858460,2026,regular,3,2026-09-19T16:30:00.000Z,275,Wisconsin,Big Ten,fbs,,2199,Eastern Michigan,Mid-American,fbs,,[]
401858475,2026,regular,5,2026-10-03T04:00:00.000Z,158,Nebraska,Big Ten,fbs,,120,Maryland,Big Ten,fbs,,[]
401856738,2026,regular,10,2026-11-07T05:00:00.000Z,2,Auburn,SEC,fbs,,8,Arkansas,SEC,fbs,,[]
401871052,2026,regular,6,2026-10-08T23:00:00.000Z,98,Western Kentucky,Conference USA,fbs,,2623,Missouri State,Conference USA,fbs,,[]
401860882,2026,regular,2,2026-09-12T23:00:00.000Z,36,Colorado State,Pac-12,fbs,,253,Southern Utah,Big Sky,fcs,,[]
401862784,2026,regular,4,2026-09-26T04:00:00.000Z,2655,Tulane,American Athletic,fbs,,2572,Southern Miss,Sun Belt,fbs,,[]
401860923,2026,regular,7,2026-10-16T00:00:00.000Z,326,Texas State,Pac-12,fbs,,36,Colorado State,Pac-12,fbs,,[]
401869947,2026,regular,13,2026-11-28T05:00:00.000Z,256,James Madison,Sun Belt,fbs,,324,Coastal Carolina,Sun Belt,fbs,,[]
401864531,2026,regular,9,2026-10-31T19:30:00.000Z,2449,North Dakota State,Mountain West,fbs,,2638,UTEP,Mountain West,fbs,,[]
401858228,2026,regular,3,2026-09-19T16:00:00.000Z,59,Georgia Tech,ACC,fbs,,2382,Mercer,Southern,fcs,,[]
401862832,2026,regular,12,2026-11-21T05:00:00.000Z,202,Tulsa,American Athletic,fbs,,2429,Charlotte,American Athletic,fbs,,[]
401860917,2026,regular,11,2026-11-15T03:30:00.000Z,265,Washington State,Pac-12,fbs,,36,Colorado State,Pac-12,fbs,,[]
401864533,2026,regular,10,2026-11-07T02:00:00.000Z,2440,Nevada,Mountain West,fbs,,167,New Mexico,Mountain West,fbs,,[]
401866451,2026,regular,9,2026-10-31T02:30:00.000Z,16,Sacramento State,Mid-American,fbs,,2309,Kent State,Mid-American,fbs,,[]
401864526,2026,regular,8,2026-10-24T04:00:00.000Z,2459,Northern Illinois,Mountain West,fbs,,62,Hawai'i,Mountain West,fbs,,[]
401858214,2026,regular,2,2026-09-11T23:30:00.000Z,103,Boston College,ACC,fbs,,164,Rutgers,Big Ten,fbs,,[]
401862774,2026,regular,3,2026-09-19T19:00:00.000Z,2649,Toledo,Mid-American,fbs,,218,Temple,American Athletic,fbs,,[]
401858478,2026,regular,5,2026-10-03T04:00:00.000Z,30,USC,Big Ten,fbs,,264,Washington,Big Ten,fbs,,[]
401856881,2026,regular,4,2026-09-26T04:00:00.000Z,277,West Virginia,Big 12,fbs,,197,Oklahoma State,Big 12,fbs,,[]
401862827,2026,regular,11,2026-11-14T05:00:00.000Z,2636,UTSA,American Athletic,fbs,,249,North Texas,American Athletic,fbs,,[]
401856736,2026,regular,9,2026-10-31T04:00:00.000Z,201,Oklahoma,SEC,fbs,,2579,South Carolina,SEC,fbs,,[]
401862810,2026,regular,8,2026-10-24T19:30:00.000Z,2426,Navy,American Athletic,fbs,,249,North Texas,American Athletic,fbs,,[]
401864534,2026,regular,10,2026-11-07T05:00:00.000Z,23,San José State,Mountain West,fbs,,2459,Northern Illinois,Mountain West,fbs,,[]
401858293,2026,regular,11,2026-11-14T00:00:00.000Z,221,Pittsburgh,ACC,fbs,,52,Florida State,ACC,fbs,,[]
401864525,2026,regular,8,2026-10-24T01:00:00.000Z,2751,Wyoming,Mountain West,fbs,,2005,Air Force,Mountain West,fbs,,[]
401862777,2026,regular,3,2026-09-19T23:00:00.000Z,58,South Florida,American Athletic,fbs,,2169,Delaware State,MEAC,fcs,,[]
401856792,2026,regular,3,2026-09-19T16:00:00.000Z,2306,Kansas State,Big 12,fbs,,2655,Tulane,American Athletic,fbs,,[]
401861968,2026,regular,12,2026-11-21T20:30:00.000Z,41,UConn,FBS Independents,fbs,,295,Old Dominion,Sun Belt,fbs,,[]
401866428,2026,regular,4,2026-09-26T19:30:00.000Z,195,Ohio,Mid-American,fbs,,284,Stonehill,NEC,fcs,,[]
401866460,2026,regular,11,2026-11-11T00:00:00.000Z,193,Miami (OH),Mid-American,fbs,,195,Ohio,Mid-American,fbs,,[]
401860901,2026,regular,6,2026-10-11T02:30:00.000Z,278,Fresno State,Pac-12,fbs,,68,Boise State,Pac-12,fbs,,[]
401871078,2026,regular,12,2026-11-21T20:00:00.000Z,338,Kennesaw State,Conference USA,fbs,,2229,Florida International,Conference USA,fbs,,[]
401856718,2026,regular,6,2026-10-10T04:00:00.000Z,238,Vanderbilt,SEC,fbs,,145,Ole Miss,SEC,fbs,,[]
401856713,2026,regular,6,2026-10-10T04:00:00.000Z,8,Arkansas,SEC,fbs,,2633,Tennessee,SEC,fbs,,[]
401858213,2026,regular,2,2026-09-11T00:00:00.000Z,2390,Miami,ACC,fbs,,50,Florida A&M,SWAC,fcs,,[]
401864574,2026,regular,3,2026-09-19T22:00:00.000Z,2026,App State,Sun Belt,fbs,,2429,Charlotte,American Athletic,fbs,,[]
401856820,2026,regular,5,2026-10-03T04:00:00.000Z,12,Arizona,Big 12,fbs,,2132,Cincinnati,Big 12,fbs,,[]
401862773,2026,regular,3,2026-09-19T23:00:00.000Z,242,Rice,American Athletic,fbs,,2711,Western Michigan,Mid-American,fbs,,[]
401864543,2026,regular,12,2026-11-21T21:00:00.000Z,2449,North Dakota State,Mountain West,fbs,,2459,Northern Illinois,Mountain West,fbs,,[]
401869846,2026,regular,9,2026-10-31T04:00:00.000Z,290,Georgia Southern,Sun Belt,fbs,,2026,App State,Sun Belt,fbs,,[]
401866441,2026,regular,7,2026-10-17T04:00:00.000Z,189,Bowling Green,Mid-American,fbs,,2050,Ball State,Mid-American,fbs,,[]
401856817,2026,regular,5,2026-10-03T04:00:00.000Z,9,Arizona State,Big 12,fbs,,239,Baylor,Big 12,fbs,,[]
401858449,2026,regular,3,2026-09-19T20:00:00.000Z,84,Indiana,Big Ten,fbs,,98,Western Kentucky,Conference USA,fbs,,[]
401858308,2026,regular,12,2026-11-21T05:00:00.000Z,25,California,ACC,fbs,,24,Stanford,ACC,fbs,,[]
401866456,2026,regular,10,2026-11-04T05:00:00.000Z,2199,Eastern Michigan,Mid-American,fbs,,2117,Central Michigan,Mid-American,fbs,,[]
401858301,2026,regular,11,2026-11-14T05:00:00.000Z,2567,SMU,ACC,fbs,,154,Wake Forest,ACC,fbs,,[]
401860919,2026,regular,12,2026-11-22T03:30:00.000Z,204,Oregon State,Pac-12,fbs,,328,Utah State,Pac-12,fbs,,[]
401856869,2026,regular,12,2026-11-20T23:00:00.000Z,2116,UCF,Big 12,fbs,,66,Iowa State,Big 12,fbs,,[]
401856840,2026,regular,8,2026-10-24T04:00:00.000Z,2132,Cincinnati,Big 12,fbs,,2641,Texas Tech,Big 12,fbs,,[]
401862707,2026,regular,2,2026-09-12T23:00:00.000Z,2534,Sam Houston,Conference USA,fbs,,202,Tulsa,American Athletic,fbs,,[]
401862794,2026,regular,6,2026-10-08T23:30:00.000Z,2636,UTSA,American Athletic,fbs,,58,South Florida,American Athletic,fbs,,[]
401858536,2026,regular,13,2026-11-27T17:00:00.000Z,2294,Iowa,Big Ten,fbs,,158,Nebraska,Big Ten,fbs,,[]
401858282,2026,regular,9,2026-10-31T04:00:00.000Z,153,North Carolina,ACC,fbs,,2390,Miami,ACC,fbs,,[]
401860925,2026,regular,12,2026-11-22T02:30:00.000Z,68,Boise State,Pac-12,fbs,,21,San Diego State,Pac-12,fbs,,[]
401856842,2026,regular,9,2026-10-31T04:00:00.000Z,2641,Texas Tech,Big 12,fbs,,12,Arizona,Big 12,fbs,,[]
401856858,2026,regular,11,2026-11-14T05:00:00.000Z,252,BYU,Big 12,fbs,,239,Baylor,Big 12,fbs,,[]
401856694,2026,regular,3,2026-09-19T19:30:00.000Z,245,Texas A&M,SEC,fbs,,96,Kentucky,SEC,fbs,,[]
401856710,2026,regular,5,2026-10-03T04:00:00.000Z,2633,Tennessee,SEC,fbs,,2,Auburn,SEC,fbs,,[]
401866443,2026,regular,7,2026-10-17T04:00:00.000Z,2117,Central Michigan,Mid-American,fbs,,2711,Western Michigan,Mid-American,fbs,,[]
401856844,2026,regular,9,2026-10-30T23:30:00.000Z,2116,UCF,Big 12,fbs,,239,Baylor,Big 12,fbs,,[]
401858513,2026,regular,10,2026-11-07T05:00:00.000Z,77,Northwestern,Big Ten,fbs,,2294,Iowa,Big Ten,fbs,,[]
401860918,2026,regular,12,2026-11-22T00:30:00.000Z,278,Fresno State,Pac-12,fbs,,36,Colorado State,Pac-12,fbs,,[]
401856841,2026,regular,8,2026-10-24T04:00:00.000Z,2628,TCU,Big 12,fbs,,277,West Virginia,Big 12,fbs,,[]
401858220,2026,regular,2,2026-09-11T23:00:00.000Z,258,Virginia,ACC,fbs,,2450,Norfolk State,MEAC,fcs,,[]
401866419,2026,regular,2,2026-09-12T19:30:00.000Z,2649,Toledo,Mid-American,fbs,,2115,Central Connecticut,NEC,fcs,,[]
401856813,2026,regular,4,2026-09-26T04:00:00.000Z,239,Baylor,Big 12,fbs,,38,Colorado,Big 12,fbs,,[]
401856721,2026,regular,7,2026-10-17T04:00:00.000Z,145,Ole Miss,SEC,fbs,,142,Missouri,SEC,fbs,,[]
401858510,2026,regular,10,2026-11-07T01:00:00.000Z,356,Illinois,Big Ten,fbs,,158,Nebraska,Big Ten,fbs,,[]
401866469,2026,regular,12,2026-11-18T05:00:00.000Z,2084,Buffalo,Mid-American,fbs,,2117,Central Michigan,Mid-American,fbs,,[]
401858287,2026,regular,10,2026-11-07T05:00:00.000Z,59,Georgia Tech,ACC,fbs,,97,Louisville,ACC,fbs,,[]
401856714,2026,regular,6,2026-10-10T04:00:00.000Z,57,Florida,SEC,fbs,,2579,South Carolina,SEC,fbs,,[]
401858456,2026,regular,3,2026-09-19T16:00:00.000Z,213,Penn State,Big Ten,fbs,,2084,Buffalo,Mid-American,fbs,,[]
401869927,2026,regular,10,2026-11-07T05:00:00.000Z,2026,App State,Sun Belt,fbs,,2247,Georgia State,Sun Belt,fbs,,[]
401856838,2026,regular,8,2026-10-24T04:00:00.000Z,12,Arizona,Big 12,fbs,,66,Iowa State,Big 12,fbs,,[]
401858458,2026,regular,3,2026-09-20T03:00:00.000Z,26,UCLA,Big Ten,fbs,,2509,Purdue,Big Ten,fbs,,[]
401856801,2026,regular,3,2026-09-19T19:30:00.000Z,254,Utah,Big 12,fbs,,328,Utah State,Pac-12,fbs,,[]
401866450,2026,regular,8,2026-10-24T04:00:00.000Z,2649,Toledo,Mid-American,fbs,,2711,Western Michigan,Mid-American,fbs,,[]
401860924,2026,regular,9,2026-10-31T04:00:00.000Z,278,Fresno State,Pac-12,fbs,,204,Oregon State,Pac-12,fbs,,[]
401862790,2026,regular,5,2026-10-03T22:00:00.000Z,2226,Florida Atlantic,American Athletic,fbs,,2640,Texas Southern,SWAC,fcs,,[]
401856686,2026,regular,3,2026-09-19T16:00:00.000Z,8,Arkansas,SEC,fbs,,61,Georgia,SEC,fbs,,[]
401871062,2026,regular,13,2026-11-28T20:30:00.000Z,48,Delaware,Conference USA,fbs,,55,Jacksonville State,Conference USA,fbs,,[]
401869950,2026,regular,7,2026-10-15T23:30:00.000Z,295,Old Dominion,Sun Belt,fbs,,290,Georgia Southern,Sun Belt,fbs,,[]
401862817,2026,regular,10,2026-11-06T01:00:00.000Z,2226,Florida Atlantic,American Athletic,fbs,,2636,UTSA,American Athletic,fbs,,[]
401858465,2026,regular,4,2026-09-26T04:00:00.000Z,194,Ohio State,Big Ten,fbs,,356,Illinois,Big Ten,fbs,,[]
401858542,2026,regular,13,2026-11-28T05:00:00.000Z,164,Rutgers,Big Ten,fbs,,127,Michigan State,Big Ten,fbs,,[]
401856785,2026,regular,2,2026-09-12T19:30:00.000Z,38,Colorado,Big 12,fbs,,2692,Weber State,Big Sky,fcs,,[]
401861969,2026,regular,13,2026-11-28T05:00:00.000Z,2751,Wyoming,Mountain West,fbs,,41,UConn,FBS Independents,fbs,,[]
401862788,2026,regular,5,2026-10-03T04:00:00.000Z,242,Rice,American Athletic,fbs,,2636,UTSA,American Athletic,fbs,,[]
401856705,2026,regular,5,2026-10-03T04:00:00.000Z,61,Georgia,SEC,fbs,,238,Vanderbilt,SEC,fbs,,[]
401856784,2026,regular,2,2026-09-13T00:00:00.000Z,239,Baylor,Big 12,fbs,,2504,Prairie View A&M,SWAC,fcs,,[]
401862804,2026,regular,7,2026-10-17T04:00:00.000Z,2636,UTSA,American Athletic,fbs,,2426,Navy,American Athletic,fbs,,[]
401864514,2026,regular,5,2026-10-03T04:00:00.000Z,167,New Mexico,Mountain West,fbs,,2638,UTEP,Mountain West,fbs,,[]
401858487,2026,regular,6,2026-10-10T01:00:00.000Z,264,Washington,Big Ten,fbs,,2294,Iowa,Big Ten,fbs,,[]
401856751,2026,regular,12,2026-11-21T05:00:00.000Z,142,Missouri,SEC,fbs,,96,Kentucky,SEC,fbs,,[]
401856835,2026,regular,8,2026-10-24T04:00:00.000Z,2116,UCF,Big 12,fbs,,252,BYU,Big 12,fbs,,[]
401864524,2026,regular,7,2026-10-17T19:30:00.000Z,2005,Air Force,Mountain West,fbs,,2439,UNLV,Mountain West,fbs,,[]
401856800,2026,regular,3,2026-09-19T23:00:00.000Z,2116,UCF,Big 12,fbs,,2247,Georgia State,Sun Belt,fbs,,[]
401856673,2026,regular,2,2026-09-12T16:45:00.000Z,61,Georgia,SEC,fbs,,98,Western Kentucky,Conference USA,fbs,,[]
401867929,2026,regular,2,2026-09-12T19:30:00.000Z,256,James Madison,Sun Belt,fbs,,2681,Wagner,NEC,fcs,,[]
401858529,2026,regular,12,2026-11-21T01:00:00.000Z,127,Michigan State,Big Ten,fbs,,2483,Oregon,Big Ten,fbs,,[]
401858483,2026,regular,6,2026-10-10T04:00:00.000Z,194,Ohio State,Big Ten,fbs,,120,Maryland,Big Ten,fbs,,[]
401856854,2026,regular,10,2026-11-07T05:00:00.000Z,2306,Kansas State,Big 12,fbs,,197,Oklahoma State,Big 12,fbs,,[]
401856747,2026,regular,12,2026-11-21T20:30:00.000Z,2,Auburn,SEC,fbs,,2535,Samford,Southern,fcs,,[]
401856822,2026,regular,5,2026-10-03T04:00:00.000Z,66,Iowa State,Big 12,fbs,,277,West Virginia,Big 12,fbs,,[]
401864505,2026,regular,2,2026-09-13T01:00:00.000Z,2638,UTEP,Mountain West,fbs,,2640,Texas Southern,SWAC,fcs,,[]
401858516,2026,regular,10,2026-11-07T05:00:00.000Z,264,Washington,Big Ten,fbs,,213,Penn State,Big Ten,fbs,,[]
401856829,2026,regular,7,2026-10-17T04:00:00.000Z,277,West Virginia,Big 12,fbs,,2132,Cincinnati,Big 12,fbs,,[]
401858497,2026,regular,8,2026-10-24T04:00:00.000Z,135,Minnesota,Big Ten,fbs,,2294,Iowa,Big Ten,fbs,,[]
401858466,2026,regular,4,2026-09-26T04:00:00.000Z,213,Penn State,Big Ten,fbs,,275,Wisconsin,Big Ten,fbs,,[]
401866440,2026,regular,6,2026-10-10T04:00:00.000Z,113,Massachusetts,Mid-American,fbs,,193,Miami (OH),Mid-American,fbs,,[]
401858499,2026,regular,8,2026-10-24T04:00:00.000Z,26,UCLA,Big Ten,fbs,,127,Michigan State,Big Ten,fbs,,[]
401871100,2026,regular,11,2026-11-14T05:00:00.000Z,6,South Alabama,Sun Belt,fbs,,2653,Troy,Sun Belt,fbs,,[]
401866459,2026,regular,11,2026-11-11T00:00:00.000Z,189,Bowling Green,Mid-American,fbs,,2309,Kent State,Mid-American,fbs,,[]
401856789,2026,regular,2,2026-09-13T00:00:00.000Z,2628,TCU,Big 12,fbs,,2755,Grambling,SWAC,fcs,,[]
401858295,2026,regular,11,2026-11-14T05:00:00.000Z,258,Virginia,ACC,fbs,,25,California,ACC,fbs,,[]
401856804,2026,regular,4,2026-09-26T23:30:00.000Z,265,Washington State,Pac-12,fbs,,12,Arizona,Big 12,fbs,,[]
401858241,2026,regular,4,2026-09-26T04:00:00.000Z,2567,SMU,ACC,fbs,,2623,Missouri State,Conference USA,fbs,,[]
401861970,2026,regular,4,2026-09-26T04:00:00.000Z,193,Miami (OH),Mid-American,fbs,,41,UConn,FBS Independents,fbs,,[]
401869963,2026,regular,9,2026-10-29T23:30:00.000Z,256,James Madison,Sun Belt,fbs,,2653,Troy,Sun Belt,fbs,,[]
401866449,2026,regular,8,2026-10-24T04:00:00.000Z,195,Ohio,Mid-American,fbs,,2199,Eastern Michigan,Mid-American,fbs,,[]
401856783,2026,regular,2,2026-09-12T23:30:00.000Z,204,Oregon State,Pac-12,fbs,,2641,Texas Tech,Big 12,fbs,,[]
401871070,2026,regular,8,2026-10-22T00:00:00.000Z,2534,Sam Houston,Conference USA,fbs,,166,New Mexico State,Conference USA,fbs,,[]
401862835,2026,regular,12,2026-11-21T05:00:00.000Z,2655,Tulane,American Athletic,fbs,,249,North Texas,American Athletic,fbs,,[]
401858273,2026,regular,8,2026-10-24T04:00:00.000Z,59,Georgia Tech,ACC,fbs,,103,Boston College,ACC,fbs,,[]
401856812,2026,regular,3,2026-09-19T16:00:00.000Z,2305,Kansas,Big 12,fbs,,9,Arizona State,Big 12,fbs,,[]
401864512,2026,regular,4,2026-09-26T04:00:00.000Z,2006,Akron,Mid-American,fbs,,2439,UNLV,Mountain West,fbs,,[]
401856787,2026,regular,2,2026-09-12T23:00:00.000Z,248,Houston,Big 12,fbs,,2582,Southern,SWAC,fcs,,[]
401864510,2026,regular,4,2026-09-26T19:00:00.000Z,2751,Wyoming,Mountain West,fbs,,62,Hawai'i,Mountain West,fbs,,[]
401856832,2026,regular,7,2026-10-17T04:00:00.000Z,239,Baylor,Big 12,fbs,,2628,TCU,Big 12,fbs,,[]
401860906,2026,regular,8,2026-10-24T23:30:00.000Z,326,Texas State,Pac-12,fbs,,328,Utah State,Pac-12,fbs,,[]
401858459,2026,regular,3,2026-09-19T23:15:00.000Z,264,Washington,Big Ten,fbs,,331,Eastern Washington,Big Sky,fcs,,[]
401860921,2026,regular,5,2026-10-04T01:30:00.000Z,265,Washington State,Pac-12,fbs,,278,Fresno State,Pac-12,fbs,,[]
401860899,2026,regular,5,2026-10-03T22:00:00.000Z,36,Colorado State,Pac-12,fbs,,204,Oregon State,Pac-12,fbs,,[]
401869961,2026,regular,4,2026-09-26T04:00:00.000Z,295,Old Dominion,Sun Belt,fbs,,256,James Madison,Sun Belt,fbs,,[]
401864575,2026,regular,2,2026-09-12T23:00:00.000Z,2655,Tulane,American Athletic,fbs,,6,South Alabama,Sun Belt,fbs,,[]
401858253,2026,regular,5,2026-10-03T04:00:00.000Z,52,Florida State,ACC,fbs,,258,Virginia,ACC,fbs,,[]
401871082,2026,regular,13,2026-11-28T19:00:00.000Z,2229,Florida International,Conference USA,fbs,,2534,Sam Houston,Conference USA,fbs,,[]
401866448,2026,regular,8,2026-10-24T04:00:00.000Z,2084,Buffalo,Mid-American,fbs,,189,Bowling Green,Mid-American,fbs,,[]
401862823,2026,regular,10,2026-11-08T00:30:00.000Z,349,Army,American Athletic,fbs,,2005,Air Force,Mountain West,fbs,,[]
401856860,2026,regular,11,2026-11-14T03:15:00.000Z,38,Colorado,Big 12,fbs,,248,Houston,Big 12,fbs,,[]
401856884,2026,regular,11,2026-11-14T05:00:00.000Z,96,Kentucky,SEC,fbs,,57,Florida,SEC,fbs,,[]
401871059,2026,regular,9,2026-10-31T19:30:00.000Z,2335,Liberty,Conference USA,fbs,,2229,Florida International,Conference USA,fbs,,[]
401856758,2026,regular,13,2026-11-28T05:00:00.000Z,8,Arkansas,SEC,fbs,,99,LSU,SEC,fbs,,[]
401858528,2026,regular,12,2026-11-21T05:00:00.000Z,130,Michigan,Big Ten,fbs,,26,UCLA,Big Ten,fbs,,[]
401858281,2026,regular,9,2026-10-31T04:00:00.000Z,221,Pittsburgh,ACC,fbs,,59,Georgia Tech,ACC,fbs,,[]
401856876,2026,regular,13,2026-11-28T05:00:00.000Z,252,BYU,Big 12,fbs,,2132,Cincinnati,Big 12,fbs,,[]
401858502,2026,regular,9,2026-10-31T04:00:00.000Z,2294,Iowa,Big Ten,fbs,,275,Wisconsin,Big Ten,fbs,,[]
401858242,2026,regular,4,2026-09-26T04:00:00.000Z,103,Boston College,ACC,fbs,,259,Virginia Tech,ACC,fbs,,[]
401856722,2026,regular,7,2026-10-17T04:00:00.000Z,201,Oklahoma,SEC,fbs,,96,Kentucky,SEC,fbs,,[]
401856795,2026,regular,3,2026-09-19T23:30:00.000Z,36,Colorado State,Pac-12,fbs,,252,BYU,Big 12,fbs,,[]
401856692,2026,regular,3,2026-09-19T23:45:00.000Z,2633,Tennessee,SEC,fbs,,338,Kennesaw State,Conference USA,fbs,,[]
401856856,2026,regular,10,2026-11-07T05:00:00.000Z,2641,Texas Tech,Big 12,fbs,,277,West Virginia,Big 12,fbs,,[]
401860886,2026,regular,3,2026-09-20T03:00:00.000Z,204,Oregon State,Pac-12,fbs,,149,Montana,Big Sky,fcs,,[]
401860892,2026,regular,4,2026-09-26T22:00:00.000Z,326,Texas State,Pac-12,fbs,,2916,Incarnate Word,Southland,fcs,,[]
401858312,2026,regular,13,2026-11-28T05:00:00.000Z,154,Wake Forest,ACC,fbs,,150,Duke,ACC,fbs,,[]
401858521,2026,regular,11,2026-11-14T05:00:00.000Z,127,Michigan State,Big Ten,fbs,,264,Washington,Big Ten,fbs,,[]
401856861,2026,regular,11,2026-11-14T05:00:00.000Z,277,West Virginia,Big 12,fbs,,2305,Kansas,Big 12,fbs,,[]
401871093,2026,regular,8,2026-10-24T04:00:00.000Z,2348,Louisiana Tech,Sun Belt,fbs,,295,Old Dominion,Sun Belt,fbs,,[]
401862828,2026,regular,11,2026-11-14T05:00:00.000Z,242,Rice,American Athletic,fbs,,2655,Tulane,American Athletic,fbs,,[]
401864572,2026,regular,4,2026-09-26T04:00:00.000Z,152,NC State,ACC,fbs,,2026,App State,Sun Belt,fbs,,[]
401858468,2026,regular,4,2026-09-25T23:00:00.000Z,164,Rutgers,Big Ten,fbs,,47,Howard,MEAC,fcs,,[]
401858303,2026,regular,12,2026-11-21T00:30:00.000Z,150,Duke,ACC,fbs,,228,Clemson,ACC,fbs,,[]
401866461,2026,regular,11,2026-11-11T05:00:00.000Z,2050,Ball State,Mid-American,fbs,,2084,Buffalo,Mid-American,fbs,,[]
401856720,2026,regular,7,2026-10-17T04:00:00.000Z,99,LSU,SEC,fbs,,344,Mississippi State,SEC,fbs,,[]
401860909,2026,regular,9,2026-10-31T23:00:00.000Z,21,San Diego State,Pac-12,fbs,,265,Washington State,Pac-12,fbs,,[]
401866475,2026,regular,13,2026-11-28T17:00:00.000Z,189,Bowling Green,Mid-American,fbs,,113,Massachusetts,Mid-American,fbs,,[]
401856755,2026,regular,12,2026-11-21T05:00:00.000Z,251,Texas,SEC,fbs,,8,Arkansas,SEC,fbs,,[]
401856823,2026,regular,6,2026-10-10T04:00:00.000Z,277,West Virginia,Big 12,fbs,,12,Arizona,Big 12,fbs,,[]
401858455,2026,regular,3,2026-09-19T02:30:00.000Z,2483,Oregon,Big Ten,fbs,,2502,Portland State,Big Sky,fcs,,[]
401862782,2026,regular,4,2026-09-26T04:00:00.000Z,2433,UL Monroe,Sun Belt,fbs,,2226,Florida Atlantic,American Athletic,fbs,,[]
401856799,2026,regular,3,2026-09-20T00:00:00.000Z,2628,TCU,Big 12,fbs,,2032,Arkansas State,Sun Belt,fbs,,[]
401866434,2026,regular,5,2026-10-03T04:00:00.000Z,2309,Kent State,Mid-American,fbs,,195,Ohio,Mid-American,fbs,,[]
401871079,2026,regular,12,2026-11-21T19:00:00.000Z,55,Jacksonville State,Conference USA,fbs,,2623,Missouri State,Conference USA,fbs,,[]
401858446,2026,regular,2,2026-09-12T19:30:00.000Z,264,Washington,Big Ten,fbs,,328,Utah State,Pac-12,fbs,,[]
401856808,2026,regular,6,2026-10-10T04:00:00.000Z,9,Arizona State,Big 12,fbs,,62,Hawai'i,Mountain West,fbs,,[]
401858517,2026,regular,10,2026-11-07T05:00:00.000Z,275,Wisconsin,Big Ten,fbs,,164,Rutgers,Big Ten,fbs,,[]
401866414,2026,regular,2,2026-09-12T22:00:00.000Z,2229,Florida International,Conference USA,fbs,,2084,Buffalo,Mid-American,fbs,,[]
401869964,2026,regular,10,2026-11-06T01:00:00.000Z,2572,Southern Miss,Sun Belt,fbs,,256,James Madison,Sun Belt,fbs,,[]
401856708,2026,regular,5,2026-10-03T04:00:00.000Z,142,Missouri,SEC,fbs,,57,Florida,SEC,fbs,,[]
401866429,2026,regular,4,2026-09-26T04:00:00.000Z,16,Sacramento State,Mid-American,fbs,,113,Massachusetts,Mid-American,fbs,,[]
401856862,2026,regular,11,2026-11-14T05:00:00.000Z,2628,TCU,Big 12,fbs,,2306,Kansas State,Big 12,fbs,,[]
401869966,2026,regular,7,2026-10-17T04:00:00.000Z,309,Louisiana,Sun Belt,fbs,,2653,Troy,Sun Belt,fbs,,[]
401864521,2026,regular,7,2026-10-17T04:00:00.000Z,62,Hawai'i,Mountain West,fbs,,167,New Mexico,Mountain West,fbs,,[]
401858512,2026,regular,10,2026-11-07T05:00:00.000Z,135,Minnesota,Big Ten,fbs,,26,UCLA,Big Ten,fbs,,[]
401856745,2026,regular,10,2026-11-07T05:00:00.000Z,2633,Tennessee,SEC,fbs,,96,Kentucky,SEC,fbs,,[]
401856868,2026,regular,12,2026-11-21T05:00:00.000Z,277,West Virginia,Big 12,fbs,,248,Houston,Big 12,fbs,,[]
401862778,2026,regular,4,2026-09-25T23:00:00.000Z,5,UAB,American Athletic,fbs,,2426,Navy,American Athletic,fbs,,[]
401860910,2026,regular,9,2026-10-31T19:30:00.000Z,328,Utah State,Pac-12,fbs,,36,Colorado State,Pac-12,fbs,,[]
401856761,2026,regular,13,2026-11-28T05:00:00.000Z,96,Kentucky,SEC,fbs,,97,Louisville,ACC,fbs,,[]
401862781,2026,regular,4,2026-09-26T20:00:00.000Z,151,East Carolina,American Athletic,fbs,,2428,North Carolina Central,MEAC,fcs,,[]
401866437,2026,regular,6,2026-10-10T04:00:00.000Z,2649,Toledo,Mid-American,fbs,,2084,Buffalo,Mid-American,fbs,,[]
401856827,2026,regular,6,2026-10-10T04:00:00.000Z,254,Utah,Big 12,fbs,,2305,Kansas,Big 12,fbs,,[]
401856707,2026,regular,5,2026-10-03T04:00:00.000Z,344,Mississippi State,SEC,fbs,,333,Alabama,SEC,fbs,,[]
401869951,2026,regular,10,2026-11-07T05:00:00.000Z,290,Georgia Southern,Sun Belt,fbs,,276,Marshall,Sun Belt,fbs,,[]
401856875,2026,regular,13,2026-11-28T05:00:00.000Z,38,Colorado,Big 12,fbs,,2116,UCF,Big 12,fbs,,[]
401856742,2026,regular,10,2026-11-07T05:00:00.000Z,344,Mississippi State,SEC,fbs,,238,Vanderbilt,SEC,fbs,,[]
401869953,2026,regular,12,2026-11-21T05:00:00.000Z,2653,Troy,Sun Belt,fbs,,290,Georgia Southern,Sun Belt,fbs,,[]
401862831,2026,regular,12,2026-11-21T17:00:00.000Z,349,Army,American Athletic,fbs,,151,East Carolina,American Athletic,fbs,,[]
401861965,2026,regular,8,2026-10-23T23:00:00.000Z,41,UConn,FBS Independents,fbs,,113,Massachusetts,Mid-American,fbs,,[]
401864548,2026,regular,13,2026-11-29T02:00:00.000Z,2439,UNLV,Mountain West,fbs,,2440,Nevada,Mountain West,fbs,,[]
401866420,2026,regular,2,2026-09-12T19:30:00.000Z,113,Massachusetts,Mid-American,fbs,,2529,Sacred Heart,Coastal Athletic,fcs,,[]
401858471,2026,regular,3,2026-09-19T20:00:00.000Z,2294,Iowa,Big Ten,fbs,,2460,Northern Iowa,MVFC,fcs,,[]
401856839,2026,regular,8,2026-10-24T04:00:00.000Z,9,Arizona State,Big 12,fbs,,2306,Kansas State,Big 12,fbs,,[]
401871050,2026,regular,5,2026-10-02T23:00:00.000Z,48,Delaware,Conference USA,fbs,,2335,Liberty,Conference USA,fbs,,[]
401858223,2026,regular,2,2026-09-12T20:00:00.000Z,2567,SMU,ACC,fbs,,302,UC Davis,Big Sky,fcs,,[]
401858251,2026,regular,5,2026-10-03T04:00:00.000Z,154,Wake Forest,ACC,fbs,,24,Stanford,ACC,fbs,,[]
401864516,2026,regular,6,2026-10-10T23:30:00.000Z,2459,Northern Illinois,Mountain West,fbs,,2005,Air Force,Mountain West,fbs,,[]
401856814,2026,regular,4,2026-09-26T04:00:00.000Z,2132,Cincinnati,Big 12,fbs,,2306,Kansas State,Big 12,fbs,,[]
401856763,2026,regular,13,2026-11-28T05:00:00.000Z,142,Missouri,SEC,fbs,,201,Oklahoma,SEC,fbs,,[]
401864520,2026,regular,7,2026-10-17T23:00:00.000Z,2449,North Dakota State,Mountain West,fbs,,2440,Nevada,Mountain West,fbs,,[]
401858480,2026,regular,6,2026-10-10T04:00:00.000Z,127,Michigan State,Big Ten,fbs,,356,Illinois,Big Ten,fbs,,[]
401856698,2026,regular,4,2026-09-26T04:00:00.000Z,2,Auburn,SEC,fbs,,238,Vanderbilt,SEC,fbs,,[]
401860888,2026,regular,3,2026-09-20T03:00:00.000Z,23,San José State,Mountain West,fbs,,278,Fresno State,Pac-12,fbs,,[]
401860908,2026,regular,9,2026-11-01T02:00:00.000Z,68,Boise State,Pac-12,fbs,,326,Texas State,Pac-12,fbs,,[]
401856807,2026,regular,5,2026-10-03T04:00:00.000Z,2305,Kansas,Big 12,fbs,,2393,Middle Tennessee,Conference USA,fbs,,[]
401869956,2026,regular,5,2026-10-03T04:00:00.000Z,2247,Georgia State,Sun Belt,fbs,,295,Old Dominion,Sun Belt,fbs,,[]
401868188,2026,regular,4,2026-09-26T19:30:00.000Z,276,Marshall,Sun Belt,fbs,,2241,Gardner-Webb,OVC,fcs,,[]
401862708,2026,regular,2,2026-09-12T19:30:00.000Z,5,UAB,American Athletic,fbs,,2433,UL Monroe,Sun Belt,fbs,,[]
401856859,2026,regular,11,2026-11-14T05:00:00.000Z,66,Iowa State,Big 12,fbs,,2132,Cincinnati,Big 12,fbs,,[]
401862798,2026,regular,6,2026-10-10T04:00:00.000Z,235,Memphis,American Athletic,fbs,,5,UAB,American Athletic,fbs,,[]
401858524,2026,regular,11,2026-11-14T05:00:00.000Z,213,Penn State,Big Ten,fbs,,135,Minnesota,Big Ten,fbs,,[]
401856821,2026,regular,5,2026-10-03T04:00:00.000Z,38,Colorado,Big 12,fbs,,2641,Texas Tech,Big 12,fbs,,[]
401864518,2026,regular,6,2026-10-10T23:00:00.000Z,2439,UNLV,Mountain West,fbs,,2449,North Dakota State,Mountain West,fbs,,[]
401856857,2026,regular,11,2026-11-14T05:00:00.000Z,2116,UCF,Big 12,fbs,,9,Arizona State,Big 12,fbs,,[]
401858306,2026,regular,12,2026-11-21T05:00:00.000Z,97,Louisville,ACC,fbs,,221,Pittsburgh,ACC,fbs,,[]
401856855,2026,regular,10,2026-11-07T03:15:00.000Z,12,Arizona,Big 12,fbs,,2628,TCU,Big 12,fbs,,[]
401871096,2026,regular,9,2026-10-31T04:00:00.000Z,295,Old Dominion,Sun Belt,fbs,,276,Marshall,Sun Belt,fbs,,[]
401866465,2026,regular,12,2026-11-18T00:00:00.000Z,2711,Western Michigan,Mid-American,fbs,,2199,Eastern Michigan,Mid-American,fbs,,[]
401864443,2026,regular,3,2026-09-19T23:00:00.000Z,2393,Middle Tennessee,Conference USA,fbs,,2440,Nevada,Mountain West,fbs,,[]
401856866,2026,regular,12,2026-11-21T05:00:00.000Z,2305,Kansas,Big 12,fbs,,252,BYU,Big 12,fbs,,[]
401866473,2026,regular,13,2026-11-27T17:00:00.000Z,195,Ohio,Mid-American,fbs,,2649,Toledo,Mid-American,fbs,,[]
401858508,2026,regular,9,2026-10-31T04:00:00.000Z,26,UCLA,Big Ten,fbs,,2440,Nevada,Mountain West,fbs,,[]
401870796,2026,regular,11,2026-11-14T20:00:00.000Z,2623,Missouri State,Conference USA,fbs,,166,New Mexico State,Conference USA,fbs,,[]
401869948,2026,regular,3,2026-09-19T23:00:00.000Z,55,Jacksonville State,Conference USA,fbs,,290,Georgia Southern,Sun Belt,fbs,,[]
401871060,2026,regular,11,2026-11-14T20:00:00.000Z,48,Delaware,Conference USA,fbs,,2229,Florida International,Conference USA,fbs,,[]
401858309,2026,regular,12,2026-11-21T05:00:00.000Z,103,Boston College,ACC,fbs,,183,Syracuse,ACC,fbs,,[]
401858467,2026,regular,4,2026-09-26T04:00:00.000Z,2509,Purdue,Big Ten,fbs,,87,Notre Dame,FBS Independents,fbs,,[]
401868241,2026,regular,2,2026-09-12T23:00:00.000Z,2032,Arkansas State,Sun Belt,fbs,,2698,West Georgia,UAC,fcs,,[]
401871066,2026,regular,6,2026-10-07T23:30:00.000Z,2229,Florida International,Conference USA,fbs,,166,New Mexico State,Conference USA,fbs,,[]
401858535,2026,regular,12,2026-11-21T05:00:00.000Z,264,Washington,Big Ten,fbs,,84,Indiana,Big Ten,fbs,,[]
401858463,2026,regular,4,2026-09-26T04:00:00.000Z,130,Michigan,Big Ten,fbs,,2294,Iowa,Big Ten,fbs,,[]
401858506,2026,regular,9,2026-10-31T04:00:00.000Z,213,Penn State,Big Ten,fbs,,2509,Purdue,Big Ten,fbs,,[]
401856726,2026,regular,7,2026-10-17T04:00:00.000Z,238,Vanderbilt,SEC,fbs,,8,Arkansas,SEC,fbs,,[]
401858279,2026,regular,9,2026-10-31T04:00:00.000Z,150,Duke,ACC,fbs,,103,Boston College,ACC,fbs,,[]
401856831,2026,regular,7,2026-10-17T04:00:00.000Z,248,Houston,Big 12,fbs,,197,Oklahoma State,Big 12,fbs,,[]
401862840,2026,regular,13,2026-11-28T05:00:00.000Z,2636,UTSA,American Athletic,fbs,,202,Tulsa,American Athletic,fbs,,[]
401862818,2026,regular,10,2026-11-07T00:30:00.000Z,151,East Carolina,American Athletic,fbs,,58,South Florida,American Athletic,fbs,,[]
401866413,2026,regular,2,2026-09-12T18:00:00.000Z,2050,Ball State,Mid-American,fbs,,2619,Stony Brook,Coastal Athletic,fcs,,[]
401866447,2026,regular,8,2026-10-24T04:00:00.000Z,2050,Ball State,Mid-American,fbs,,16,Sacramento State,Mid-American,fbs,,[]
401864537,2026,regular,11,2026-11-15T04:59:00.000Z,62,Hawai'i,Mountain West,fbs,,2449,North Dakota State,Mountain West,fbs,,[]
401856725,2026,regular,7,2026-10-17T17:00:00.000Z,245,Texas A&M,SEC,fbs,,2643,The Citadel,Southern,fcs,,[]
401869930,2026,regular,13,2026-11-27T20:00:00.000Z,6,South Alabama,Sun Belt,fbs,,2026,App State,Sun Belt,fbs,,[]
401856749,2026,regular,12,2026-11-21T17:00:00.000Z,145,Ole Miss,SEC,fbs,,2747,Wofford,Southern,fcs,,[]
401871099,2026,regular,11,2026-11-14T05:00:00.000Z,2348,Louisiana Tech,Sun Belt,fbs,,2572,Southern Miss,Sun Belt,fbs,,[]
401860887,2026,regular,3,2026-09-20T02:00:00.000Z,21,San Diego State,Pac-12,fbs,,256,James Madison,Sun Belt,fbs,,[]
401862787,2026,regular,5,2026-10-03T04:00:00.000Z,2429,Charlotte,American Athletic,fbs,,235,Memphis,American Athletic,fbs,,[]
401871097,2026,regular,9,2026-10-31T04:00:00.000Z,6,South Alabama,Sun Belt,fbs,,2348,Louisiana Tech,Sun Belt,fbs,,[]
401858476,2026,regular,5,2026-10-03T00:00:00.000Z,77,Northwestern,Big Ten,fbs,,213,Penn State,Big Ten,fbs,,[]
401856803,2026,regular,3,2026-09-19T23:00:00.000Z,197,Oklahoma State,Big 12,fbs,,93,Murray State,MVFC,fcs,,[]
401862809,2026,regular,8,2026-10-24T04:00:00.000Z,2226,Florida Atlantic,American Athletic,fbs,,242,Rice,American Athletic,fbs,,[]
401864507,2026,regular,3,2026-09-20T02:30:00.000Z,16,Sacramento State,Mid-American,fbs,,2449,North Dakota State,Mountain West,fbs,,[]
401858531,2026,regular,12,2026-11-21T05:00:00.000Z,158,Nebraska,Big Ten,fbs,,194,Ohio State,Big Ten,fbs,,[]
401856846,2026,regular,9,2026-10-31T04:00:00.000Z,38,Colorado,Big 12,fbs,,2306,Kansas State,Big 12,fbs,,[]
401856706,2026,regular,5,2026-10-03T23:45:00.000Z,99,LSU,SEC,fbs,,2377,McNeese,Southland,fcs,,[]
401856743,2026,regular,10,2026-11-07T05:00:00.000Z,142,Missouri,SEC,fbs,,251,Texas,SEC,fbs,,[]
401862811,2026,regular,8,2026-10-24T04:00:00.000Z,2655,Tulane,American Athletic,fbs,,2636,UTSA,American Athletic,fbs,,[]
401868326,2026,regular,2,2026-09-12T20:00:00.000Z,2653,Troy,Sun Belt,fbs,,2011,Alabama State,SWAC,fcs,,[]
401871048,2026,regular,4,2026-09-26T23:00:00.000Z,55,Jacksonville State,Conference USA,fbs,,2393,Middle Tennessee,Conference USA,fbs,,[]
401858532,2026,regular,12,2026-11-21T05:00:00.000Z,213,Penn State,Big Ten,fbs,,164,Rutgers,Big Ten,fbs,,[]
401858294,2026,regular,11,2026-11-14T20:30:00.000Z,87,Notre Dame,FBS Independents,fbs,,103,Boston College,ACC,fbs,,[]
401871081,2026,regular,12,2026-11-21T19:00:00.000Z,2534,Sam Houston,Conference USA,fbs,,2393,Middle Tennessee,Conference USA,fbs,,[]
401866468,2026,regular,12,2026-11-21T00:30:00.000Z,2649,Toledo,Mid-American,fbs,,189,Bowling Green,Mid-American,fbs,,[]
401856865,2026,regular,12,2026-11-21T05:00:00.000Z,2306,Kansas State,Big 12,fbs,,12,Arizona,Big 12,fbs,,[]
401871045,2026,regular,2,2026-09-12T23:00:00.000Z,276,Marshall,Sun Belt,fbs,,2393,Middle Tennessee,Conference USA,fbs,,[]
401862838,2026,regular,13,2026-11-27T05:00:00.000Z,235,Memphis,American Athletic,fbs,,218,Temple,American Athletic,fbs,,[]
401862826,2026,regular,11,2026-11-14T05:00:00.000Z,202,Tulsa,American Athletic,fbs,,2226,Florida Atlantic,American Athletic,fbs,,[]
401858481,2026,regular,6,2026-10-10T04:00:00.000Z,158,Nebraska,Big Ten,fbs,,84,Indiana,Big Ten,fbs,,[]
401871056,2026,regular,8,2026-10-22T23:00:00.000Z,338,Kennesaw State,Conference USA,fbs,,2335,Liberty,Conference USA,fbs,,[]
401866424,2026,regular,3,2026-09-19T19:30:00.000Z,113,Massachusetts,Mid-American,fbs,,284,Stonehill,NEC,fcs,,[]
401856684,2026,regular,2,2026-09-12T20:15:00.000Z,238,Vanderbilt,SEC,fbs,,48,Delaware,Conference USA,fbs,,[]
401856729,2026,regular,8,2026-10-24T04:00:00.000Z,96,Kentucky,SEC,fbs,,238,Vanderbilt,SEC,fbs,,[]
401858238,2026,regular,4,2026-09-26T22:30:00.000Z,2390,Miami,ACC,fbs,,2117,Central Michigan,Mid-American,fbs,,[]
401871053,2026,regular,7,2026-10-14T00:00:00.000Z,55,Jacksonville State,Conference USA,fbs,,2229,Florida International,Conference USA,fbs,,[]
401856744,2026,regular,10,2026-11-07T05:00:00.000Z,2579,South Carolina,SEC,fbs,,245,Texas A&M,SEC,fbs,,[]
401858450,2026,regular,3,2026-09-19T19:30:00.000Z,130,Michigan,Big Ten,fbs,,2638,UTEP,Mountain West,fbs,,[]
401859185,2026,regular,9,2026-10-31T16:00:00.000Z,2426,Navy,American Athletic,fbs,,87,Notre Dame,FBS Independents,fbs,,[]
401858472,2026,regular,5,2026-10-03T04:00:00.000Z,356,Illinois,Big Ten,fbs,,2509,Purdue,Big Ten,fbs,,[]
401866462,2026,regular,11,2026-11-11T05:00:00.000Z,2117,Central Michigan,Mid-American,fbs,,16,Sacramento State,Mid-American,fbs,,[]
401862815,2026,regular,9,2026-10-31T04:00:00.000Z,151,East Carolina,American Athletic,fbs,,218,Temple,American Athletic,fbs,,[]
401869941,2026,regular,4,2026-09-24T23:30:00.000Z,324,Coastal Carolina,Sun Belt,fbs,,2335,Liberty,Conference USA,fbs,,[]
401866415,2026,regular,2,2026-09-12T17:00:00.000Z,2117,Central Michigan,Mid-American,fbs,,2142,Colgate,Patriot,fcs,,[]
401862833,2026,regular,12,2026-11-21T05:00:00.000Z,2226,Florida Atlantic,American Athletic,fbs,,58,South Florida,American Athletic,fbs,,[]
401866477,2026,regular,5,2026-10-03T04:00:00.000Z,193,Miami (OH),Mid-American,fbs,,189,Bowling Green,Mid-American,fbs,,[]
401860915,2026,regular,11,2026-11-15T02:30:00.000Z,21,San Diego State,Pac-12,fbs,,328,Utah State,Pac-12,fbs,,[]
401858216,2026,regular,2,2026-09-12T19:30:00.000Z,183,Syracuse,ACC,fbs,,25,California,ACC,fbs,,[]
401864509,2026,regular,4,2026-09-26T04:00:00.000Z,2440,Nevada,Mountain West,fbs,,2005,Air Force,Mountain West,fbs,,[]
401858260,2026,regular,6,2026-10-10T04:00:00.000Z,152,NC State,ACC,fbs,,154,Wake Forest,ACC,fbs,,[]
401866476,2026,regular,8,2026-10-24T04:00:00.000Z,2117,Central Michigan,Mid-American,fbs,,193,Miami (OH),Mid-American,fbs,,[]
401869943,2026,regular,6,2026-10-10T04:00:00.000Z,276,Marshall,Sun Belt,fbs,,324,Coastal Carolina,Sun Belt,fbs,,[]
401858501,2026,regular,9,2026-10-31T04:00:00.000Z,84,Indiana,Big Ten,fbs,,135,Minnesota,Big Ten,fbs,,[]
401858538,2026,regular,13,2026-11-28T05:00:00.000Z,84,Indiana,Big Ten,fbs,,2509,Purdue,Big Ten,fbs,,[]
401858464,2026,regular,4,2026-09-26T04:00:00.000Z,127,Michigan State,Big Ten,fbs,,158,Nebraska,Big Ten,fbs,,[]
401866421,2026,regular,2,2026-09-12T22:30:00.000Z,2711,Western Michigan,Mid-American,fbs,,2405,Monmouth,Coastal Athletic,fcs,,[]
401864536,2026,regular,11,2026-11-14T05:00:00.000Z,2459,Northern Illinois,Mountain West,fbs,,2440,Nevada,Mountain West,fbs,,[]
401858479,2026,regular,5,2026-10-03T04:00:00.000Z,275,Wisconsin,Big Ten,fbs,,127,Michigan State,Big Ten,fbs,,[]
401856748,2026,regular,12,2026-11-21T05:00:00.000Z,57,Florida,SEC,fbs,,238,Vanderbilt,SEC,fbs,,[]
401858270,2026,regular,8,2026-10-24T04:00:00.000Z,2567,SMU,ACC,fbs,,25,California,ACC,fbs,,[]
401869962,2026,regular,5,2026-10-03T04:00:00.000Z,256,James Madison,Sun Belt,fbs,,276,Marshall,Sun Belt,fbs,,[]
401858218,2026,regular,2,2026-09-12T16:00:00.000Z,153,North Carolina,ACC,fbs,,2193,East Tennessee State,Southern,fcs,,[]
401864535,2026,regular,10,2026-11-08T03:30:00.000Z,2439,UNLV,Mountain West,fbs,,2751,Wyoming,Mountain West,fbs,,[]
401856828,2026,regular,7,2026-10-17T04:00:00.000Z,2641,Texas Tech,Big 12,fbs,,9,Arizona State,Big 12,fbs,,[]
401866418,2026,regular,2,2026-09-12T22:00:00.000Z,195,Ohio,Mid-American,fbs,,55,Jacksonville State,Conference USA,fbs,,[]
401871049,2026,regular,5,2026-10-02T00:00:00.000Z,166,New Mexico State,Conference USA,fbs,,98,Western Kentucky,Conference USA,fbs,,[]
401858269,2026,regular,7,2026-10-17T04:00:00.000Z,25,California,ACC,fbs,,154,Wake Forest,ACC,fbs,,[]
401858252,2026,regular,5,2026-10-03T16:00:00.000Z,41,UConn,FBS Independents,fbs,,183,Syracuse,ACC,fbs,,[]
401866426,2026,regular,4,2026-09-26T19:30:00.000Z,2084,Buffalo,Mid-American,fbs,,2523,Robert Morris,NEC,fcs,,[]
401858482,2026,regular,6,2026-10-10T04:00:00.000Z,77,Northwestern,Big Ten,fbs,,2050,Ball State,Mid-American,fbs,,[]
401862779,2026,regular,4,2026-09-25T20:00:00.000Z,218,Temple,American Athletic,fbs,,349,Army,American Athletic,fbs,,[]
401866445,2026,regular,7,2026-10-17T04:00:00.000Z,16,Sacramento State,Mid-American,fbs,,195,Ohio,Mid-American,fbs,,[]
401871094,2026,regular,8,2026-10-24T04:00:00.000Z,2653,Troy,Sun Belt,fbs,,2433,UL Monroe,Sun Belt,fbs,,[]
401870795,2026,regular,10,2026-11-07T22:00:00.000Z,166,New Mexico State,Conference USA,fbs,,2335,Liberty,Conference USA,fbs,,[]
401858520,2026,regular,11,2026-11-14T05:00:00.000Z,120,Maryland,Big Ten,fbs,,275,Wisconsin,Big Ten,fbs,,[]
401870804,2026,regular,13,2026-11-28T18:00:00.000Z,98,Western Kentucky,Conference USA,fbs,,338,Kennesaw State,Conference USA,fbs,,[]
401856886,2026,regular,11,2026-11-14T05:00:00.000Z,344,Mississippi State,SEC,fbs,,2,Auburn,SEC,fbs,,[]
401871073,2026,regular,10,2026-11-07T20:00:00.000Z,338,Kennesaw State,Conference USA,fbs,,48,Delaware,Conference USA,fbs,,[]
401858256,2026,regular,6,2026-10-10T04:00:00.000Z,221,Pittsburgh,ACC,fbs,,153,North Carolina,ACC,fbs,,[]
401869842,2026,regular,5,2026-10-03T04:00:00.000Z,2348,Louisiana Tech,Sun Belt,fbs,,349,Army,American Athletic,fbs,,[]
401866431,2026,regular,5,2026-10-03T04:00:00.000Z,2050,Ball State,Mid-American,fbs,,2649,Toledo,Mid-American,fbs,,[]
401860916,2026,regular,11,2026-11-14T21:00:00.000Z,326,Texas State,Pac-12,fbs,,278,Fresno State,Pac-12,fbs,,[]
401856786,2026,regular,2,2026-09-12T23:00:00.000Z,2132,Cincinnati,Big 12,fbs,,2717,Western Carolina,Southern,fcs,,[]
401869969,2026,regular,11,2026-11-13T02:00:00.000Z,2433,UL Monroe,Sun Belt,fbs,,309,Louisiana,Sun Belt,fbs,,[]
401862703,2026,regular,2,2026-09-12T23:30:00.000Z,2226,Florida Atlantic,American Athletic,fbs,,2426,Navy,American Athletic,fbs,,[]
401858462,2026,regular,4,2026-09-26T04:00:00.000Z,120,Maryland,Big Ten,fbs,,26,UCLA,Big Ten,fbs,,[]
401871076,2026,regular,10,2026-11-07T20:30:00.000Z,2393,Middle Tennessee,Conference USA,fbs,,98,Western Kentucky,Conference USA,fbs,,[]
401856882,2026,regular,11,2026-11-14T05:00:00.000Z,8,Arkansas,SEC,fbs,,2579,South Carolina,SEC,fbs,,[]
401871095,2026,regular,9,2026-10-31T04:00:00.000Z,2433,UL Monroe,Sun Belt,fbs,,2572,Southern Miss,Sun Belt,fbs,,[]
401870769,2026,regular,11,2026-11-14T19:00:00.000Z,2534,Sam Houston,Conference USA,fbs,,338,Kennesaw State,Conference USA,fbs,,[]
401866446,2026,regular,8,2026-10-24T04:00:00.000Z,2309,Kent State,Mid-American,fbs,,2006,Akron,Mid-American,fbs,,[]
401871051,2026,regular,6,2026-10-07T23:00:00.000Z,338,Kennesaw State,Conference USA,fbs,,55,Jacksonville State,Conference USA,fbs,,[]
401862805,2026,regular,7,2026-10-17T04:00:00.000Z,242,Rice,American Athletic,fbs,,202,Tulsa,American Athletic,fbs,,[]
401858457,2026,regular,3,2026-09-19T19:30:00.000Z,164,Rutgers,Big Ten,fbs,,30,USC,Big Ten,fbs,,[]
401862812,2026,regular,9,2026-10-29T23:30:00.000Z,249,North Texas,American Athletic,fbs,,2226,Florida Atlantic,American Athletic,fbs,,[]
401856715,2026,regular,6,2026-10-10T04:00:00.000Z,96,Kentucky,SEC,fbs,,99,LSU,SEC,fbs,,[]
401856872,2026,regular,12,2026-11-21T05:00:00.000Z,2628,TCU,Big 12,fbs,,254,Utah,Big 12,fbs,,[]
401869967,2026,regular,8,2026-10-24T04:00:00.000Z,2572,Southern Miss,Sun Belt,fbs,,309,Louisiana,Sun Belt,fbs,,[]
401858245,2026,regular,5,2026-10-02T23:00:00.000Z,259,Virginia Tech,ACC,fbs,,221,Pittsburgh,ACC,fbs,,[]
401856874,2026,regular,13,2026-11-28T05:00:00.000Z,248,Houston,Big 12,fbs,,239,Baylor,Big 12,fbs,,[]
401869936,2026,regular,10,2026-11-07T20:00:00.000Z,2032,Arkansas State,Sun Belt,fbs,,2433,UL Monroe,Sun Belt,fbs,,[]
401858222,2026,regular,2,2026-09-11T23:00:00.000Z,152,NC State,ACC,fbs,,257,Richmond,Patriot,fcs,,[]
401869844,2026,regular,7,2026-10-17T00:00:00.000Z,324,Coastal Carolina,Sun Belt,fbs,,2026,App State,Sun Belt,fbs,,[]
401858311,2026,regular,13,2026-11-28T05:00:00.000Z,2390,Miami,ACC,fbs,,103,Boston College,ACC,fbs,,[]
401866435,2026,regular,6,2026-10-10T19:30:00.000Z,2006,Akron,Mid-American,fbs,,2199,Eastern Michigan,Mid-American,fbs,,[]
401860922,2026,regular,6,2026-10-10T01:00:00.000Z,328,Utah State,Pac-12,fbs,,265,Washington State,Pac-12,fbs,,[]
401869932,2026,regular,5,2026-10-03T04:00:00.000Z,309,Louisiana,Sun Belt,fbs,,2032,Arkansas State,Sun Belt,fbs,,[]
401860889,2026,regular,3,2026-09-19T16:00:00.000Z,326,Texas State,Pac-12,fbs,,249,North Texas,American Athletic,fbs,,[]
401866412,2026,regular,2,2026-09-12T19:30:00.000Z,2006,Akron,Mid-American,fbs,,2523,Robert Morris,NEC,fcs,,[]
401869938,2026,regular,12,2026-11-21T05:00:00.000Z,2348,Louisiana Tech,Sun Belt,fbs,,2032,Arkansas State,Sun Belt,fbs,,[]
401865252,2026,regular,2,2026-09-12T20:00:00.000Z,167,New Mexico,Mountain West,fbs,,2385,Mercyhurst,NEC,fcs,,[]
401864519,2026,regular,6,2026-10-10T01:00:00.000Z,23,San José State,Mountain West,fbs,,2751,Wyoming,Mountain West,fbs,,[]
401858453,2026,regular,3,2026-09-19T23:30:00.000Z,87,Notre Dame,FBS Independents,fbs,,127,Michigan State,Big Ten,fbs,,[]
401860895,2026,regular,4,2026-09-27T01:00:00.000Z,2638,UTEP,Mountain West,fbs,,204,Oregon State,Pac-12,fbs,,[]
401860911,2026,regular,10,2026-11-07T23:00:00.000Z,36,Colorado State,Pac-12,fbs,,68,Boise State,Pac-12,fbs,,[]
401858503,2026,regular,9,2026-10-31T04:00:00.000Z,120,Maryland,Big Ten,fbs,,356,Illinois,Big Ten,fbs,,[]
401871071,2026,regular,9,2026-10-27T23:00:00.000Z,98,Western Kentucky,Conference USA,fbs,,48,Delaware,Conference USA,fbs,,[]
401860897,2026,regular,4,2026-09-26T04:00:00.000Z,2711,Western Michigan,Mid-American,fbs,,68,Boise State,Pac-12,fbs,,[]
401861967,2026,regular,11,2026-11-14T17:00:00.000Z,41,UConn,FBS Independents,fbs,,256,James Madison,Sun Belt,fbs,,[]
401858452,2026,regular,3,2026-09-19T23:15:00.000Z,158,Nebraska,Big Ten,fbs,,155,North Dakota,MVFC,fcs,,[]
401862772,2026,regular,3,2026-09-19T23:00:00.000Z,235,Memphis,American Athletic,fbs,,2630,UT Martin,OVC,fcs,,[]
401858265,2026,regular,7,2026-10-17T04:00:00.000Z,183,Syracuse,ACC,fbs,,97,Louisville,ACC,fbs,,[]
401858237,2026,regular,4,2026-09-26T04:00:00.000Z,52,Florida State,ACC,fbs,,2110,Central Arkansas,UAC,fcs,,[]
401869931,2026,regular,4,2026-09-26T23:00:00.000Z,2032,Arkansas State,Sun Belt,fbs,,338,Kennesaw State,Conference USA,fbs,,[]
401868008,2026,regular,2,2026-09-12T23:30:00.000Z,324,Coastal Carolina,Sun Belt,fbs,,2230,Fordham,Patriot,fcs,,[]
401856870,2026,regular,12,2026-11-21T05:00:00.000Z,9,Arizona State,Big 12,fbs,,197,Oklahoma State,Big 12,fbs,,[]
401856853,2026,regular,10,2026-11-07T05:00:00.000Z,239,Baylor,Big 12,fbs,,66,Iowa State,Big 12,fbs,,[]
401856672,2026,regular,2,2026-09-12T21:30:00.000Z,57,Florida,SEC,fbs,,2097,Campbell,Coastal Athletic,fcs,,[]
401869945,2026,regular,10,2026-11-07T05:00:00.000Z,324,Coastal Carolina,Sun Belt,fbs,,295,Old Dominion,Sun Belt,fbs,,[]
401858292,2026,regular,10,2026-11-07T17:00:00.000Z,41,UConn,FBS Independents,fbs,,153,North Carolina,ACC,fbs,,[]
401866417,2026,regular,2,2026-09-12T17:00:00.000Z,193,Miami (OH),Mid-American,fbs,,107,Holy Cross,Patriot,fcs,,[]
401866455,2026,regular,10,2026-11-04T05:00:00.000Z,113,Massachusetts,Mid-American,fbs,,2050,Ball State,Mid-American,fbs,,[]
401871069,2026,regular,8,2026-10-20T23:00:00.000Z,48,Delaware,Conference USA,fbs,,2623,Missouri State,Conference USA,fbs,,[]
401858533,2026,regular,12,2026-11-21T05:00:00.000Z,2509,Purdue,Big Ten,fbs,,275,Wisconsin,Big Ten,fbs,,[]
401861966,2026,regular,9,2026-10-31T19:00:00.000Z,2005,Air Force,Mountain West,fbs,,41,UConn,FBS Independents,fbs,,[]
401856825,2026,regular,6,2026-10-10T04:00:00.000Z,2306,Kansas State,Big 12,fbs,,248,Houston,Big 12,fbs,,[]
401856834,2026,regular,8,2026-10-24T04:00:00.000Z,2305,Kansas,Big 12,fbs,,239,Baylor,Big 12,fbs,,[]
401869949,2026,regular,6,2026-10-10T04:00:00.000Z,290,Georgia Southern,Sun Belt,fbs,,256,James Madison,Sun Belt,fbs,,[]
401861963,2026,regular,3,2026-09-19T23:00:00.000Z,2572,Southern Miss,Sun Belt,fbs,,41,UConn,FBS Independents,fbs,,[]
401871091,2026,regular,7,2026-10-17T04:00:00.000Z,2433,UL Monroe,Sun Belt,fbs,,2348,Louisiana Tech,Sun Belt,fbs,,[]
401869845,2026,regular,8,2026-10-22T23:00:00.000Z,2026,App State,Sun Belt,fbs,,256,James Madison,Sun Belt,fbs,,[]
401864546,2026,regular,13,2026-11-28T21:30:00.000Z,167,New Mexico,Mountain West,fbs,,2005,Air Force,Mountain West,fbs,,[]
401862843,2026,regular,13,2026-11-28T05:00:00.000Z,249,North Texas,American Athletic,fbs,,5,UAB,American Athletic,fbs,,[]
401862797,2026,regular,6,2026-10-10T04:00:00.000Z,151,East Carolina,American Athletic,fbs,,242,Rice,American Athletic,fbs,,[]
401858248,2026,regular,5,2026-10-03T04:00:00.000Z,152,NC State,ACC,fbs,,97,Louisville,ACC,fbs,,[]
401871072,2026,regular,9,2026-10-28T00:00:00.000Z,2623,Missouri State,Conference USA,fbs,,2534,Sam Houston,Conference USA,fbs,,[]
401856791,2026,regular,2,2026-09-12T17:00:00.000Z,277,West Virginia,Big 12,fbs,,2630,UT Martin,OVC,fcs,,[]
401858530,2026,regular,12,2026-11-21T05:00:00.000Z,135,Minnesota,Big Ten,fbs,,77,Northwestern,Big Ten,fbs,,[]
401858247,2026,regular,5,2026-10-03T19:30:00.000Z,2439,UNLV,Mountain West,fbs,,25,California,ACC,fbs,,[]
401858474,2026,regular,5,2026-10-03T04:00:00.000Z,135,Minnesota,Big Ten,fbs,,130,Michigan,Big Ten,fbs,,[]
401869934,2026,regular,7,2026-10-17T04:00:00.000Z,2572,Southern Miss,Sun Belt,fbs,,2032,Arkansas State,Sun Belt,fbs,,[]
401858290,2026,regular,10,2026-11-07T17:00:00.000Z,154,Wake Forest,ACC,fbs,,2771,Merrimack,FCS Independents,fcs,,[]
401858445,2026,regular,2,2026-09-13T03:00:00.000Z,30,USC,Big Ten,fbs,,309,Louisiana,Sun Belt,fbs,,[]
401871068,2026,regular,7,2026-10-15T00:00:00.000Z,2534,Sam Houston,Conference USA,fbs,,98,Western Kentucky,Conference USA,fbs,,[]
401866466,2026,regular,12,2026-11-18T00:00:00.000Z,2309,Kent State,Mid-American,fbs,,193,Miami (OH),Mid-American,fbs,,[]
401871103,2026,regular,13,2026-11-28T05:00:00.000Z,295,Old Dominion,Sun Belt,fbs,,2572,Southern Miss,Sun Belt,fbs,,[]
401856699,2026,regular,4,2026-09-26T04:00:00.000Z,57,Florida,SEC,fbs,,145,Ole Miss,SEC,fbs,,[]
401869952,2026,regular,11,2026-11-14T05:00:00.000Z,2247,Georgia State,Sun Belt,fbs,,290,Georgia Southern,Sun Belt,fbs,,[]
401871061,2026,regular,11,2026-11-14T20:30:00.000Z,2335,Liberty,Conference USA,fbs,,2393,Middle Tennessee,Conference USA,fbs,,[]
401871067,2026,regular,7,2026-10-13T23:00:00.000Z,2393,Middle Tennessee,Conference USA,fbs,,48,Delaware,Conference USA,fbs,,[]
401871054,2026,regular,7,2026-10-14T23:30:00.000Z,2623,Missouri State,Conference USA,fbs,,338,Kennesaw State,Conference USA,fbs,,[]
401862816,2026,regular,9,2026-10-31T04:00:00.000Z,58,South Florida,American Athletic,fbs,,5,UAB,American Athletic,fbs,,[]
401860896,2026,regular,4,2026-09-26T04:00:00.000Z,2636,UTSA,American Athletic,fbs,,36,Colorado State,Pac-12,fbs,,[]
401860883,2026,regular,2,2026-09-13T02:30:00.000Z,278,Fresno State,Pac-12,fbs,,16,Sacramento State,Mid-American,fbs,,[]
401860894,2026,regular,4,2026-09-26T23:30:00.000Z,328,Utah State,Pac-12,fbs,,2653,Troy,Sun Belt,fbs,,[]
401858305,2026,regular,12,2026-11-21T05:00:00.000Z,258,Virginia,ACC,fbs,,153,North Carolina,ACC,fbs,,[]
401864532,2026,regular,10,2026-11-07T05:00:00.000Z,2638,UTEP,Mountain West,fbs,,62,Hawai'i,Mountain West,fbs,,[]
401871090,2026,regular,6,2026-10-07T00:00:00.000Z,2653,Troy,Sun Belt,fbs,,2572,Southern Miss,Sun Belt,fbs,,[]
401869935,2026,regular,8,2026-10-24T23:00:00.000Z,2032,Arkansas State,Sun Belt,fbs,,2247,Georgia State,Sun Belt,fbs,,[]
401862825,2026,regular,11,2026-11-14T05:00:00.000Z,2429,Charlotte,American Athletic,fbs,,151,East Carolina,American Athletic,fbs,,[]
401864527,2026,regular,8,2026-10-25T02:00:00.000Z,167,New Mexico,Mountain West,fbs,,2449,North Dakota State,Mountain West,fbs,,[]
401862795,2026,regular,6,2026-10-10T16:00:00.000Z,349,Army,American Athletic,fbs,,2655,Tulane,American Athletic,fbs,,[]
401862803,2026,regular,7,2026-10-17T04:00:00.000Z,218,Temple,American Athletic,fbs,,2429,Charlotte,American Athletic,fbs,,[]
401856709,2026,regular,5,2026-10-03T04:00:00.000Z,2579,South Carolina,SEC,fbs,,96,Kentucky,SEC,fbs,,[]
401871046,2026,regular,2,2026-09-12T23:00:00.000Z,2623,Missouri State,Conference USA,fbs,,2815,Lindenwood,OVC,fcs,,[]
401856760,2026,regular,13,2026-11-28T05:00:00.000Z,61,Georgia,SEC,fbs,,59,Georgia Tech,ACC,fbs,,[]
401856864,2026,regular,11,2026-11-14T05:00:00.000Z,12,Arizona,Big 12,fbs,,254,Utah,Big 12,fbs,,[]
401858268,2026,regular,7,2026-10-17T04:00:00.000Z,2567,SMU,ACC,fbs,,258,Virginia,ACC,fbs,,[]
401866442,2026,regular,7,2026-10-17T04:00:00.000Z,2084,Buffalo,Mid-American,fbs,,113,Massachusetts,Mid-American,fbs,,[]
401860890,2026,regular,3,2026-09-19T19:30:00.000Z,265,Washington State,Pac-12,fbs,,2184,Duquesne,NEC,fcs,,[]
401871098,2026,regular,10,2026-11-07T05:00:00.000Z,2653,Troy,Sun Belt,fbs,,2348,Louisiana Tech,Sun Belt,fbs,,[]
401858262,2026,regular,7,2026-10-17T23:30:00.000Z,24,Stanford,ACC,fbs,,2210,Elon,Coastal Athletic,fcs,,[]
401864541,2026,regular,12,2026-11-21T05:00:00.000Z,2440,Nevada,Mountain West,fbs,,62,Hawai'i,Mountain West,fbs,,[]
401860903,2026,regular,7,2026-10-17T22:00:00.000Z,204,Oregon State,Pac-12,fbs,,265,Washington State,Pac-12,fbs,,[]
401856852,2026,regular,10,2026-11-07T05:00:00.000Z,9,Arizona State,Big 12,fbs,,38,Colorado,Big 12,fbs,,[]
401860904,2026,regular,7,2026-10-18T02:30:00.000Z,21,San Diego State,Pac-12,fbs,,278,Fresno State,Pac-12,fbs,,[]
401858275,2026,regular,8,2026-10-24T04:00:00.000Z,153,North Carolina,ACC,fbs,,183,Syracuse,ACC,fbs,,[]
401860907,2026,regular,8,2026-10-24T22:00:00.000Z,265,Washington State,Pac-12,fbs,,68,Boise State,Pac-12,fbs,,[]
401862771,2026,regular,3,2026-09-19T22:00:00.000Z,2226,Florida Atlantic,American Athletic,fbs,,2229,Florida International,Conference USA,fbs,,[]
401858505,2026,regular,9,2026-10-31T04:00:00.000Z,2483,Oregon,Big Ten,fbs,,77,Northwestern,Big Ten,fbs,,[]
401858489,2026,regular,7,2026-10-17T04:00:00.000Z,120,Maryland,Big Ten,fbs,,164,Rutgers,Big Ten,fbs,,[]
401860902,2026,regular,6,2026-10-10T22:00:00.000Z,204,Oregon State,Pac-12,fbs,,21,San Diego State,Pac-12,fbs,,[]
401856695,2026,regular,3,2026-09-19T16:45:00.000Z,238,Vanderbilt,SEC,fbs,,152,NC State,ACC,fbs,,[]
401858255,2026,regular,6,2026-10-10T04:00:00.000Z,59,Georgia Tech,ACC,fbs,,150,Duke,ACC,fbs,,[]
401860905,2026,regular,8,2026-10-24T22:30:00.000Z,36,Colorado State,Pac-12,fbs,,21,San Diego State,Pac-12,fbs,,[]
401862786,2026,regular,5,2026-10-02T01:00:00.000Z,202,Tulsa,American Athletic,fbs,,249,North Texas,American Athletic,fbs,,[]
401858240,2026,regular,4,2026-09-27T02:30:00.000Z,24,Stanford,ACC,fbs,,59,Georgia Tech,ACC,fbs,,[]
401860900,2026,regular,5,2026-10-04T02:30:00.000Z,21,San Diego State,Pac-12,fbs,,326,Texas State,Pac-12,fbs,,[]
401858525,2026,regular,11,2026-11-14T05:00:00.000Z,164,Rutgers,Big Ten,fbs,,158,Nebraska,Big Ten,fbs,,[]
401856790,2026,regular,2,2026-09-12T19:30:00.000Z,221,Pittsburgh,ACC,fbs,,2116,UCF,Big 12,fbs,,[]
401860920,2026,regular,12,2026-11-21T23:00:00.000Z,326,Texas State,Pac-12,fbs,,265,Washington State,Pac-12,fbs,,[]
401864530,2026,regular,9,2026-11-01T02:30:00.000Z,2439,UNLV,Mountain West,fbs,,2459,Northern Illinois,Mountain West,fbs,,[]
401856824,2026,regular,6,2026-10-10T04:00:00.000Z,197,Oklahoma State,Big 12,fbs,,2116,UCF,Big 12,fbs,,[]
401858285,2026,regular,10,2026-11-07T05:00:00.000Z,183,Syracuse,ACC,fbs,,228,Clemson,ACC,fbs,,[]
401864523,2026,regular,7,2026-10-18T01:00:00.000Z,2638,UTEP,Mountain West,fbs,,23,San José State,Mountain West,fbs,,[]
401864502,2026,regular,2,2026-09-13T02:00:00.000Z,2005,Air Force,Mountain West,fbs,,2449,North Dakota State,Mountain West,fbs,,[]
401856880,2026,regular,13,2026-11-28T02:00:00.000Z,254,Utah,Big 12,fbs,,277,West Virginia,Big 12,fbs,,[]
401870752,2026,regular,11,2026-11-14T20:30:00.000Z,98,Western Kentucky,Conference USA,fbs,,55,Jacksonville State,Conference USA,fbs,,[]
401862822,2026,regular,10,2026-11-07T05:00:00.000Z,2655,Tulane,American Athletic,fbs,,202,Tulsa,American Athletic,fbs,,[]
401866427,2026,regular,4,2026-09-26T17:00:00.000Z,2199,Eastern Michigan,Mid-American,fbs,,2815,Lindenwood,OVC,fcs,,[]
401871089,2026,regular,5,2026-10-03T04:00:00.000Z,6,South Alabama,Sun Belt,fbs,,2433,UL Monroe,Sun Belt,fbs,,[]
401858486,2026,regular,6,2026-10-10T04:00:00.000Z,2509,Purdue,Big Ten,fbs,,135,Minnesota,Big Ten,fbs,,[]
401856753,2026,regular,12,2026-11-21T05:00:00.000Z,2579,South Carolina,SEC,fbs,,61,Georgia,SEC,fbs,,[]
401856737,2026,regular,9,2026-10-31T04:00:00.000Z,251,Texas,SEC,fbs,,344,Mississippi State,SEC,fbs,,[]
401869959,2026,regular,13,2026-11-28T05:00:00.000Z,2247,Georgia State,Sun Belt,fbs,,309,Louisiana,Sun Belt,fbs,,[]
401871077,2026,regular,12,2026-11-21T20:00:00.000Z,166,New Mexico State,Conference USA,fbs,,48,Delaware,Conference USA,fbs,,[]
401858234,2026,regular,4,2026-09-26T02:30:00.000Z,25,California,ACC,fbs,,228,Clemson,ACC,fbs,,[]
401858219,2026,regular,2,2026-09-12T23:30:00.000Z,228,Clemson,ACC,fbs,,290,Georgia Southern,Sun Belt,fbs,,[]
401856871,2026,regular,12,2026-11-21T05:00:00.000Z,239,Baylor,Big 12,fbs,,2641,Texas Tech,Big 12,fbs,,[]
401858527,2026,regular,12,2026-11-21T05:00:00.000Z,356,Illinois,Big Ten,fbs,,2294,Iowa,Big Ten,fbs,,[]
401862837,2026,regular,13,2026-11-27T05:00:00.000Z,151,East Carolina,American Athletic,fbs,,2226,Florida Atlantic,American Athletic,fbs,,[]
401864542,2026,regular,12,2026-11-22T02:00:00.000Z,2751,Wyoming,Mountain West,fbs,,167,New Mexico,Mountain West,fbs,,[]
401862791,2026,regular,5,2026-10-03T16:00:00.000Z,2005,Air Force,Mountain West,fbs,,2426,Navy,American Athletic,fbs,,[]
401867796,2026,regular,2,2026-09-12T23:30:00.000Z,99,LSU,SEC,fbs,,2348,Louisiana Tech,Sun Belt,fbs,,[]
401858215,2026,regular,2,2026-09-11T23:00:00.000Z,97,Louisville,ACC,fbs,,222,Villanova,Patriot,fcs,,[]
401866422,2026,regular,3,2026-09-19T20:00:00.000Z,2335,Liberty,Conference USA,fbs,,2050,Ball State,Mid-American,fbs,,[]
401856733,2026,regular,9,2026-10-31T04:00:00.000Z,8,Arkansas,SEC,fbs,,142,Missouri,SEC,fbs,,[]
401856730,2026,regular,8,2026-10-24T04:00:00.000Z,344,Mississippi State,SEC,fbs,,201,Oklahoma,SEC,fbs,,[]
401862808,2026,regular,8,2026-10-24T00:30:00.000Z,202,Tulsa,American Athletic,fbs,,349,Army,American Athletic,fbs,,[]
401871075,2026,regular,10,2026-11-08T00:00:00.000Z,55,Jacksonville State,Conference USA,fbs,,2534,Sam Houston,Conference USA,fbs,,[]
401856746,2026,regular,12,2026-11-21T19:00:00.000Z,333,Alabama,SEC,fbs,,236,Chattanooga,Southern,fcs,,[]
401864545,2026,regular,12,2026-11-21T01:00:00.000Z,2005,Air Force,Mountain West,fbs,,2638,UTEP,Mountain West,fbs,,[]
401871057,2026,regular,9,2026-10-29T00:00:00.000Z,166,New Mexico State,Conference USA,fbs,,55,Jacksonville State,Conference USA,fbs,,[]
401867804,2026,regular,3,2026-09-19T20:00:00.000Z,239,Baylor,Big 12,fbs,,2348,Louisiana Tech,Sun Belt,fbs,,[]
401858246,2026,regular,5,2026-10-03T04:00:00.000Z,2567,SMU,ACC,fbs,,103,Boston College,ACC,fbs,,[]
401858244,2026,regular,4,2026-09-26T19:30:00.000Z,150,Duke,ACC,fbs,,2729,William & Mary,Patriot,fcs,,[]
401856819,2026,regular,5,2026-10-03T04:00:00.000Z,248,Houston,Big 12,fbs,,2116,UCF,Big 12,fbs,,[]
401856703,2026,regular,4,2026-09-26T04:00:00.000Z,344,Mississippi State,SEC,fbs,,142,Missouri,SEC,fbs,,[]
401858297,2026,regular,11,2026-11-14T05:00:00.000Z,228,Clemson,ACC,fbs,,59,Georgia Tech,ACC,fbs,,[]
401858261,2026,regular,7,2026-10-17T04:00:00.000Z,228,Clemson,ACC,fbs,,2127,Charleston Southern,OVC,fcs,,[]
401869965,2026,regular,6,2026-10-10T04:00:00.000Z,2348,Louisiana Tech,Sun Belt,fbs,,309,Louisiana,Sun Belt,fbs,,[]
401862806,2026,regular,7,2026-10-17T04:00:00.000Z,58,South Florida,American Athletic,fbs,,2309,Kent State,Mid-American,fbs,,[]
401858226,2026,regular,3,2026-09-18T23:30:00.000Z,154,Wake Forest,ACC,fbs,,2390,Miami,ACC,fbs,,[]
401856671,2026,regular,2,2026-09-12T23:45:00.000Z,2,Auburn,SEC,fbs,,2572,Southern Miss,Sun Belt,fbs,,[]
401856689,2026,regular,3,2026-09-19T23:00:00.000Z,142,Missouri,SEC,fbs,,2653,Troy,Sun Belt,fbs,,[]
401864513,2026,regular,5,2026-10-04T03:59:00.000Z,62,Hawai'i,Mountain West,fbs,,23,San José State,Mountain West,fbs,,[]
401858286,2026,regular,10,2026-11-07T05:00:00.000Z,152,NC State,ACC,fbs,,150,Duke,ACC,fbs,,[]
401858439,2026,regular,2,2026-09-12T16:00:00.000Z,84,Indiana,Big Ten,fbs,,47,Howard,MEAC,fcs,,[]
401858522,2026,regular,11,2026-11-14T05:00:00.000Z,194,Ohio State,Big Ten,fbs,,77,Northwestern,Big Ten,fbs,,[]
401860893,2026,regular,4,2026-09-26T04:00:00.000Z,2649,Toledo,Mid-American,fbs,,21,San Diego State,Pac-12,fbs,,[]
401862780,2026,regular,4,2026-09-26T04:00:00.000Z,2429,Charlotte,American Athletic,fbs,,309,Louisiana,Sun Belt,fbs,,[]
401864539,2026,regular,11,2026-11-15T00:30:00.000Z,167,New Mexico,Mountain West,fbs,,2439,UNLV,Mountain West,fbs,,[]
401864550,2026,regular,13,2026-11-28T05:00:00.000Z,2459,Northern Illinois,Mountain West,fbs,,2638,UTEP,Mountain West,fbs,,[]
401864508,2026,regular,3,2026-09-19T17:00:00.000Z,2117,Central Michigan,Mid-American,fbs,,2751,Wyoming,Mountain West,fbs,,[]
401864528,2026,regular,8,2026-10-24T21:00:00.000Z,2440,Nevada,Mountain West,fbs,,23,San José State,Mountain West,fbs,,[]
401870745,2026,regular,4,2026-09-26T23:00:00.000Z,98,Western Kentucky,Conference USA,fbs,,2385,Mercyhurst,NEC,fcs,,[]
401856693,2026,regular,3,2026-09-20T00:00:00.000Z,251,Texas,SEC,fbs,,2636,UTSA,American Athletic,fbs,,[]
401858239,2026,regular,4,2026-09-26T04:00:00.000Z,258,Virginia,ACC,fbs,,48,Delaware,Conference USA,fbs,,[]
401867909,2026,regular,4,2026-09-26T22:00:00.000Z,2229,Florida International,Conference USA,fbs,,2341,Long Island University,NEC,fcs,,[]
401858310,2026,regular,12,2026-11-21T05:00:00.000Z,59,Georgia Tech,ACC,fbs,,154,Wake Forest,ACC,fbs,,[]
401858288,2026,regular,10,2026-11-07T00:00:00.000Z,2567,SMU,ACC,fbs,,259,Virginia Tech,ACC,fbs,,[]
401856833,2026,regular,7,2026-10-17T04:00:00.000Z,38,Colorado,Big 12,fbs,,254,Utah,Big 12,fbs,,[]
401858534,2026,regular,12,2026-11-21T05:00:00.000Z,30,USC,Big Ten,fbs,,120,Maryland,Big Ten,fbs,,[]
401856796,2026,regular,3,2026-09-19T23:30:00.000Z,77,Northwestern,Big Ten,fbs,,38,Colorado,Big 12,fbs,,[]
401871074,2026,regular,10,2026-11-07T21:00:00.000Z,2229,Florida International,Conference USA,fbs,,2623,Missouri State,Conference USA,fbs,,[]
401856845,2026,regular,9,2026-10-31T04:00:00.000Z,2628,TCU,Big 12,fbs,,2305,Kansas,Big 12,fbs,,[]
401858284,2026,regular,9,2026-10-31T04:00:00.000Z,154,Wake Forest,ACC,fbs,,258,Virginia,ACC,fbs,,[]
401862839,2026,regular,13,2026-11-27T05:00:00.000Z,58,South Florida,American Athletic,fbs,,2655,Tulane,American Athletic,fbs,,[]
401866439,2026,regular,6,2026-10-10T04:00:00.000Z,2711,Western Michigan,Mid-American,fbs,,2309,Kent State,Mid-American,fbs,,[]
401864576,2026,regular,4,2026-09-26T16:45:00.000Z,96,Kentucky,SEC,fbs,,6,South Alabama,Sun Belt,fbs,,[]
401869929,2026,regular,12,2026-11-21T05:00:00.000Z,2026,App State,Sun Belt,fbs,,2433,UL Monroe,Sun Belt,fbs,,[]
401866416,2026,regular,2,2026-09-12T16:00:00.000Z,2309,Kent State,Mid-American,fbs,,2747,Wofford,Southern,fcs,,[]
401858232,2026,regular,3,2026-09-19T23:30:00.000Z,120,Maryland,Big Ten,fbs,,259,Virginia Tech,ACC,fbs,,[]
401858444,2026,regular,2,2026-09-12T19:30:00.000Z,41,UConn,FBS Independents,fbs,,120,Maryland,Big Ten,fbs,,[]
401856797,2026,regular,3,2026-09-19T19:30:00.000Z,2132,Cincinnati,Big 12,fbs,,193,Miami (OH),Mid-American,fbs,,[]
401858515,2026,regular,10,2026-11-07T05:00:00.000Z,2509,Purdue,Big Ten,fbs,,120,Maryland,Big Ten,fbs,,[]
401869928,2026,regular,11,2026-11-14T05:00:00.000Z,276,Marshall,Sun Belt,fbs,,2026,App State,Sun Belt,fbs,,[]
401862819,2026,regular,10,2026-11-07T05:00:00.000Z,5,UAB,American Athletic,fbs,,2429,Charlotte,American Athletic,fbs,,[]
401858507,2026,regular,9,2026-10-31T04:00:00.000Z,164,Rutgers,Big Ten,fbs,,130,Michigan,Big Ten,fbs,,[]
401866453,2026,regular,10,2026-11-04T00:00:00.000Z,2006,Akron,Mid-American,fbs,,195,Ohio,Mid-American,fbs,,[]
401856848,2026,regular,9,2026-10-31T04:00:00.000Z,2132,Cincinnati,Big 12,fbs,,254,Utah,Big 12,fbs,,[]
401871101,2026,regular,12,2026-11-21T05:00:00.000Z,2572,Southern Miss,Sun Belt,fbs,,6,South Alabama,Sun Belt,fbs,,[]
