team,conference,stat,value
Air Force,Mountain West,firstDowns,73
Air Force,Mountain West,firstDownsOpponent,46
Air Force,Mountain West,fourthDownConversions,8
Air Force,Mountain West,fourthDownConversionsOpponent,4
Air Force,Mountain West,fourthDowns,8
Air Force,Mountain West,fourthDownsOpponent,5
Air Force,Mountain West,fumblesLost,0
Air Force,Mountain West,fumblesLostOpponent,0
Air Force,Mountain West,fumblesRecoveredOpponent,0
Air Force,Mountain West,games,3
Air Force,Mountain West,interceptions,2
Air Force,Mountain West,interceptionsOpponent,3
Air Force,Mountain West,interceptionTDs,1
Air Force,Mountain West,interceptionTDsOpponent,0
Air Force,Mountain West,interceptionYards,111
Air Force,Mountain West,interceptionYardsOpponent,25
Air Force,Mountain West,netPassingYards,290
Air Force,Mountain West,netPassingYardsOpponent,505
Air Force,Mountain West,passAttempts,35
Air Force,Mountain West,passAttemptsOpponent,76
Air Force,Mountain West,passCompletions,17
Air Force,Mountain West,passCompletionsOpponent,42
Air Force,Mountain West,passesIntercepted,3
Air Force,Mountain West,passesInterceptedOpponent,2
Air Force,Mountain West,passingTDs,3
Air Force,Mountain West,passingTDsOpponent,2
Air Force,Mountain West,penalties,22
Air Force,Mountain West,penaltiesOpponent,14
Air Force,Mountain West,penaltyYards,195
Air Force,Mountain West,penaltyYardsOpponent,106
Air Force,Mountain West,possessionTime,6469
Air Force,Mountain West,possessionTimeOpponent,4331
Air Force,Mountain West,puntReturns,1
Air Force,Mountain West,puntReturnsOpponent,2
Air Force,Mountain West,puntReturnTDs,0
Air Force,Mountain West,puntReturnTDsOpponent,0
Air Force,Mountain West,puntReturnYards,0
Air Force,Mountain West,puntReturnYardsOpponent,55
Air Force,Mountain West,rushingAttempts,192
Air Force,Mountain West,rushingAttemptsOpponent,93
Air Force,Mountain West,rushingTDs,9
Air Force,Mountain West,rushingTDsOpponent,6
Air Force,Mountain West,rushingYards,1001
Air Force,Mountain West,rushingYardsOpponent,387
Air Force,Mountain West,sacks,5
Air Force,Mountain West,sacksOpponent,2
Air Force,Mountain West,tacklesForLoss,12
Air Force,Mountain West,tacklesForLossOpponent,5
Air Force,Mountain West,thirdDownConversions,23
Air Force,Mountain West,thirdDownConversionsOpponent,12
Air Force,Mountain West,thirdDowns,47
Air Force,Mountain West,thirdDownsOpponent,38
Air Force,Mountain West,totalYards,1291
Air Force,Mountain West,totalYardsOpponent,892
Air Force,Mountain West,turnovers,2
Air Force,Mountain West,turnoversOpponent,3
Akron,Mid-American,firstDowns,83
Akron,Mid-American,firstDownsOpponent,74
Akron,Mid-American,fourthDownConversions,1
Akron,Mid-American,fourthDownConversionsOpponent,4
Akron,Mid-American,fourthDowns,5
Akron,Mid-American,fourthDownsOpponent,4
Akron,Mid-American,fumblesLost,4
Akron,Mid-American,fumblesLostOpponent,2
Akron,Mid-American,fumblesRecovered,2
Akron,Mid-American,fumblesRecoveredOpponent,4
Akron,Mid-American,games,4
Akron,Mid-American,interceptions,3
Akron,Mid-American,interceptionsOpponent,1
Akron,Mid-American,interceptionTDs,0
Akron,Mid-American,interceptionTDsOpponent,1
Akron,Mid-American,interceptionYards,21
Akron,Mid-American,interceptionYardsOpponent,47
Akron,Mid-American,kickReturns,7
Akron,Mid-American,kickReturnsOpponent,5
Akron,Mid-American,kickReturnTDs,0
Akron,Mid-American,kickReturnTDsOpponent,0
Akron,Mid-American,kickReturnYards,184
Akron,Mid-American,kickReturnYardsOpponent,109
Akron,Mid-American,netPassingYards,805
Akron,Mid-American,netPassingYardsOpponent,1030
Akron,Mid-American,passAttempts,131
Akron,Mid-American,passAttemptsOpponent,125
Akron,Mid-American,passCompletions,91
Akron,Mid-American,passCompletionsOpponent,76
Akron,Mid-American,passesIntercepted,1
Akron,Mid-American,passesInterceptedOpponent,3
Akron,Mid-American,passingTDs,6
Akron,Mid-American,passingTDsOpponent,10
Akron,Mid-American,penalties,22
Akron,Mid-American,penaltiesOpponent,22
Akron,Mid-American,penaltyYards,202
Akron,Mid-American,penaltyYardsOpponent,240
Akron,Mid-American,possessionTime,7208
Akron,Mid-American,possessionTimeOpponent,7192
Akron,Mid-American,puntReturns,7
Akron,Mid-American,puntReturnsOpponent,7
Akron,Mid-American,puntReturnTDs,0
Akron,Mid-American,puntReturnTDsOpponent,0
Akron,Mid-American,puntReturnYards,43
Akron,Mid-American,puntReturnYardsOpponent,128
Akron,Mid-American,rushingAttempts,128
Akron,Mid-American,rushingAttemptsOpponent,119
Akron,Mid-American,rushingTDs,4
Akron,Mid-American,rushingTDsOpponent,4
Akron,Mid-American,rushingYards,545
Akron,Mid-American,rushingYardsOpponent,611
Akron,Mid-American,sacks,2
Akron,Mid-American,sacksOpponent,10
Akron,Mid-American,tacklesForLoss,14
Akron,Mid-American,tacklesForLossOpponent,28
Akron,Mid-American,thirdDownConversions,19
Akron,Mid-American,thirdDownConversionsOpponent,22
Akron,Mid-American,thirdDowns,50
Akron,Mid-American,thirdDownsOpponent,54
Akron,Mid-American,totalYards,1350
Akron,Mid-American,totalYardsOpponent,1641
Akron,Mid-American,turnovers,7
Akron,Mid-American,turnoversOpponent,3
Alabama,SEC,firstDowns,95
Alabama,SEC,firstDownsOpponent,58
Alabama,SEC,fourthDownConversions,4
Alabama,SEC,fourthDownConversionsOpponent,7
Alabama,SEC,fourthDowns,4
Alabama,SEC,fourthDownsOpponent,12
Alabama,SEC,fumblesLost,2
Alabama,SEC,fumblesLostOpponent,3
Alabama,SEC,fumblesRecovered,3
Alabama,SEC,fumblesRecoveredOpponent,2
Alabama,SEC,games,4
Alabama,SEC,interceptions,2
Alabama,SEC,interceptionsOpponent,6
Alabama,SEC,interceptionTDs,3
Alabama,SEC,interceptionTDsOpponent,1
Alabama,SEC,interceptionYards,109
Alabama,SEC,interceptionYardsOpponent,2
Alabama,SEC,kickReturns,5
Alabama,SEC,kickReturnsOpponent,6
Alabama,SEC,kickReturnTDs,0
Alabama,SEC,kickReturnTDsOpponent,0
Alabama,SEC,kickReturnYards,114
Alabama,SEC,kickReturnYardsOpponent,91
Alabama,SEC,netPassingYards,1133
Alabama,SEC,netPassingYardsOpponent,886
Alabama,SEC,passAttempts,112
Alabama,SEC,passAttemptsOpponent,113
Alabama,SEC,passCompletions,79
Alabama,SEC,passCompletionsOpponent,66
Alabama,SEC,passesIntercepted,6
Alabama,SEC,passesInterceptedOpponent,2
Alabama,SEC,passingTDs,8
Alabama,SEC,passingTDsOpponent,5
Alabama,SEC,penalties,25
Alabama,SEC,penaltiesOpponent,28
Alabama,SEC,penaltyYards,165
Alabama,SEC,penaltyYardsOpponent,236
Alabama,SEC,possessionTime,8015
Alabama,SEC,possessionTimeOpponent,6385
Alabama,SEC,puntReturns,7
Alabama,SEC,puntReturnsOpponent,6
Alabama,SEC,puntReturnTDs,0
Alabama,SEC,puntReturnTDsOpponent,0
Alabama,SEC,puntReturnYards,53
Alabama,SEC,puntReturnYardsOpponent,14
Alabama,SEC,rushingAttempts,155
Alabama,SEC,rushingAttemptsOpponent,129
Alabama,SEC,rushingTDs,13
Alabama,SEC,rushingTDsOpponent,4
Alabama,SEC,rushingYards,753
Alabama,SEC,rushingYardsOpponent,375
Alabama,SEC,sacks,11
Alabama,SEC,sacksOpponent,8
Alabama,SEC,tacklesForLoss,21
Alabama,SEC,tacklesForLossOpponent,23
Alabama,SEC,thirdDownConversions,22
Alabama,SEC,thirdDownConversionsOpponent,12
Alabama,SEC,thirdDowns,48
Alabama,SEC,thirdDownsOpponent,52
Alabama,SEC,totalYards,1886
Alabama,SEC,totalYardsOpponent,1261
Alabama,SEC,turnovers,4
Alabama,SEC,turnoversOpponent,9
App State,Sun Belt,firstDowns,95
App State,Sun Belt,firstDownsOpponent,75
App State,Sun Belt,fourthDownConversions,5
App State,Sun Belt,fourthDownConversionsOpponent,5
App State,Sun Belt,fourthDowns,8
App State,Sun Belt,fourthDownsOpponent,8
App State,Sun Belt,fumblesLost,2
App State,Sun Belt,fumblesLostOpponent,1
App State,Sun Belt,fumblesRecovered,1
App State,Sun Belt,fumblesRecoveredOpponent,2
App State,Sun Belt,games,4
App State,Sun Belt,interceptions,1
App State,Sun Belt,interceptionsOpponent,6
App State,Sun Belt,interceptionTDs,0
App State,Sun Belt,interceptionTDsOpponent,1
App State,Sun Belt,interceptionYards,16
App State,Sun Belt,interceptionYardsOpponent,36
App State,Sun Belt,kickReturns,5
App State,Sun Belt,kickReturnsOpponent,1
App State,Sun Belt,kickReturnTDs,0
App State,Sun Belt,kickReturnTDsOpponent,0
App State,Sun Belt,kickReturnYards,57
App State,Sun Belt,kickReturnYardsOpponent,19
App State,Sun Belt,netPassingYards,1277
App State,Sun Belt,netPassingYardsOpponent,892
App State,Sun Belt,passAttempts,143
App State,Sun Belt,passAttemptsOpponent,137
App State,Sun Belt,passCompletions,104
App State,Sun Belt,passCompletionsOpponent,85
App State,Sun Belt,passesIntercepted,6
App State,Sun Belt,passesInterceptedOpponent,1
App State,Sun Belt,passingTDs,7
App State,Sun Belt,passingTDsOpponent,4
App State,Sun Belt,penalties,30
App State,Sun Belt,penaltiesOpponent,28
App State,Sun Belt,penaltyYards,235
App State,Sun Belt,penaltyYardsOpponent,231
App State,Sun Belt,possessionTime,7580
App State,Sun Belt,possessionTimeOpponent,6820
App State,Sun Belt,puntReturns,6
App State,Sun Belt,puntReturnsOpponent,3
App State,Sun Belt,puntReturnTDs,0
App State,Sun Belt,puntReturnTDsOpponent,0
App State,Sun Belt,puntReturnYards,22
App State,Sun Belt,puntReturnYardsOpponent,10
App State,Sun Belt,rushingAttempts,138
App State,Sun Belt,rushingAttemptsOpponent,134
App State,Sun Belt,rushingTDs,10
App State,Sun Belt,rushingTDsOpponent,6
App State,Sun Belt,rushingYards,580
App State,Sun Belt,rushingYardsOpponent,481
App State,Sun Belt,sacks,6
App State,Sun Belt,sacksOpponent,4
App State,Sun Belt,tacklesForLoss,26
App State,Sun Belt,tacklesForLossOpponent,20
App State,Sun Belt,thirdDownConversions,19
App State,Sun Belt,thirdDownConversionsOpponent,20
App State,Sun Belt,thirdDowns,51
App State,Sun Belt,thirdDownsOpponent,55
App State,Sun Belt,totalYards,1857
App State,Sun Belt,totalYardsOpponent,1373
App State,Sun Belt,turnovers,3
App State,Sun Belt,turnoversOpponent,7
Arizona,Big 12,firstDowns,93
Arizona,Big 12,firstDownsOpponent,68
Arizona,Big 12,fourthDownConversions,3
Arizona,Big 12,fourthDownConversionsOpponent,4
Arizona,Big 12,fourthDowns,4
Arizona,Big 12,fourthDownsOpponent,9
Arizona,Big 12,fumblesLost,2
Arizona,Big 12,fumblesLostOpponent,1
Arizona,Big 12,fumblesRecovered,1
Arizona,Big 12,fumblesRecoveredOpponent,2
Arizona,Big 12,games,4
Arizona,Big 12,interceptions,4
Arizona,Big 12,interceptionsOpponent,2
Arizona,Big 12,interceptionTDs,0
Arizona,Big 12,interceptionTDsOpponent,2
Arizona,Big 12,interceptionYards,0
Arizona,Big 12,interceptionYardsOpponent,113
Arizona,Big 12,kickReturns,3
Arizona,Big 12,kickReturnsOpponent,3
Arizona,Big 12,kickReturnTDs,0
Arizona,Big 12,kickReturnTDsOpponent,0
Arizona,Big 12,kickReturnYards,57
Arizona,Big 12,kickReturnYardsOpponent,100
Arizona,Big 12,netPassingYards,1198
Arizona,Big 12,netPassingYardsOpponent,913
Arizona,Big 12,passAttempts,141
Arizona,Big 12,passAttemptsOpponent,141
Arizona,Big 12,passCompletions,104
Arizona,Big 12,passCompletionsOpponent,88
Arizona,Big 12,passesIntercepted,2
Arizona,Big 12,passesInterceptedOpponent,4
Arizona,Big 12,passingTDs,11
Arizona,Big 12,passingTDsOpponent,5
Arizona,Big 12,penalties,20
Arizona,Big 12,penaltiesOpponent,22
Arizona,Big 12,penaltyYards,200
Arizona,Big 12,penaltyYardsOpponent,162
Arizona,Big 12,possessionTime,7815
Arizona,Big 12,possessionTimeOpponent,6585
Arizona,Big 12,puntReturns,4
Arizona,Big 12,puntReturnTDs,1
Arizona,Big 12,puntReturnYards,79
Arizona,Big 12,rushingAttempts,131
Arizona,Big 12,rushingAttemptsOpponent,105
Arizona,Big 12,rushingTDs,5
Arizona,Big 12,rushingTDsOpponent,3
Arizona,Big 12,rushingYards,537
Arizona,Big 12,rushingYardsOpponent,321
Arizona,Big 12,sacks,11
Arizona,Big 12,sacksOpponent,12
Arizona,Big 12,tacklesForLoss,25
Arizona,Big 12,tacklesForLossOpponent,18
Arizona,Big 12,thirdDownConversions,28
Arizona,Big 12,thirdDownConversionsOpponent,21
Arizona,Big 12,thirdDowns,50
Arizona,Big 12,thirdDownsOpponent,56
Arizona,Big 12,totalYards,1735
Arizona,Big 12,totalYardsOpponent,1234
Arizona,Big 12,turnovers,6
Arizona,Big 12,turnoversOpponent,3
Arizona State,Big 12,firstDowns,61
Arizona State,Big 12,firstDownsOpponent,47
Arizona State,Big 12,fourthDownConversions,6
Arizona State,Big 12,fourthDownConversionsOpponent,1
Arizona State,Big 12,fourthDowns,10
Arizona State,Big 12,fourthDownsOpponent,6
Arizona State,Big 12,fumblesLost,3
Arizona State,Big 12,fumblesLostOpponent,2
Arizona State,Big 12,fumblesRecovered,2
Arizona State,Big 12,fumblesRecoveredOpponent,3
Arizona State,Big 12,games,3
Arizona State,Big 12,interceptions,2
Arizona State,Big 12,interceptionsOpponent,2
Arizona State,Big 12,interceptionTDs,0
Arizona State,Big 12,interceptionTDsOpponent,2
Arizona State,Big 12,interceptionYards,11
Arizona State,Big 12,interceptionYardsOpponent,100
Arizona State,Big 12,kickReturns,3
Arizona State,Big 12,kickReturnsOpponent,6
Arizona State,Big 12,kickReturnTDs,1
Arizona State,Big 12,kickReturnTDsOpponent,0
Arizona State,Big 12,kickReturnYards,138
Arizona State,Big 12,kickReturnYardsOpponent,107
Arizona State,Big 12,netPassingYards,781
Arizona State,Big 12,netPassingYardsOpponent,484
Arizona State,Big 12,passAttempts,93
Arizona State,Big 12,passAttemptsOpponent,82
Arizona State,Big 12,passCompletions,58
Arizona State,Big 12,passCompletionsOpponent,43
Arizona State,Big 12,passesIntercepted,2
Arizona State,Big 12,passesInterceptedOpponent,2
Arizona State,Big 12,passingTDs,9
Arizona State,Big 12,passingTDsOpponent,4
Arizona State,Big 12,penalties,20
Arizona State,Big 12,penaltiesOpponent,10
Arizona State,Big 12,penaltyYards,149
Arizona State,Big 12,penaltyYardsOpponent,82
Arizona State,Big 12,possessionTime,5434
Arizona State,Big 12,possessionTimeOpponent,5366
Arizona State,Big 12,puntReturns,5
Arizona State,Big 12,puntReturnsOpponent,3
Arizona State,Big 12,puntReturnTDs,0
Arizona State,Big 12,puntReturnTDsOpponent,1
Arizona State,Big 12,puntReturnYards,20
Arizona State,Big 12,puntReturnYardsOpponent,98
Arizona State,Big 12,rushingAttempts,107
Arizona State,Big 12,rushingAttemptsOpponent,101
Arizona State,Big 12,rushingTDs,5
Arizona State,Big 12,rushingTDsOpponent,2
Arizona State,Big 12,rushingYards,497
Arizona State,Big 12,rushingYardsOpponent,373
Arizona State,Big 12,sacks,5
Arizona State,Big 12,sacksOpponent,5
Arizona State,Big 12,tacklesForLoss,13
Arizona State,Big 12,tacklesForLossOpponent,14
Arizona State,Big 12,thirdDownConversions,12
Arizona State,Big 12,thirdDownConversionsOpponent,12
Arizona State,Big 12,thirdDowns,39
Arizona State,Big 12,thirdDownsOpponent,40
Arizona State,Big 12,totalYards,1278
Arizona State,Big 12,totalYardsOpponent,857
Arizona State,Big 12,turnovers,5
Arizona State,Big 12,turnoversOpponent,4
Arkansas,SEC,firstDowns,92
Arkansas,SEC,firstDownsOpponent,66
Arkansas,SEC,fourthDownConversions,4
Arkansas,SEC,fourthDownConversionsOpponent,3
Arkansas,SEC,fourthDowns,8
Arkansas,SEC,fourthDownsOpponent,5
Arkansas,SEC,fumblesLost,3
Arkansas,SEC,fumblesLostOpponent,3
Arkansas,SEC,fumblesRecovered,3
Arkansas,SEC,fumblesRecoveredOpponent,3
Arkansas,SEC,games,4
Arkansas,SEC,interceptions,3
Arkansas,SEC,interceptionsOpponent,1
Arkansas,SEC,interceptionTDs,0
Arkansas,SEC,interceptionTDsOpponent,0
Arkansas,SEC,interceptionYards,14
Arkansas,SEC,interceptionYardsOpponent,1
Arkansas,SEC,kickReturns,1
Arkansas,SEC,kickReturnsOpponent,2
Arkansas,SEC,kickReturnTDs,0
Arkansas,SEC,kickReturnTDsOpponent,0
Arkansas,SEC,kickReturnYards,25
Arkansas,SEC,kickReturnYardsOpponent,29
Arkansas,SEC,netPassingYards,1103
Arkansas,SEC,netPassingYardsOpponent,800
Arkansas,SEC,passAttempts,161
Arkansas,SEC,passAttemptsOpponent,105
Arkansas,SEC,passCompletions,99
Arkansas,SEC,passCompletionsOpponent,69
Arkansas,SEC,passesIntercepted,1
Arkansas,SEC,passesInterceptedOpponent,3
Arkansas,SEC,passingTDs,6
Arkansas,SEC,passingTDsOpponent,4
Arkansas,SEC,penalties,24
Arkansas,SEC,penaltiesOpponent,29
Arkansas,SEC,penaltyYards,202
Arkansas,SEC,penaltyYardsOpponent,233
Arkansas,SEC,possessionTime,8113
Arkansas,SEC,possessionTimeOpponent,6287
Arkansas,SEC,puntReturns,4
Arkansas,SEC,puntReturnsOpponent,1
Arkansas,SEC,puntReturnTDs,0
Arkansas,SEC,puntReturnTDsOpponent,0
Arkansas,SEC,puntReturnYards,33
Arkansas,SEC,puntReturnYardsOpponent,3
Arkansas,SEC,rushingAttempts,140
Arkansas,SEC,rushingAttemptsOpponent,119
Arkansas,SEC,rushingTDs,4
Arkansas,SEC,rushingTDsOpponent,11
Arkansas,SEC,rushingYards,358
Arkansas,SEC,rushingYardsOpponent,500
Arkansas,SEC,sacks,8
Arkansas,SEC,sacksOpponent,13
Arkansas,SEC,tacklesForLoss,17
Arkansas,SEC,tacklesForLossOpponent,25
Arkansas,SEC,thirdDownConversions,29
Arkansas,SEC,thirdDownConversionsOpponent,18
Arkansas,SEC,thirdDowns,62
Arkansas,SEC,thirdDownsOpponent,44
Arkansas,SEC,totalYards,1461
Arkansas,SEC,totalYardsOpponent,1300
Arkansas,SEC,turnovers,6
Arkansas,SEC,turnoversOpponent,4
Arkansas State,Sun Belt,firstDowns,76
Arkansas State,Sun Belt,firstDownsOpponent,77
Arkansas State,Sun Belt,fourthDownConversions,2
Arkansas State,Sun Belt,fourthDownConversionsOpponent,3
Arkansas State,Sun Belt,fourthDowns,5
Arkansas State,Sun Belt,fourthDownsOpponent,6
Arkansas State,Sun Belt,fumblesLost,1
Arkansas State,Sun Belt,fumblesLostOpponent,2
Arkansas State,Sun Belt,fumblesRecovered,2
Arkansas State,Sun Belt,fumblesRecoveredOpponent,1
Arkansas State,Sun Belt,games,4
Arkansas State,Sun Belt,interceptions,4
Arkansas State,Sun Belt,interceptionsOpponent,5
Arkansas State,Sun Belt,interceptionTDs,1
Arkansas State,Sun Belt,interceptionTDsOpponent,0
Arkansas State,Sun Belt,interceptionYards,132
Arkansas State,Sun Belt,interceptionYardsOpponent,37
Arkansas State,Sun Belt,kickReturns,2
Arkansas State,Sun Belt,kickReturnsOpponent,5
Arkansas State,Sun Belt,kickReturnTDs,0
Arkansas State,Sun Belt,kickReturnTDsOpponent,0
Arkansas State,Sun Belt,kickReturnYards,26
Arkansas State,Sun Belt,kickReturnYardsOpponent,105
Arkansas State,Sun Belt,netPassingYards,837
Arkansas State,Sun Belt,netPassingYardsOpponent,828
Arkansas State,Sun Belt,passAttempts,102
Arkansas State,Sun Belt,passAttemptsOpponent,102
Arkansas State,Sun Belt,passCompletions,69
Arkansas State,Sun Belt,passCompletionsOpponent,69
Arkansas State,Sun Belt,passesIntercepted,5
Arkansas State,Sun Belt,passesInterceptedOpponent,4
Arkansas State,Sun Belt,passingTDs,4
Arkansas State,Sun Belt,passingTDsOpponent,6
Arkansas State,Sun Belt,penalties,20
Arkansas State,Sun Belt,penaltiesOpponent,26
Arkansas State,Sun Belt,penaltyYards,162
Arkansas State,Sun Belt,penaltyYardsOpponent,242
Arkansas State,Sun Belt,possessionTime,7241
Arkansas State,Sun Belt,possessionTimeOpponent,7159
Arkansas State,Sun Belt,puntReturns,5
Arkansas State,Sun Belt,puntReturnsOpponent,4
Arkansas State,Sun Belt,puntReturnTDs,0
Arkansas State,Sun Belt,puntReturnTDsOpponent,0
Arkansas State,Sun Belt,puntReturnYards,34
Arkansas State,Sun Belt,puntReturnYardsOpponent,26
Arkansas State,Sun Belt,rushingAttempts,130
Arkansas State,Sun Belt,rushingAttemptsOpponent,149
Arkansas State,Sun Belt,rushingTDs,7
Arkansas State,Sun Belt,rushingTDsOpponent,7
Arkansas State,Sun Belt,rushingYards,612
Arkansas State,Sun Belt,rushingYardsOpponent,735
Arkansas State,Sun Belt,sacks,3
Arkansas State,Sun Belt,sacksOpponent,7
Arkansas State,Sun Belt,tacklesForLoss,15
Arkansas State,Sun Belt,tacklesForLossOpponent,15
Arkansas State,Sun Belt,thirdDownConversions,20
Arkansas State,Sun Belt,thirdDownConversionsOpponent,26
Arkansas State,Sun Belt,thirdDowns,44
Arkansas State,Sun Belt,thirdDownsOpponent,51
Arkansas State,Sun Belt,totalYards,1449
Arkansas State,Sun Belt,totalYardsOpponent,1563
Arkansas State,Sun Belt,turnovers,5
Arkansas State,Sun Belt,turnoversOpponent,7
Army,American Athletic,firstDowns,74
Army,American Athletic,firstDownsOpponent,47
Army,American Athletic,fourthDownConversions,5
Army,American Athletic,fourthDownConversionsOpponent,1
Army,American Athletic,fourthDowns,5
Army,American Athletic,fourthDownsOpponent,4
Army,American Athletic,fumblesLost,1
Army,American Athletic,fumblesLostOpponent,0
Army,American Athletic,fumblesRecovered,0
Army,American Athletic,fumblesRecoveredOpponent,1
Army,American Athletic,games,3
Army,American Athletic,interceptions,0
Army,American Athletic,interceptionsOpponent,0
Army,American Athletic,kickReturns,3
Army,American Athletic,kickReturnsOpponent,11
Army,American Athletic,kickReturnTDs,0
Army,American Athletic,kickReturnTDsOpponent,0
Army,American Athletic,kickReturnYards,52
Army,American Athletic,kickReturnYardsOpponent,170
Army,American Athletic,netPassingYards,243
Army,American Athletic,netPassingYardsOpponent,579
Army,American Athletic,passAttempts,30
Army,American Athletic,passAttemptsOpponent,73
Army,American Athletic,passCompletions,20
Army,American Athletic,passCompletionsOpponent,41
Army,American Athletic,passingTDs,2
Army,American Athletic,passingTDsOpponent,4
Army,American Athletic,penalties,10
Army,American Athletic,penaltiesOpponent,14
Army,American Athletic,penaltyYards,110
Army,American Athletic,penaltyYardsOpponent,88
Army,American Athletic,possessionTime,6405
Army,American Athletic,possessionTimeOpponent,4395
Army,American Athletic,puntReturns,6
Army,American Athletic,puntReturnsOpponent,3
Army,American Athletic,puntReturnTDs,0
Army,American Athletic,puntReturnTDsOpponent,0
Army,American Athletic,puntReturnYards,100
Army,American Athletic,puntReturnYardsOpponent,11
Army,American Athletic,rushingAttempts,165
Army,American Athletic,rushingAttemptsOpponent,87
Army,American Athletic,rushingTDs,12
Army,American Athletic,rushingTDsOpponent,2
Army,American Athletic,rushingYards,1067
Army,American Athletic,rushingYardsOpponent,414
Army,American Athletic,sacks,3
Army,American Athletic,sacksOpponent,1
Army,American Athletic,tacklesForLoss,10
Army,American Athletic,tacklesForLossOpponent,7
Army,American Athletic,thirdDownConversions,16
Army,American Athletic,thirdDownConversionsOpponent,12
Army,American Athletic,thirdDowns,32
Army,American Athletic,thirdDownsOpponent,34
Army,American Athletic,totalYards,1310
Army,American Athletic,totalYardsOpponent,993
Army,American Athletic,turnovers,1
Army,American Athletic,turnoversOpponent,0
Auburn,SEC,firstDowns,92
Auburn,SEC,firstDownsOpponent,85
Auburn,SEC,fourthDownConversions,5
Auburn,SEC,fourthDownConversionsOpponent,11
Auburn,SEC,fourthDowns,8
Auburn,SEC,fourthDownsOpponent,16
Auburn,SEC,fumblesLost,1
Auburn,SEC,fumblesLostOpponent,1
Auburn,SEC,fumblesRecovered,1
Auburn,SEC,fumblesRecoveredOpponent,1
Auburn,SEC,games,4
Auburn,SEC,interceptions,5
Auburn,SEC,interceptionsOpponent,5
Auburn,SEC,interceptionTDs,1
Auburn,SEC,interceptionTDsOpponent,0
Auburn,SEC,interceptionYards,43
Auburn,SEC,interceptionYardsOpponent,11
Auburn,SEC,kickReturns,5
Auburn,SEC,kickReturnTDs,0
Auburn,SEC,kickReturnYards,111
Auburn,SEC,netPassingYards,937
Auburn,SEC,netPassingYardsOpponent,955
Auburn,SEC,passAttempts,130
Auburn,SEC,passAttemptsOpponent,144
Auburn,SEC,passCompletions,84
Auburn,SEC,passCompletionsOpponent,87
Auburn,SEC,passesIntercepted,5
Auburn,SEC,passesInterceptedOpponent,5
Auburn,SEC,passingTDs,7
Auburn,SEC,passingTDsOpponent,4
Auburn,SEC,penalties,27
Auburn,SEC,penaltiesOpponent,40
Auburn,SEC,penaltyYards,229
Auburn,SEC,penaltyYardsOpponent,306
Auburn,SEC,possessionTime,6209
Auburn,SEC,possessionTimeOpponent,8191
Auburn,SEC,puntReturns,6
Auburn,SEC,puntReturnsOpponent,2
Auburn,SEC,puntReturnTDs,1
Auburn,SEC,puntReturnTDsOpponent,0
Auburn,SEC,puntReturnYards,41
Auburn,SEC,puntReturnYardsOpponent,13
Auburn,SEC,rushingAttempts,154
Auburn,SEC,rushingAttemptsOpponent,164
Auburn,SEC,rushingTDs,6
Auburn,SEC,rushingTDsOpponent,5
Auburn,SEC,rushingYards,714
Auburn,SEC,rushingYardsOpponent,508
Auburn,SEC,sacks,11
Auburn,SEC,sacksOpponent,14
Auburn,SEC,tacklesForLoss,29
Auburn,SEC,tacklesForLossOpponent,25
Auburn,SEC,thirdDownConversions,30
Auburn,SEC,thirdDownConversionsOpponent,23
Auburn,SEC,thirdDowns,60
Auburn,SEC,thirdDownsOpponent,67
Auburn,SEC,totalYards,1651
Auburn,SEC,totalYardsOpponent,1463
Auburn,SEC,turnovers,6
Auburn,SEC,turnoversOpponent,6
Ball State,Mid-American,firstDowns,65
Ball State,Mid-American,firstDownsOpponent,90
Ball State,Mid-American,fourthDownConversions,5
Ball State,Mid-American,fourthDownConversionsOpponent,6
Ball State,Mid-American,fourthDowns,7
Ball State,Mid-American,fourthDownsOpponent,7
Ball State,Mid-American,fumblesLost,1
Ball State,Mid-American,fumblesLostOpponent,1
Ball State,Mid-American,fumblesRecovered,1
Ball State,Mid-American,fumblesRecoveredOpponent,1
Ball State,Mid-American,games,4
Ball State,Mid-American,interceptions,2
Ball State,Mid-American,interceptionsOpponent,3
Ball State,Mid-American,interceptionTDs,0
Ball State,Mid-American,interceptionTDsOpponent,0
Ball State,Mid-American,interceptionYards,33
Ball State,Mid-American,interceptionYardsOpponent,2
Ball State,Mid-American,kickReturns,8
Ball State,Mid-American,kickReturnsOpponent,5
Ball State,Mid-American,kickReturnTDs,0
Ball State,Mid-American,kickReturnTDsOpponent,0
Ball State,Mid-American,kickReturnYards,107
Ball State,Mid-American,kickReturnYardsOpponent,89
Ball State,Mid-American,netPassingYards,633
Ball State,Mid-American,netPassingYardsOpponent,1018
Ball State,Mid-American,passAttempts,117
Ball State,Mid-American,passAttemptsOpponent,122
Ball State,Mid-American,passCompletions,73
Ball State,Mid-American,passCompletionsOpponent,85
Ball State,Mid-American,passesIntercepted,3
Ball State,Mid-American,passesInterceptedOpponent,2
Ball State,Mid-American,passingTDs,4
Ball State,Mid-American,passingTDsOpponent,11
Ball State,Mid-American,penalties,32
Ball State,Mid-American,penaltiesOpponent,31
Ball State,Mid-American,penaltyYards,281
Ball State,Mid-American,penaltyYardsOpponent,256
Ball State,Mid-American,possessionTime,6852
Ball State,Mid-American,possessionTimeOpponent,7548
Ball State,Mid-American,puntReturns,2
Ball State,Mid-American,puntReturnsOpponent,8
Ball State,Mid-American,puntReturnTDs,0
Ball State,Mid-American,puntReturnTDsOpponent,0
Ball State,Mid-American,puntReturnYards,38
Ball State,Mid-American,puntReturnYardsOpponent,15
Ball State,Mid-American,rushingAttempts,121
Ball State,Mid-American,rushingAttemptsOpponent,146
Ball State,Mid-American,rushingTDs,5
Ball State,Mid-American,rushingTDsOpponent,9
Ball State,Mid-American,rushingYards,485
Ball State,Mid-American,rushingYardsOpponent,797
Ball State,Mid-American,sacks,5
Ball State,Mid-American,sacksOpponent,10
Ball State,Mid-American,tacklesForLoss,18
Ball State,Mid-American,tacklesForLossOpponent,29
Ball State,Mid-American,thirdDownConversions,12
Ball State,Mid-American,thirdDownConversionsOpponent,25
Ball State,Mid-American,thirdDowns,47
Ball State,Mid-American,thirdDownsOpponent,53
Ball State,Mid-American,totalYards,1118
Ball State,Mid-American,totalYardsOpponent,1815
Ball State,Mid-American,turnovers,3
Ball State,Mid-American,turnoversOpponent,4
Baylor,Big 12,firstDowns,103
Baylor,Big 12,firstDownsOpponent,80
Baylor,Big 12,fourthDownConversions,7
Baylor,Big 12,fourthDownConversionsOpponent,1
Baylor,Big 12,fourthDowns,11
Baylor,Big 12,fourthDownsOpponent,7
Baylor,Big 12,fumblesLost,3
Baylor,Big 12,fumblesLostOpponent,3
Baylor,Big 12,fumblesRecovered,3
Baylor,Big 12,fumblesRecoveredOpponent,3
Baylor,Big 12,games,4
Baylor,Big 12,interceptions,5
Baylor,Big 12,interceptionsOpponent,4
Baylor,Big 12,interceptionTDs,0
Baylor,Big 12,interceptionTDsOpponent,0
Baylor,Big 12,interceptionYards,10
Baylor,Big 12,interceptionYardsOpponent,39
Baylor,Big 12,kickReturns,4
Baylor,Big 12,kickReturnsOpponent,5
Baylor,Big 12,kickReturnTDs,0
Baylor,Big 12,kickReturnTDsOpponent,0
Baylor,Big 12,kickReturnYards,105
Baylor,Big 12,kickReturnYardsOpponent,78
Baylor,Big 12,netPassingYards,1127
Baylor,Big 12,netPassingYardsOpponent,836
Baylor,Big 12,passAttempts,159
Baylor,Big 12,passAttemptsOpponent,148
Baylor,Big 12,passCompletions,92
Baylor,Big 12,passCompletionsOpponent,89
Baylor,Big 12,passesIntercepted,4
Baylor,Big 12,passesInterceptedOpponent,5
Baylor,Big 12,passingTDs,9
Baylor,Big 12,passingTDsOpponent,2
Baylor,Big 12,penalties,34
Baylor,Big 12,penaltiesOpponent,34
Baylor,Big 12,penaltyYards,299
Baylor,Big 12,penaltyYardsOpponent,297
Baylor,Big 12,possessionTime,7390
Baylor,Big 12,possessionTimeOpponent,7010
Baylor,Big 12,puntReturns,13
Baylor,Big 12,puntReturnsOpponent,2
Baylor,Big 12,puntReturnTDs,0
Baylor,Big 12,puntReturnTDsOpponent,0
Baylor,Big 12,puntReturnYards,165
Baylor,Big 12,puntReturnYardsOpponent,2
Baylor,Big 12,rushingAttempts,166
Baylor,Big 12,rushingAttemptsOpponent,139
Baylor,Big 12,rushingTDs,5
Baylor,Big 12,rushingTDsOpponent,4
Baylor,Big 12,rushingYards,616
Baylor,Big 12,rushingYardsOpponent,388
Baylor,Big 12,sacks,15
Baylor,Big 12,sacksOpponent,6
Baylor,Big 12,tacklesForLoss,36
Baylor,Big 12,tacklesForLossOpponent,29
Baylor,Big 12,thirdDownConversions,26
Baylor,Big 12,thirdDownConversionsOpponent,24
Baylor,Big 12,thirdDowns,66
Baylor,Big 12,thirdDownsOpponent,65
Baylor,Big 12,totalYards,1743
Baylor,Big 12,totalYardsOpponent,1224
Baylor,Big 12,turnovers,8
Baylor,Big 12,turnoversOpponent,7
Boise State,Pac-12,firstDowns,96
Boise State,Pac-12,firstDownsOpponent,58
Boise State,Pac-12,fourthDownConversions,4
Boise State,Pac-12,fourthDownConversionsOpponent,0
Boise State,Pac-12,fourthDowns,8
Boise State,Pac-12,fourthDownsOpponent,9
Boise State,Pac-12,fumblesLost,2
Boise State,Pac-12,fumblesLostOpponent,1
Boise State,Pac-12,fumblesRecovered,1
Boise State,Pac-12,fumblesRecoveredOpponent,2
Boise State,Pac-12,games,4
Boise State,Pac-12,interceptions,0
Boise State,Pac-12,interceptionsOpponent,4
Boise State,Pac-12,interceptionTDs,0
Boise State,Pac-12,interceptionYards,23
Boise State,Pac-12,kickReturns,2
Boise State,Pac-12,kickReturnsOpponent,7
Boise State,Pac-12,kickReturnTDs,0
Boise State,Pac-12,kickReturnTDsOpponent,0
Boise State,Pac-12,kickReturnYards,30
Boise State,Pac-12,kickReturnYardsOpponent,131
Boise State,Pac-12,netPassingYards,814
Boise State,Pac-12,netPassingYardsOpponent,1115
Boise State,Pac-12,passAttempts,111
Boise State,Pac-12,passAttemptsOpponent,121
Boise State,Pac-12,passCompletions,70
Boise State,Pac-12,passCompletionsOpponent,72
Boise State,Pac-12,passesIntercepted,4
Boise State,Pac-12,passingTDs,9
Boise State,Pac-12,passingTDsOpponent,7
Boise State,Pac-12,penalties,22
Boise State,Pac-12,penaltiesOpponent,23
Boise State,Pac-12,penaltyYards,209
Boise State,Pac-12,penaltyYardsOpponent,229
Boise State,Pac-12,possessionTime,8882
Boise State,Pac-12,possessionTimeOpponent,5518
Boise State,Pac-12,puntReturns,4
Boise State,Pac-12,puntReturnsOpponent,1
Boise State,Pac-12,puntReturnTDs,1
Boise State,Pac-12,puntReturnTDsOpponent,0
Boise State,Pac-12,puntReturnYards,71
Boise State,Pac-12,puntReturnYardsOpponent,1
Boise State,Pac-12,rushingAttempts,173
Boise State,Pac-12,rushingAttemptsOpponent,95
Boise State,Pac-12,rushingTDs,7
Boise State,Pac-12,rushingTDsOpponent,3
Boise State,Pac-12,rushingYards,948
Boise State,Pac-12,rushingYardsOpponent,403
Boise State,Pac-12,sacks,6
Boise State,Pac-12,sacksOpponent,4
Boise State,Pac-12,tacklesForLoss,24
Boise State,Pac-12,tacklesForLossOpponent,14
Boise State,Pac-12,thirdDownConversions,28
Boise State,Pac-12,thirdDownConversionsOpponent,10
Boise State,Pac-12,thirdDowns,56
Boise State,Pac-12,thirdDownsOpponent,43
Boise State,Pac-12,totalYards,1762
Boise State,Pac-12,totalYardsOpponent,1518
Boise State,Pac-12,turnovers,2
Boise State,Pac-12,turnoversOpponent,5
Boston College,ACC,firstDowns,73
Boston College,ACC,firstDownsOpponent,77
Boston College,ACC,fourthDownConversions,3
Boston College,ACC,fourthDownConversionsOpponent,4
Boston College,ACC,fourthDowns,9
Boston College,ACC,fourthDownsOpponent,10
Boston College,ACC,fumblesLost,2
Boston College,ACC,fumblesLostOpponent,2
Boston College,ACC,fumblesRecovered,2
Boston College,ACC,fumblesRecoveredOpponent,2
Boston College,ACC,games,4
Boston College,ACC,interceptions,5
Boston College,ACC,interceptionsOpponent,6
Boston College,ACC,interceptionTDs,0
Boston College,ACC,interceptionTDsOpponent,0
Boston College,ACC,interceptionYards,10
Boston College,ACC,interceptionYardsOpponent,55
Boston College,ACC,kickReturns,4
Boston College,ACC,kickReturnsOpponent,4
Boston College,ACC,kickReturnTDs,0
Boston College,ACC,kickReturnTDsOpponent,0
Boston College,ACC,kickReturnYards,66
Boston College,ACC,kickReturnYardsOpponent,78
Boston College,ACC,netPassingYards,759
Boston College,ACC,netPassingYardsOpponent,663
Boston College,ACC,passAttempts,108
Boston College,ACC,passAttemptsOpponent,109
Boston College,ACC,passCompletions,61
Boston College,ACC,passCompletionsOpponent,73
Boston College,ACC,passesIntercepted,6
Boston College,ACC,passesInterceptedOpponent,5
Boston College,ACC,passingTDs,3
Boston College,ACC,passingTDsOpponent,7
Boston College,ACC,penalties,24
Boston College,ACC,penaltiesOpponent,20
Boston College,ACC,penaltyYards,202
Boston College,ACC,penaltyYardsOpponent,173
Boston College,ACC,possessionTime,7078
Boston College,ACC,possessionTimeOpponent,7322
Boston College,ACC,puntReturns,3
Boston College,ACC,puntReturnsOpponent,7
Boston College,ACC,puntReturnTDs,0
Boston College,ACC,puntReturnTDsOpponent,0
Boston College,ACC,puntReturnYards,20
Boston College,ACC,puntReturnYardsOpponent,99
Boston College,ACC,rushingAttempts,147
Boston College,ACC,rushingAttemptsOpponent,163
Boston College,ACC,rushingTDs,6
Boston College,ACC,rushingTDsOpponent,4
Boston College,ACC,rushingYards,651
Boston College,ACC,rushingYardsOpponent,700
Boston College,ACC,sacks,10
Boston College,ACC,sacksOpponent,9
Boston College,ACC,tacklesForLoss,26
Boston College,ACC,tacklesForLossOpponent,23
Boston College,ACC,thirdDownConversions,14
Boston College,ACC,thirdDownConversionsOpponent,20
Boston College,ACC,thirdDowns,50
Boston College,ACC,thirdDownsOpponent,54
Boston College,ACC,totalYards,1410
Boston College,ACC,totalYardsOpponent,1363
Boston College,ACC,turnovers,7
Boston College,ACC,turnoversOpponent,8
Bowling Green,Mid-American,firstDowns,54
Bowling Green,Mid-American,firstDownsOpponent,88
Bowling Green,Mid-American,fourthDownConversions,3
Bowling Green,Mid-American,fourthDownConversionsOpponent,5
Bowling Green,Mid-American,fourthDowns,6
Bowling Green,Mid-American,fourthDownsOpponent,10
Bowling Green,Mid-American,fumblesLost,4
Bowling Green,Mid-American,fumblesLostOpponent,3
Bowling Green,Mid-American,fumblesRecovered,3
Bowling Green,Mid-American,fumblesRecoveredOpponent,4
Bowling Green,Mid-American,games,4
Bowling Green,Mid-American,interceptions,2
Bowling Green,Mid-American,interceptionsOpponent,2
Bowling Green,Mid-American,interceptionTDs,0
Bowling Green,Mid-American,interceptionTDsOpponent,0
Bowling Green,Mid-American,interceptionYards,0
Bowling Green,Mid-American,interceptionYardsOpponent,13
Bowling Green,Mid-American,kickReturns,10
Bowling Green,Mid-American,kickReturnsOpponent,7
Bowling Green,Mid-American,kickReturnTDs,0
Bowling Green,Mid-American,kickReturnTDsOpponent,1
Bowling Green,Mid-American,kickReturnYards,166
Bowling Green,Mid-American,kickReturnYardsOpponent,226
Bowling Green,Mid-American,netPassingYards,564
Bowling Green,Mid-American,netPassingYardsOpponent,682
Bowling Green,Mid-American,passAttempts,96
Bowling Green,Mid-American,passAttemptsOpponent,85
Bowling Green,Mid-American,passCompletions,59
Bowling Green,Mid-American,passCompletionsOpponent,61
Bowling Green,Mid-American,passesIntercepted,2
Bowling Green,Mid-American,passesInterceptedOpponent,2
Bowling Green,Mid-American,passingTDs,2
Bowling Green,Mid-American,passingTDsOpponent,8
Bowling Green,Mid-American,penalties,27
Bowling Green,Mid-American,penaltiesOpponent,24
Bowling Green,Mid-American,penaltyYards,222
Bowling Green,Mid-American,penaltyYardsOpponent,217
Bowling Green,Mid-American,possessionTime,7377
Bowling Green,Mid-American,possessionTimeOpponent,7023
Bowling Green,Mid-American,puntReturns,1
Bowling Green,Mid-American,puntReturnsOpponent,12
Bowling Green,Mid-American,puntReturnTDs,0
Bowling Green,Mid-American,puntReturnTDsOpponent,1
Bowling Green,Mid-American,puntReturnYards,10
Bowling Green,Mid-American,puntReturnYardsOpponent,155
Bowling Green,Mid-American,rushingAttempts,132
Bowling Green,Mid-American,rushingAttemptsOpponent,155
Bowling Green,Mid-American,rushingTDs,1
Bowling Green,Mid-American,rushingTDsOpponent,8
Bowling Green,Mid-American,rushingYards,364
Bowling Green,Mid-American,rushingYardsOpponent,1049
Bowling Green,Mid-American,sacks,9
Bowling Green,Mid-American,sacksOpponent,5
Bowling Green,Mid-American,tacklesForLoss,18
Bowling Green,Mid-American,tacklesForLossOpponent,27
Bowling Green,Mid-American,thirdDownConversions,15
Bowling Green,Mid-American,thirdDownConversionsOpponent,13
Bowling Green,Mid-American,thirdDowns,52
Bowling Green,Mid-American,thirdDownsOpponent,38
Bowling Green,Mid-American,totalYards,928
Bowling Green,Mid-American,totalYardsOpponent,1731
Bowling Green,Mid-American,turnovers,6
Bowling Green,Mid-American,turnoversOpponent,5
Buffalo,Mid-American,firstDowns,71
Buffalo,Mid-American,firstDownsOpponent,80
Buffalo,Mid-American,fourthDownConversions,3
Buffalo,Mid-American,fourthDownConversionsOpponent,2
Buffalo,Mid-American,fourthDowns,5
Buffalo,Mid-American,fourthDownsOpponent,8
Buffalo,Mid-American,fumblesLost,6
Buffalo,Mid-American,fumblesLostOpponent,1
Buffalo,Mid-American,fumblesRecovered,1
Buffalo,Mid-American,fumblesRecoveredOpponent,6
Buffalo,Mid-American,games,4
Buffalo,Mid-American,interceptions,3
Buffalo,Mid-American,interceptionsOpponent,1
Buffalo,Mid-American,interceptionTDs,0
Buffalo,Mid-American,interceptionTDsOpponent,0
Buffalo,Mid-American,interceptionYards,0
Buffalo,Mid-American,interceptionYardsOpponent,32
Buffalo,Mid-American,kickReturns,8
Buffalo,Mid-American,kickReturnsOpponent,3
Buffalo,Mid-American,kickReturnTDs,0
Buffalo,Mid-American,kickReturnTDsOpponent,0
Buffalo,Mid-American,kickReturnYards,125
Buffalo,Mid-American,kickReturnYardsOpponent,47
Buffalo,Mid-American,netPassingYards,638
Buffalo,Mid-American,netPassingYardsOpponent,1022
Buffalo,Mid-American,passAttempts,141
Buffalo,Mid-American,passAttemptsOpponent,135
Buffalo,Mid-American,passCompletions,73
Buffalo,Mid-American,passCompletionsOpponent,69
Buffalo,Mid-American,passesIntercepted,1
Buffalo,Mid-American,passesInterceptedOpponent,3
Buffalo,Mid-American,passingTDs,6
Buffalo,Mid-American,passingTDsOpponent,9
Buffalo,Mid-American,penalties,24
Buffalo,Mid-American,penaltiesOpponent,32
Buffalo,Mid-American,penaltyYards,258
Buffalo,Mid-American,penaltyYardsOpponent,274
Buffalo,Mid-American,possessionTime,7755
Buffalo,Mid-American,possessionTimeOpponent,7117
Buffalo,Mid-American,puntReturns,7
Buffalo,Mid-American,puntReturnsOpponent,13
Buffalo,Mid-American,puntReturnTDs,0
Buffalo,Mid-American,puntReturnTDsOpponent,0
Buffalo,Mid-American,puntReturnYards,49
Buffalo,Mid-American,puntReturnYardsOpponent,137
Buffalo,Mid-American,rushingAttempts,159
Buffalo,Mid-American,rushingAttemptsOpponent,133
Buffalo,Mid-American,rushingTDs,4
Buffalo,Mid-American,rushingTDsOpponent,7
Buffalo,Mid-American,rushingYards,625
Buffalo,Mid-American,rushingYardsOpponent,683
Buffalo,Mid-American,sacks,4
Buffalo,Mid-American,sacksOpponent,6
Buffalo,Mid-American,tacklesForLoss,17
Buffalo,Mid-American,tacklesForLossOpponent,22
Buffalo,Mid-American,thirdDownConversions,25
Buffalo,Mid-American,thirdDownConversionsOpponent,20
Buffalo,Mid-American,thirdDowns,71
Buffalo,Mid-American,thirdDownsOpponent,59
Buffalo,Mid-American,totalYards,1263
Buffalo,Mid-American,totalYardsOpponent,1705
Buffalo,Mid-American,turnovers,9
Buffalo,Mid-American,turnoversOpponent,2
BYU,Big 12,firstDowns,67
BYU,Big 12,firstDownsOpponent,48
BYU,Big 12,fourthDownConversions,0
BYU,Big 12,fourthDownConversionsOpponent,1
BYU,Big 12,fourthDowns,0
BYU,Big 12,fourthDownsOpponent,3
BYU,Big 12,fumblesLost,0
BYU,Big 12,fumblesLostOpponent,1
BYU,Big 12,fumblesRecovered,1
BYU,Big 12,fumblesRecoveredOpponent,0
BYU,Big 12,games,3
BYU,Big 12,interceptions,2
BYU,Big 12,interceptionsOpponent,5
BYU,Big 12,interceptionTDs,0
BYU,Big 12,interceptionTDsOpponent,0
BYU,Big 12,interceptionYards,55
BYU,Big 12,interceptionYardsOpponent,41
BYU,Big 12,kickReturns,3
BYU,Big 12,kickReturnsOpponent,1
BYU,Big 12,kickReturnTDs,1
BYU,Big 12,kickReturnTDsOpponent,0
BYU,Big 12,kickReturnYards,126
BYU,Big 12,kickReturnYardsOpponent,34
BYU,Big 12,netPassingYards,657
BYU,Big 12,netPassingYardsOpponent,585
BYU,Big 12,passAttempts,65
BYU,Big 12,passAttemptsOpponent,103
BYU,Big 12,passCompletions,45
BYU,Big 12,passCompletionsOpponent,63
BYU,Big 12,passesIntercepted,5
BYU,Big 12,passesInterceptedOpponent,2
BYU,Big 12,passingTDs,6
BYU,Big 12,passingTDsOpponent,3
BYU,Big 12,penalties,20
BYU,Big 12,penaltiesOpponent,12
BYU,Big 12,penaltyYards,179
BYU,Big 12,penaltyYardsOpponent,95
BYU,Big 12,possessionTime,5596
BYU,Big 12,possessionTimeOpponent,5204
BYU,Big 12,puntReturns,6
BYU,Big 12,puntReturnsOpponent,1
BYU,Big 12,puntReturnTDs,0
BYU,Big 12,puntReturnTDsOpponent,0
BYU,Big 12,puntReturnYards,100
BYU,Big 12,puntReturnYardsOpponent,5
BYU,Big 12,rushingAttempts,117
BYU,Big 12,rushingAttemptsOpponent,80
BYU,Big 12,rushingTDs,11
BYU,Big 12,rushingTDsOpponent,3
BYU,Big 12,rushingYards,788
BYU,Big 12,rushingYardsOpponent,228
BYU,Big 12,sacks,4
BYU,Big 12,sacksOpponent,2
BYU,Big 12,tacklesForLoss,16
BYU,Big 12,tacklesForLossOpponent,3
BYU,Big 12,thirdDownConversions,19
BYU,Big 12,thirdDownConversionsOpponent,17
BYU,Big 12,thirdDowns,31
BYU,Big 12,thirdDownsOpponent,39
BYU,Big 12,totalYards,1445
BYU,Big 12,totalYardsOpponent,813
BYU,Big 12,turnovers,2
BYU,Big 12,turnoversOpponent,6
California,ACC,firstDowns,80
California,ACC,firstDownsOpponent,80
California,ACC,fourthDownConversions,2
California,ACC,fourthDownConversionsOpponent,4
California,ACC,fourthDowns,9
California,ACC,fourthDownsOpponent,4
California,ACC,fumblesLost,3
California,ACC,fumblesLostOpponent,1
California,ACC,fumblesRecovered,1
California,ACC,fumblesRecoveredOpponent,3
California,ACC,games,4
California,ACC,interceptions,4
California,ACC,interceptionsOpponent,6
California,ACC,interceptionTDs,1
California,ACC,interceptionTDsOpponent,0
California,ACC,interceptionYards,80
California,ACC,interceptionYardsOpponent,19
California,ACC,kickReturns,4
California,ACC,kickReturnsOpponent,10
California,ACC,kickReturnTDs,0
California,ACC,kickReturnTDsOpponent,0
California,ACC,kickReturnYards,73
California,ACC,kickReturnYardsOpponent,255
California,ACC,netPassingYards,1110
California,ACC,netPassingYardsOpponent,696
California,ACC,passAttempts,154
California,ACC,passAttemptsOpponent,125
California,ACC,passCompletions,99
California,ACC,passCompletionsOpponent,67
California,ACC,passesIntercepted,6
California,ACC,passesInterceptedOpponent,4
California,ACC,passingTDs,7
California,ACC,passingTDsOpponent,2
California,ACC,penalties,31
California,ACC,penaltiesOpponent,37
California,ACC,penaltyYards,287
California,ACC,penaltyYardsOpponent,345
California,ACC,possessionTime,7104
California,ACC,possessionTimeOpponent,7296
California,ACC,puntReturns,4
California,ACC,puntReturnsOpponent,6
California,ACC,puntReturnTDs,0
California,ACC,puntReturnTDsOpponent,1
California,ACC,puntReturnYards,7
California,ACC,puntReturnYardsOpponent,130
California,ACC,rushingAttempts,121
California,ACC,rushingAttemptsOpponent,144
California,ACC,rushingTDs,4
California,ACC,rushingTDsOpponent,9
California,ACC,rushingYards,406
California,ACC,rushingYardsOpponent,762
California,ACC,sacks,7
California,ACC,sacksOpponent,5
California,ACC,tacklesForLoss,14
California,ACC,tacklesForLossOpponent,21
California,ACC,thirdDownConversions,20
California,ACC,thirdDownConversionsOpponent,24
California,ACC,thirdDowns,54
California,ACC,thirdDownsOpponent,58
California,ACC,totalYards,1516
California,ACC,totalYardsOpponent,1458
California,ACC,turnovers,7
California,ACC,turnoversOpponent,7
Central Michigan,Mid-American,firstDowns,55
Central Michigan,Mid-American,firstDownsOpponent,91
Central Michigan,Mid-American,fourthDownConversions,8
Central Michigan,Mid-American,fourthDownConversionsOpponent,4
Central Michigan,Mid-American,fourthDowns,9
Central Michigan,Mid-American,fourthDownsOpponent,5
Central Michigan,Mid-American,fumblesLost,4
Central Michigan,Mid-American,fumblesLostOpponent,2
Central Michigan,Mid-American,fumblesRecovered,2
Central Michigan,Mid-American,fumblesRecoveredOpponent,4
Central Michigan,Mid-American,games,4
Central Michigan,Mid-American,interceptions,4
Central Michigan,Mid-American,interceptionsOpponent,4
Central Michigan,Mid-American,interceptionTDs,0
Central Michigan,Mid-American,interceptionTDsOpponent,0
Central Michigan,Mid-American,interceptionYards,43
Central Michigan,Mid-American,interceptionYardsOpponent,59
Central Michigan,Mid-American,kickReturns,2
Central Michigan,Mid-American,kickReturnsOpponent,5
Central Michigan,Mid-American,kickReturnTDs,0
Central Michigan,Mid-American,kickReturnTDsOpponent,0
Central Michigan,Mid-American,kickReturnYards,49
Central Michigan,Mid-American,kickReturnYardsOpponent,110
Central Michigan,Mid-American,netPassingYards,275
Central Michigan,Mid-American,netPassingYardsOpponent,834
Central Michigan,Mid-American,passAttempts,70
Central Michigan,Mid-American,passAttemptsOpponent,121
Central Michigan,Mid-American,passCompletions,42
Central Michigan,Mid-American,passCompletionsOpponent,75
Central Michigan,Mid-American,passesIntercepted,4
Central Michigan,Mid-American,passesInterceptedOpponent,4
Central Michigan,Mid-American,passingTDs,0
Central Michigan,Mid-American,passingTDsOpponent,4
Central Michigan,Mid-American,penalties,24
Central Michigan,Mid-American,penaltiesOpponent,27
Central Michigan,Mid-American,penaltyYards,222
Central Michigan,Mid-American,penaltyYardsOpponent,237
Central Michigan,Mid-American,possessionTime,7190
Central Michigan,Mid-American,possessionTimeOpponent,7210
Central Michigan,Mid-American,puntReturns,1
Central Michigan,Mid-American,puntReturnsOpponent,6
Central Michigan,Mid-American,puntReturnTDs,0
Central Michigan,Mid-American,puntReturnTDsOpponent,0
Central Michigan,Mid-American,puntReturnYards,8
Central Michigan,Mid-American,puntReturnYardsOpponent,101
Central Michigan,Mid-American,rushingAttempts,158
Central Michigan,Mid-American,rushingAttemptsOpponent,137
Central Michigan,Mid-American,rushingTDs,6
Central Michigan,Mid-American,rushingTDsOpponent,9
Central Michigan,Mid-American,rushingYards,679
Central Michigan,Mid-American,rushingYardsOpponent,663
Central Michigan,Mid-American,sacks,5
Central Michigan,Mid-American,sacksOpponent,10
Central Michigan,Mid-American,tacklesForLoss,11
Central Michigan,Mid-American,tacklesForLossOpponent,18
Central Michigan,Mid-American,thirdDownConversions,19
Central Michigan,Mid-American,thirdDownConversionsOpponent,24
Central Michigan,Mid-American,thirdDowns,54
Central Michigan,Mid-American,thirdDownsOpponent,49
Central Michigan,Mid-American,totalYards,954
Central Michigan,Mid-American,totalYardsOpponent,1497
Central Michigan,Mid-American,turnovers,8
Central Michigan,Mid-American,turnoversOpponent,6
Charlotte,American Athletic,firstDowns,59
Charlotte,American Athletic,firstDownsOpponent,84
Charlotte,American Athletic,fourthDownConversions,3
Charlotte,American Athletic,fourthDownConversionsOpponent,4
Charlotte,American Athletic,fourthDowns,8
Charlotte,American Athletic,fourthDownsOpponent,5
Charlotte,American Athletic,fumblesLost,3
Charlotte,American Athletic,fumblesLostOpponent,2
Charlotte,American Athletic,fumblesRecovered,2
Charlotte,American Athletic,fumblesRecoveredOpponent,3
Charlotte,American Athletic,games,4
Charlotte,American Athletic,interceptions,6
Charlotte,American Athletic,interceptionsOpponent,2
Charlotte,American Athletic,interceptionTDs,1
Charlotte,American Athletic,interceptionTDsOpponent,0
Charlotte,American Athletic,interceptionYards,36
Charlotte,American Athletic,interceptionYardsOpponent,64
Charlotte,American Athletic,kickReturns,6
Charlotte,American Athletic,kickReturnsOpponent,3
Charlotte,American Athletic,kickReturnTDs,0
Charlotte,American Athletic,kickReturnTDsOpponent,0
Charlotte,American Athletic,kickReturnYards,114
Charlotte,American Athletic,kickReturnYardsOpponent,43
Charlotte,American Athletic,netPassingYards,823
Charlotte,American Athletic,netPassingYardsOpponent,929
Charlotte,American Athletic,passAttempts,134
Charlotte,American Athletic,passAttemptsOpponent,119
Charlotte,American Athletic,passCompletions,87
Charlotte,American Athletic,passCompletionsOpponent,85
Charlotte,American Athletic,passesIntercepted,2
Charlotte,American Athletic,passesInterceptedOpponent,6
Charlotte,American Athletic,passingTDs,3
Charlotte,American Athletic,passingTDsOpponent,5
Charlotte,American Athletic,penalties,31
Charlotte,American Athletic,penaltiesOpponent,25
Charlotte,American Athletic,penaltyYards,211
Charlotte,American Athletic,penaltyYardsOpponent,210
Charlotte,American Athletic,possessionTime,6788
Charlotte,American Athletic,possessionTimeOpponent,7612
Charlotte,American Athletic,puntReturns,4
Charlotte,American Athletic,puntReturnsOpponent,6
Charlotte,American Athletic,puntReturnTDs,0
Charlotte,American Athletic,puntReturnTDsOpponent,0
Charlotte,American Athletic,puntReturnYards,10
Charlotte,American Athletic,puntReturnYardsOpponent,88
Charlotte,American Athletic,rushingAttempts,106
Charlotte,American Athletic,rushingAttemptsOpponent,156
Charlotte,American Athletic,rushingTDs,5
Charlotte,American Athletic,rushingTDsOpponent,13
Charlotte,American Athletic,rushingYards,421
Charlotte,American Athletic,rushingYardsOpponent,618
Charlotte,American Athletic,sacks,6
Charlotte,American Athletic,sacksOpponent,4
Charlotte,American Athletic,tacklesForLoss,26
Charlotte,American Athletic,tacklesForLossOpponent,21
Charlotte,American Athletic,thirdDownConversions,16
Charlotte,American Athletic,thirdDownConversionsOpponent,20
Charlotte,American Athletic,thirdDowns,52
Charlotte,American Athletic,thirdDownsOpponent,49
Charlotte,American Athletic,totalYards,1244
Charlotte,American Athletic,totalYardsOpponent,1547
Charlotte,American Athletic,turnovers,9
Charlotte,American Athletic,turnoversOpponent,4
Cincinnati,Big 12,firstDowns,90
Cincinnati,Big 12,firstDownsOpponent,82
Cincinnati,Big 12,fourthDownConversions,5
Cincinnati,Big 12,fourthDownConversionsOpponent,2
Cincinnati,Big 12,fourthDowns,7
Cincinnati,Big 12,fourthDownsOpponent,6
Cincinnati,Big 12,fumblesLost,2
Cincinnati,Big 12,fumblesLostOpponent,3
Cincinnati,Big 12,fumblesRecovered,3
Cincinnati,Big 12,fumblesRecoveredOpponent,2
Cincinnati,Big 12,games,4
Cincinnati,Big 12,interceptions,0
Cincinnati,Big 12,interceptionsOpponent,3
Cincinnati,Big 12,interceptionTDs,0
Cincinnati,Big 12,interceptionYards,0
Cincinnati,Big 12,kickReturns,8
Cincinnati,Big 12,kickReturnsOpponent,9
Cincinnati,Big 12,kickReturnTDs,0
Cincinnati,Big 12,kickReturnTDsOpponent,1
Cincinnati,Big 12,kickReturnYards,166
Cincinnati,Big 12,kickReturnYardsOpponent,219
Cincinnati,Big 12,netPassingYards,831
Cincinnati,Big 12,netPassingYardsOpponent,1016
Cincinnati,Big 12,passAttempts,102
Cincinnati,Big 12,passAttemptsOpponent,150
Cincinnati,Big 12,passCompletions,78
Cincinnati,Big 12,passCompletionsOpponent,89
Cincinnati,Big 12,passesIntercepted,3
Cincinnati,Big 12,passingTDs,6
Cincinnati,Big 12,passingTDsOpponent,3
Cincinnati,Big 12,penalties,30
Cincinnati,Big 12,penaltiesOpponent,26
Cincinnati,Big 12,penaltyYards,286
Cincinnati,Big 12,penaltyYardsOpponent,189
Cincinnati,Big 12,possessionTime,7286
Cincinnati,Big 12,possessionTimeOpponent,7114
Cincinnati,Big 12,puntReturns,8
Cincinnati,Big 12,puntReturnsOpponent,3
Cincinnati,Big 12,puntReturnTDs,0
Cincinnati,Big 12,puntReturnTDsOpponent,0
Cincinnati,Big 12,puntReturnYards,80
Cincinnati,Big 12,puntReturnYardsOpponent,0
Cincinnati,Big 12,rushingAttempts,166
Cincinnati,Big 12,rushingAttemptsOpponent,116
Cincinnati,Big 12,rushingTDs,16
Cincinnati,Big 12,rushingTDsOpponent,6
Cincinnati,Big 12,rushingYards,1080
Cincinnati,Big 12,rushingYardsOpponent,470
Cincinnati,Big 12,sacks,7
Cincinnati,Big 12,sacksOpponent,5
Cincinnati,Big 12,tacklesForLoss,20
Cincinnati,Big 12,tacklesForLossOpponent,21
Cincinnati,Big 12,thirdDownConversions,24
Cincinnati,Big 12,thirdDownConversionsOpponent,22
Cincinnati,Big 12,thirdDowns,48
Cincinnati,Big 12,thirdDownsOpponent,54
Cincinnati,Big 12,totalYards,1911
Cincinnati,Big 12,totalYardsOpponent,1486
Cincinnati,Big 12,turnovers,2
Cincinnati,Big 12,turnoversOpponent,6
Clemson,ACC,firstDowns,73
Clemson,ACC,firstDownsOpponent,85
Clemson,ACC,fourthDownConversions,3
Clemson,ACC,fourthDownConversionsOpponent,2
Clemson,ACC,fourthDowns,3
Clemson,ACC,fourthDownsOpponent,7
Clemson,ACC,fumblesLost,3
Clemson,ACC,fumblesLostOpponent,2
Clemson,ACC,fumblesRecovered,2
Clemson,ACC,fumblesRecoveredOpponent,3
Clemson,ACC,games,4
Clemson,ACC,interceptions,4
Clemson,ACC,interceptionsOpponent,4
Clemson,ACC,interceptionTDs,0
Clemson,ACC,interceptionTDsOpponent,1
Clemson,ACC,interceptionYards,8
Clemson,ACC,interceptionYardsOpponent,30
Clemson,ACC,kickReturns,11
Clemson,ACC,kickReturnsOpponent,3
Clemson,ACC,kickReturnTDs,0
Clemson,ACC,kickReturnTDsOpponent,0
Clemson,ACC,kickReturnYards,239
Clemson,ACC,kickReturnYardsOpponent,45
Clemson,ACC,netPassingYards,625
Clemson,ACC,netPassingYardsOpponent,859
Clemson,ACC,passAttempts,108
Clemson,ACC,passAttemptsOpponent,144
Clemson,ACC,passCompletions,67
Clemson,ACC,passCompletionsOpponent,79
Clemson,ACC,passesIntercepted,4
Clemson,ACC,passesInterceptedOpponent,4
Clemson,ACC,passingTDs,2
Clemson,ACC,passingTDsOpponent,4
Clemson,ACC,penalties,25
Clemson,ACC,penaltiesOpponent,27
Clemson,ACC,penaltyYards,229
Clemson,ACC,penaltyYardsOpponent,248
Clemson,ACC,possessionTime,6968
Clemson,ACC,possessionTimeOpponent,7432
Clemson,ACC,puntReturns,8
Clemson,ACC,puntReturnsOpponent,3
Clemson,ACC,puntReturnTDs,1
Clemson,ACC,puntReturnTDsOpponent,0
Clemson,ACC,puntReturnYards,117
Clemson,ACC,puntReturnYardsOpponent,13
Clemson,ACC,rushingAttempts,150
Clemson,ACC,rushingAttemptsOpponent,142
Clemson,ACC,rushingTDs,5
Clemson,ACC,rushingTDsOpponent,5
Clemson,ACC,rushingYards,631
Clemson,ACC,rushingYardsOpponent,631
Clemson,ACC,sacks,8
Clemson,ACC,sacksOpponent,11
Clemson,ACC,tacklesForLoss,16
Clemson,ACC,tacklesForLossOpponent,33
Clemson,ACC,thirdDownConversions,15
Clemson,ACC,thirdDownConversionsOpponent,23
Clemson,ACC,thirdDowns,55
Clemson,ACC,thirdDownsOpponent,59
Clemson,ACC,totalYards,1256
Clemson,ACC,totalYardsOpponent,1490
Clemson,ACC,turnovers,7
Clemson,ACC,turnoversOpponent,6
Coastal Carolina,Sun Belt,firstDowns,84
Coastal Carolina,Sun Belt,firstDownsOpponent,75
Coastal Carolina,Sun Belt,fourthDownConversions,3
Coastal Carolina,Sun Belt,fourthDownConversionsOpponent,2
Coastal Carolina,Sun Belt,fourthDowns,8
Coastal Carolina,Sun Belt,fourthDownsOpponent,3
Coastal Carolina,Sun Belt,fumblesLost,4
Coastal Carolina,Sun Belt,fumblesLostOpponent,4
Coastal Carolina,Sun Belt,fumblesRecovered,3
Coastal Carolina,Sun Belt,fumblesRecoveredOpponent,4
Coastal Carolina,Sun Belt,games,4
Coastal Carolina,Sun Belt,interceptions,2
Coastal Carolina,Sun Belt,interceptionsOpponent,3
Coastal Carolina,Sun Belt,interceptionTDs,0
Coastal Carolina,Sun Belt,interceptionTDsOpponent,0
Coastal Carolina,Sun Belt,interceptionYards,0
Coastal Carolina,Sun Belt,interceptionYardsOpponent,0
Coastal Carolina,Sun Belt,kickReturns,6
Coastal Carolina,Sun Belt,kickReturnsOpponent,9
Coastal Carolina,Sun Belt,kickReturnTDs,0
Coastal Carolina,Sun Belt,kickReturnTDsOpponent,0
Coastal Carolina,Sun Belt,kickReturnYards,145
Coastal Carolina,Sun Belt,kickReturnYardsOpponent,154
Coastal Carolina,Sun Belt,netPassingYards,1045
Coastal Carolina,Sun Belt,netPassingYardsOpponent,757
Coastal Carolina,Sun Belt,passAttempts,126
Coastal Carolina,Sun Belt,passAttemptsOpponent,85
Coastal Carolina,Sun Belt,passCompletions,67
Coastal Carolina,Sun Belt,passCompletionsOpponent,56
Coastal Carolina,Sun Belt,passesIntercepted,3
Coastal Carolina,Sun Belt,passesInterceptedOpponent,2
Coastal Carolina,Sun Belt,passingTDs,10
Coastal Carolina,Sun Belt,passingTDsOpponent,7
Coastal Carolina,Sun Belt,penalties,36
Coastal Carolina,Sun Belt,penaltiesOpponent,26
Coastal Carolina,Sun Belt,penaltyYards,257
Coastal Carolina,Sun Belt,penaltyYardsOpponent,255
Coastal Carolina,Sun Belt,possessionTime,6730
Coastal Carolina,Sun Belt,possessionTimeOpponent,7670
Coastal Carolina,Sun Belt,puntReturns,6
Coastal Carolina,Sun Belt,puntReturnsOpponent,1
Coastal Carolina,Sun Belt,puntReturnTDs,0
Coastal Carolina,Sun Belt,puntReturnTDsOpponent,0
Coastal Carolina,Sun Belt,puntReturnYards,89
Coastal Carolina,Sun Belt,puntReturnYardsOpponent,1
Coastal Carolina,Sun Belt,rushingAttempts,134
Coastal Carolina,Sun Belt,rushingAttemptsOpponent,170
Coastal Carolina,Sun Belt,rushingTDs,3
Coastal Carolina,Sun Belt,rushingTDsOpponent,5
Coastal Carolina,Sun Belt,rushingYards,517
Coastal Carolina,Sun Belt,rushingYardsOpponent,751
Coastal Carolina,Sun Belt,sacks,10
Coastal Carolina,Sun Belt,sacksOpponent,15
Coastal Carolina,Sun Belt,tacklesForLoss,20
Coastal Carolina,Sun Belt,tacklesForLossOpponent,24
Coastal Carolina,Sun Belt,thirdDownConversions,19
Coastal Carolina,Sun Belt,thirdDownConversionsOpponent,20
Coastal Carolina,Sun Belt,thirdDowns,49
Coastal Carolina,Sun Belt,thirdDownsOpponent,50
Coastal Carolina,Sun Belt,totalYards,1562
Coastal Carolina,Sun Belt,totalYardsOpponent,1508
Coastal Carolina,Sun Belt,turnovers,6
Coastal Carolina,Sun Belt,turnoversOpponent,7
Colorado,Big 12,firstDowns,87
Colorado,Big 12,firstDownsOpponent,83
Colorado,Big 12,fourthDownConversions,4
Colorado,Big 12,fourthDownConversionsOpponent,1
Colorado,Big 12,fourthDowns,10
Colorado,Big 12,fourthDownsOpponent,4
Colorado,Big 12,fumblesLost,5
Colorado,Big 12,fumblesLostOpponent,3
Colorado,Big 12,fumblesRecovered,3
Colorado,Big 12,fumblesRecoveredOpponent,5
Colorado,Big 12,games,4
Colorado,Big 12,interceptions,2
Colorado,Big 12,interceptionsOpponent,2
Colorado,Big 12,interceptionTDs,0
Colorado,Big 12,interceptionTDsOpponent,0
Colorado,Big 12,interceptionYards,0
Colorado,Big 12,interceptionYardsOpponent,22
Colorado,Big 12,kickReturns,10
Colorado,Big 12,kickReturnsOpponent,8
Colorado,Big 12,kickReturnTDs,0
Colorado,Big 12,kickReturnTDsOpponent,1
Colorado,Big 12,kickReturnYards,169
Colorado,Big 12,kickReturnYardsOpponent,265
Colorado,Big 12,netPassingYards,970
Colorado,Big 12,netPassingYardsOpponent,944
Colorado,Big 12,passAttempts,133
Colorado,Big 12,passAttemptsOpponent,137
Colorado,Big 12,passCompletions,83
Colorado,Big 12,passCompletionsOpponent,75
Colorado,Big 12,passesIntercepted,2
Colorado,Big 12,passesInterceptedOpponent,2
Colorado,Big 12,passingTDs,7
Colorado,Big 12,passingTDsOpponent,8
Colorado,Big 12,penalties,37
Colorado,Big 12,penaltiesOpponent,33
Colorado,Big 12,penaltyYards,329
Colorado,Big 12,penaltyYardsOpponent,248
Colorado,Big 12,possessionTime,7127
Colorado,Big 12,possessionTimeOpponent,7273
Colorado,Big 12,puntReturns,6
Colorado,Big 12,puntReturnsOpponent,11
Colorado,Big 12,puntReturnTDs,0
Colorado,Big 12,puntReturnTDsOpponent,0
Colorado,Big 12,puntReturnYards,14
Colorado,Big 12,puntReturnYardsOpponent,141
Colorado,Big 12,rushingAttempts,159
Colorado,Big 12,rushingAttemptsOpponent,145
Colorado,Big 12,rushingTDs,4
Colorado,Big 12,rushingTDsOpponent,2
Colorado,Big 12,rushingYards,626
Colorado,Big 12,rushingYardsOpponent,476
Colorado,Big 12,sacks,8
Colorado,Big 12,sacksOpponent,10
Colorado,Big 12,tacklesForLoss,33
Colorado,Big 12,tacklesForLossOpponent,29
Colorado,Big 12,thirdDownConversions,20
Colorado,Big 12,thirdDownConversionsOpponent,24
Colorado,Big 12,thirdDowns,57
Colorado,Big 12,thirdDownsOpponent,60
Colorado,Big 12,totalYards,1596
Colorado,Big 12,totalYardsOpponent,1420
Colorado,Big 12,turnovers,7
Colorado,Big 12,turnoversOpponent,5
Colorado State,Pac-12,firstDowns,79
Colorado State,Pac-12,firstDownsOpponent,81
Colorado State,Pac-12,fourthDownConversions,7
Colorado State,Pac-12,fourthDownConversionsOpponent,0
Colorado State,Pac-12,fourthDowns,10
Colorado State,Pac-12,fourthDownsOpponent,1
Colorado State,Pac-12,fumblesLost,0
Colorado State,Pac-12,fumblesLostOpponent,3
Colorado State,Pac-12,fumblesRecovered,3
Colorado State,Pac-12,fumblesRecoveredOpponent,0
Colorado State,Pac-12,games,4
Colorado State,Pac-12,interceptions,3
Colorado State,Pac-12,interceptionsOpponent,7
Colorado State,Pac-12,interceptionTDs,0
Colorado State,Pac-12,interceptionTDsOpponent,0
Colorado State,Pac-12,interceptionYards,51
Colorado State,Pac-12,interceptionYardsOpponent,20
Colorado State,Pac-12,kickReturns,4
Colorado State,Pac-12,kickReturnsOpponent,15
Colorado State,Pac-12,kickReturnTDs,1
Colorado State,Pac-12,kickReturnTDsOpponent,1
Colorado State,Pac-12,kickReturnYards,157
Colorado State,Pac-12,kickReturnYardsOpponent,454
Colorado State,Pac-12,netPassingYards,1188
Colorado State,Pac-12,netPassingYardsOpponent,896
Colorado State,Pac-12,passAttempts,158
Colorado State,Pac-12,passAttemptsOpponent,91
Colorado State,Pac-12,passCompletions,100
Colorado State,Pac-12,passCompletionsOpponent,57
Colorado State,Pac-12,passesIntercepted,7
Colorado State,Pac-12,passesInterceptedOpponent,3
Colorado State,Pac-12,passingTDs,13
Colorado State,Pac-12,passingTDsOpponent,4
Colorado State,Pac-12,penalties,20
Colorado State,Pac-12,penaltiesOpponent,23
Colorado State,Pac-12,penaltyYards,142
Colorado State,Pac-12,penaltyYardsOpponent,208
Colorado State,Pac-12,possessionTime,6834
Colorado State,Pac-12,possessionTimeOpponent,7566
Colorado State,Pac-12,puntReturns,5
Colorado State,Pac-12,puntReturnsOpponent,11
Colorado State,Pac-12,puntReturnTDs,0
Colorado State,Pac-12,puntReturnTDsOpponent,0
Colorado State,Pac-12,puntReturnYards,71
Colorado State,Pac-12,puntReturnYardsOpponent,70
Colorado State,Pac-12,rushingAttempts,121
Colorado State,Pac-12,rushingAttemptsOpponent,156
Colorado State,Pac-12,rushingTDs,7
Colorado State,Pac-12,rushingTDsOpponent,12
Colorado State,Pac-12,rushingYards,688
Colorado State,Pac-12,rushingYardsOpponent,920
Colorado State,Pac-12,sacks,6
Colorado State,Pac-12,sacksOpponent,2
Colorado State,Pac-12,tacklesForLoss,21
Colorado State,Pac-12,tacklesForLossOpponent,22
Colorado State,Pac-12,thirdDownConversions,28
Colorado State,Pac-12,thirdDownConversionsOpponent,19
Colorado State,Pac-12,thirdDowns,61
Colorado State,Pac-12,thirdDownsOpponent,47
Colorado State,Pac-12,totalYards,1876
Colorado State,Pac-12,totalYardsOpponent,1816
Colorado State,Pac-12,turnovers,3
Colorado State,Pac-12,turnoversOpponent,10
Delaware,Conference USA,firstDowns,79
Delaware,Conference USA,firstDownsOpponent,85
Delaware,Conference USA,fourthDownConversions,3
Delaware,Conference USA,fourthDownConversionsOpponent,7
Delaware,Conference USA,fourthDowns,5
Delaware,Conference USA,fourthDownsOpponent,13
Delaware,Conference USA,fumblesLost,0
Delaware,Conference USA,fumblesLostOpponent,5
Delaware,Conference USA,fumblesRecovered,5
Delaware,Conference USA,fumblesRecoveredOpponent,0
Delaware,Conference USA,games,4
Delaware,Conference USA,interceptions,5
Delaware,Conference USA,interceptionsOpponent,1
Delaware,Conference USA,interceptionTDs,0
Delaware,Conference USA,interceptionTDsOpponent,0
Delaware,Conference USA,interceptionYards,0
Delaware,Conference USA,interceptionYardsOpponent,10
Delaware,Conference USA,kickReturns,6
Delaware,Conference USA,kickReturnsOpponent,11
Delaware,Conference USA,kickReturnTDs,0
Delaware,Conference USA,kickReturnTDsOpponent,0
Delaware,Conference USA,kickReturnYards,95
Delaware,Conference USA,kickReturnYardsOpponent,230
Delaware,Conference USA,netPassingYards,1048
Delaware,Conference USA,netPassingYardsOpponent,1122
Delaware,Conference USA,passAttempts,135
Delaware,Conference USA,passAttemptsOpponent,146
Delaware,Conference USA,passCompletions,70
Delaware,Conference USA,passCompletionsOpponent,87
Delaware,Conference USA,passesIntercepted,1
Delaware,Conference USA,passesInterceptedOpponent,5
Delaware,Conference USA,passingTDs,6
Delaware,Conference USA,passingTDsOpponent,8
Delaware,Conference USA,penalties,17
Delaware,Conference USA,penaltiesOpponent,25
Delaware,Conference USA,penaltyYards,161
Delaware,Conference USA,penaltyYardsOpponent,182
Delaware,Conference USA,possessionTime,6875
Delaware,Conference USA,possessionTimeOpponent,7472
Delaware,Conference USA,puntReturns,6
Delaware,Conference USA,puntReturnsOpponent,8
Delaware,Conference USA,puntReturnTDs,1
Delaware,Conference USA,puntReturnTDsOpponent,1
Delaware,Conference USA,puntReturnYards,36
Delaware,Conference USA,puntReturnYardsOpponent,94
Delaware,Conference USA,rushingAttempts,126
Delaware,Conference USA,rushingAttemptsOpponent,139
Delaware,Conference USA,rushingTDs,5
Delaware,Conference USA,rushingTDsOpponent,5
Delaware,Conference USA,rushingYards,392
Delaware,Conference USA,rushingYardsOpponent,402
Delaware,Conference USA,sacks,15
Delaware,Conference USA,sacksOpponent,12
Delaware,Conference USA,tacklesForLoss,24
Delaware,Conference USA,tacklesForLossOpponent,23
Delaware,Conference USA,thirdDownConversions,18
Delaware,Conference USA,thirdDownConversionsOpponent,22
Delaware,Conference USA,thirdDowns,54
Delaware,Conference USA,thirdDownsOpponent,58
Delaware,Conference USA,totalYards,1440
Delaware,Conference USA,totalYardsOpponent,1524
Delaware,Conference USA,turnovers,5
Delaware,Conference USA,turnoversOpponent,6
Duke,ACC,firstDowns,89
Duke,ACC,firstDownsOpponent,55
Duke,ACC,fourthDownConversions,5
Duke,ACC,fourthDownConversionsOpponent,1
Duke,ACC,fourthDowns,10
Duke,ACC,fourthDownsOpponent,8
Duke,ACC,fumblesLost,1
Duke,ACC,fumblesLostOpponent,2
Duke,ACC,fumblesRecovered,2
Duke,ACC,fumblesRecoveredOpponent,1
Duke,ACC,games,4
Duke,ACC,interceptions,1
Duke,ACC,interceptionsOpponent,1
Duke,ACC,interceptionTDs,0
Duke,ACC,interceptionTDsOpponent,0
Duke,ACC,interceptionYards,19
Duke,ACC,interceptionYardsOpponent,0
Duke,ACC,kickReturns,1
Duke,ACC,kickReturnsOpponent,4
Duke,ACC,kickReturnTDs,0
Duke,ACC,kickReturnTDsOpponent,0
Duke,ACC,kickReturnYards,18
Duke,ACC,kickReturnYardsOpponent,81
Duke,ACC,netPassingYards,891
Duke,ACC,netPassingYardsOpponent,792
Duke,ACC,passAttempts,108
Duke,ACC,passAttemptsOpponent,123
Duke,ACC,passCompletions,66
Duke,ACC,passCompletionsOpponent,73
Duke,ACC,passesIntercepted,1
Duke,ACC,passesInterceptedOpponent,1
Duke,ACC,passingTDs,9
Duke,ACC,passingTDsOpponent,5
Duke,ACC,penalties,34
Duke,ACC,penaltiesOpponent,34
Duke,ACC,penaltyYards,305
Duke,ACC,penaltyYardsOpponent,280
Duke,ACC,possessionTime,7975
Duke,ACC,possessionTimeOpponent,6425
Duke,ACC,puntReturns,7
Duke,ACC,puntReturnsOpponent,6
Duke,ACC,puntReturnTDs,0
Duke,ACC,puntReturnTDsOpponent,0
Duke,ACC,puntReturnYards,70
Duke,ACC,puntReturnYardsOpponent,65
Duke,ACC,rushingAttempts,168
Duke,ACC,rushingAttemptsOpponent,109
Duke,ACC,rushingTDs,10
Duke,ACC,rushingTDsOpponent,0
Duke,ACC,rushingYards,974
Duke,ACC,rushingYardsOpponent,255
Duke,ACC,sacks,11
Duke,ACC,sacksOpponent,1
Duke,ACC,tacklesForLoss,22
Duke,ACC,tacklesForLossOpponent,9
Duke,ACC,thirdDownConversions,22
Duke,ACC,thirdDownConversionsOpponent,13
Duke,ACC,thirdDowns,51
Duke,ACC,thirdDownsOpponent,50
Duke,ACC,totalYards,1865
Duke,ACC,totalYardsOpponent,1047
Duke,ACC,turnovers,2
Duke,ACC,turnoversOpponent,3
East Carolina,American Athletic,firstDowns,61
East Carolina,American Athletic,firstDownsOpponent,79
East Carolina,American Athletic,fourthDownConversions,2
East Carolina,American Athletic,fourthDownConversionsOpponent,1
East Carolina,American Athletic,fourthDowns,4
East Carolina,American Athletic,fourthDownsOpponent,2
East Carolina,American Athletic,fumblesLost,5
East Carolina,American Athletic,fumblesLostOpponent,2
East Carolina,American Athletic,fumblesRecovered,2
East Carolina,American Athletic,fumblesRecoveredOpponent,5
East Carolina,American Athletic,games,4
East Carolina,American Athletic,interceptions,3
East Carolina,American Athletic,interceptionsOpponent,4
East Carolina,American Athletic,interceptionTDs,2
East Carolina,American Athletic,interceptionTDsOpponent,1
East Carolina,American Athletic,interceptionYards,87
East Carolina,American Athletic,interceptionYardsOpponent,27
East Carolina,American Athletic,kickReturns,2
East Carolina,American Athletic,kickReturnsOpponent,9
East Carolina,American Athletic,kickReturnTDs,0
East Carolina,American Athletic,kickReturnTDsOpponent,0
East Carolina,American Athletic,kickReturnYards,43
East Carolina,American Athletic,kickReturnYardsOpponent,147
East Carolina,American Athletic,netPassingYards,834
East Carolina,American Athletic,netPassingYardsOpponent,794
East Carolina,American Athletic,passAttempts,115
East Carolina,American Athletic,passAttemptsOpponent,108
East Carolina,American Athletic,passCompletions,69
East Carolina,American Athletic,passCompletionsOpponent,64
East Carolina,American Athletic,passesIntercepted,4
East Carolina,American Athletic,passesInterceptedOpponent,3
East Carolina,American Athletic,passingTDs,7
East Carolina,American Athletic,passingTDsOpponent,1
East Carolina,American Athletic,penalties,34
East Carolina,American Athletic,penaltiesOpponent,36
East Carolina,American Athletic,penaltyYards,338
East Carolina,American Athletic,penaltyYardsOpponent,266
East Carolina,American Athletic,possessionTime,5834
East Carolina,American Athletic,possessionTimeOpponent,8562
East Carolina,American Athletic,puntReturns,7
East Carolina,American Athletic,puntReturnsOpponent,9
East Carolina,American Athletic,puntReturnTDs,0
East Carolina,American Athletic,puntReturnTDsOpponent,0
East Carolina,American Athletic,puntReturnYards,16
East Carolina,American Athletic,puntReturnYardsOpponent,68
East Carolina,American Athletic,rushingAttempts,126
East Carolina,American Athletic,rushingAttemptsOpponent,179
East Carolina,American Athletic,rushingTDs,3
East Carolina,American Athletic,rushingTDsOpponent,9
East Carolina,American Athletic,rushingYards,510
East Carolina,American Athletic,rushingYardsOpponent,571
East Carolina,American Athletic,sacks,11
East Carolina,American Athletic,sacksOpponent,9
East Carolina,American Athletic,tacklesForLoss,39
East Carolina,American Athletic,tacklesForLossOpponent,21
East Carolina,American Athletic,thirdDownConversions,12
East Carolina,American Athletic,thirdDownConversionsOpponent,22
East Carolina,American Athletic,thirdDowns,47
East Carolina,American Athletic,thirdDownsOpponent,61
East Carolina,American Athletic,totalYards,1344
East Carolina,American Athletic,totalYardsOpponent,1365
East Carolina,American Athletic,turnovers,8
East Carolina,American Athletic,turnoversOpponent,6
Eastern Michigan,Mid-American,firstDowns,87
Eastern Michigan,Mid-American,firstDownsOpponent,90
Eastern Michigan,Mid-American,fourthDownConversions,4
Eastern Michigan,Mid-American,fourthDownConversionsOpponent,8
Eastern Michigan,Mid-American,fourthDowns,7
Eastern Michigan,Mid-American,fourthDownsOpponent,13
Eastern Michigan,Mid-American,fumblesLost,3
Eastern Michigan,Mid-American,fumblesLostOpponent,3
Eastern Michigan,Mid-American,fumblesRecovered,3
Eastern Michigan,Mid-American,fumblesRecoveredOpponent,3
Eastern Michigan,Mid-American,games,5
Eastern Michigan,Mid-American,interceptions,3
Eastern Michigan,Mid-American,interceptionsOpponent,3
Eastern Michigan,Mid-American,interceptionTDs,0
Eastern Michigan,Mid-American,interceptionTDsOpponent,0
Eastern Michigan,Mid-American,interceptionYards,9
Eastern Michigan,Mid-American,interceptionYardsOpponent,24
Eastern Michigan,Mid-American,kickReturns,8
Eastern Michigan,Mid-American,kickReturnsOpponent,2
Eastern Michigan,Mid-American,kickReturnTDs,0
Eastern Michigan,Mid-American,kickReturnTDsOpponent,0
Eastern Michigan,Mid-American,kickReturnYards,163
Eastern Michigan,Mid-American,kickReturnYardsOpponent,31
Eastern Michigan,Mid-American,netPassingYards,982
Eastern Michigan,Mid-American,netPassingYardsOpponent,1166
Eastern Michigan,Mid-American,passAttempts,175
Eastern Michigan,Mid-American,passAttemptsOpponent,163
Eastern Michigan,Mid-American,passCompletions,108
Eastern Michigan,Mid-American,passCompletionsOpponent,99
Eastern Michigan,Mid-American,passesIntercepted,3
Eastern Michigan,Mid-American,passesInterceptedOpponent,3
Eastern Michigan,Mid-American,passingTDs,6
Eastern Michigan,Mid-American,passingTDsOpponent,8
Eastern Michigan,Mid-American,penalties,20
Eastern Michigan,Mid-American,penaltiesOpponent,39
Eastern Michigan,Mid-American,penaltyYards,169
Eastern Michigan,Mid-American,penaltyYardsOpponent,342
Eastern Michigan,Mid-American,possessionTime,9086
Eastern Michigan,Mid-American,possessionTimeOpponent,8894
Eastern Michigan,Mid-American,puntReturns,5
Eastern Michigan,Mid-American,puntReturnsOpponent,6
Eastern Michigan,Mid-American,puntReturnTDs,0
Eastern Michigan,Mid-American,puntReturnTDsOpponent,0
Eastern Michigan,Mid-American,puntReturnYards,49
Eastern Michigan,Mid-American,puntReturnYardsOpponent,49
Eastern Michigan,Mid-American,rushingAttempts,142
Eastern Michigan,Mid-American,rushingAttemptsOpponent,163
Eastern Michigan,Mid-American,rushingTDs,5
Eastern Michigan,Mid-American,rushingTDsOpponent,6
Eastern Michigan,Mid-American,rushingYards,478
Eastern Michigan,Mid-American,rushingYardsOpponent,697
Eastern Michigan,Mid-American,sacks,9
Eastern Michigan,Mid-American,sacksOpponent,8
Eastern Michigan,Mid-American,tacklesForLoss,26
Eastern Michigan,Mid-American,tacklesForLossOpponent,28
Eastern Michigan,Mid-American,thirdDownConversions,25
Eastern Michigan,Mid-American,thirdDownConversionsOpponent,28
Eastern Michigan,Mid-American,thirdDowns,70
Eastern Michigan,Mid-American,thirdDownsOpponent,70
Eastern Michigan,Mid-American,totalYards,1460
Eastern Michigan,Mid-American,totalYardsOpponent,1863
Eastern Michigan,Mid-American,turnovers,6
Eastern Michigan,Mid-American,turnoversOpponent,6
Florida,SEC,firstDowns,105
Florida,SEC,firstDownsOpponent,83
Florida,SEC,fourthDownConversions,6
Florida,SEC,fourthDownConversionsOpponent,7
Florida,SEC,fourthDowns,8
Florida,SEC,fourthDownsOpponent,12
Florida,SEC,fumblesLost,1
Florida,SEC,fumblesLostOpponent,4
Florida,SEC,fumblesRecovered,4
Florida,SEC,fumblesRecoveredOpponent,1
Florida,SEC,games,4
Florida,SEC,interceptions,3
Florida,SEC,interceptionsOpponent,4
Florida,SEC,interceptionTDs,0
Florida,SEC,interceptionTDsOpponent,0
Florida,SEC,interceptionYards,2
Florida,SEC,interceptionYardsOpponent,5
Florida,SEC,kickReturns,6
Florida,SEC,kickReturnsOpponent,8
Florida,SEC,kickReturnTDs,0
Florida,SEC,kickReturnTDsOpponent,0
Florida,SEC,kickReturnYards,181
Florida,SEC,kickReturnYardsOpponent,150
Florida,SEC,netPassingYards,1091
Florida,SEC,netPassingYardsOpponent,993
Florida,SEC,passAttempts,104
Florida,SEC,passAttemptsOpponent,160
Florida,SEC,passCompletions,76
Florida,SEC,passCompletionsOpponent,100
Florida,SEC,passesIntercepted,4
Florida,SEC,passesInterceptedOpponent,3
Florida,SEC,passingTDs,8
Florida,SEC,passingTDsOpponent,5
Florida,SEC,penalties,35
Florida,SEC,penaltiesOpponent,30
Florida,SEC,penaltyYards,357
Florida,SEC,penaltyYardsOpponent,277
Florida,SEC,possessionTime,8176
Florida,SEC,possessionTimeOpponent,6224
Florida,SEC,puntReturns,7
Florida,SEC,puntReturnTDs,2
Florida,SEC,puntReturnYards,205
Florida,SEC,rushingAttempts,177
Florida,SEC,rushingAttemptsOpponent,120
Florida,SEC,rushingTDs,18
Florida,SEC,rushingTDsOpponent,6
Florida,SEC,rushingYards,1040
Florida,SEC,rushingYardsOpponent,412
Florida,SEC,sacks,12
Florida,SEC,sacksOpponent,3
Florida,SEC,tacklesForLoss,27
Florida,SEC,tacklesForLossOpponent,14
Florida,SEC,thirdDownConversions,21
Florida,SEC,thirdDownConversionsOpponent,26
Florida,SEC,thirdDowns,43
Florida,SEC,thirdDownsOpponent,63
Florida,SEC,totalYards,2131
Florida,SEC,totalYardsOpponent,1405
Florida,SEC,turnovers,4
Florida,SEC,turnoversOpponent,8
Florida Atlantic,American Athletic,firstDowns,97
Florida Atlantic,American Athletic,firstDownsOpponent,82
Florida Atlantic,American Athletic,fourthDownConversions,10
Florida Atlantic,American Athletic,fourthDownConversionsOpponent,7
Florida Atlantic,American Athletic,fourthDowns,18
Florida Atlantic,American Athletic,fourthDownsOpponent,10
Florida Atlantic,American Athletic,fumblesLost,1
Florida Atlantic,American Athletic,fumblesLostOpponent,1
Florida Atlantic,American Athletic,fumblesRecovered,1
Florida Atlantic,American Athletic,fumblesRecoveredOpponent,1
Florida Atlantic,American Athletic,games,4
Florida Atlantic,American Athletic,interceptions,2
Florida Atlantic,American Athletic,interceptionsOpponent,5
Florida Atlantic,American Athletic,interceptionTDs,0
Florida Atlantic,American Athletic,interceptionTDsOpponent,0
Florida Atlantic,American Athletic,interceptionYards,49
Florida Atlantic,American Athletic,interceptionYardsOpponent,2
Florida Atlantic,American Athletic,kickReturns,6
Florida Atlantic,American Athletic,kickReturnsOpponent,2
Florida Atlantic,American Athletic,kickReturnTDs,0
Florida Atlantic,American Athletic,kickReturnTDsOpponent,0
Florida Atlantic,American Athletic,kickReturnYards,133
Florida Atlantic,American Athletic,kickReturnYardsOpponent,33
Florida Atlantic,American Athletic,netPassingYards,1197
Florida Atlantic,American Athletic,netPassingYardsOpponent,1030
Florida Atlantic,American Athletic,passAttempts,164
Florida Atlantic,American Athletic,passAttemptsOpponent,122
Florida Atlantic,American Athletic,passCompletions,116
Florida Atlantic,American Athletic,passCompletionsOpponent,74
Florida Atlantic,American Athletic,passesIntercepted,5
Florida Atlantic,American Athletic,passesInterceptedOpponent,2
Florida Atlantic,American Athletic,passingTDs,8
Florida Atlantic,American Athletic,passingTDsOpponent,8
Florida Atlantic,American Athletic,penalties,34
Florida Atlantic,American Athletic,penaltiesOpponent,25
Florida Atlantic,American Athletic,penaltyYards,291
Florida Atlantic,American Athletic,penaltyYardsOpponent,202
Florida Atlantic,American Athletic,possessionTime,7163
Florida Atlantic,American Athletic,possessionTimeOpponent,7237
Florida Atlantic,American Athletic,puntReturns,4
Florida Atlantic,American Athletic,puntReturnsOpponent,2
Florida Atlantic,American Athletic,puntReturnTDs,1
Florida Atlantic,American Athletic,puntReturnTDsOpponent,0
Florida Atlantic,American Athletic,puntReturnYards,103
Florida Atlantic,American Athletic,puntReturnYardsOpponent,9
Florida Atlantic,American Athletic,rushingAttempts,159
Florida Atlantic,American Athletic,rushingAttemptsOpponent,137
Florida Atlantic,American Athletic,rushingTDs,6
Florida Atlantic,American Athletic,rushingTDsOpponent,8
Florida Atlantic,American Athletic,rushingYards,452
Florida Atlantic,American Athletic,rushingYardsOpponent,676
Florida Atlantic,American Athletic,sacks,6
Florida Atlantic,American Athletic,sacksOpponent,8
Florida Atlantic,American Athletic,tacklesForLoss,21
Florida Atlantic,American Athletic,tacklesForLossOpponent,23
Florida Atlantic,American Athletic,thirdDownConversions,36
Florida Atlantic,American Athletic,thirdDownConversionsOpponent,21
Florida Atlantic,American Athletic,thirdDowns,72
Florida Atlantic,American Athletic,thirdDownsOpponent,52
Florida Atlantic,American Athletic,totalYards,1649
Florida Atlantic,American Athletic,totalYardsOpponent,1706
Florida Atlantic,American Athletic,turnovers,3
Florida Atlantic,American Athletic,turnoversOpponent,6
Florida International,Conference USA,firstDowns,80
Florida International,Conference USA,firstDownsOpponent,55
Florida International,Conference USA,fourthDownConversions,7
Florida International,Conference USA,fourthDownConversionsOpponent,6
Florida International,Conference USA,fourthDowns,15
Florida International,Conference USA,fourthDownsOpponent,8
Florida International,Conference USA,fumblesLost,2
Florida International,Conference USA,fumblesLostOpponent,2
Florida International,Conference USA,fumblesRecovered,2
Florida International,Conference USA,fumblesRecoveredOpponent,2
Florida International,Conference USA,games,4
Florida International,Conference USA,interceptions,6
Florida International,Conference USA,interceptionsOpponent,2
Florida International,Conference USA,interceptionTDs,0
Florida International,Conference USA,interceptionTDsOpponent,0
Florida International,Conference USA,interceptionYards,25
Florida International,Conference USA,interceptionYardsOpponent,100
Florida International,Conference USA,kickReturns,3
Florida International,Conference USA,kickReturnsOpponent,4
Florida International,Conference USA,kickReturnTDs,0
Florida International,Conference USA,kickReturnTDsOpponent,0
Florida International,Conference USA,kickReturnYards,32
Florida International,Conference USA,kickReturnYardsOpponent,61
Florida International,Conference USA,netPassingYards,1176
Florida International,Conference USA,netPassingYardsOpponent,660
Florida International,Conference USA,passAttempts,151
Florida International,Conference USA,passAttemptsOpponent,115
Florida International,Conference USA,passCompletions,87
Florida International,Conference USA,passCompletionsOpponent,66
Florida International,Conference USA,passesIntercepted,2
Florida International,Conference USA,passesInterceptedOpponent,6
Florida International,Conference USA,passingTDs,6
Florida International,Conference USA,passingTDsOpponent,2
Florida International,Conference USA,penalties,28
Florida International,Conference USA,penaltiesOpponent,22
Florida International,Conference USA,penaltyYards,214
Florida International,Conference USA,penaltyYardsOpponent,176
Florida International,Conference USA,possessionTime,8070
Florida International,Conference USA,possessionTimeOpponent,6802
Florida International,Conference USA,puntReturns,9
Florida International,Conference USA,puntReturnsOpponent,3
Florida International,Conference USA,puntReturnTDs,0
Florida International,Conference USA,puntReturnTDsOpponent,0
Florida International,Conference USA,puntReturnYards,53
Florida International,Conference USA,puntReturnYardsOpponent,8
Florida International,Conference USA,rushingAttempts,138
Florida International,Conference USA,rushingAttemptsOpponent,128
Florida International,Conference USA,rushingTDs,2
Florida International,Conference USA,rushingTDsOpponent,2
Florida International,Conference USA,rushingYards,496
Florida International,Conference USA,rushingYardsOpponent,323
Florida International,Conference USA,sacks,10
Florida International,Conference USA,sacksOpponent,3
Florida International,Conference USA,tacklesForLoss,27
Florida International,Conference USA,tacklesForLossOpponent,15
Florida International,Conference USA,thirdDownConversions,31
Florida International,Conference USA,thirdDownConversionsOpponent,18
Florida International,Conference USA,thirdDowns,67
Florida International,Conference USA,thirdDownsOpponent,60
Florida International,Conference USA,totalYards,1672
Florida International,Conference USA,totalYardsOpponent,983
Florida International,Conference USA,turnovers,8
Florida International,Conference USA,turnoversOpponent,4
Florida State,ACC,firstDowns,77
Florida State,ACC,firstDownsOpponent,89
Florida State,ACC,fourthDownConversions,5
Florida State,ACC,fourthDownConversionsOpponent,5
Florida State,ACC,fourthDowns,8
Florida State,ACC,fourthDownsOpponent,8
Florida State,ACC,fumblesLost,1
Florida State,ACC,fumblesLostOpponent,2
Florida State,ACC,fumblesRecovered,0
Florida State,ACC,fumblesRecoveredOpponent,0
Florida State,ACC,games,4
Florida State,ACC,interceptions,5
Florida State,ACC,interceptionsOpponent,3
Florida State,ACC,interceptionTDs,0
Florida State,ACC,interceptionTDsOpponent,0
Florida State,ACC,interceptionYards,3
Florida State,ACC,interceptionYardsOpponent,25
Florida State,ACC,kickReturns,9
Florida State,ACC,kickReturnsOpponent,5
Florida State,ACC,kickReturnTDs,0
Florida State,ACC,kickReturnTDsOpponent,0
Florida State,ACC,kickReturnYards,191
Florida State,ACC,kickReturnYardsOpponent,102
Florida State,ACC,netPassingYards,942
Florida State,ACC,netPassingYardsOpponent,1160
Florida State,ACC,passAttempts,99
Florida State,ACC,passAttemptsOpponent,139
Florida State,ACC,passCompletions,60
Florida State,ACC,passCompletionsOpponent,90
Florida State,ACC,passesIntercepted,3
Florida State,ACC,passesInterceptedOpponent,5
Florida State,ACC,passingTDs,6
Florida State,ACC,passingTDsOpponent,8
Florida State,ACC,penalties,26
Florida State,ACC,penaltiesOpponent,31
Florida State,ACC,penaltyYards,247
Florida State,ACC,penaltyYardsOpponent,260
Florida State,ACC,possessionTime,6748
Florida State,ACC,possessionTimeOpponent,7652
Florida State,ACC,puntReturns,5
Florida State,ACC,puntReturnsOpponent,4
Florida State,ACC,puntReturnTDs,0
Florida State,ACC,puntReturnTDsOpponent,0
Florida State,ACC,puntReturnYards,50
Florida State,ACC,puntReturnYardsOpponent,10
Florida State,ACC,rushingAttempts,147
Florida State,ACC,rushingAttemptsOpponent,133
Florida State,ACC,rushingTDs,10
Florida State,ACC,rushingTDsOpponent,4
Florida State,ACC,rushingYards,689
Florida State,ACC,rushingYardsOpponent,559
Florida State,ACC,sacks,7
Florida State,ACC,sacksOpponent,8
Florida State,ACC,tacklesForLoss,24
Florida State,ACC,tacklesForLossOpponent,18
Florida State,ACC,thirdDownConversions,20
Florida State,ACC,thirdDownConversionsOpponent,27
Florida State,ACC,thirdDowns,49
Florida State,ACC,thirdDownsOpponent,59
Florida State,ACC,totalYards,1631
Florida State,ACC,totalYardsOpponent,1719
Florida State,ACC,turnovers,6
Florida State,ACC,turnoversOpponent,5
Fresno State,Pac-12,firstDowns,74
Fresno State,Pac-12,firstDownsOpponent,78
Fresno State,Pac-12,fourthDownConversions,1
Fresno State,Pac-12,fourthDownConversionsOpponent,4
Fresno State,Pac-12,fourthDowns,4
Fresno State,Pac-12,fourthDownsOpponent,11
Fresno State,Pac-12,fumblesLost,1
Fresno State,Pac-12,fumblesLostOpponent,3
Fresno State,Pac-12,fumblesRecovered,3
Fresno State,Pac-12,fumblesRecoveredOpponent,1
Fresno State,Pac-12,games,4
Fresno State,Pac-12,interceptions,1
Fresno State,Pac-12,interceptionsOpponent,6
Fresno State,Pac-12,interceptionTDs,0
Fresno State,Pac-12,interceptionTDsOpponent,0
Fresno State,Pac-12,interceptionYards,48
Fresno State,Pac-12,interceptionYardsOpponent,0
Fresno State,Pac-12,kickReturns,3
Fresno State,Pac-12,kickReturnsOpponent,6
Fresno State,Pac-12,kickReturnTDs,0
Fresno State,Pac-12,kickReturnTDsOpponent,0
Fresno State,Pac-12,kickReturnYards,42
Fresno State,Pac-12,kickReturnYardsOpponent,81
Fresno State,Pac-12,netPassingYards,822
Fresno State,Pac-12,netPassingYardsOpponent,925
Fresno State,Pac-12,passAttempts,108
Fresno State,Pac-12,passAttemptsOpponent,117
Fresno State,Pac-12,passCompletions,70
Fresno State,Pac-12,passCompletionsOpponent,73
Fresno State,Pac-12,passesIntercepted,6
Fresno State,Pac-12,passesInterceptedOpponent,1
Fresno State,Pac-12,passingTDs,6
Fresno State,Pac-12,passingTDsOpponent,5
Fresno State,Pac-12,penalties,19
Fresno State,Pac-12,penaltiesOpponent,23
Fresno State,Pac-12,penaltyYards,130
Fresno State,Pac-12,penaltyYardsOpponent,170
Fresno State,Pac-12,possessionTime,7131
Fresno State,Pac-12,possessionTimeOpponent,7269
Fresno State,Pac-12,puntReturns,5
Fresno State,Pac-12,puntReturnsOpponent,5
Fresno State,Pac-12,puntReturnTDs,0
Fresno State,Pac-12,puntReturnTDsOpponent,0
Fresno State,Pac-12,puntReturnYards,86
Fresno State,Pac-12,puntReturnYardsOpponent,31
Fresno State,Pac-12,rushingAttempts,135
Fresno State,Pac-12,rushingAttemptsOpponent,149
Fresno State,Pac-12,rushingTDs,7
Fresno State,Pac-12,rushingTDsOpponent,4
Fresno State,Pac-12,rushingYards,649
Fresno State,Pac-12,rushingYardsOpponent,687
Fresno State,Pac-12,sacks,8
Fresno State,Pac-12,sacksOpponent,6
Fresno State,Pac-12,tacklesForLoss,21
Fresno State,Pac-12,tacklesForLossOpponent,23
Fresno State,Pac-12,thirdDownConversions,17
Fresno State,Pac-12,thirdDownConversionsOpponent,18
Fresno State,Pac-12,thirdDowns,47
Fresno State,Pac-12,thirdDownsOpponent,49
Fresno State,Pac-12,totalYards,1471
Fresno State,Pac-12,totalYardsOpponent,1612
Fresno State,Pac-12,turnovers,2
Fresno State,Pac-12,turnoversOpponent,9
Georgia,SEC,firstDowns,84
Georgia,SEC,firstDownsOpponent,61
Georgia,SEC,fourthDownConversions,2
Georgia,SEC,fourthDownConversionsOpponent,3
Georgia,SEC,fourthDowns,3
Georgia,SEC,fourthDownsOpponent,7
Georgia,SEC,fumblesLost,3
Georgia,SEC,fumblesLostOpponent,6
Georgia,SEC,fumblesRecovered,6
Georgia,SEC,fumblesRecoveredOpponent,3
Georgia,SEC,games,4
Georgia,SEC,interceptions,1
Georgia,SEC,interceptionsOpponent,3
Georgia,SEC,interceptionTDs,0
Georgia,SEC,interceptionTDsOpponent,0
Georgia,SEC,interceptionYards,99
Georgia,SEC,interceptionYardsOpponent,0
Georgia,SEC,kickReturns,6
Georgia,SEC,kickReturnsOpponent,4
Georgia,SEC,kickReturnTDs,1
Georgia,SEC,kickReturnTDsOpponent,0
Georgia,SEC,kickReturnYards,175
Georgia,SEC,kickReturnYardsOpponent,92
Georgia,SEC,netPassingYards,1034
Georgia,SEC,netPassingYardsOpponent,728
Georgia,SEC,passAttempts,106
Georgia,SEC,passAttemptsOpponent,139
Georgia,SEC,passCompletions,73
Georgia,SEC,passCompletionsOpponent,87
Georgia,SEC,passesIntercepted,3
Georgia,SEC,passesInterceptedOpponent,1
Georgia,SEC,passingTDs,13
Georgia,SEC,passingTDsOpponent,4
Georgia,SEC,penalties,22
Georgia,SEC,penaltiesOpponent,21
Georgia,SEC,penaltyYards,213
Georgia,SEC,penaltyYardsOpponent,150
Georgia,SEC,possessionTime,7054
Georgia,SEC,possessionTimeOpponent,7346
Georgia,SEC,puntReturns,11
Georgia,SEC,puntReturnsOpponent,3
Georgia,SEC,puntReturnTDs,0
Georgia,SEC,puntReturnTDsOpponent,0
Georgia,SEC,puntReturnYards,115
Georgia,SEC,puntReturnYardsOpponent,20
Georgia,SEC,rushingAttempts,130
Georgia,SEC,rushingAttemptsOpponent,124
Georgia,SEC,rushingTDs,14
Georgia,SEC,rushingTDsOpponent,3
Georgia,SEC,rushingYards,889
Georgia,SEC,rushingYardsOpponent,202
Georgia,SEC,sacks,11
Georgia,SEC,sacksOpponent,4
Georgia,SEC,tacklesForLoss,26
Georgia,SEC,tacklesForLossOpponent,11
Georgia,SEC,thirdDownConversions,21
Georgia,SEC,thirdDownConversionsOpponent,20
Georgia,SEC,thirdDowns,41
Georgia,SEC,thirdDownsOpponent,62
Georgia,SEC,totalYards,1923
Georgia,SEC,totalYardsOpponent,930
Georgia,SEC,turnovers,4
Georgia,SEC,turnoversOpponent,9
Georgia Southern,Sun Belt,firstDowns,84
Georgia Southern,Sun Belt,firstDownsOpponent,77
Georgia Southern,Sun Belt,fourthDownConversions,4
Georgia Southern,Sun Belt,fourthDownConversionsOpponent,4
Georgia Southern,Sun Belt,fourthDowns,8
Georgia Southern,Sun Belt,fourthDownsOpponent,4
Georgia Southern,Sun Belt,fumblesLost,3
Georgia Southern,Sun Belt,fumblesLostOpponent,3
Georgia Southern,Sun Belt,fumblesRecovered,3
Georgia Southern,Sun Belt,fumblesRecoveredOpponent,3
Georgia Southern,Sun Belt,games,4
Georgia Southern,Sun Belt,interceptions,1
Georgia Southern,Sun Belt,interceptionsOpponent,2
Georgia Southern,Sun Belt,interceptionTDs,0
Georgia Southern,Sun Belt,interceptionTDsOpponent,0
Georgia Southern,Sun Belt,interceptionYards,0
Georgia Southern,Sun Belt,interceptionYardsOpponent,0
Georgia Southern,Sun Belt,kickReturns,6
Georgia Southern,Sun Belt,kickReturnsOpponent,5
Georgia Southern,Sun Belt,kickReturnTDs,0
Georgia Southern,Sun Belt,kickReturnTDsOpponent,0
Georgia Southern,Sun Belt,kickReturnYards,93
Georgia Southern,Sun Belt,kickReturnYardsOpponent,113
Georgia Southern,Sun Belt,netPassingYards,1071
Georgia Southern,Sun Belt,netPassingYardsOpponent,739
Georgia Southern,Sun Belt,passAttempts,167
Georgia Southern,Sun Belt,passAttemptsOpponent,110
Georgia Southern,Sun Belt,passCompletions,110
Georgia Southern,Sun Belt,passCompletionsOpponent,63
Georgia Southern,Sun Belt,passesIntercepted,2
Georgia Southern,Sun Belt,passesInterceptedOpponent,1
Georgia Southern,Sun Belt,passingTDs,5
Georgia Southern,Sun Belt,passingTDsOpponent,7
Georgia Southern,Sun Belt,penalties,30
Georgia Southern,Sun Belt,penaltiesOpponent,26
Georgia Southern,Sun Belt,penaltyYards,265
Georgia Southern,Sun Belt,penaltyYardsOpponent,240
Georgia Southern,Sun Belt,possessionTime,7918
Georgia Southern,Sun Belt,possessionTimeOpponent,6482
Georgia Southern,Sun Belt,puntReturns,7
Georgia Southern,Sun Belt,puntReturnsOpponent,7
Georgia Southern,Sun Belt,puntReturnTDs,0
Georgia Southern,Sun Belt,puntReturnTDsOpponent,1
Georgia Southern,Sun Belt,puntReturnYards,30
Georgia Southern,Sun Belt,puntReturnYardsOpponent,122
Georgia Southern,Sun Belt,rushingAttempts,113
Georgia Southern,Sun Belt,rushingAttemptsOpponent,136
Georgia Southern,Sun Belt,rushingTDs,7
Georgia Southern,Sun Belt,rushingTDsOpponent,3
Georgia Southern,Sun Belt,rushingYards,432
Georgia Southern,Sun Belt,rushingYardsOpponent,468
Georgia Southern,Sun Belt,sacks,8
Georgia Southern,Sun Belt,sacksOpponent,7
Georgia Southern,Sun Belt,tacklesForLoss,28
Georgia Southern,Sun Belt,tacklesForLossOpponent,23
Georgia Southern,Sun Belt,thirdDownConversions,26
Georgia Southern,Sun Belt,thirdDownConversionsOpponent,19
Georgia Southern,Sun Belt,thirdDowns,60
Georgia Southern,Sun Belt,thirdDownsOpponent,52
Georgia Southern,Sun Belt,totalYards,1503
Georgia Southern,Sun Belt,totalYardsOpponent,1207
Georgia Southern,Sun Belt,turnovers,4
Georgia Southern,Sun Belt,turnoversOpponent,5
Georgia State,Sun Belt,firstDowns,93
Georgia State,Sun Belt,firstDownsOpponent,68
Georgia State,Sun Belt,fourthDownConversions,4
Georgia State,Sun Belt,fourthDownConversionsOpponent,2
Georgia State,Sun Belt,fourthDowns,7
Georgia State,Sun Belt,fourthDownsOpponent,6
Georgia State,Sun Belt,fumblesLost,2
Georgia State,Sun Belt,fumblesLostOpponent,2
Georgia State,Sun Belt,fumblesRecovered,2
Georgia State,Sun Belt,fumblesRecoveredOpponent,2
Georgia State,Sun Belt,games,4
Georgia State,Sun Belt,interceptions,5
Georgia State,Sun Belt,interceptionsOpponent,2
Georgia State,Sun Belt,interceptionTDs,0
Georgia State,Sun Belt,interceptionTDsOpponent,0
Georgia State,Sun Belt,interceptionYards,17
Georgia State,Sun Belt,interceptionYardsOpponent,79
Georgia State,Sun Belt,kickReturns,6
Georgia State,Sun Belt,kickReturnsOpponent,16
Georgia State,Sun Belt,kickReturnTDs,1
Georgia State,Sun Belt,kickReturnTDsOpponent,0
Georgia State,Sun Belt,kickReturnYards,215
Georgia State,Sun Belt,kickReturnYardsOpponent,330
Georgia State,Sun Belt,netPassingYards,1012
Georgia State,Sun Belt,netPassingYardsOpponent,791
Georgia State,Sun Belt,passAttempts,127
Georgia State,Sun Belt,passAttemptsOpponent,117
Georgia State,Sun Belt,passCompletions,86
Georgia State,Sun Belt,passCompletionsOpponent,68
Georgia State,Sun Belt,passesIntercepted,2
Georgia State,Sun Belt,passesInterceptedOpponent,5
Georgia State,Sun Belt,passingTDs,7
Georgia State,Sun Belt,passingTDsOpponent,4
Georgia State,Sun Belt,penalties,26
Georgia State,Sun Belt,penaltiesOpponent,21
Georgia State,Sun Belt,penaltyYards,228
Georgia State,Sun Belt,penaltyYardsOpponent,188
Georgia State,Sun Belt,possessionTime,7842
Georgia State,Sun Belt,possessionTimeOpponent,6558
Georgia State,Sun Belt,puntReturns,5
Georgia State,Sun Belt,puntReturnsOpponent,3
Georgia State,Sun Belt,puntReturnTDs,0
Georgia State,Sun Belt,puntReturnTDsOpponent,0
Georgia State,Sun Belt,puntReturnYards,66
Georgia State,Sun Belt,puntReturnYardsOpponent,69
Georgia State,Sun Belt,rushingAttempts,155
Georgia State,Sun Belt,rushingAttemptsOpponent,122
Georgia State,Sun Belt,rushingTDs,11
Georgia State,Sun Belt,rushingTDsOpponent,6
Georgia State,Sun Belt,rushingYards,861
Georgia State,Sun Belt,rushingYardsOpponent,572
Georgia State,Sun Belt,sacks,12
Georgia State,Sun Belt,sacksOpponent,2
Georgia State,Sun Belt,tacklesForLoss,25
Georgia State,Sun Belt,tacklesForLossOpponent,13
Georgia State,Sun Belt,thirdDownConversions,27
Georgia State,Sun Belt,thirdDownConversionsOpponent,12
Georgia State,Sun Belt,thirdDowns,53
Georgia State,Sun Belt,thirdDownsOpponent,48
Georgia State,Sun Belt,totalYards,1873
Georgia State,Sun Belt,totalYardsOpponent,1363
Georgia State,Sun Belt,turnovers,7
Georgia State,Sun Belt,turnoversOpponent,4
Georgia Tech,ACC,firstDowns,87
Georgia Tech,ACC,firstDownsOpponent,82
Georgia Tech,ACC,fourthDownConversions,4
Georgia Tech,ACC,fourthDownConversionsOpponent,6
Georgia Tech,ACC,fourthDowns,8
Georgia Tech,ACC,fourthDownsOpponent,8
Georgia Tech,ACC,fumblesLost,2
Georgia Tech,ACC,fumblesLostOpponent,1
Georgia Tech,ACC,fumblesRecovered,1
Georgia Tech,ACC,fumblesRecoveredOpponent,2
Georgia Tech,ACC,games,4
Georgia Tech,ACC,interceptions,3
Georgia Tech,ACC,interceptionsOpponent,1
Georgia Tech,ACC,interceptionTDs,0
Georgia Tech,ACC,interceptionTDsOpponent,1
Georgia Tech,ACC,interceptionYards,1
Georgia Tech,ACC,interceptionYardsOpponent,53
Georgia Tech,ACC,kickReturns,9
Georgia Tech,ACC,kickReturnsOpponent,2
Georgia Tech,ACC,kickReturnTDs,1
Georgia Tech,ACC,kickReturnTDsOpponent,0
Georgia Tech,ACC,kickReturnYards,334
Georgia Tech,ACC,kickReturnYardsOpponent,35
Georgia Tech,ACC,netPassingYards,975
Georgia Tech,ACC,netPassingYardsOpponent,770
Georgia Tech,ACC,passAttempts,125
Georgia Tech,ACC,passAttemptsOpponent,98
Georgia Tech,ACC,passCompletions,84
Georgia Tech,ACC,passCompletionsOpponent,56
Georgia Tech,ACC,passesIntercepted,1
Georgia Tech,ACC,passesInterceptedOpponent,3
Georgia Tech,ACC,passingTDs,6
Georgia Tech,ACC,passingTDsOpponent,6
Georgia Tech,ACC,penalties,32
Georgia Tech,ACC,penaltiesOpponent,36
Georgia Tech,ACC,penaltyYards,260
Georgia Tech,ACC,penaltyYardsOpponent,351
Georgia Tech,ACC,possessionTime,6854
Georgia Tech,ACC,possessionTimeOpponent,7546
Georgia Tech,ACC,puntReturns,3
Georgia Tech,ACC,puntReturnsOpponent,4
Georgia Tech,ACC,puntReturnTDs,1
Georgia Tech,ACC,puntReturnTDsOpponent,0
Georgia Tech,ACC,puntReturnYards,26
Georgia Tech,ACC,puntReturnYardsOpponent,8
Georgia Tech,ACC,rushingAttempts,133
Georgia Tech,ACC,rushingAttemptsOpponent,177
Georgia Tech,ACC,rushingTDs,5
Georgia Tech,ACC,rushingTDsOpponent,5
Georgia Tech,ACC,rushingYards,505
Georgia Tech,ACC,rushingYardsOpponent,756
Georgia Tech,ACC,sacks,6
Georgia Tech,ACC,sacksOpponent,9
Georgia Tech,ACC,tacklesForLoss,28
Georgia Tech,ACC,tacklesForLossOpponent,22
Georgia Tech,ACC,thirdDownConversions,17
Georgia Tech,ACC,thirdDownConversionsOpponent,24
Georgia Tech,ACC,thirdDowns,48
Georgia Tech,ACC,thirdDownsOpponent,58
Georgia Tech,ACC,totalYards,1480
Georgia Tech,ACC,totalYardsOpponent,1526
Georgia Tech,ACC,turnovers,5
Georgia Tech,ACC,turnoversOpponent,2
Hawai'i,Mountain West,firstDowns,82
Hawai'i,Mountain West,firstDownsOpponent,85
Hawai'i,Mountain West,fourthDownConversions,6
Hawai'i,Mountain West,fourthDownConversionsOpponent,1
Hawai'i,Mountain West,fourthDowns,9
Hawai'i,Mountain West,fourthDownsOpponent,5
Hawai'i,Mountain West,fumblesLost,2
Hawai'i,Mountain West,fumblesLostOpponent,1
Hawai'i,Mountain West,fumblesRecovered,1
Hawai'i,Mountain West,fumblesRecoveredOpponent,2
Hawai'i,Mountain West,games,4
Hawai'i,Mountain West,interceptions,1
Hawai'i,Mountain West,interceptionsOpponent,2
Hawai'i,Mountain West,interceptionTDs,0
Hawai'i,Mountain West,interceptionTDsOpponent,0
Hawai'i,Mountain West,interceptionYards,15
Hawai'i,Mountain West,interceptionYardsOpponent,0
Hawai'i,Mountain West,kickReturns,4
Hawai'i,Mountain West,kickReturnsOpponent,7
Hawai'i,Mountain West,kickReturnTDs,0
Hawai'i,Mountain West,kickReturnTDsOpponent,0
Hawai'i,Mountain West,kickReturnYards,109
Hawai'i,Mountain West,kickReturnYardsOpponent,132
Hawai'i,Mountain West,netPassingYards,1031
Hawai'i,Mountain West,netPassingYardsOpponent,886
Hawai'i,Mountain West,passAttempts,185
Hawai'i,Mountain West,passAttemptsOpponent,110
Hawai'i,Mountain West,passCompletions,110
Hawai'i,Mountain West,passCompletionsOpponent,66
Hawai'i,Mountain West,passesIntercepted,2
Hawai'i,Mountain West,passesInterceptedOpponent,1
Hawai'i,Mountain West,passingTDs,4
Hawai'i,Mountain West,passingTDsOpponent,2
Hawai'i,Mountain West,penalties,25
Hawai'i,Mountain West,penaltiesOpponent,25
Hawai'i,Mountain West,penaltyYards,187
Hawai'i,Mountain West,penaltyYardsOpponent,205
Hawai'i,Mountain West,possessionTime,7281
Hawai'i,Mountain West,possessionTimeOpponent,7119
Hawai'i,Mountain West,puntReturns,5
Hawai'i,Mountain West,puntReturnsOpponent,8
Hawai'i,Mountain West,puntReturnTDs,0
Hawai'i,Mountain West,puntReturnTDsOpponent,0
Hawai'i,Mountain West,puntReturnYards,19
Hawai'i,Mountain West,puntReturnYardsOpponent,23
Hawai'i,Mountain West,rushingAttempts,104
Hawai'i,Mountain West,rushingAttemptsOpponent,149
Hawai'i,Mountain West,rushingTDs,4
Hawai'i,Mountain West,rushingTDsOpponent,10
Hawai'i,Mountain West,rushingYards,333
Hawai'i,Mountain West,rushingYardsOpponent,728
Hawai'i,Mountain West,sacks,5
Hawai'i,Mountain West,sacksOpponent,11
Hawai'i,Mountain West,tacklesForLoss,15
Hawai'i,Mountain West,tacklesForLossOpponent,26
Hawai'i,Mountain West,thirdDownConversions,27
Hawai'i,Mountain West,thirdDownConversionsOpponent,24
Hawai'i,Mountain West,thirdDowns,68
Hawai'i,Mountain West,thirdDownsOpponent,53
Hawai'i,Mountain West,totalYards,1364
Hawai'i,Mountain West,totalYardsOpponent,1614
Hawai'i,Mountain West,turnovers,3
Hawai'i,Mountain West,turnoversOpponent,3
Houston,Big 12,firstDowns,113
Houston,Big 12,firstDownsOpponent,68
Houston,Big 12,fourthDownConversions,1
Houston,Big 12,fourthDownConversionsOpponent,5
Houston,Big 12,fourthDowns,1
Houston,Big 12,fourthDownsOpponent,11
Houston,Big 12,fumblesLost,2
Houston,Big 12,fumblesLostOpponent,3
Houston,Big 12,fumblesRecovered,3
Houston,Big 12,fumblesRecoveredOpponent,2
Houston,Big 12,games,4
Houston,Big 12,interceptions,1
Houston,Big 12,interceptionsOpponent,3
Houston,Big 12,interceptionTDs,0
Houston,Big 12,interceptionTDsOpponent,0
Houston,Big 12,interceptionYards,5
Houston,Big 12,interceptionYardsOpponent,24
Houston,Big 12,kickReturns,5
Houston,Big 12,kickReturnsOpponent,10
Houston,Big 12,kickReturnTDs,0
Houston,Big 12,kickReturnTDsOpponent,0
Houston,Big 12,kickReturnYards,119
Houston,Big 12,kickReturnYardsOpponent,145
Houston,Big 12,netPassingYards,1029
Houston,Big 12,netPassingYardsOpponent,1049
Houston,Big 12,passAttempts,110
Houston,Big 12,passAttemptsOpponent,135
Houston,Big 12,passCompletions,79
Houston,Big 12,passCompletionsOpponent,83
Houston,Big 12,passesIntercepted,3
Houston,Big 12,passesInterceptedOpponent,1
Houston,Big 12,passingTDs,13
Houston,Big 12,passingTDsOpponent,6
Houston,Big 12,penalties,26
Houston,Big 12,penaltiesOpponent,25
Houston,Big 12,penaltyYards,215
Houston,Big 12,penaltyYardsOpponent,185
Houston,Big 12,possessionTime,7889
Houston,Big 12,possessionTimeOpponent,6511
Houston,Big 12,puntReturns,4
Houston,Big 12,puntReturnsOpponent,2
Houston,Big 12,puntReturnTDs,0
Houston,Big 12,puntReturnTDsOpponent,0
Houston,Big 12,puntReturnYards,28
Houston,Big 12,puntReturnYardsOpponent,15
Houston,Big 12,rushingAttempts,164
Houston,Big 12,rushingAttemptsOpponent,105
Houston,Big 12,rushingTDs,11
Houston,Big 12,rushingTDsOpponent,6
Houston,Big 12,rushingYards,994
Houston,Big 12,rushingYardsOpponent,254
Houston,Big 12,sacks,8
Houston,Big 12,sacksOpponent,4
Houston,Big 12,tacklesForLoss,19
Houston,Big 12,tacklesForLossOpponent,9
Houston,Big 12,thirdDownConversions,32
Houston,Big 12,thirdDownConversionsOpponent,18
Houston,Big 12,thirdDowns,45
Houston,Big 12,thirdDownsOpponent,51
Houston,Big 12,totalYards,2023
Houston,Big 12,totalYardsOpponent,1303
Houston,Big 12,turnovers,3
Houston,Big 12,turnoversOpponent,6
Illinois,Big Ten,firstDowns,86
Illinois,Big Ten,firstDownsOpponent,88
Illinois,Big Ten,fourthDownConversions,4
Illinois,Big Ten,fourthDownConversionsOpponent,8
Illinois,Big Ten,fourthDowns,9
Illinois,Big Ten,fourthDownsOpponent,12
Illinois,Big Ten,fumblesLost,0
Illinois,Big Ten,fumblesLostOpponent,0
Illinois,Big Ten,fumblesRecoveredOpponent,0
Illinois,Big Ten,games,4
Illinois,Big Ten,interceptions,2
Illinois,Big Ten,interceptionsOpponent,2
Illinois,Big Ten,interceptionTDs,2
Illinois,Big Ten,interceptionTDsOpponent,0
Illinois,Big Ten,interceptionYards,147
Illinois,Big Ten,interceptionYardsOpponent,19
Illinois,Big Ten,kickReturns,3
Illinois,Big Ten,kickReturnsOpponent,2
Illinois,Big Ten,kickReturnTDs,0
Illinois,Big Ten,kickReturnTDsOpponent,0
Illinois,Big Ten,kickReturnYards,55
Illinois,Big Ten,kickReturnYardsOpponent,38
Illinois,Big Ten,netPassingYards,1021
Illinois,Big Ten,netPassingYardsOpponent,1020
Illinois,Big Ten,passAttempts,120
Illinois,Big Ten,passAttemptsOpponent,131
Illinois,Big Ten,passCompletions,81
Illinois,Big Ten,passCompletionsOpponent,82
Illinois,Big Ten,passesIntercepted,2
Illinois,Big Ten,passesInterceptedOpponent,2
Illinois,Big Ten,passingTDs,9
Illinois,Big Ten,passingTDsOpponent,9
Illinois,Big Ten,penalties,19
Illinois,Big Ten,penaltiesOpponent,32
Illinois,Big Ten,penaltyYards,171
Illinois,Big Ten,penaltyYardsOpponent,275
Illinois,Big Ten,possessionTime,6523
Illinois,Big Ten,possessionTimeOpponent,7877
Illinois,Big Ten,puntReturns,3
Illinois,Big Ten,puntReturnsOpponent,2
Illinois,Big Ten,puntReturnTDs,0
Illinois,Big Ten,puntReturnTDsOpponent,0
Illinois,Big Ten,puntReturnYards,92
Illinois,Big Ten,puntReturnYardsOpponent,19
Illinois,Big Ten,rushingAttempts,119
Illinois,Big Ten,rushingAttemptsOpponent,142
Illinois,Big Ten,rushingTDs,6
Illinois,Big Ten,rushingTDsOpponent,4
Illinois,Big Ten,rushingYards,658
Illinois,Big Ten,rushingYardsOpponent,544
Illinois,Big Ten,sacks,3
Illinois,Big Ten,sacksOpponent,5
Illinois,Big Ten,tacklesForLoss,16
Illinois,Big Ten,tacklesForLossOpponent,11
Illinois,Big Ten,thirdDownConversions,18
Illinois,Big Ten,thirdDownConversionsOpponent,23
Illinois,Big Ten,thirdDowns,42
Illinois,Big Ten,thirdDownsOpponent,55
Illinois,Big Ten,totalYards,1679
Illinois,Big Ten,totalYardsOpponent,1564
Illinois,Big Ten,turnovers,2
Illinois,Big Ten,turnoversOpponent,2
Indiana,Big Ten,firstDowns,90
Indiana,Big Ten,firstDownsOpponent,54
Indiana,Big Ten,fourthDownConversions,5
Indiana,Big Ten,fourthDownConversionsOpponent,2
Indiana,Big Ten,fourthDowns,8
Indiana,Big Ten,fourthDownsOpponent,8
Indiana,Big Ten,fumblesLost,1
Indiana,Big Ten,fumblesLostOpponent,0
Indiana,Big Ten,fumblesRecovered,0
Indiana,Big Ten,fumblesRecoveredOpponent,1
Indiana,Big Ten,games,4
Indiana,Big Ten,interceptions,0
Indiana,Big Ten,interceptionsOpponent,3
Indiana,Big Ten,interceptionTDs,1
Indiana,Big Ten,interceptionYards,71
Indiana,Big Ten,kickReturns,10
Indiana,Big Ten,kickReturnsOpponent,6
Indiana,Big Ten,kickReturnTDs,0
Indiana,Big Ten,kickReturnTDsOpponent,0
Indiana,Big Ten,kickReturnYards,218
Indiana,Big Ten,kickReturnYardsOpponent,114
Indiana,Big Ten,netPassingYards,921
Indiana,Big Ten,netPassingYardsOpponent,672
Indiana,Big Ten,passAttempts,86
Indiana,Big Ten,passAttemptsOpponent,111
Indiana,Big Ten,passCompletions,60
Indiana,Big Ten,passCompletionsOpponent,72
Indiana,Big Ten,passesIntercepted,3
Indiana,Big Ten,passingTDs,13
Indiana,Big Ten,passingTDsOpponent,2
Indiana,Big Ten,penalties,17
Indiana,Big Ten,penaltiesOpponent,27
Indiana,Big Ten,penaltyYards,138
Indiana,Big Ten,penaltyYardsOpponent,202
Indiana,Big Ten,possessionTime,7552
Indiana,Big Ten,possessionTimeOpponent,6848
Indiana,Big Ten,puntReturns,6
Indiana,Big Ten,puntReturnsOpponent,1
Indiana,Big Ten,puntReturnTDs,0
Indiana,Big Ten,puntReturnTDsOpponent,0
Indiana,Big Ten,puntReturnYards,72
Indiana,Big Ten,puntReturnYardsOpponent,11
Indiana,Big Ten,rushingAttempts,157
Indiana,Big Ten,rushingAttemptsOpponent,121
Indiana,Big Ten,rushingTDs,9
Indiana,Big Ten,rushingTDsOpponent,2
Indiana,Big Ten,rushingYards,934
Indiana,Big Ten,rushingYardsOpponent,263
Indiana,Big Ten,sacks,11
Indiana,Big Ten,sacksOpponent,6
Indiana,Big Ten,tacklesForLoss,33
Indiana,Big Ten,tacklesForLossOpponent,15
Indiana,Big Ten,thirdDownConversions,23
Indiana,Big Ten,thirdDownConversionsOpponent,16
Indiana,Big Ten,thirdDowns,44
Indiana,Big Ten,thirdDownsOpponent,53
Indiana,Big Ten,totalYards,1855
Indiana,Big Ten,totalYardsOpponent,935
Indiana,Big Ten,turnovers,1
Indiana,Big Ten,turnoversOpponent,3
Iowa,Big Ten,firstDowns,87
Iowa,Big Ten,firstDownsOpponent,46
Iowa,Big Ten,fourthDownConversions,1
Iowa,Big Ten,fourthDownConversionsOpponent,0
Iowa,Big Ten,fourthDowns,5
Iowa,Big Ten,fourthDownsOpponent,2
Iowa,Big Ten,fumblesLost,0
Iowa,Big Ten,fumblesLostOpponent,1
Iowa,Big Ten,fumblesRecovered,1
Iowa,Big Ten,fumblesRecoveredOpponent,0
Iowa,Big Ten,games,4
Iowa,Big Ten,interceptions,1
Iowa,Big Ten,interceptionsOpponent,4
Iowa,Big Ten,interceptionTDs,0
Iowa,Big Ten,interceptionTDsOpponent,0
Iowa,Big Ten,interceptionYards,22
Iowa,Big Ten,interceptionYardsOpponent,0
Iowa,Big Ten,kickReturns,3
Iowa,Big Ten,kickReturnsOpponent,7
Iowa,Big Ten,kickReturnTDs,1
Iowa,Big Ten,kickReturnTDsOpponent,0
Iowa,Big Ten,kickReturnYards,149
Iowa,Big Ten,kickReturnYardsOpponent,130
Iowa,Big Ten,netPassingYards,854
Iowa,Big Ten,netPassingYardsOpponent,608
Iowa,Big Ten,passAttempts,128
Iowa,Big Ten,passAttemptsOpponent,104
Iowa,Big Ten,passCompletions,81
Iowa,Big Ten,passCompletionsOpponent,54
Iowa,Big Ten,passesIntercepted,4
Iowa,Big Ten,passesInterceptedOpponent,1
Iowa,Big Ten,passingTDs,6
Iowa,Big Ten,passingTDsOpponent,3
Iowa,Big Ten,penalties,23
Iowa,Big Ten,penaltiesOpponent,25
Iowa,Big Ten,penaltyYards,202
Iowa,Big Ten,penaltyYardsOpponent,216
Iowa,Big Ten,possessionTime,7279
Iowa,Big Ten,possessionTimeOpponent,7121
Iowa,Big Ten,puntReturns,12
Iowa,Big Ten,puntReturnsOpponent,1
Iowa,Big Ten,puntReturnTDs,1
Iowa,Big Ten,puntReturnTDsOpponent,0
Iowa,Big Ten,puntReturnYards,188
Iowa,Big Ten,puntReturnYardsOpponent,-1
Iowa,Big Ten,rushingAttempts,132
Iowa,Big Ten,rushingAttemptsOpponent,130
Iowa,Big Ten,rushingTDs,9
Iowa,Big Ten,rushingTDsOpponent,0
Iowa,Big Ten,rushingYards,862
Iowa,Big Ten,rushingYardsOpponent,351
Iowa,Big Ten,sacks,9
Iowa,Big Ten,sacksOpponent,3
Iowa,Big Ten,tacklesForLoss,18
Iowa,Big Ten,tacklesForLossOpponent,11
Iowa,Big Ten,thirdDownConversions,20
Iowa,Big Ten,thirdDownConversionsOpponent,15
Iowa,Big Ten,thirdDowns,51
Iowa,Big Ten,thirdDownsOpponent,56
Iowa,Big Ten,totalYards,1716
Iowa,Big Ten,totalYardsOpponent,959
Iowa,Big Ten,turnovers,1
Iowa,Big Ten,turnoversOpponent,5
Iowa State,Big 12,firstDowns,72
Iowa State,Big 12,firstDownsOpponent,58
Iowa State,Big 12,fourthDownConversions,3
Iowa State,Big 12,fourthDownConversionsOpponent,4
Iowa State,Big 12,fourthDowns,7
Iowa State,Big 12,fourthDownsOpponent,6
Iowa State,Big 12,fumblesLost,1
Iowa State,Big 12,fumblesLostOpponent,3
Iowa State,Big 12,fumblesRecovered,3
Iowa State,Big 12,fumblesRecoveredOpponent,1
Iowa State,Big 12,games,4
Iowa State,Big 12,interceptions,3
Iowa State,Big 12,interceptionsOpponent,2
Iowa State,Big 12,interceptionTDs,0
Iowa State,Big 12,interceptionTDsOpponent,0
Iowa State,Big 12,interceptionYards,7
Iowa State,Big 12,interceptionYardsOpponent,8
Iowa State,Big 12,kickReturns,6
Iowa State,Big 12,kickReturnsOpponent,4
Iowa State,Big 12,kickReturnTDs,1
Iowa State,Big 12,kickReturnTDsOpponent,0
Iowa State,Big 12,kickReturnYards,205
Iowa State,Big 12,kickReturnYardsOpponent,90
Iowa State,Big 12,netPassingYards,659
Iowa State,Big 12,netPassingYardsOpponent,635
Iowa State,Big 12,passAttempts,94
Iowa State,Big 12,passAttemptsOpponent,101
Iowa State,Big 12,passCompletions,52
Iowa State,Big 12,passCompletionsOpponent,65
Iowa State,Big 12,passesIntercepted,2
Iowa State,Big 12,passesInterceptedOpponent,3
Iowa State,Big 12,passingTDs,5
Iowa State,Big 12,passingTDsOpponent,3
Iowa State,Big 12,penalties,19
Iowa State,Big 12,penaltiesOpponent,24
Iowa State,Big 12,penaltyYards,195
Iowa State,Big 12,penaltyYardsOpponent,193
Iowa State,Big 12,possessionTime,7091
Iowa State,Big 12,possessionTimeOpponent,7309
Iowa State,Big 12,puntReturns,9
Iowa State,Big 12,puntReturnsOpponent,5
Iowa State,Big 12,puntReturnTDs,1
Iowa State,Big 12,puntReturnTDsOpponent,0
Iowa State,Big 12,puntReturnYards,135
Iowa State,Big 12,puntReturnYardsOpponent,45
Iowa State,Big 12,rushingAttempts,144
Iowa State,Big 12,rushingAttemptsOpponent,137
Iowa State,Big 12,rushingTDs,8
Iowa State,Big 12,rushingTDsOpponent,4
Iowa State,Big 12,rushingYards,722
Iowa State,Big 12,rushingYardsOpponent,455
Iowa State,Big 12,sacks,7
Iowa State,Big 12,sacksOpponent,3
Iowa State,Big 12,tacklesForLoss,25
Iowa State,Big 12,tacklesForLossOpponent,18
Iowa State,Big 12,thirdDownConversions,15
Iowa State,Big 12,thirdDownConversionsOpponent,15
Iowa State,Big 12,thirdDowns,47
Iowa State,Big 12,thirdDownsOpponent,53
Iowa State,Big 12,totalYards,1381
Iowa State,Big 12,totalYardsOpponent,1090
Iowa State,Big 12,turnovers,4
Iowa State,Big 12,turnoversOpponent,5
Jacksonville State,Conference USA,firstDowns,104
Jacksonville State,Conference USA,firstDownsOpponent,95
Jacksonville State,Conference USA,fourthDownConversions,8
Jacksonville State,Conference USA,fourthDownConversionsOpponent,5
Jacksonville State,Conference USA,fourthDowns,11
Jacksonville State,Conference USA,fourthDownsOpponent,7
Jacksonville State,Conference USA,fumblesLost,3
Jacksonville State,Conference USA,fumblesLostOpponent,0
Jacksonville State,Conference USA,fumblesRecovered,0
Jacksonville State,Conference USA,fumblesRecoveredOpponent,3
Jacksonville State,Conference USA,games,5
Jacksonville State,Conference USA,interceptions,4
Jacksonville State,Conference USA,interceptionsOpponent,4
Jacksonville State,Conference USA,interceptionTDs,1
Jacksonville State,Conference USA,interceptionTDsOpponent,0
Jacksonville State,Conference USA,interceptionYards,51
Jacksonville State,Conference USA,interceptionYardsOpponent,58
Jacksonville State,Conference USA,kickReturns,4
Jacksonville State,Conference USA,kickReturnsOpponent,11
Jacksonville State,Conference USA,kickReturnTDs,0
Jacksonville State,Conference USA,kickReturnTDsOpponent,1
Jacksonville State,Conference USA,kickReturnYards,73
Jacksonville State,Conference USA,kickReturnYardsOpponent,326
Jacksonville State,Conference USA,netPassingYards,1158
Jacksonville State,Conference USA,netPassingYardsOpponent,754
Jacksonville State,Conference USA,passAttempts,130
Jacksonville State,Conference USA,passAttemptsOpponent,123
Jacksonville State,Conference USA,passCompletions,91
Jacksonville State,Conference USA,passCompletionsOpponent,81
Jacksonville State,Conference USA,passesIntercepted,4
Jacksonville State,Conference USA,passesInterceptedOpponent,4
Jacksonville State,Conference USA,passingTDs,9
Jacksonville State,Conference USA,passingTDsOpponent,5
Jacksonville State,Conference USA,penalties,29
Jacksonville State,Conference USA,penaltiesOpponent,41
Jacksonville State,Conference USA,penaltyYards,255
Jacksonville State,Conference USA,penaltyYardsOpponent,328
Jacksonville State,Conference USA,possessionTime,8106
Jacksonville State,Conference USA,possessionTimeOpponent,9894
Jacksonville State,Conference USA,puntReturns,6
Jacksonville State,Conference USA,puntReturnsOpponent,1
Jacksonville State,Conference USA,puntReturnTDs,1
Jacksonville State,Conference USA,puntReturnTDsOpponent,0
Jacksonville State,Conference USA,puntReturnYards,108
Jacksonville State,Conference USA,puntReturnYardsOpponent,0
Jacksonville State,Conference USA,rushingAttempts,172
Jacksonville State,Conference USA,rushingAttemptsOpponent,197
Jacksonville State,Conference USA,rushingTDs,6
Jacksonville State,Conference USA,rushingTDsOpponent,5
Jacksonville State,Conference USA,rushingYards,804
Jacksonville State,Conference USA,rushingYardsOpponent,854
Jacksonville State,Conference USA,sacks,9
Jacksonville State,Conference USA,sacksOpponent,5
Jacksonville State,Conference USA,tacklesForLoss,28
Jacksonville State,Conference USA,tacklesForLossOpponent,18
Jacksonville State,Conference USA,thirdDownConversions,27
Jacksonville State,Conference USA,thirdDownConversionsOpponent,31
Jacksonville State,Conference USA,thirdDowns,56
Jacksonville State,Conference USA,thirdDownsOpponent,70
Jacksonville State,Conference USA,totalYards,1962
Jacksonville State,Conference USA,totalYardsOpponent,1608
Jacksonville State,Conference USA,turnovers,7
Jacksonville State,Conference USA,turnoversOpponent,4
James Madison,Sun Belt,firstDowns,83
James Madison,Sun Belt,firstDownsOpponent,64
James Madison,Sun Belt,fourthDownConversions,3
James Madison,Sun Belt,fourthDownConversionsOpponent,3
James Madison,Sun Belt,fourthDowns,4
James Madison,Sun Belt,fourthDownsOpponent,10
James Madison,Sun Belt,fumblesLost,2
James Madison,Sun Belt,fumblesLostOpponent,3
James Madison,Sun Belt,fumblesRecovered,3
James Madison,Sun Belt,fumblesRecoveredOpponent,2
James Madison,Sun Belt,games,4
James Madison,Sun Belt,interceptions,1
James Madison,Sun Belt,interceptionsOpponent,3
James Madison,Sun Belt,interceptionTDs,0
James Madison,Sun Belt,interceptionTDsOpponent,0
James Madison,Sun Belt,interceptionYards,24
James Madison,Sun Belt,interceptionYardsOpponent,8
James Madison,Sun Belt,kickReturns,5
James Madison,Sun Belt,kickReturnsOpponent,11
James Madison,Sun Belt,kickReturnTDs,0
James Madison,Sun Belt,kickReturnTDsOpponent,0
James Madison,Sun Belt,kickReturnYards,250
James Madison,Sun Belt,kickReturnYardsOpponent,191
James Madison,Sun Belt,netPassingYards,905
James Madison,Sun Belt,netPassingYardsOpponent,818
James Madison,Sun Belt,passAttempts,114
James Madison,Sun Belt,passAttemptsOpponent,127
James Madison,Sun Belt,passCompletions,75
James Madison,Sun Belt,passCompletionsOpponent,69
James Madison,Sun Belt,passesIntercepted,3
James Madison,Sun Belt,passesInterceptedOpponent,1
James Madison,Sun Belt,passingTDs,10
James Madison,Sun Belt,passingTDsOpponent,3
James Madison,Sun Belt,penalties,27
James Madison,Sun Belt,penaltiesOpponent,44
James Madison,Sun Belt,penaltyYards,285
James Madison,Sun Belt,penaltyYardsOpponent,298
James Madison,Sun Belt,possessionTime,6524
James Madison,Sun Belt,possessionTimeOpponent,7876
James Madison,Sun Belt,puntReturns,11
James Madison,Sun Belt,puntReturnsOpponent,9
James Madison,Sun Belt,puntReturnTDs,3
James Madison,Sun Belt,puntReturnTDsOpponent,0
James Madison,Sun Belt,puntReturnYards,182
James Madison,Sun Belt,puntReturnYardsOpponent,30
James Madison,Sun Belt,rushingAttempts,150
James Madison,Sun Belt,rushingAttemptsOpponent,150
James Madison,Sun Belt,rushingTDs,9
James Madison,Sun Belt,rushingTDsOpponent,2
James Madison,Sun Belt,rushingYards,796
James Madison,Sun Belt,rushingYardsOpponent,355
James Madison,Sun Belt,sacks,13
James Madison,Sun Belt,sacksOpponent,5
James Madison,Sun Belt,tacklesForLoss,29
James Madison,Sun Belt,tacklesForLossOpponent,15
James Madison,Sun Belt,thirdDownConversions,19
James Madison,Sun Belt,thirdDownConversionsOpponent,24
James Madison,Sun Belt,thirdDowns,49
James Madison,Sun Belt,thirdDownsOpponent,68
James Madison,Sun Belt,totalYards,1701
James Madison,Sun Belt,totalYardsOpponent,1173
James Madison,Sun Belt,turnovers,3
James Madison,Sun Belt,turnoversOpponent,6
Kansas,Big 12,firstDowns,69
Kansas,Big 12,firstDownsOpponent,45
Kansas,Big 12,fourthDownConversions,5
Kansas,Big 12,fourthDownConversionsOpponent,3
Kansas,Big 12,fourthDowns,11
Kansas,Big 12,fourthDownsOpponent,4
Kansas,Big 12,fumblesLost,4
Kansas,Big 12,fumblesLostOpponent,2
Kansas,Big 12,fumblesRecovered,2
Kansas,Big 12,fumblesRecoveredOpponent,4
Kansas,Big 12,games,3
Kansas,Big 12,interceptions,3
Kansas,Big 12,interceptionsOpponent,0
Kansas,Big 12,interceptionTDsOpponent,0
Kansas,Big 12,interceptionYardsOpponent,38
Kansas,Big 12,kickReturns,3
Kansas,Big 12,kickReturnsOpponent,2
Kansas,Big 12,kickReturnTDs,0
Kansas,Big 12,kickReturnTDsOpponent,1
Kansas,Big 12,kickReturnYards,48
Kansas,Big 12,kickReturnYardsOpponent,118
Kansas,Big 12,netPassingYards,745
Kansas,Big 12,netPassingYardsOpponent,498
Kansas,Big 12,passAttempts,89
Kansas,Big 12,passAttemptsOpponent,73
Kansas,Big 12,passCompletions,49
Kansas,Big 12,passCompletionsOpponent,40
Kansas,Big 12,passesInterceptedOpponent,3
Kansas,Big 12,passingTDs,5
Kansas,Big 12,passingTDsOpponent,4
Kansas,Big 12,penalties,21
Kansas,Big 12,penaltiesOpponent,20
Kansas,Big 12,penaltyYards,189
Kansas,Big 12,penaltyYardsOpponent,181
Kansas,Big 12,possessionTime,5463
Kansas,Big 12,possessionTimeOpponent,5337
Kansas,Big 12,puntReturns,8
Kansas,Big 12,puntReturnsOpponent,1
Kansas,Big 12,puntReturnTDs,1
Kansas,Big 12,puntReturnTDsOpponent,0
Kansas,Big 12,puntReturnYards,116
Kansas,Big 12,puntReturnYardsOpponent,7
Kansas,Big 12,rushingAttempts,128
Kansas,Big 12,rushingAttemptsOpponent,117
Kansas,Big 12,rushingTDs,5
Kansas,Big 12,rushingTDsOpponent,3
Kansas,Big 12,rushingYards,537
Kansas,Big 12,rushingYardsOpponent,345
Kansas,Big 12,sacks,5
Kansas,Big 12,sacksOpponent,5
Kansas,Big 12,tacklesForLoss,22
Kansas,Big 12,tacklesForLossOpponent,14
Kansas,Big 12,thirdDownConversions,17
Kansas,Big 12,thirdDownConversionsOpponent,13
Kansas,Big 12,thirdDowns,44
Kansas,Big 12,thirdDownsOpponent,46
Kansas,Big 12,totalYards,1282
Kansas,Big 12,totalYardsOpponent,843
Kansas,Big 12,turnovers,7
Kansas,Big 12,turnoversOpponent,2
Kansas State,Big 12,firstDowns,103
Kansas State,Big 12,firstDownsOpponent,53
Kansas State,Big 12,fourthDownConversions,1
Kansas State,Big 12,fourthDownConversionsOpponent,1
Kansas State,Big 12,fourthDowns,2
Kansas State,Big 12,fourthDownsOpponent,2
Kansas State,Big 12,fumblesLost,2
Kansas State,Big 12,fumblesLostOpponent,3
Kansas State,Big 12,fumblesRecovered,3
Kansas State,Big 12,fumblesRecoveredOpponent,2
Kansas State,Big 12,games,4
Kansas State,Big 12,interceptions,2
Kansas State,Big 12,interceptionsOpponent,0
Kansas State,Big 12,interceptionTDsOpponent,1
Kansas State,Big 12,interceptionYardsOpponent,81
Kansas State,Big 12,kickReturns,6
Kansas State,Big 12,kickReturnsOpponent,4
Kansas State,Big 12,kickReturnTDs,0
Kansas State,Big 12,kickReturnTDsOpponent,0
Kansas State,Big 12,kickReturnYards,102
Kansas State,Big 12,kickReturnYardsOpponent,68
Kansas State,Big 12,netPassingYards,958
Kansas State,Big 12,netPassingYardsOpponent,425
Kansas State,Big 12,passAttempts,139
Kansas State,Big 12,passAttemptsOpponent,78
Kansas State,Big 12,passCompletions,93
Kansas State,Big 12,passCompletionsOpponent,37
Kansas State,Big 12,passesInterceptedOpponent,2
Kansas State,Big 12,passingTDs,7
Kansas State,Big 12,passingTDsOpponent,2
Kansas State,Big 12,penalties,15
Kansas State,Big 12,penaltiesOpponent,18
Kansas State,Big 12,penaltyYards,139
Kansas State,Big 12,penaltyYardsOpponent,143
Kansas State,Big 12,possessionTime,8102
Kansas State,Big 12,possessionTimeOpponent,6298
Kansas State,Big 12,puntReturns,9
Kansas State,Big 12,puntReturnsOpponent,3
Kansas State,Big 12,puntReturnTDs,1
Kansas State,Big 12,puntReturnTDsOpponent,0
Kansas State,Big 12,puntReturnYards,137
Kansas State,Big 12,puntReturnYardsOpponent,42
Kansas State,Big 12,rushingAttempts,151
Kansas State,Big 12,rushingAttemptsOpponent,140
Kansas State,Big 12,rushingTDs,13
Kansas State,Big 12,rushingTDsOpponent,4
Kansas State,Big 12,rushingYards,963
Kansas State,Big 12,rushingYardsOpponent,559
Kansas State,Big 12,sacks,12
Kansas State,Big 12,sacksOpponent,0
Kansas State,Big 12,tacklesForLoss,37
Kansas State,Big 12,tacklesForLossOpponent,12
Kansas State,Big 12,thirdDownConversions,39
Kansas State,Big 12,thirdDownConversionsOpponent,18
Kansas State,Big 12,thirdDowns,60
Kansas State,Big 12,thirdDownsOpponent,54
Kansas State,Big 12,totalYards,1921
Kansas State,Big 12,totalYardsOpponent,984
Kansas State,Big 12,turnovers,4
Kansas State,Big 12,turnoversOpponent,3
Kennesaw State,Conference USA,firstDowns,84
Kennesaw State,Conference USA,firstDownsOpponent,78
Kennesaw State,Conference USA,fourthDownConversions,1
Kennesaw State,Conference USA,fourthDownConversionsOpponent,2
Kennesaw State,Conference USA,fourthDowns,5
Kennesaw State,Conference USA,fourthDownsOpponent,4
Kennesaw State,Conference USA,fumblesLost,2
Kennesaw State,Conference USA,fumblesLostOpponent,4
Kennesaw State,Conference USA,fumblesRecovered,4
Kennesaw State,Conference USA,fumblesRecoveredOpponent,2
Kennesaw State,Conference USA,games,4
Kennesaw State,Conference USA,interceptions,2
Kennesaw State,Conference USA,interceptionsOpponent,1
Kennesaw State,Conference USA,interceptionTDs,0
Kennesaw State,Conference USA,interceptionTDsOpponent,0
Kennesaw State,Conference USA,interceptionYards,0
Kennesaw State,Conference USA,interceptionYardsOpponent,27
Kennesaw State,Conference USA,kickReturns,10
Kennesaw State,Conference USA,kickReturnsOpponent,6
Kennesaw State,Conference USA,kickReturnTDs,0
Kennesaw State,Conference USA,kickReturnTDsOpponent,0
Kennesaw State,Conference USA,kickReturnYards,219
Kennesaw State,Conference USA,kickReturnYardsOpponent,76
Kennesaw State,Conference USA,netPassingYards,789
Kennesaw State,Conference USA,netPassingYardsOpponent,786
Kennesaw State,Conference USA,passAttempts,127
Kennesaw State,Conference USA,passAttemptsOpponent,106
Kennesaw State,Conference USA,passCompletions,87
Kennesaw State,Conference USA,passCompletionsOpponent,73
Kennesaw State,Conference USA,passesIntercepted,1
Kennesaw State,Conference USA,passesInterceptedOpponent,2
Kennesaw State,Conference USA,passingTDs,2
Kennesaw State,Conference USA,passingTDsOpponent,2
Kennesaw State,Conference USA,penalties,27
Kennesaw State,Conference USA,penaltiesOpponent,27
Kennesaw State,Conference USA,penaltyYards,235
Kennesaw State,Conference USA,penaltyYardsOpponent,208
Kennesaw State,Conference USA,possessionTime,6876
Kennesaw State,Conference USA,possessionTimeOpponent,7524
Kennesaw State,Conference USA,puntReturns,1
Kennesaw State,Conference USA,puntReturnsOpponent,4
Kennesaw State,Conference USA,puntReturnTDs,0
Kennesaw State,Conference USA,puntReturnTDsOpponent,0
Kennesaw State,Conference USA,puntReturnYards,2
Kennesaw State,Conference USA,puntReturnYardsOpponent,52
Kennesaw State,Conference USA,rushingAttempts,136
Kennesaw State,Conference USA,rushingAttemptsOpponent,144
Kennesaw State,Conference USA,rushingTDs,9
Kennesaw State,Conference USA,rushingTDsOpponent,8
Kennesaw State,Conference USA,rushingYards,668
Kennesaw State,Conference USA,rushingYardsOpponent,666
Kennesaw State,Conference USA,sacks,4
Kennesaw State,Conference USA,sacksOpponent,4
Kennesaw State,Conference USA,tacklesForLoss,12
Kennesaw State,Conference USA,tacklesForLossOpponent,18
Kennesaw State,Conference USA,thirdDownConversions,21
Kennesaw State,Conference USA,thirdDownConversionsOpponent,15
Kennesaw State,Conference USA,thirdDowns,49
Kennesaw State,Conference USA,thirdDownsOpponent,47
Kennesaw State,Conference USA,totalYards,1457
Kennesaw State,Conference USA,totalYardsOpponent,1452
Kennesaw State,Conference USA,turnovers,4
Kennesaw State,Conference USA,turnoversOpponent,5
Kent State,Mid-American,firstDowns,57
Kent State,Mid-American,firstDownsOpponent,82
Kent State,Mid-American,fourthDownConversions,2
Kent State,Mid-American,fourthDownConversionsOpponent,4
Kent State,Mid-American,fourthDowns,7
Kent State,Mid-American,fourthDownsOpponent,7
Kent State,Mid-American,fumblesLost,3
Kent State,Mid-American,fumblesLostOpponent,0
Kent State,Mid-American,fumblesRecovered,0
Kent State,Mid-American,fumblesRecoveredOpponent,3
Kent State,Mid-American,games,4
Kent State,Mid-American,interceptions,4
Kent State,Mid-American,interceptionsOpponent,4
Kent State,Mid-American,interceptionTDs,1
Kent State,Mid-American,interceptionTDsOpponent,0
Kent State,Mid-American,interceptionYards,111
Kent State,Mid-American,interceptionYardsOpponent,9
Kent State,Mid-American,kickReturns,8
Kent State,Mid-American,kickReturnsOpponent,5
Kent State,Mid-American,kickReturnTDs,0
Kent State,Mid-American,kickReturnTDsOpponent,0
Kent State,Mid-American,kickReturnYards,124
Kent State,Mid-American,kickReturnYardsOpponent,79
Kent State,Mid-American,netPassingYards,584
Kent State,Mid-American,netPassingYardsOpponent,1028
Kent State,Mid-American,passAttempts,97
Kent State,Mid-American,passAttemptsOpponent,115
Kent State,Mid-American,passCompletions,55
Kent State,Mid-American,passCompletionsOpponent,78
Kent State,Mid-American,passesIntercepted,4
Kent State,Mid-American,passesInterceptedOpponent,4
Kent State,Mid-American,passingTDs,3
Kent State,Mid-American,passingTDsOpponent,8
Kent State,Mid-American,penalties,40
Kent State,Mid-American,penaltiesOpponent,22
Kent State,Mid-American,penaltyYards,304
Kent State,Mid-American,penaltyYardsOpponent,174
Kent State,Mid-American,possessionTime,7652
Kent State,Mid-American,possessionTimeOpponent,6748
Kent State,Mid-American,puntReturns,2
Kent State,Mid-American,puntReturnsOpponent,8
Kent State,Mid-American,puntReturnTDs,0
Kent State,Mid-American,puntReturnTDsOpponent,0
Kent State,Mid-American,puntReturnYards,-15
Kent State,Mid-American,puntReturnYardsOpponent,54
Kent State,Mid-American,rushingAttempts,146
Kent State,Mid-American,rushingAttemptsOpponent,130
Kent State,Mid-American,rushingTDs,4
Kent State,Mid-American,rushingTDsOpponent,10
Kent State,Mid-American,rushingYards,531
Kent State,Mid-American,rushingYardsOpponent,527
Kent State,Mid-American,sacks,9
Kent State,Mid-American,sacksOpponent,2
Kent State,Mid-American,tacklesForLoss,20
Kent State,Mid-American,tacklesForLossOpponent,15
Kent State,Mid-American,thirdDownConversions,26
Kent State,Mid-American,thirdDownConversionsOpponent,13
Kent State,Mid-American,thirdDowns,63
Kent State,Mid-American,thirdDownsOpponent,42
Kent State,Mid-American,totalYards,1115
Kent State,Mid-American,totalYardsOpponent,1555
Kent State,Mid-American,turnovers,7
Kent State,Mid-American,turnoversOpponent,4
Kentucky,SEC,firstDowns,82
Kentucky,SEC,firstDownsOpponent,83
Kentucky,SEC,fourthDownConversions,5
Kentucky,SEC,fourthDownConversionsOpponent,6
Kentucky,SEC,fourthDowns,9
Kentucky,SEC,fourthDownsOpponent,14
Kentucky,SEC,fumblesLost,4
Kentucky,SEC,fumblesLostOpponent,2
Kentucky,SEC,fumblesRecovered,2
Kentucky,SEC,fumblesRecoveredOpponent,4
Kentucky,SEC,games,4
Kentucky,SEC,interceptions,1
Kentucky,SEC,interceptionsOpponent,6
Kentucky,SEC,interceptionTDs,1
Kentucky,SEC,interceptionTDsOpponent,1
Kentucky,SEC,interceptionYards,50
Kentucky,SEC,interceptionYardsOpponent,34
Kentucky,SEC,kickReturns,5
Kentucky,SEC,kickReturnsOpponent,1
Kentucky,SEC,kickReturnTDs,0
Kentucky,SEC,kickReturnTDsOpponent,0
Kentucky,SEC,kickReturnYards,91
Kentucky,SEC,kickReturnYardsOpponent,10
Kentucky,SEC,netPassingYards,876
Kentucky,SEC,netPassingYardsOpponent,936
Kentucky,SEC,passAttempts,103
Kentucky,SEC,passAttemptsOpponent,153
Kentucky,SEC,passCompletions,69
Kentucky,SEC,passCompletionsOpponent,89
Kentucky,SEC,passesIntercepted,6
Kentucky,SEC,passesInterceptedOpponent,1
Kentucky,SEC,passingTDs,8
Kentucky,SEC,passingTDsOpponent,5
Kentucky,SEC,penalties,23
Kentucky,SEC,penaltiesOpponent,20
Kentucky,SEC,penaltyYards,221
Kentucky,SEC,penaltyYardsOpponent,133
Kentucky,SEC,possessionTime,7134
Kentucky,SEC,possessionTimeOpponent,7266
Kentucky,SEC,puntReturns,7
Kentucky,SEC,puntReturnsOpponent,3
Kentucky,SEC,puntReturnTDs,0
Kentucky,SEC,puntReturnTDsOpponent,0
Kentucky,SEC,puntReturnYards,17
Kentucky,SEC,puntReturnYardsOpponent,13
Kentucky,SEC,rushingAttempts,144
Kentucky,SEC,rushingAttemptsOpponent,134
Kentucky,SEC,rushingTDs,9
Kentucky,SEC,rushingTDsOpponent,7
Kentucky,SEC,rushingYards,814
Kentucky,SEC,rushingYardsOpponent,489
Kentucky,SEC,sacks,9
Kentucky,SEC,sacksOpponent,8
Kentucky,SEC,tacklesForLoss,18
Kentucky,SEC,tacklesForLossOpponent,15
Kentucky,SEC,thirdDownConversions,9
Kentucky,SEC,thirdDownConversionsOpponent,26
Kentucky,SEC,thirdDowns,39
Kentucky,SEC,thirdDownsOpponent,58
Kentucky,SEC,totalYards,1690
Kentucky,SEC,totalYardsOpponent,1425
Kentucky,SEC,turnovers,5
Kentucky,SEC,turnoversOpponent,8
Liberty,Conference USA,firstDowns,84
Liberty,Conference USA,firstDownsOpponent,73
Liberty,Conference USA,fourthDownConversions,3
Liberty,Conference USA,fourthDownConversionsOpponent,3
Liberty,Conference USA,fourthDowns,7
Liberty,Conference USA,fourthDownsOpponent,6
Liberty,Conference USA,fumblesLost,5
Liberty,Conference USA,fumblesLostOpponent,2
Liberty,Conference USA,fumblesRecovered,2
Liberty,Conference USA,fumblesRecoveredOpponent,5
Liberty,Conference USA,games,4
Liberty,Conference USA,interceptions,0
Liberty,Conference USA,interceptionsOpponent,4
Liberty,Conference USA,interceptionTDs,0
Liberty,Conference USA,interceptionYards,21
Liberty,Conference USA,kickReturns,6
Liberty,Conference USA,kickReturnsOpponent,7
Liberty,Conference USA,kickReturnTDs,0
Liberty,Conference USA,kickReturnTDsOpponent,0
Liberty,Conference USA,kickReturnYards,122
Liberty,Conference USA,kickReturnYardsOpponent,166
Liberty,Conference USA,netPassingYards,886
Liberty,Conference USA,netPassingYardsOpponent,610
Liberty,Conference USA,passAttempts,90
Liberty,Conference USA,passAttemptsOpponent,112
Liberty,Conference USA,passCompletions,53
Liberty,Conference USA,passCompletionsOpponent,55
Liberty,Conference USA,passesIntercepted,4
Liberty,Conference USA,passingTDs,10
Liberty,Conference USA,passingTDsOpponent,3
Liberty,Conference USA,penalties,35
Liberty,Conference USA,penaltiesOpponent,38
Liberty,Conference USA,penaltyYards,293
Liberty,Conference USA,penaltyYardsOpponent,328
Liberty,Conference USA,possessionTime,7865
Liberty,Conference USA,possessionTimeOpponent,6535
Liberty,Conference USA,puntReturns,5
Liberty,Conference USA,puntReturnsOpponent,2
Liberty,Conference USA,puntReturnTDs,0
Liberty,Conference USA,puntReturnTDsOpponent,0
Liberty,Conference USA,puntReturnYards,15
Liberty,Conference USA,puntReturnYardsOpponent,10
Liberty,Conference USA,rushingAttempts,168
Liberty,Conference USA,rushingAttemptsOpponent,130
Liberty,Conference USA,rushingTDs,5
Liberty,Conference USA,rushingTDsOpponent,4
Liberty,Conference USA,rushingYards,759
Liberty,Conference USA,rushingYardsOpponent,538
Liberty,Conference USA,sacks,9
Liberty,Conference USA,sacksOpponent,9
Liberty,Conference USA,tacklesForLoss,25
Liberty,Conference USA,tacklesForLossOpponent,17
Liberty,Conference USA,thirdDownConversions,23
Liberty,Conference USA,thirdDownConversionsOpponent,15
Liberty,Conference USA,thirdDowns,50
Liberty,Conference USA,thirdDownsOpponent,47
Liberty,Conference USA,totalYards,1645
Liberty,Conference USA,totalYardsOpponent,1148
Liberty,Conference USA,turnovers,5
Liberty,Conference USA,turnoversOpponent,6
Louisiana,Sun Belt,firstDowns,84
Louisiana,Sun Belt,firstDownsOpponent,58
Louisiana,Sun Belt,fourthDownConversions,5
Louisiana,Sun Belt,fourthDownConversionsOpponent,1
Louisiana,Sun Belt,fourthDowns,7
Louisiana,Sun Belt,fourthDownsOpponent,9
Louisiana,Sun Belt,fumblesLost,3
Louisiana,Sun Belt,fumblesLostOpponent,4
Louisiana,Sun Belt,fumblesRecovered,4
Louisiana,Sun Belt,fumblesRecoveredOpponent,3
Louisiana,Sun Belt,games,4
Louisiana,Sun Belt,interceptions,3
Louisiana,Sun Belt,interceptionsOpponent,6
Louisiana,Sun Belt,interceptionTDs,0
Louisiana,Sun Belt,interceptionTDsOpponent,1
Louisiana,Sun Belt,interceptionYards,5
Louisiana,Sun Belt,interceptionYardsOpponent,40
Louisiana,Sun Belt,kickReturns,6
Louisiana,Sun Belt,kickReturnsOpponent,12
Louisiana,Sun Belt,kickReturnTDs,0
Louisiana,Sun Belt,kickReturnTDsOpponent,0
Louisiana,Sun Belt,kickReturnYards,104
Louisiana,Sun Belt,kickReturnYardsOpponent,223
Louisiana,Sun Belt,netPassingYards,712
Louisiana,Sun Belt,netPassingYardsOpponent,673
Louisiana,Sun Belt,passAttempts,98
Louisiana,Sun Belt,passAttemptsOpponent,119
Louisiana,Sun Belt,passCompletions,70
Louisiana,Sun Belt,passCompletionsOpponent,70
Louisiana,Sun Belt,passesIntercepted,6
Louisiana,Sun Belt,passesInterceptedOpponent,3
Louisiana,Sun Belt,passingTDs,2
Louisiana,Sun Belt,passingTDsOpponent,5
Louisiana,Sun Belt,penalties,25
Louisiana,Sun Belt,penaltiesOpponent,31
Louisiana,Sun Belt,penaltyYards,208
Louisiana,Sun Belt,penaltyYardsOpponent,280
Louisiana,Sun Belt,possessionTime,8200
Louisiana,Sun Belt,possessionTimeOpponent,6200
Louisiana,Sun Belt,puntReturns,6
Louisiana,Sun Belt,puntReturnsOpponent,8
Louisiana,Sun Belt,puntReturnTDs,0
Louisiana,Sun Belt,puntReturnTDsOpponent,1
Louisiana,Sun Belt,puntReturnYards,73
Louisiana,Sun Belt,puntReturnYardsOpponent,153
Louisiana,Sun Belt,rushingAttempts,173
Louisiana,Sun Belt,rushingAttemptsOpponent,115
Louisiana,Sun Belt,rushingTDs,14
Louisiana,Sun Belt,rushingTDsOpponent,2
Louisiana,Sun Belt,rushingYards,747
Louisiana,Sun Belt,rushingYardsOpponent,370
Louisiana,Sun Belt,sacks,7
Louisiana,Sun Belt,sacksOpponent,7
Louisiana,Sun Belt,tacklesForLoss,22
Louisiana,Sun Belt,tacklesForLossOpponent,25
Louisiana,Sun Belt,thirdDownConversions,16
Louisiana,Sun Belt,thirdDownConversionsOpponent,21
Louisiana,Sun Belt,thirdDowns,48
Louisiana,Sun Belt,thirdDownsOpponent,51
Louisiana,Sun Belt,totalYards,1459
Louisiana,Sun Belt,totalYardsOpponent,1043
Louisiana,Sun Belt,turnovers,6
Louisiana,Sun Belt,turnoversOpponent,10
Louisiana Tech,Sun Belt,firstDowns,56
Louisiana Tech,Sun Belt,firstDownsOpponent,55
Louisiana Tech,Sun Belt,fourthDownConversions,2
Louisiana Tech,Sun Belt,fourthDownConversionsOpponent,2
Louisiana Tech,Sun Belt,fourthDowns,7
Louisiana Tech,Sun Belt,fourthDownsOpponent,4
Louisiana Tech,Sun Belt,fumblesLost,3
Louisiana Tech,Sun Belt,fumblesLostOpponent,3
Louisiana Tech,Sun Belt,fumblesRecovered,3
Louisiana Tech,Sun Belt,fumblesRecoveredOpponent,3
Louisiana Tech,Sun Belt,games,3
Louisiana Tech,Sun Belt,interceptions,2
Louisiana Tech,Sun Belt,interceptionsOpponent,4
Louisiana Tech,Sun Belt,interceptionTDs,1
Louisiana Tech,Sun Belt,interceptionTDsOpponent,0
Louisiana Tech,Sun Belt,interceptionYards,125
Louisiana Tech,Sun Belt,interceptionYardsOpponent,32
Louisiana Tech,Sun Belt,kickReturns,4
Louisiana Tech,Sun Belt,kickReturnTDs,0
Louisiana Tech,Sun Belt,kickReturnYards,77
Louisiana Tech,Sun Belt,netPassingYards,662
Louisiana Tech,Sun Belt,netPassingYardsOpponent,677
Louisiana Tech,Sun Belt,passAttempts,90
Louisiana Tech,Sun Belt,passAttemptsOpponent,81
Louisiana Tech,Sun Belt,passCompletions,56
Louisiana Tech,Sun Belt,passCompletionsOpponent,53
Louisiana Tech,Sun Belt,passesIntercepted,4
Louisiana Tech,Sun Belt,passesInterceptedOpponent,2
Louisiana Tech,Sun Belt,passingTDs,8
Louisiana Tech,Sun Belt,passingTDsOpponent,4
Louisiana Tech,Sun Belt,penalties,16
Louisiana Tech,Sun Belt,penaltiesOpponent,26
Louisiana Tech,Sun Belt,penaltyYards,146
Louisiana Tech,Sun Belt,penaltyYardsOpponent,255
Louisiana Tech,Sun Belt,possessionTime,4981
Louisiana Tech,Sun Belt,possessionTimeOpponent,5819
Louisiana Tech,Sun Belt,puntReturns,6
Louisiana Tech,Sun Belt,puntReturnsOpponent,6
Louisiana Tech,Sun Belt,puntReturnTDs,1
Louisiana Tech,Sun Belt,puntReturnTDsOpponent,0
Louisiana Tech,Sun Belt,puntReturnYards,98
Louisiana Tech,Sun Belt,puntReturnYardsOpponent,48
Louisiana Tech,Sun Belt,rushingAttempts,102
Louisiana Tech,Sun Belt,rushingAttemptsOpponent,133
Louisiana Tech,Sun Belt,rushingTDs,6
Louisiana Tech,Sun Belt,rushingTDsOpponent,6
Louisiana Tech,Sun Belt,rushingYards,368
Louisiana Tech,Sun Belt,rushingYardsOpponent,398
Louisiana Tech,Sun Belt,sacks,9
Louisiana Tech,Sun Belt,sacksOpponent,8
Louisiana Tech,Sun Belt,tacklesForLoss,33
Louisiana Tech,Sun Belt,tacklesForLossOpponent,18
Louisiana Tech,Sun Belt,thirdDownConversions,17
Louisiana Tech,Sun Belt,thirdDownConversionsOpponent,17
Louisiana Tech,Sun Belt,thirdDowns,41
Louisiana Tech,Sun Belt,thirdDownsOpponent,48
Louisiana Tech,Sun Belt,totalYards,1030
Louisiana Tech,Sun Belt,totalYardsOpponent,1075
Louisiana Tech,Sun Belt,turnovers,5
Louisiana Tech,Sun Belt,turnoversOpponent,7
Louisville,ACC,firstDowns,95
Louisville,ACC,firstDownsOpponent,86
Louisville,ACC,fourthDownConversions,0
Louisville,ACC,fourthDownConversionsOpponent,4
Louisville,ACC,fourthDowns,2
Louisville,ACC,fourthDownsOpponent,8
Louisville,ACC,fumblesLost,0
Louisville,ACC,fumblesLostOpponent,4
Louisville,ACC,fumblesRecovered,3
Louisville,ACC,fumblesRecoveredOpponent,0
Louisville,ACC,games,4
Louisville,ACC,interceptions,1
Louisville,ACC,interceptionsOpponent,3
Louisville,ACC,interceptionTDs,0
Louisville,ACC,interceptionTDsOpponent,0
Louisville,ACC,interceptionYards,0
Louisville,ACC,interceptionYardsOpponent,1
Louisville,ACC,kickReturns,8
Louisville,ACC,kickReturnsOpponent,4
Louisville,ACC,kickReturnTDs,0
Louisville,ACC,kickReturnTDsOpponent,0
Louisville,ACC,kickReturnYards,145
Louisville,ACC,kickReturnYardsOpponent,68
Louisville,ACC,netPassingYards,1183
Louisville,ACC,netPassingYardsOpponent,961
Louisville,ACC,passAttempts,116
Louisville,ACC,passAttemptsOpponent,125
Louisville,ACC,passCompletions,80
Louisville,ACC,passCompletionsOpponent,77
Louisville,ACC,passesIntercepted,3
Louisville,ACC,passesInterceptedOpponent,1
Louisville,ACC,passingTDs,8
Louisville,ACC,passingTDsOpponent,6
Louisville,ACC,penalties,36
Louisville,ACC,penaltiesOpponent,31
Louisville,ACC,penaltyYards,372
Louisville,ACC,penaltyYardsOpponent,291
Louisville,ACC,possessionTime,7305
Louisville,ACC,possessionTimeOpponent,7095
Louisville,ACC,puntReturns,6
Louisville,ACC,puntReturnsOpponent,3
Louisville,ACC,puntReturnTDs,0
Louisville,ACC,puntReturnTDsOpponent,0
Louisville,ACC,puntReturnYards,46
Louisville,ACC,puntReturnYardsOpponent,12
Louisville,ACC,rushingAttempts,152
Louisville,ACC,rushingAttemptsOpponent,156
Louisville,ACC,rushingTDs,13
Louisville,ACC,rushingTDsOpponent,7
Louisville,ACC,rushingYards,762
Louisville,ACC,rushingYardsOpponent,661
Louisville,ACC,sacks,6
Louisville,ACC,sacksOpponent,7
Louisville,ACC,tacklesForLoss,15
Louisville,ACC,tacklesForLossOpponent,27
Louisville,ACC,thirdDownConversions,22
Louisville,ACC,thirdDownConversionsOpponent,17
Louisville,ACC,thirdDowns,48
Louisville,ACC,thirdDownsOpponent,54
Louisville,ACC,totalYards,1945
Louisville,ACC,totalYardsOpponent,1622
Louisville,ACC,turnovers,1
Louisville,ACC,turnoversOpponent,7
LSU,SEC,firstDowns,103
LSU,SEC,firstDownsOpponent,52
LSU,SEC,fourthDownConversions,5
LSU,SEC,fourthDownConversionsOpponent,1
LSU,SEC,fourthDowns,7
LSU,SEC,fourthDownsOpponent,4
LSU,SEC,fumblesLost,1
LSU,SEC,fumblesLostOpponent,2
LSU,SEC,fumblesRecovered,2
LSU,SEC,fumblesRecoveredOpponent,1
LSU,SEC,games,4
LSU,SEC,interceptions,6
LSU,SEC,interceptionsOpponent,5
LSU,SEC,interceptionTDs,1
LSU,SEC,interceptionTDsOpponent,1
LSU,SEC,interceptionYards,82
LSU,SEC,interceptionYardsOpponent,126
LSU,SEC,kickReturns,2
LSU,SEC,kickReturnsOpponent,5
LSU,SEC,kickReturnTDs,0
LSU,SEC,kickReturnTDsOpponent,0
LSU,SEC,kickReturnYards,38
LSU,SEC,kickReturnYardsOpponent,97
LSU,SEC,netPassingYards,1186
LSU,SEC,netPassingYardsOpponent,717
LSU,SEC,passAttempts,132
LSU,SEC,passAttemptsOpponent,121
LSU,SEC,passCompletions,82
LSU,SEC,passCompletionsOpponent,71
LSU,SEC,passesIntercepted,5
LSU,SEC,passesInterceptedOpponent,6
LSU,SEC,passingTDs,6
LSU,SEC,passingTDsOpponent,3
LSU,SEC,penalties,28
LSU,SEC,penaltiesOpponent,25
LSU,SEC,penaltyYards,245
LSU,SEC,penaltyYardsOpponent,212
LSU,SEC,possessionTime,7852
LSU,SEC,possessionTimeOpponent,6548
LSU,SEC,puntReturns,5
LSU,SEC,puntReturnsOpponent,4
LSU,SEC,puntReturnTDs,0
LSU,SEC,puntReturnTDsOpponent,0
LSU,SEC,puntReturnYards,43
LSU,SEC,puntReturnYardsOpponent,6
LSU,SEC,rushingAttempts,183
LSU,SEC,rushingAttemptsOpponent,115
LSU,SEC,rushingTDs,13
LSU,SEC,rushingTDsOpponent,3
LSU,SEC,rushingYards,822
LSU,SEC,rushingYardsOpponent,191
LSU,SEC,sacks,17
LSU,SEC,sacksOpponent,7
LSU,SEC,tacklesForLoss,32
LSU,SEC,tacklesForLossOpponent,24
LSU,SEC,thirdDownConversions,32
LSU,SEC,thirdDownConversionsOpponent,17
LSU,SEC,thirdDowns,62
LSU,SEC,thirdDownsOpponent,57
LSU,SEC,totalYards,2008
LSU,SEC,totalYardsOpponent,908
LSU,SEC,turnovers,7
LSU,SEC,turnoversOpponent,7
Marshall,Sun Belt,firstDowns,82
Marshall,Sun Belt,firstDownsOpponent,90
Marshall,Sun Belt,fourthDownConversions,2
Marshall,Sun Belt,fourthDownConversionsOpponent,4
Marshall,Sun Belt,fourthDowns,3
Marshall,Sun Belt,fourthDownsOpponent,6
Marshall,Sun Belt,fumblesLost,4
Marshall,Sun Belt,fumblesLostOpponent,1
Marshall,Sun Belt,fumblesRecovered,1
Marshall,Sun Belt,fumblesRecoveredOpponent,4
Marshall,Sun Belt,games,4
Marshall,Sun Belt,interceptions,2
Marshall,Sun Belt,interceptionsOpponent,2
Marshall,Sun Belt,interceptionTDs,0
Marshall,Sun Belt,interceptionTDsOpponent,0
Marshall,Sun Belt,interceptionYards,57
Marshall,Sun Belt,interceptionYardsOpponent,24
Marshall,Sun Belt,kickReturns,12
Marshall,Sun Belt,kickReturnsOpponent,5
Marshall,Sun Belt,kickReturnTDs,0
Marshall,Sun Belt,kickReturnTDsOpponent,0
Marshall,Sun Belt,kickReturnYards,245
Marshall,Sun Belt,kickReturnYardsOpponent,117
Marshall,Sun Belt,netPassingYards,894
Marshall,Sun Belt,netPassingYardsOpponent,1185
Marshall,Sun Belt,passAttempts,117
Marshall,Sun Belt,passAttemptsOpponent,136
Marshall,Sun Belt,passCompletions,78
Marshall,Sun Belt,passCompletionsOpponent,87
Marshall,Sun Belt,passesIntercepted,2
Marshall,Sun Belt,passesInterceptedOpponent,2
Marshall,Sun Belt,passingTDs,5
Marshall,Sun Belt,passingTDsOpponent,12
Marshall,Sun Belt,penalties,25
Marshall,Sun Belt,penaltiesOpponent,34
Marshall,Sun Belt,penaltyYards,245
Marshall,Sun Belt,penaltyYardsOpponent,267
Marshall,Sun Belt,possessionTime,7123
Marshall,Sun Belt,possessionTimeOpponent,7277
Marshall,Sun Belt,puntReturns,3
Marshall,Sun Belt,puntReturnsOpponent,8
Marshall,Sun Belt,puntReturnTDs,0
Marshall,Sun Belt,puntReturnTDsOpponent,0
Marshall,Sun Belt,puntReturnYards,25
Marshall,Sun Belt,puntReturnYardsOpponent,123
Marshall,Sun Belt,rushingAttempts,144
Marshall,Sun Belt,rushingAttemptsOpponent,130
Marshall,Sun Belt,rushingTDs,6
Marshall,Sun Belt,rushingTDsOpponent,3
Marshall,Sun Belt,rushingYards,596
Marshall,Sun Belt,rushingYardsOpponent,618
Marshall,Sun Belt,sacks,4
Marshall,Sun Belt,sacksOpponent,6
Marshall,Sun Belt,tacklesForLoss,16
Marshall,Sun Belt,tacklesForLossOpponent,22
Marshall,Sun Belt,thirdDownConversions,15
Marshall,Sun Belt,thirdDownConversionsOpponent,24
Marshall,Sun Belt,thirdDowns,48
Marshall,Sun Belt,thirdDownsOpponent,52
Marshall,Sun Belt,totalYards,1490
Marshall,Sun Belt,totalYardsOpponent,1803
Marshall,Sun Belt,turnovers,6
Marshall,Sun Belt,turnoversOpponent,3
Maryland,Big Ten,firstDowns,94
Maryland,Big Ten,firstDownsOpponent,62
Maryland,Big Ten,fourthDownConversions,4
Maryland,Big Ten,fourthDownConversionsOpponent,3
Maryland,Big Ten,fourthDowns,8
Maryland,Big Ten,fourthDownsOpponent,6
Maryland,Big Ten,fumblesLost,1
Maryland,Big Ten,fumblesLostOpponent,3
Maryland,Big Ten,fumblesRecovered,3
Maryland,Big Ten,fumblesRecoveredOpponent,1
Maryland,Big Ten,games,4
Maryland,Big Ten,interceptions,4
Maryland,Big Ten,interceptionsOpponent,3
Maryland,Big Ten,interceptionTDs,0
Maryland,Big Ten,interceptionTDsOpponent,2
Maryland,Big Ten,interceptionYards,35
Maryland,Big Ten,interceptionYardsOpponent,152
Maryland,Big Ten,kickReturns,4
Maryland,Big Ten,kickReturnsOpponent,12
Maryland,Big Ten,kickReturnTDs,0
Maryland,Big Ten,kickReturnTDsOpponent,0
Maryland,Big Ten,kickReturnYards,34
Maryland,Big Ten,kickReturnYardsOpponent,216
Maryland,Big Ten,netPassingYards,1132
Maryland,Big Ten,netPassingYardsOpponent,754
Maryland,Big Ten,passAttempts,162
Maryland,Big Ten,passAttemptsOpponent,103
Maryland,Big Ten,passCompletions,109
Maryland,Big Ten,passCompletionsOpponent,66
Maryland,Big Ten,passesIntercepted,3
Maryland,Big Ten,passesInterceptedOpponent,4
Maryland,Big Ten,passingTDs,7
Maryland,Big Ten,passingTDsOpponent,6
Maryland,Big Ten,penalties,25
Maryland,Big Ten,penaltiesOpponent,34
Maryland,Big Ten,penaltyYards,231
Maryland,Big Ten,penaltyYardsOpponent,268
Maryland,Big Ten,possessionTime,6981
Maryland,Big Ten,possessionTimeOpponent,7419
Maryland,Big Ten,puntReturns,6
Maryland,Big Ten,puntReturnsOpponent,5
Maryland,Big Ten,puntReturnTDs,0
Maryland,Big Ten,puntReturnTDsOpponent,0
Maryland,Big Ten,puntReturnYards,73
Maryland,Big Ten,puntReturnYardsOpponent,50
Maryland,Big Ten,rushingAttempts,127
Maryland,Big Ten,rushingAttemptsOpponent,137
Maryland,Big Ten,rushingTDs,10
Maryland,Big Ten,rushingTDsOpponent,6
Maryland,Big Ten,rushingYards,593
Maryland,Big Ten,rushingYardsOpponent,474
Maryland,Big Ten,sacks,12
Maryland,Big Ten,sacksOpponent,5
Maryland,Big Ten,tacklesForLoss,20
Maryland,Big Ten,tacklesForLossOpponent,22
Maryland,Big Ten,thirdDownConversions,24
Maryland,Big Ten,thirdDownConversionsOpponent,19
Maryland,Big Ten,thirdDowns,56
Maryland,Big Ten,thirdDownsOpponent,52
Maryland,Big Ten,totalYards,1725
Maryland,Big Ten,totalYardsOpponent,1228
Maryland,Big Ten,turnovers,5
Maryland,Big Ten,turnoversOpponent,6
Massachusetts,Mid-American,firstDowns,63
Massachusetts,Mid-American,firstDownsOpponent,67
Massachusetts,Mid-American,fourthDownConversions,3
Massachusetts,Mid-American,fourthDownConversionsOpponent,9
Massachusetts,Mid-American,fourthDowns,4
Massachusetts,Mid-American,fourthDownsOpponent,13
Massachusetts,Mid-American,fumblesLost,0
Massachusetts,Mid-American,fumblesLostOpponent,5
Massachusetts,Mid-American,fumblesRecovered,5
Massachusetts,Mid-American,fumblesRecoveredOpponent,0
Massachusetts,Mid-American,games,4
Massachusetts,Mid-American,interceptions,1
Massachusetts,Mid-American,interceptionsOpponent,6
Massachusetts,Mid-American,interceptionTDs,2
Massachusetts,Mid-American,interceptionTDsOpponent,0
Massachusetts,Mid-American,interceptionYards,95
Massachusetts,Mid-American,interceptionYardsOpponent,-1
Massachusetts,Mid-American,kickReturns,4
Massachusetts,Mid-American,kickReturnsOpponent,4
Massachusetts,Mid-American,kickReturnTDs,0
Massachusetts,Mid-American,kickReturnTDsOpponent,0
Massachusetts,Mid-American,kickReturnYards,69
Massachusetts,Mid-American,kickReturnYardsOpponent,65
Massachusetts,Mid-American,netPassingYards,621
Massachusetts,Mid-American,netPassingYardsOpponent,834
Massachusetts,Mid-American,passAttempts,77
Massachusetts,Mid-American,passAttemptsOpponent,137
Massachusetts,Mid-American,passCompletions,56
Massachusetts,Mid-American,passCompletionsOpponent,79
Massachusetts,Mid-American,passesIntercepted,6
Massachusetts,Mid-American,passesInterceptedOpponent,1
Massachusetts,Mid-American,passingTDs,6
Massachusetts,Mid-American,passingTDsOpponent,5
Massachusetts,Mid-American,penalties,31
Massachusetts,Mid-American,penaltiesOpponent,30
Massachusetts,Mid-American,penaltyYards,271
Massachusetts,Mid-American,penaltyYardsOpponent,224
Massachusetts,Mid-American,possessionTime,7176
Massachusetts,Mid-American,possessionTimeOpponent,7224
Massachusetts,Mid-American,puntReturns,5
Massachusetts,Mid-American,puntReturnsOpponent,6
Massachusetts,Mid-American,puntReturnTDs,1
Massachusetts,Mid-American,puntReturnTDsOpponent,0
Massachusetts,Mid-American,puntReturnYards,149
Massachusetts,Mid-American,puntReturnYardsOpponent,33
Massachusetts,Mid-American,rushingAttempts,139
Massachusetts,Mid-American,rushingAttemptsOpponent,129
Massachusetts,Mid-American,rushingTDs,9
Massachusetts,Mid-American,rushingTDsOpponent,1
Massachusetts,Mid-American,rushingYards,779
Massachusetts,Mid-American,rushingYardsOpponent,302
Massachusetts,Mid-American,sacks,11
Massachusetts,Mid-American,sacksOpponent,4
Massachusetts,Mid-American,tacklesForLoss,16
Massachusetts,Mid-American,tacklesForLossOpponent,13
Massachusetts,Mid-American,thirdDownConversions,14
Massachusetts,Mid-American,thirdDownConversionsOpponent,15
Massachusetts,Mid-American,thirdDowns,42
Massachusetts,Mid-American,thirdDownsOpponent,55
Massachusetts,Mid-American,totalYards,1400
Massachusetts,Mid-American,totalYardsOpponent,1136
Massachusetts,Mid-American,turnovers,1
Massachusetts,Mid-American,turnoversOpponent,11
Memphis,American Athletic,firstDowns,89
Memphis,American Athletic,firstDownsOpponent,87
Memphis,American Athletic,fourthDownConversions,1
Memphis,American Athletic,fourthDownConversionsOpponent,4
Memphis,American Athletic,fourthDowns,4
Memphis,American Athletic,fourthDownsOpponent,9
Memphis,American Athletic,fumblesLost,1
Memphis,American Athletic,fumblesLostOpponent,0
Memphis,American Athletic,fumblesRecovered,0
Memphis,American Athletic,fumblesRecoveredOpponent,1
Memphis,American Athletic,games,4
Memphis,American Athletic,interceptions,4
Memphis,American Athletic,interceptionsOpponent,4
Memphis,American Athletic,interceptionTDs,0
Memphis,American Athletic,interceptionTDsOpponent,0
Memphis,American Athletic,interceptionYards,37
Memphis,American Athletic,interceptionYardsOpponent,49
Memphis,American Athletic,kickReturns,6
Memphis,American Athletic,kickReturnsOpponent,1
Memphis,American Athletic,kickReturnTDs,0
Memphis,American Athletic,kickReturnTDsOpponent,0
Memphis,American Athletic,kickReturnYards,143
Memphis,American Athletic,kickReturnYardsOpponent,15
Memphis,American Athletic,netPassingYards,1068
Memphis,American Athletic,netPassingYardsOpponent,1014
Memphis,American Athletic,passAttempts,102
Memphis,American Athletic,passAttemptsOpponent,125
Memphis,American Athletic,passCompletions,72
Memphis,American Athletic,passCompletionsOpponent,80
Memphis,American Athletic,passesIntercepted,4
Memphis,American Athletic,passesInterceptedOpponent,4
Memphis,American Athletic,passingTDs,10
Memphis,American Athletic,passingTDsOpponent,6
Memphis,American Athletic,penalties,19
Memphis,American Athletic,penaltiesOpponent,30
Memphis,American Athletic,penaltyYards,184
Memphis,American Athletic,penaltyYardsOpponent,249
Memphis,American Athletic,possessionTime,6336
Memphis,American Athletic,possessionTimeOpponent,8064
Memphis,American Athletic,puntReturns,3
Memphis,American Athletic,puntReturnsOpponent,5
Memphis,American Athletic,puntReturnTDs,0
Memphis,American Athletic,puntReturnTDsOpponent,1
Memphis,American Athletic,puntReturnYards,8
Memphis,American Athletic,puntReturnYardsOpponent,80
Memphis,American Athletic,rushingAttempts,148
Memphis,American Athletic,rushingAttemptsOpponent,145
Memphis,American Athletic,rushingTDs,7
Memphis,American Athletic,rushingTDsOpponent,7
Memphis,American Athletic,rushingYards,964
Memphis,American Athletic,rushingYardsOpponent,749
Memphis,American Athletic,sacks,10
Memphis,American Athletic,sacksOpponent,5
Memphis,American Athletic,tacklesForLoss,22
Memphis,American Athletic,tacklesForLossOpponent,15
Memphis,American Athletic,thirdDownConversions,18
Memphis,American Athletic,thirdDownConversionsOpponent,21
Memphis,American Athletic,thirdDowns,41
Memphis,American Athletic,thirdDownsOpponent,52
Memphis,American Athletic,totalYards,2032
Memphis,American Athletic,totalYardsOpponent,1763
Memphis,American Athletic,turnovers,5
Memphis,American Athletic,turnoversOpponent,4
Miami,ACC,firstDowns,123
Miami,ACC,firstDownsOpponent,51
Miami,ACC,fourthDownConversions,1
Miami,ACC,fourthDownConversionsOpponent,1
Miami,ACC,fourthDowns,2
Miami,ACC,fourthDownsOpponent,5
Miami,ACC,fumblesLost,2
Miami,ACC,fumblesLostOpponent,2
Miami,ACC,fumblesRecovered,2
Miami,ACC,fumblesRecoveredOpponent,1
Miami,ACC,games,4
Miami,ACC,interceptions,1
Miami,ACC,interceptionsOpponent,2
Miami,ACC,interceptionTDs,0
Miami,ACC,interceptionTDsOpponent,0
Miami,ACC,interceptionYards,24
Miami,ACC,interceptionYardsOpponent,0
Miami,ACC,kickReturns,7
Miami,ACC,kickReturnsOpponent,3
Miami,ACC,kickReturnTDs,0
Miami,ACC,kickReturnTDsOpponent,0
Miami,ACC,kickReturnYards,134
Miami,ACC,kickReturnYardsOpponent,54
Miami,ACC,netPassingYards,1445
Miami,ACC,netPassingYardsOpponent,740
Miami,ACC,passAttempts,132
Miami,ACC,passAttemptsOpponent,140
Miami,ACC,passCompletions,114
Miami,ACC,passCompletionsOpponent,83
Miami,ACC,passesIntercepted,2
Miami,ACC,passesInterceptedOpponent,1
Miami,ACC,passingTDs,17
Miami,ACC,passingTDsOpponent,3
Miami,ACC,penalties,26
Miami,ACC,penaltiesOpponent,34
Miami,ACC,penaltyYards,237
Miami,ACC,penaltyYardsOpponent,282
Miami,ACC,possessionTime,8288
Miami,ACC,possessionTimeOpponent,6112
Miami,ACC,puntReturns,5
Miami,ACC,puntReturnsOpponent,2
Miami,ACC,puntReturnTDs,0
Miami,ACC,puntReturnTDsOpponent,0
Miami,ACC,puntReturnYards,70
Miami,ACC,puntReturnYardsOpponent,14
Miami,ACC,rushingAttempts,144
Miami,ACC,rushingAttemptsOpponent,85
Miami,ACC,rushingTDs,11
Miami,ACC,rushingTDsOpponent,0
Miami,ACC,rushingYards,910
Miami,ACC,rushingYardsOpponent,158
Miami,ACC,sacks,10
Miami,ACC,sacksOpponent,3
Miami,ACC,tacklesForLoss,19
Miami,ACC,tacklesForLossOpponent,10
Miami,ACC,thirdDownConversions,20
Miami,ACC,thirdDownConversionsOpponent,16
Miami,ACC,thirdDowns,36
Miami,ACC,thirdDownsOpponent,55
Miami,ACC,totalYards,2355
Miami,ACC,totalYardsOpponent,898
Miami,ACC,turnovers,3
Miami,ACC,turnoversOpponent,4
Miami (OH),Mid-American,firstDowns,79
Miami (OH),Mid-American,firstDownsOpponent,85
Miami (OH),Mid-American,fourthDownConversions,3
Miami (OH),Mid-American,fourthDownConversionsOpponent,4
Miami (OH),Mid-American,fourthDowns,4
Miami (OH),Mid-American,fourthDownsOpponent,8
Miami (OH),Mid-American,fumblesLost,2
Miami (OH),Mid-American,fumblesLostOpponent,2
Miami (OH),Mid-American,fumblesRecovered,2
Miami (OH),Mid-American,fumblesRecoveredOpponent,2
Miami (OH),Mid-American,games,4
Miami (OH),Mid-American,interceptions,2
Miami (OH),Mid-American,interceptionsOpponent,1
Miami (OH),Mid-American,interceptionTDs,0
Miami (OH),Mid-American,interceptionTDsOpponent,0
Miami (OH),Mid-American,interceptionYards,0
Miami (OH),Mid-American,interceptionYardsOpponent,0
Miami (OH),Mid-American,kickReturns,5
Miami (OH),Mid-American,kickReturnsOpponent,8
Miami (OH),Mid-American,kickReturnTDs,1
Miami (OH),Mid-American,kickReturnTDsOpponent,0
Miami (OH),Mid-American,kickReturnYards,218
Miami (OH),Mid-American,kickReturnYardsOpponent,193
Miami (OH),Mid-American,netPassingYards,1156
Miami (OH),Mid-American,netPassingYardsOpponent,1145
Miami (OH),Mid-American,passAttempts,112
Miami (OH),Mid-American,passAttemptsOpponent,144
Miami (OH),Mid-American,passCompletions,72
Miami (OH),Mid-American,passCompletionsOpponent,95
Miami (OH),Mid-American,passesIntercepted,1
Miami (OH),Mid-American,passesInterceptedOpponent,2
Miami (OH),Mid-American,passingTDs,7
Miami (OH),Mid-American,passingTDsOpponent,11
Miami (OH),Mid-American,penalties,21
Miami (OH),Mid-American,penaltiesOpponent,19
Miami (OH),Mid-American,penaltyYards,190
Miami (OH),Mid-American,penaltyYardsOpponent,157
Miami (OH),Mid-American,possessionTime,7410
Miami (OH),Mid-American,possessionTimeOpponent,6990
Miami (OH),Mid-American,puntReturns,3
Miami (OH),Mid-American,puntReturnsOpponent,3
Miami (OH),Mid-American,puntReturnTDs,1
Miami (OH),Mid-American,puntReturnTDsOpponent,0
Miami (OH),Mid-American,puntReturnYards,28
Miami (OH),Mid-American,puntReturnYardsOpponent,24
Miami (OH),Mid-American,rushingAttempts,117
Miami (OH),Mid-American,rushingAttemptsOpponent,113
Miami (OH),Mid-American,rushingTDs,6
Miami (OH),Mid-American,rushingTDsOpponent,6
Miami (OH),Mid-American,rushingYards,394
Miami (OH),Mid-American,rushingYardsOpponent,505
Miami (OH),Mid-American,sacks,7
Miami (OH),Mid-American,sacksOpponent,6
Miami (OH),Mid-American,tacklesForLoss,14
Miami (OH),Mid-American,tacklesForLossOpponent,20
Miami (OH),Mid-American,thirdDownConversions,19
Miami (OH),Mid-American,thirdDownConversionsOpponent,22
Miami (OH),Mid-American,thirdDowns,46
Miami (OH),Mid-American,thirdDownsOpponent,48
Miami (OH),Mid-American,totalYards,1550
Miami (OH),Mid-American,totalYardsOpponent,1650
Miami (OH),Mid-American,turnovers,4
Miami (OH),Mid-American,turnoversOpponent,3
Michigan,Big Ten,firstDowns,74
Michigan,Big Ten,firstDownsOpponent,58
Michigan,Big Ten,fourthDownConversions,4
Michigan,Big Ten,fourthDownConversionsOpponent,1
Michigan,Big Ten,fourthDowns,5
Michigan,Big Ten,fourthDownsOpponent,4
Michigan,Big Ten,fumblesLost,4
Michigan,Big Ten,fumblesLostOpponent,1
Michigan,Big Ten,fumblesRecovered,1
Michigan,Big Ten,fumblesRecoveredOpponent,4
Michigan,Big Ten,games,4
Michigan,Big Ten,interceptions,2
Michigan,Big Ten,interceptionsOpponent,2
Michigan,Big Ten,interceptionTDs,1
Michigan,Big Ten,interceptionTDsOpponent,0
Michigan,Big Ten,interceptionYards,33
Michigan,Big Ten,interceptionYardsOpponent,4
Michigan,Big Ten,kickReturns,5
Michigan,Big Ten,kickReturnsOpponent,5
Michigan,Big Ten,kickReturnTDs,0
Michigan,Big Ten,kickReturnTDsOpponent,1
Michigan,Big Ten,kickReturnYards,118
Michigan,Big Ten,kickReturnYardsOpponent,188
Michigan,Big Ten,netPassingYards,803
Michigan,Big Ten,netPassingYardsOpponent,598
Michigan,Big Ten,passAttempts,96
Michigan,Big Ten,passAttemptsOpponent,104
Michigan,Big Ten,passCompletions,59
Michigan,Big Ten,passCompletionsOpponent,63
Michigan,Big Ten,passesIntercepted,2
Michigan,Big Ten,passesInterceptedOpponent,2
Michigan,Big Ten,passingTDs,6
Michigan,Big Ten,passingTDsOpponent,5
Michigan,Big Ten,penalties,32
Michigan,Big Ten,penaltiesOpponent,23
Michigan,Big Ten,penaltyYards,289
Michigan,Big Ten,penaltyYardsOpponent,175
Michigan,Big Ten,possessionTime,7156
Michigan,Big Ten,possessionTimeOpponent,7244
Michigan,Big Ten,puntReturns,5
Michigan,Big Ten,puntReturnsOpponent,5
Michigan,Big Ten,puntReturnTDs,0
Michigan,Big Ten,puntReturnTDsOpponent,0
Michigan,Big Ten,puntReturnYards,18
Michigan,Big Ten,puntReturnYardsOpponent,18
Michigan,Big Ten,rushingAttempts,148
Michigan,Big Ten,rushingAttemptsOpponent,131
Michigan,Big Ten,rushingTDs,6
Michigan,Big Ten,rushingTDsOpponent,0
Michigan,Big Ten,rushingYards,596
Michigan,Big Ten,rushingYardsOpponent,347
Michigan,Big Ten,sacks,11
Michigan,Big Ten,sacksOpponent,5
Michigan,Big Ten,tacklesForLoss,28
Michigan,Big Ten,tacklesForLossOpponent,12
Michigan,Big Ten,thirdDownConversions,21
Michigan,Big Ten,thirdDownConversionsOpponent,19
Michigan,Big Ten,thirdDowns,49
Michigan,Big Ten,thirdDownsOpponent,57
Michigan,Big Ten,totalYards,1399
Michigan,Big Ten,totalYardsOpponent,945
Michigan,Big Ten,turnovers,6
Michigan,Big Ten,turnoversOpponent,3
Michigan State,Big Ten,firstDowns,83
Michigan State,Big Ten,firstDownsOpponent,65
Michigan State,Big Ten,fourthDownConversions,6
Michigan State,Big Ten,fourthDownConversionsOpponent,2
Michigan State,Big Ten,fourthDowns,7
Michigan State,Big Ten,fourthDownsOpponent,6
Michigan State,Big Ten,fumblesLost,2
Michigan State,Big Ten,fumblesLostOpponent,1
Michigan State,Big Ten,fumblesRecovered,1
Michigan State,Big Ten,fumblesRecoveredOpponent,2
Michigan State,Big Ten,games,4
Michigan State,Big Ten,interceptions,4
Michigan State,Big Ten,interceptionsOpponent,1
Michigan State,Big Ten,interceptionTDs,0
Michigan State,Big Ten,interceptionTDsOpponent,0
Michigan State,Big Ten,interceptionYards,0
Michigan State,Big Ten,interceptionYardsOpponent,12
Michigan State,Big Ten,kickReturns,8
Michigan State,Big Ten,kickReturnsOpponent,4
Michigan State,Big Ten,kickReturnTDs,0
Michigan State,Big Ten,kickReturnTDsOpponent,0
Michigan State,Big Ten,kickReturnYards,172
Michigan State,Big Ten,kickReturnYardsOpponent,83
Michigan State,Big Ten,netPassingYards,802
Michigan State,Big Ten,netPassingYardsOpponent,760
Michigan State,Big Ten,passAttempts,106
Michigan State,Big Ten,passAttemptsOpponent,98
Michigan State,Big Ten,passCompletions,72
Michigan State,Big Ten,passCompletionsOpponent,61
Michigan State,Big Ten,passesIntercepted,1
Michigan State,Big Ten,passesInterceptedOpponent,4
Michigan State,Big Ten,passingTDs,3
Michigan State,Big Ten,passingTDsOpponent,4
Michigan State,Big Ten,penalties,15
Michigan State,Big Ten,penaltiesOpponent,20
Michigan State,Big Ten,penaltyYards,165
Michigan State,Big Ten,penaltyYardsOpponent,141
Michigan State,Big Ten,possessionTime,7636
Michigan State,Big Ten,possessionTimeOpponent,6764
Michigan State,Big Ten,puntReturns,6
Michigan State,Big Ten,puntReturnsOpponent,1
Michigan State,Big Ten,puntReturnTDs,0
Michigan State,Big Ten,puntReturnTDsOpponent,0
Michigan State,Big Ten,puntReturnYards,68
Michigan State,Big Ten,puntReturnYardsOpponent,12
Michigan State,Big Ten,rushingAttempts,153
Michigan State,Big Ten,rushingAttemptsOpponent,130
Michigan State,Big Ten,rushingTDs,6
Michigan State,Big Ten,rushingTDsOpponent,7
Michigan State,Big Ten,rushingYards,491
Michigan State,Big Ten,rushingYardsOpponent,496
Michigan State,Big Ten,sacks,7
Michigan State,Big Ten,sacksOpponent,15
Michigan State,Big Ten,tacklesForLoss,19
Michigan State,Big Ten,tacklesForLossOpponent,28
Michigan State,Big Ten,thirdDownConversions,23
Michigan State,Big Ten,thirdDownConversionsOpponent,17
Michigan State,Big Ten,thirdDowns,52
Michigan State,Big Ten,thirdDownsOpponent,46
Michigan State,Big Ten,totalYards,1293
Michigan State,Big Ten,totalYardsOpponent,1256
Michigan State,Big Ten,turnovers,6
Michigan State,Big Ten,turnoversOpponent,2
Middle Tennessee,Conference USA,firstDowns,82
Middle Tennessee,Conference USA,firstDownsOpponent,75
Middle Tennessee,Conference USA,fourthDownConversions,6
Middle Tennessee,Conference USA,fourthDownConversionsOpponent,5
Middle Tennessee,Conference USA,fourthDowns,8
Middle Tennessee,Conference USA,fourthDownsOpponent,7
Middle Tennessee,Conference USA,fumblesLost,0
Middle Tennessee,Conference USA,fumblesLostOpponent,4
Middle Tennessee,Conference USA,fumblesRecovered,4
Middle Tennessee,Conference USA,fumblesRecoveredOpponent,0
Middle Tennessee,Conference USA,games,4
Middle Tennessee,Conference USA,interceptions,1
Middle Tennessee,Conference USA,interceptionsOpponent,3
Middle Tennessee,Conference USA,interceptionTDs,0
Middle Tennessee,Conference USA,interceptionTDsOpponent,0
Middle Tennessee,Conference USA,interceptionYards,51
Middle Tennessee,Conference USA,interceptionYardsOpponent,54
Middle Tennessee,Conference USA,kickReturns,8
Middle Tennessee,Conference USA,kickReturnsOpponent,10
Middle Tennessee,Conference USA,kickReturnTDs,0
Middle Tennessee,Conference USA,kickReturnTDsOpponent,0
Middle Tennessee,Conference USA,kickReturnYards,124
Middle Tennessee,Conference USA,kickReturnYardsOpponent,203
Middle Tennessee,Conference USA,netPassingYards,832
Middle Tennessee,Conference USA,netPassingYardsOpponent,752
Middle Tennessee,Conference USA,passAttempts,130
Middle Tennessee,Conference USA,passAttemptsOpponent,97
Middle Tennessee,Conference USA,passCompletions,79
Middle Tennessee,Conference USA,passCompletionsOpponent,62
Middle Tennessee,Conference USA,passesIntercepted,3
Middle Tennessee,Conference USA,passesInterceptedOpponent,1
Middle Tennessee,Conference USA,passingTDs,8
Middle Tennessee,Conference USA,passingTDsOpponent,2
Middle Tennessee,Conference USA,penalties,34
Middle Tennessee,Conference USA,penaltiesOpponent,23
Middle Tennessee,Conference USA,penaltyYards,254
Middle Tennessee,Conference USA,penaltyYardsOpponent,209
Middle Tennessee,Conference USA,possessionTime,7218
Middle Tennessee,Conference USA,possessionTimeOpponent,6521
Middle Tennessee,Conference USA,puntReturns,7
Middle Tennessee,Conference USA,puntReturnsOpponent,9
Middle Tennessee,Conference USA,puntReturnTDs,0
Middle Tennessee,Conference USA,puntReturnTDsOpponent,0
Middle Tennessee,Conference USA,puntReturnYards,50
Middle Tennessee,Conference USA,puntReturnYardsOpponent,119
Middle Tennessee,Conference USA,rushingAttempts,112
Middle Tennessee,Conference USA,rushingAttemptsOpponent,138
Middle Tennessee,Conference USA,rushingTDs,3
Middle Tennessee,Conference USA,rushingTDsOpponent,8
Middle Tennessee,Conference USA,rushingYards,565
Middle Tennessee,Conference USA,rushingYardsOpponent,628
Middle Tennessee,Conference USA,sacks,2
Middle Tennessee,Conference USA,sacksOpponent,5
Middle Tennessee,Conference USA,tacklesForLoss,11
Middle Tennessee,Conference USA,tacklesForLossOpponent,11
Middle Tennessee,Conference USA,thirdDownConversions,14
Middle Tennessee,Conference USA,thirdDownConversionsOpponent,15
Middle Tennessee,Conference USA,thirdDowns,45
Middle Tennessee,Conference USA,thirdDownsOpponent,44
Middle Tennessee,Conference USA,totalYards,1397
Middle Tennessee,Conference USA,totalYardsOpponent,1380
Middle Tennessee,Conference USA,turnovers,1
Middle Tennessee,Conference USA,turnoversOpponent,7
Minnesota,Big Ten,firstDowns,80
Minnesota,Big Ten,firstDownsOpponent,64
Minnesota,Big Ten,fourthDownConversions,4
Minnesota,Big Ten,fourthDownConversionsOpponent,3
Minnesota,Big Ten,fourthDowns,5
Minnesota,Big Ten,fourthDownsOpponent,4
Minnesota,Big Ten,fumblesLost,1
Minnesota,Big Ten,fumblesLostOpponent,3
Minnesota,Big Ten,fumblesRecovered,3
Minnesota,Big Ten,fumblesRecoveredOpponent,1
Minnesota,Big Ten,games,4
Minnesota,Big Ten,interceptions,2
Minnesota,Big Ten,interceptionsOpponent,2
Minnesota,Big Ten,interceptionTDs,0
Minnesota,Big Ten,interceptionTDsOpponent,0
Minnesota,Big Ten,interceptionYards,1
Minnesota,Big Ten,interceptionYardsOpponent,21
Minnesota,Big Ten,kickReturns,6
Minnesota,Big Ten,kickReturnsOpponent,4
Minnesota,Big Ten,kickReturnTDs,0
Minnesota,Big Ten,kickReturnTDsOpponent,0
Minnesota,Big Ten,kickReturnYards,145
Minnesota,Big Ten,kickReturnYardsOpponent,71
Minnesota,Big Ten,netPassingYards,1035
Minnesota,Big Ten,netPassingYardsOpponent,698
Minnesota,Big Ten,passAttempts,141
Minnesota,Big Ten,passAttemptsOpponent,104
Minnesota,Big Ten,passCompletions,95
Minnesota,Big Ten,passCompletionsOpponent,64
Minnesota,Big Ten,passesIntercepted,2
Minnesota,Big Ten,passesInterceptedOpponent,2
Minnesota,Big Ten,passingTDs,7
Minnesota,Big Ten,passingTDsOpponent,6
Minnesota,Big Ten,penalties,26
Minnesota,Big Ten,penaltiesOpponent,24
Minnesota,Big Ten,penaltyYards,240
Minnesota,Big Ten,penaltyYardsOpponent,209
Minnesota,Big Ten,possessionTime,8171
Minnesota,Big Ten,possessionTimeOpponent,6229
Minnesota,Big Ten,puntReturns,14
Minnesota,Big Ten,puntReturnsOpponent,3
Minnesota,Big Ten,puntReturnTDs,2
Minnesota,Big Ten,puntReturnTDsOpponent,0
Minnesota,Big Ten,puntReturnYards,304
Minnesota,Big Ten,puntReturnYardsOpponent,9
Minnesota,Big Ten,rushingAttempts,119
Minnesota,Big Ten,rushingAttemptsOpponent,122
Minnesota,Big Ten,rushingTDs,7
Minnesota,Big Ten,rushingTDsOpponent,4
Minnesota,Big Ten,rushingYards,476
Minnesota,Big Ten,rushingYardsOpponent,391
Minnesota,Big Ten,sacks,11
Minnesota,Big Ten,sacksOpponent,4
Minnesota,Big Ten,tacklesForLoss,32
Minnesota,Big Ten,tacklesForLossOpponent,21
Minnesota,Big Ten,thirdDownConversions,23
Minnesota,Big Ten,thirdDownConversionsOpponent,13
Minnesota,Big Ten,thirdDowns,56
Minnesota,Big Ten,thirdDownsOpponent,46
Minnesota,Big Ten,totalYards,1511
Minnesota,Big Ten,totalYardsOpponent,1089
Minnesota,Big Ten,turnovers,3
Minnesota,Big Ten,turnoversOpponent,5
Mississippi State,SEC,firstDowns,109
Mississippi State,SEC,firstDownsOpponent,76
Mississippi State,SEC,fourthDownConversions,4
Mississippi State,SEC,fourthDownConversionsOpponent,7
Mississippi State,SEC,fourthDowns,5
Mississippi State,SEC,fourthDownsOpponent,11
Mississippi State,SEC,fumblesLost,1
Mississippi State,SEC,fumblesLostOpponent,0
Mississippi State,SEC,fumblesRecovered,0
Mississippi State,SEC,fumblesRecoveredOpponent,1
Mississippi State,SEC,games,4
Mississippi State,SEC,interceptions,2
Mississippi State,SEC,interceptionsOpponent,2
Mississippi State,SEC,interceptionTDs,0
Mississippi State,SEC,interceptionTDsOpponent,0
Mississippi State,SEC,interceptionYards,12
Mississippi State,SEC,interceptionYardsOpponent,18
Mississippi State,SEC,kickReturns,3
Mississippi State,SEC,kickReturnsOpponent,9
Mississippi State,SEC,kickReturnTDs,0
Mississippi State,SEC,kickReturnTDsOpponent,0
Mississippi State,SEC,kickReturnYards,36
Mississippi State,SEC,kickReturnYardsOpponent,244
Mississippi State,SEC,netPassingYards,1262
Mississippi State,SEC,netPassingYardsOpponent,996
Mississippi State,SEC,passAttempts,129
Mississippi State,SEC,passAttemptsOpponent,156
Mississippi State,SEC,passCompletions,89
Mississippi State,SEC,passCompletionsOpponent,95
Mississippi State,SEC,passesIntercepted,2
Mississippi State,SEC,passesInterceptedOpponent,2
Mississippi State,SEC,passingTDs,15
Mississippi State,SEC,passingTDsOpponent,6
Mississippi State,SEC,penalties,36
Mississippi State,SEC,penaltiesOpponent,34
Mississippi State,SEC,penaltyYards,320
Mississippi State,SEC,penaltyYardsOpponent,359
Mississippi State,SEC,possessionTime,6757
Mississippi State,SEC,possessionTimeOpponent,7643
Mississippi State,SEC,puntReturnsOpponent,1
Mississippi State,SEC,puntReturnTDsOpponent,0
Mississippi State,SEC,puntReturnYardsOpponent,4
Mississippi State,SEC,rushingAttempts,157
Mississippi State,SEC,rushingAttemptsOpponent,129
Mississippi State,SEC,rushingTDs,7
Mississippi State,SEC,rushingTDsOpponent,1
Mississippi State,SEC,rushingYards,871
Mississippi State,SEC,rushingYardsOpponent,419
Mississippi State,SEC,sacks,9
Mississippi State,SEC,sacksOpponent,8
Mississippi State,SEC,tacklesForLoss,22
Mississippi State,SEC,tacklesForLossOpponent,18
Mississippi State,SEC,thirdDownConversions,22
Mississippi State,SEC,thirdDownConversionsOpponent,20
Mississippi State,SEC,thirdDowns,46
Mississippi State,SEC,thirdDownsOpponent,63
Mississippi State,SEC,totalYards,2133
Mississippi State,SEC,totalYardsOpponent,1415
Mississippi State,SEC,turnovers,3
Mississippi State,SEC,turnoversOpponent,2
Missouri,SEC,firstDowns,90
Missouri,SEC,firstDownsOpponent,76
Missouri,SEC,fourthDownConversions,3
Missouri,SEC,fourthDownConversionsOpponent,5
Missouri,SEC,fourthDowns,5
Missouri,SEC,fourthDownsOpponent,10
Missouri,SEC,fumblesLost,2
Missouri,SEC,fumblesLostOpponent,2
Missouri,SEC,fumblesRecovered,2
Missouri,SEC,fumblesRecoveredOpponent,2
Missouri,SEC,games,4
Missouri,SEC,interceptions,0
Missouri,SEC,interceptionsOpponent,4
Missouri,SEC,interceptionTDs,0
Missouri,SEC,interceptionYards,73
Missouri,SEC,kickReturns,6
Missouri,SEC,kickReturnsOpponent,2
Missouri,SEC,kickReturnTDs,0
Missouri,SEC,kickReturnTDsOpponent,0
Missouri,SEC,kickReturnYards,155
Missouri,SEC,kickReturnYardsOpponent,40
Missouri,SEC,netPassingYards,1035
Missouri,SEC,netPassingYardsOpponent,873
Missouri,SEC,passAttempts,122
Missouri,SEC,passAttemptsOpponent,125
Missouri,SEC,passCompletions,78
Missouri,SEC,passCompletionsOpponent,70
Missouri,SEC,passesIntercepted,4
Missouri,SEC,passingTDs,11
Missouri,SEC,passingTDsOpponent,8
Missouri,SEC,penalties,32
Missouri,SEC,penaltiesOpponent,33
Missouri,SEC,penaltyYards,292
Missouri,SEC,penaltyYardsOpponent,304
Missouri,SEC,possessionTime,7172
Missouri,SEC,possessionTimeOpponent,7228
Missouri,SEC,puntReturns,4
Missouri,SEC,puntReturnTDs,1
Missouri,SEC,puntReturnYards,102
Missouri,SEC,rushingAttempts,149
Missouri,SEC,rushingAttemptsOpponent,145
Missouri,SEC,rushingTDs,6
Missouri,SEC,rushingTDsOpponent,2
Missouri,SEC,rushingYards,640
Missouri,SEC,rushingYardsOpponent,402
Missouri,SEC,sacks,12
Missouri,SEC,sacksOpponent,3
Missouri,SEC,tacklesForLoss,28
Missouri,SEC,tacklesForLossOpponent,20
Missouri,SEC,thirdDownConversions,22
Missouri,SEC,thirdDownConversionsOpponent,19
Missouri,SEC,thirdDowns,53
Missouri,SEC,thirdDownsOpponent,59
Missouri,SEC,totalYards,1675
Missouri,SEC,totalYardsOpponent,1275
Missouri,SEC,turnovers,2
Missouri,SEC,turnoversOpponent,6
Missouri State,Conference USA,firstDowns,69
Missouri State,Conference USA,firstDownsOpponent,99
Missouri State,Conference USA,fourthDownConversions,4
Missouri State,Conference USA,fourthDownConversionsOpponent,4
Missouri State,Conference USA,fourthDowns,9
Missouri State,Conference USA,fourthDownsOpponent,5
Missouri State,Conference USA,fumblesLost,3
Missouri State,Conference USA,fumblesLostOpponent,4
Missouri State,Conference USA,fumblesRecovered,4
Missouri State,Conference USA,fumblesRecoveredOpponent,3
Missouri State,Conference USA,games,4
Missouri State,Conference USA,interceptions,2
Missouri State,Conference USA,interceptionsOpponent,2
Missouri State,Conference USA,interceptionTDs,1
Missouri State,Conference USA,interceptionTDsOpponent,0
Missouri State,Conference USA,interceptionYards,60
Missouri State,Conference USA,interceptionYardsOpponent,18
Missouri State,Conference USA,kickReturns,5
Missouri State,Conference USA,kickReturnsOpponent,10
Missouri State,Conference USA,kickReturnTDs,0
Missouri State,Conference USA,kickReturnTDsOpponent,0
Missouri State,Conference USA,kickReturnYards,75
Missouri State,Conference USA,kickReturnYardsOpponent,180
Missouri State,Conference USA,netPassingYards,841
Missouri State,Conference USA,netPassingYardsOpponent,1035
Missouri State,Conference USA,passAttempts,105
Missouri State,Conference USA,passAttemptsOpponent,123
Missouri State,Conference USA,passCompletions,71
Missouri State,Conference USA,passCompletionsOpponent,83
Missouri State,Conference USA,passesIntercepted,2
Missouri State,Conference USA,passesInterceptedOpponent,2
Missouri State,Conference USA,passingTDs,5
Missouri State,Conference USA,passingTDsOpponent,9
Missouri State,Conference USA,penalties,38
Missouri State,Conference USA,penaltiesOpponent,32
Missouri State,Conference USA,penaltyYards,278
Missouri State,Conference USA,penaltyYardsOpponent,330
Missouri State,Conference USA,possessionTime,6144
Missouri State,Conference USA,possessionTimeOpponent,8256
Missouri State,Conference USA,puntReturns,6
Missouri State,Conference USA,puntReturnsOpponent,8
Missouri State,Conference USA,puntReturnTDs,0
Missouri State,Conference USA,puntReturnTDsOpponent,0
Missouri State,Conference USA,puntReturnYards,42
Missouri State,Conference USA,puntReturnYardsOpponent,72
Missouri State,Conference USA,rushingAttempts,140
Missouri State,Conference USA,rushingAttemptsOpponent,166
Missouri State,Conference USA,rushingTDs,7
Missouri State,Conference USA,rushingTDsOpponent,7
Missouri State,Conference USA,rushingYards,555
Missouri State,Conference USA,rushingYardsOpponent,749
Missouri State,Conference USA,sacks,6
Missouri State,Conference USA,sacksOpponent,9
Missouri State,Conference USA,tacklesForLoss,17
Missouri State,Conference USA,tacklesForLossOpponent,25
Missouri State,Conference USA,thirdDownConversions,16
Missouri State,Conference USA,thirdDownConversionsOpponent,24
Missouri State,Conference USA,thirdDowns,48
Missouri State,Conference USA,thirdDownsOpponent,52
Missouri State,Conference USA,totalYards,1396
Missouri State,Conference USA,totalYardsOpponent,1784
Missouri State,Conference USA,turnovers,5
Missouri State,Conference USA,turnoversOpponent,6
Navy,American Athletic,firstDowns,72
Navy,American Athletic,firstDownsOpponent,55
Navy,American Athletic,fourthDownConversions,7
Navy,American Athletic,fourthDownConversionsOpponent,1
Navy,American Athletic,fourthDowns,9
Navy,American Athletic,fourthDownsOpponent,3
Navy,American Athletic,fumblesLost,3
Navy,American Athletic,fumblesLostOpponent,0
Navy,American Athletic,fumblesRecovered,0
Navy,American Athletic,fumblesRecoveredOpponent,3
Navy,American Athletic,games,3
Navy,American Athletic,interceptions,1
Navy,American Athletic,interceptionsOpponent,1
Navy,American Athletic,interceptionTDs,0
Navy,American Athletic,interceptionTDsOpponent,0
Navy,American Athletic,interceptionYards,2
Navy,American Athletic,interceptionYardsOpponent,3
Navy,American Athletic,kickReturns,3
Navy,American Athletic,kickReturnsOpponent,7
Navy,American Athletic,kickReturnTDs,0
Navy,American Athletic,kickReturnTDsOpponent,0
Navy,American Athletic,kickReturnYards,81
Navy,American Athletic,kickReturnYardsOpponent,100
Navy,American Athletic,netPassingYards,272
Navy,American Athletic,netPassingYardsOpponent,767
Navy,American Athletic,passAttempts,42
Navy,American Athletic,passAttemptsOpponent,72
Navy,American Athletic,passCompletions,16
Navy,American Athletic,passCompletionsOpponent,54
Navy,American Athletic,passesIntercepted,1
Navy,American Athletic,passesInterceptedOpponent,1
Navy,American Athletic,passingTDs,2
Navy,American Athletic,passingTDsOpponent,8
Navy,American Athletic,penalties,17
Navy,American Athletic,penaltiesOpponent,15
Navy,American Athletic,penaltyYards,135
Navy,American Athletic,penaltyYardsOpponent,125
Navy,American Athletic,possessionTime,6022
Navy,American Athletic,possessionTimeOpponent,4778
Navy,American Athletic,puntReturns,5
Navy,American Athletic,puntReturnsOpponent,3
Navy,American Athletic,puntReturnTDs,0
Navy,American Athletic,puntReturnTDsOpponent,0
Navy,American Athletic,puntReturnYards,24
Navy,American Athletic,puntReturnYardsOpponent,30
Navy,American Athletic,rushingAttempts,167
Navy,American Athletic,rushingAttemptsOpponent,98
Navy,American Athletic,rushingTDs,10
Navy,American Athletic,rushingTDsOpponent,2
Navy,American Athletic,rushingYards,1001
Navy,American Athletic,rushingYardsOpponent,197
Navy,American Athletic,sacks,10
Navy,American Athletic,sacksOpponent,8
Navy,American Athletic,tacklesForLoss,19
Navy,American Athletic,tacklesForLossOpponent,19
Navy,American Athletic,thirdDownConversions,17
Navy,American Athletic,thirdDownConversionsOpponent,16
Navy,American Athletic,thirdDowns,38
Navy,American Athletic,thirdDownsOpponent,35
Navy,American Athletic,totalYards,1273
Navy,American Athletic,totalYardsOpponent,964
Navy,American Athletic,turnovers,4
Navy,American Athletic,turnoversOpponent,1
NC State,ACC,firstDowns,92
NC State,ACC,firstDownsOpponent,63
NC State,ACC,fourthDownConversions,4
NC State,ACC,fourthDownConversionsOpponent,7
NC State,ACC,fourthDowns,7
NC State,ACC,fourthDownsOpponent,10
NC State,ACC,fumblesLost,4
NC State,ACC,fumblesLostOpponent,2
NC State,ACC,fumblesRecovered,2
NC State,ACC,fumblesRecoveredOpponent,4
NC State,ACC,games,4
NC State,ACC,interceptions,3
NC State,ACC,interceptionsOpponent,3
NC State,ACC,interceptionTDs,0
NC State,ACC,interceptionTDsOpponent,0
NC State,ACC,interceptionYards,-1
NC State,ACC,interceptionYardsOpponent,2
NC State,ACC,kickReturns,3
NC State,ACC,kickReturnsOpponent,5
NC State,ACC,kickReturnTDs,0
NC State,ACC,kickReturnTDsOpponent,0
NC State,ACC,kickReturnYards,72
NC State,ACC,kickReturnYardsOpponent,73
NC State,ACC,netPassingYards,931
NC State,ACC,netPassingYardsOpponent,825
NC State,ACC,passAttempts,122
NC State,ACC,passAttemptsOpponent,111
NC State,ACC,passCompletions,83
NC State,ACC,passCompletionsOpponent,63
NC State,ACC,passesIntercepted,3
NC State,ACC,passesInterceptedOpponent,3
NC State,ACC,passingTDs,7
NC State,ACC,passingTDsOpponent,7
NC State,ACC,penalties,20
NC State,ACC,penaltiesOpponent,28
NC State,ACC,penaltyYards,192
NC State,ACC,penaltyYardsOpponent,228
NC State,ACC,possessionTime,7912
NC State,ACC,possessionTimeOpponent,6488
NC State,ACC,puntReturns,11
NC State,ACC,puntReturnsOpponent,1
NC State,ACC,puntReturnTDs,0
NC State,ACC,puntReturnTDsOpponent,0
NC State,ACC,puntReturnYards,107
NC State,ACC,puntReturnYardsOpponent,0
NC State,ACC,rushingAttempts,156
NC State,ACC,rushingAttemptsOpponent,125
NC State,ACC,rushingTDs,13
NC State,ACC,rushingTDsOpponent,5
NC State,ACC,rushingYards,876
NC State,ACC,rushingYardsOpponent,486
NC State,ACC,sacks,4
NC State,ACC,sacksOpponent,6
NC State,ACC,tacklesForLoss,13
NC State,ACC,tacklesForLossOpponent,20
NC State,ACC,thirdDownConversions,30
NC State,ACC,thirdDownConversionsOpponent,15
NC State,ACC,thirdDowns,56
NC State,ACC,thirdDownsOpponent,53
NC State,ACC,totalYards,1807
NC State,ACC,totalYardsOpponent,1311
NC State,ACC,turnovers,7
NC State,ACC,turnoversOpponent,5
Nebraska,Big Ten,firstDowns,100
Nebraska,Big Ten,firstDownsOpponent,58
Nebraska,Big Ten,fourthDownConversions,5
Nebraska,Big Ten,fourthDownConversionsOpponent,5
Nebraska,Big Ten,fourthDowns,8
Nebraska,Big Ten,fourthDownsOpponent,7
Nebraska,Big Ten,fumblesLost,0
Nebraska,Big Ten,fumblesLostOpponent,2
Nebraska,Big Ten,fumblesRecovered,2
Nebraska,Big Ten,fumblesRecoveredOpponent,0
Nebraska,Big Ten,games,4
Nebraska,Big Ten,interceptions,1
Nebraska,Big Ten,interceptionsOpponent,4
Nebraska,Big Ten,interceptionTDs,0
Nebraska,Big Ten,interceptionTDsOpponent,0
Nebraska,Big Ten,interceptionYards,44
Nebraska,Big Ten,interceptionYardsOpponent,0
Nebraska,Big Ten,kickReturns,4
Nebraska,Big Ten,kickReturnsOpponent,8
Nebraska,Big Ten,kickReturnTDs,0
Nebraska,Big Ten,kickReturnTDsOpponent,0
Nebraska,Big Ten,kickReturnYards,80
Nebraska,Big Ten,kickReturnYardsOpponent,128
Nebraska,Big Ten,netPassingYards,985
Nebraska,Big Ten,netPassingYardsOpponent,572
Nebraska,Big Ten,passAttempts,117
Nebraska,Big Ten,passAttemptsOpponent,95
Nebraska,Big Ten,passCompletions,77
Nebraska,Big Ten,passCompletionsOpponent,52
Nebraska,Big Ten,passesIntercepted,4
Nebraska,Big Ten,passesInterceptedOpponent,1
Nebraska,Big Ten,passingTDs,11
Nebraska,Big Ten,passingTDsOpponent,3
Nebraska,Big Ten,penalties,27
Nebraska,Big Ten,penaltiesOpponent,16
Nebraska,Big Ten,penaltyYards,235
Nebraska,Big Ten,penaltyYardsOpponent,144
Nebraska,Big Ten,possessionTime,7704
Nebraska,Big Ten,possessionTimeOpponent,6696
Nebraska,Big Ten,puntReturns,11
Nebraska,Big Ten,puntReturnsOpponent,2
Nebraska,Big Ten,puntReturnTDs,0
Nebraska,Big Ten,puntReturnTDsOpponent,0
Nebraska,Big Ten,puntReturnYards,72
Nebraska,Big Ten,puntReturnYardsOpponent,7
Nebraska,Big Ten,rushingAttempts,162
Nebraska,Big Ten,rushingAttemptsOpponent,133
Nebraska,Big Ten,rushingTDs,11
Nebraska,Big Ten,rushingTDsOpponent,2
Nebraska,Big Ten,rushingYards,946
Nebraska,Big Ten,rushingYardsOpponent,362
Nebraska,Big Ten,sacks,15
Nebraska,Big Ten,sacksOpponent,3
Nebraska,Big Ten,tacklesForLoss,26
Nebraska,Big Ten,tacklesForLossOpponent,17
Nebraska,Big Ten,thirdDownConversions,27
Nebraska,Big Ten,thirdDownConversionsOpponent,12
Nebraska,Big Ten,thirdDowns,50
Nebraska,Big Ten,thirdDownsOpponent,47
Nebraska,Big Ten,totalYards,1931
Nebraska,Big Ten,totalYardsOpponent,934
Nebraska,Big Ten,turnovers,1
Nebraska,Big Ten,turnoversOpponent,6
Nevada,Mountain West,firstDowns,77
Nevada,Mountain West,firstDownsOpponent,87
Nevada,Mountain West,fourthDownConversions,5
Nevada,Mountain West,fourthDownConversionsOpponent,8
Nevada,Mountain West,fourthDowns,10
Nevada,Mountain West,fourthDownsOpponent,9
Nevada,Mountain West,fumblesLost,3
Nevada,Mountain West,fumblesLostOpponent,2
Nevada,Mountain West,fumblesRecovered,2
Nevada,Mountain West,fumblesRecoveredOpponent,3
Nevada,Mountain West,games,4
Nevada,Mountain West,interceptions,5
Nevada,Mountain West,interceptionsOpponent,1
Nevada,Mountain West,interceptionTDs,0
Nevada,Mountain West,interceptionTDsOpponent,0
Nevada,Mountain West,interceptionYards,0
Nevada,Mountain West,interceptionYardsOpponent,15
Nevada,Mountain West,kickReturns,7
Nevada,Mountain West,kickReturnsOpponent,6
Nevada,Mountain West,kickReturnTDs,0
Nevada,Mountain West,kickReturnTDsOpponent,0
Nevada,Mountain West,kickReturnYards,162
Nevada,Mountain West,kickReturnYardsOpponent,85
Nevada,Mountain West,netPassingYards,739
Nevada,Mountain West,netPassingYardsOpponent,647
Nevada,Mountain West,passAttempts,108
Nevada,Mountain West,passAttemptsOpponent,105
Nevada,Mountain West,passCompletions,61
Nevada,Mountain West,passCompletionsOpponent,60
Nevada,Mountain West,passesIntercepted,1
Nevada,Mountain West,passesInterceptedOpponent,5
Nevada,Mountain West,passingTDs,3
Nevada,Mountain West,passingTDsOpponent,4
Nevada,Mountain West,penalties,24
Nevada,Mountain West,penaltiesOpponent,37
Nevada,Mountain West,penaltyYards,221
Nevada,Mountain West,penaltyYardsOpponent,348
Nevada,Mountain West,possessionTime,6253
Nevada,Mountain West,possessionTimeOpponent,8147
Nevada,Mountain West,puntReturns,8
Nevada,Mountain West,puntReturnsOpponent,2
Nevada,Mountain West,puntReturnTDs,0
Nevada,Mountain West,puntReturnTDsOpponent,0
Nevada,Mountain West,puntReturnYards,117
Nevada,Mountain West,puntReturnYardsOpponent,4
Nevada,Mountain West,rushingAttempts,146
Nevada,Mountain West,rushingAttemptsOpponent,190
Nevada,Mountain West,rushingTDs,10
Nevada,Mountain West,rushingTDsOpponent,7
Nevada,Mountain West,rushingYards,770
Nevada,Mountain West,rushingYardsOpponent,835
Nevada,Mountain West,sacks,8
Nevada,Mountain West,sacksOpponent,5
Nevada,Mountain West,tacklesForLoss,16
Nevada,Mountain West,tacklesForLossOpponent,15
Nevada,Mountain West,thirdDownConversions,19
Nevada,Mountain West,thirdDownConversionsOpponent,23
Nevada,Mountain West,thirdDowns,51
Nevada,Mountain West,thirdDownsOpponent,63
Nevada,Mountain West,totalYards,1509
Nevada,Mountain West,totalYardsOpponent,1482
Nevada,Mountain West,turnovers,8
Nevada,Mountain West,turnoversOpponent,3
New Mexico,Mountain West,firstDowns,82
New Mexico,Mountain West,firstDownsOpponent,55
New Mexico,Mountain West,fourthDownConversions,5
New Mexico,Mountain West,fourthDownConversionsOpponent,4
New Mexico,Mountain West,fourthDowns,7
New Mexico,Mountain West,fourthDownsOpponent,7
New Mexico,Mountain West,fumblesLost,0
New Mexico,Mountain West,fumblesLostOpponent,5
New Mexico,Mountain West,fumblesRecovered,5
New Mexico,Mountain West,fumblesRecoveredOpponent,0
New Mexico,Mountain West,games,4
New Mexico,Mountain West,interceptions,0
New Mexico,Mountain West,interceptionsOpponent,9
New Mexico,Mountain West,interceptionTDs,0
New Mexico,Mountain West,interceptionYards,41
New Mexico,Mountain West,kickReturns,3
New Mexico,Mountain West,kickReturnsOpponent,3
New Mexico,Mountain West,kickReturnTDs,0
New Mexico,Mountain West,kickReturnTDsOpponent,0
New Mexico,Mountain West,kickReturnYards,70
New Mexico,Mountain West,kickReturnYardsOpponent,55
New Mexico,Mountain West,netPassingYards,622
New Mexico,Mountain West,netPassingYardsOpponent,668
New Mexico,Mountain West,passAttempts,79
New Mexico,Mountain West,passAttemptsOpponent,107
New Mexico,Mountain West,passCompletions,42
New Mexico,Mountain West,passCompletionsOpponent,62
New Mexico,Mountain West,passesIntercepted,9
New Mexico,Mountain West,passingTDs,4
New Mexico,Mountain West,passingTDsOpponent,4
New Mexico,Mountain West,penalties,25
New Mexico,Mountain West,penaltiesOpponent,33
New Mexico,Mountain West,penaltyYards,184
New Mexico,Mountain West,penaltyYardsOpponent,282
New Mexico,Mountain West,possessionTime,8348
New Mexico,Mountain West,possessionTimeOpponent,6052
New Mexico,Mountain West,puntReturns,8
New Mexico,Mountain West,puntReturnsOpponent,2
New Mexico,Mountain West,puntReturnTDs,0
New Mexico,Mountain West,puntReturnTDsOpponent,0
New Mexico,Mountain West,puntReturnYards,148
New Mexico,Mountain West,puntReturnYardsOpponent,-8
New Mexico,Mountain West,rushingAttempts,181
New Mexico,Mountain West,rushingAttemptsOpponent,123
New Mexico,Mountain West,rushingTDs,15
New Mexico,Mountain West,rushingTDsOpponent,1
New Mexico,Mountain West,rushingYards,814
New Mexico,Mountain West,rushingYardsOpponent,335
New Mexico,Mountain West,sacks,12
New Mexico,Mountain West,sacksOpponent,12
New Mexico,Mountain West,tacklesForLoss,33
New Mexico,Mountain West,tacklesForLossOpponent,21
New Mexico,Mountain West,thirdDownConversions,20
New Mexico,Mountain West,thirdDownConversionsOpponent,17
New Mexico,Mountain West,thirdDowns,52
New Mexico,Mountain West,thirdDownsOpponent,53
New Mexico,Mountain West,totalYards,1436
New Mexico,Mountain West,totalYardsOpponent,1003
New Mexico,Mountain West,turnovers,0
New Mexico,Mountain West,turnoversOpponent,14
New Mexico State,Conference USA,firstDowns,83
New Mexico State,Conference USA,firstDownsOpponent,74
New Mexico State,Conference USA,fourthDownConversions,4
New Mexico State,Conference USA,fourthDownConversionsOpponent,5
New Mexico State,Conference USA,fourthDowns,9
New Mexico State,Conference USA,fourthDownsOpponent,6
New Mexico State,Conference USA,fumblesLost,2
New Mexico State,Conference USA,fumblesLostOpponent,1
New Mexico State,Conference USA,fumblesRecovered,1
New Mexico State,Conference USA,fumblesRecoveredOpponent,2
New Mexico State,Conference USA,games,4
New Mexico State,Conference USA,interceptions,5
New Mexico State,Conference USA,interceptionsOpponent,3
New Mexico State,Conference USA,interceptionTDs,0
New Mexico State,Conference USA,interceptionTDsOpponent,0
New Mexico State,Conference USA,interceptionYards,4
New Mexico State,Conference USA,interceptionYardsOpponent,26
New Mexico State,Conference USA,kickReturns,5
New Mexico State,Conference USA,kickReturnsOpponent,11
New Mexico State,Conference USA,kickReturnTDs,0
New Mexico State,Conference USA,kickReturnTDsOpponent,0
New Mexico State,Conference USA,kickReturnYards,123
New Mexico State,Conference USA,kickReturnYardsOpponent,302
New Mexico State,Conference USA,netPassingYards,1086
New Mexico State,Conference USA,netPassingYardsOpponent,896
New Mexico State,Conference USA,passAttempts,139
New Mexico State,Conference USA,passAttemptsOpponent,121
New Mexico State,Conference USA,passCompletions,82
New Mexico State,Conference USA,passCompletionsOpponent,77
New Mexico State,Conference USA,passesIntercepted,2
New Mexico State,Conference USA,passesInterceptedOpponent,5
New Mexico State,Conference USA,passingTDs,6
New Mexico State,Conference USA,passingTDsOpponent,3
New Mexico State,Conference USA,penalties,28
New Mexico State,Conference USA,penaltiesOpponent,26
New Mexico State,Conference USA,penaltyYards,230
New Mexico State,Conference USA,penaltyYardsOpponent,221
New Mexico State,Conference USA,possessionTime,6691
New Mexico State,Conference USA,possessionTimeOpponent,7709
New Mexico State,Conference USA,puntReturns,3
New Mexico State,Conference USA,puntReturnsOpponent,2
New Mexico State,Conference USA,puntReturnTDs,0
New Mexico State,Conference USA,puntReturnTDsOpponent,0
New Mexico State,Conference USA,puntReturnYards,1
New Mexico State,Conference USA,puntReturnYardsOpponent,27
New Mexico State,Conference USA,rushingAttempts,127
New Mexico State,Conference USA,rushingAttemptsOpponent,139
New Mexico State,Conference USA,rushingTDs,4
New Mexico State,Conference USA,rushingTDsOpponent,11
New Mexico State,Conference USA,rushingYards,543
New Mexico State,Conference USA,rushingYardsOpponent,607
New Mexico State,Conference USA,sacks,6
New Mexico State,Conference USA,sacksOpponent,8
New Mexico State,Conference USA,tacklesForLoss,19
New Mexico State,Conference USA,tacklesForLossOpponent,20
New Mexico State,Conference USA,thirdDownConversions,27
New Mexico State,Conference USA,thirdDownConversionsOpponent,23
New Mexico State,Conference USA,thirdDowns,54
New Mexico State,Conference USA,thirdDownsOpponent,54
New Mexico State,Conference USA,totalYards,1629
New Mexico State,Conference USA,totalYardsOpponent,1503
New Mexico State,Conference USA,turnovers,7
New Mexico State,Conference USA,turnoversOpponent,4
North Carolina,ACC,firstDowns,63
North Carolina,ACC,firstDownsOpponent,54
North Carolina,ACC,fourthDownConversions,2
North Carolina,ACC,fourthDownConversionsOpponent,2
North Carolina,ACC,fourthDowns,3
North Carolina,ACC,fourthDownsOpponent,7
North Carolina,ACC,fumblesLost,3
North Carolina,ACC,fumblesLostOpponent,3
North Carolina,ACC,fumblesRecovered,3
North Carolina,ACC,fumblesRecoveredOpponent,3
North Carolina,ACC,games,3
North Carolina,ACC,interceptions,1
North Carolina,ACC,interceptionsOpponent,2
North Carolina,ACC,interceptionTDs,0
North Carolina,ACC,interceptionTDsOpponent,0
North Carolina,ACC,interceptionYards,0
North Carolina,ACC,interceptionYardsOpponent,7
North Carolina,ACC,kickReturns,2
North Carolina,ACC,kickReturnsOpponent,5
North Carolina,ACC,kickReturnTDs,0
North Carolina,ACC,kickReturnTDsOpponent,0
North Carolina,ACC,kickReturnYards,39
North Carolina,ACC,kickReturnYardsOpponent,107
North Carolina,ACC,netPassingYards,633
North Carolina,ACC,netPassingYardsOpponent,568
North Carolina,ACC,passAttempts,84
North Carolina,ACC,passAttemptsOpponent,94
North Carolina,ACC,passCompletions,47
North Carolina,ACC,passCompletionsOpponent,63
North Carolina,ACC,passesIntercepted,2
North Carolina,ACC,passesInterceptedOpponent,1
North Carolina,ACC,passingTDs,3
North Carolina,ACC,passingTDsOpponent,1
North Carolina,ACC,penalties,13
North Carolina,ACC,penaltiesOpponent,22
North Carolina,ACC,penaltyYards,95
North Carolina,ACC,penaltyYardsOpponent,182
North Carolina,ACC,possessionTime,5206
North Carolina,ACC,possessionTimeOpponent,5594
North Carolina,ACC,puntReturns,3
North Carolina,ACC,puntReturnsOpponent,5
North Carolina,ACC,puntReturnTDs,0
North Carolina,ACC,puntReturnTDsOpponent,0
North Carolina,ACC,puntReturnYards,26
North Carolina,ACC,puntReturnYardsOpponent,52
North Carolina,ACC,rushingAttempts,95
North Carolina,ACC,rushingAttemptsOpponent,110
North Carolina,ACC,rushingTDs,5
North Carolina,ACC,rushingTDsOpponent,3
North Carolina,ACC,rushingYards,465
North Carolina,ACC,rushingYardsOpponent,369
North Carolina,ACC,sacks,10
North Carolina,ACC,sacksOpponent,7
North Carolina,ACC,tacklesForLoss,16
North Carolina,ACC,tacklesForLossOpponent,12
North Carolina,ACC,thirdDownConversions,13
North Carolina,ACC,thirdDownConversionsOpponent,20
North Carolina,ACC,thirdDowns,34
North Carolina,ACC,thirdDownsOpponent,45
North Carolina,ACC,totalYards,1098
North Carolina,ACC,totalYardsOpponent,937
North Carolina,ACC,turnovers,4
North Carolina,ACC,turnoversOpponent,5
North Dakota State,Mountain West,firstDowns,77
North Dakota State,Mountain West,firstDownsOpponent,64
North Dakota State,Mountain West,fourthDownConversions,8
North Dakota State,Mountain West,fourthDownConversionsOpponent,4
North Dakota State,Mountain West,fourthDowns,11
North Dakota State,Mountain West,fourthDownsOpponent,6
North Dakota State,Mountain West,fumblesLost,0
North Dakota State,Mountain West,fumblesLostOpponent,3
North Dakota State,Mountain West,fumblesRecovered,3
North Dakota State,Mountain West,fumblesRecoveredOpponent,0
North Dakota State,Mountain West,games,4
North Dakota State,Mountain West,interceptions,2
North Dakota State,Mountain West,interceptionsOpponent,7
North Dakota State,Mountain West,interceptionTDs,1
North Dakota State,Mountain West,interceptionTDsOpponent,1
North Dakota State,Mountain West,interceptionYards,137
North Dakota State,Mountain West,interceptionYardsOpponent,85
North Dakota State,Mountain West,kickReturns,3
North Dakota State,Mountain West,kickReturnsOpponent,5
North Dakota State,Mountain West,kickReturnTDs,0
North Dakota State,Mountain West,kickReturnTDsOpponent,0
North Dakota State,Mountain West,kickReturnYards,58
North Dakota State,Mountain West,kickReturnYardsOpponent,85
North Dakota State,Mountain West,netPassingYards,847
North Dakota State,Mountain West,netPassingYardsOpponent,618
North Dakota State,Mountain West,passAttempts,97
North Dakota State,Mountain West,passAttemptsOpponent,101
North Dakota State,Mountain West,passCompletions,65
North Dakota State,Mountain West,passCompletionsOpponent,58
North Dakota State,Mountain West,passesIntercepted,7
North Dakota State,Mountain West,passesInterceptedOpponent,2
North Dakota State,Mountain West,passingTDs,7
North Dakota State,Mountain West,passingTDsOpponent,3
North Dakota State,Mountain West,penalties,27
North Dakota State,Mountain West,penaltiesOpponent,26
North Dakota State,Mountain West,penaltyYards,237
North Dakota State,Mountain West,penaltyYardsOpponent,233
North Dakota State,Mountain West,possessionTime,7749
North Dakota State,Mountain West,possessionTimeOpponent,6651
North Dakota State,Mountain West,puntReturns,5
North Dakota State,Mountain West,puntReturnsOpponent,2
North Dakota State,Mountain West,puntReturnTDs,0
North Dakota State,Mountain West,puntReturnTDsOpponent,0
North Dakota State,Mountain West,puntReturnYards,66
North Dakota State,Mountain West,puntReturnYardsOpponent,5
North Dakota State,Mountain West,rushingAttempts,158
North Dakota State,Mountain West,rushingAttemptsOpponent,134
North Dakota State,Mountain West,rushingTDs,7
North Dakota State,Mountain West,rushingTDsOpponent,3
North Dakota State,Mountain West,rushingYards,635
North Dakota State,Mountain West,rushingYardsOpponent,401
North Dakota State,Mountain West,sacks,7
North Dakota State,Mountain West,sacksOpponent,5
North Dakota State,Mountain West,tacklesForLoss,18
North Dakota State,Mountain West,tacklesForLossOpponent,18
North Dakota State,Mountain West,thirdDownConversions,22
North Dakota State,Mountain West,thirdDownConversionsOpponent,20
North Dakota State,Mountain West,thirdDowns,52
North Dakota State,Mountain West,thirdDownsOpponent,52
North Dakota State,Mountain West,totalYards,1482
North Dakota State,Mountain West,totalYardsOpponent,1019
North Dakota State,Mountain West,turnovers,2
North Dakota State,Mountain West,turnoversOpponent,10
Northern Illinois,Mountain West,firstDowns,71
Northern Illinois,Mountain West,firstDownsOpponent,84
Northern Illinois,Mountain West,fourthDownConversions,5
Northern Illinois,Mountain West,fourthDownConversionsOpponent,2
Northern Illinois,Mountain West,fourthDowns,10
Northern Illinois,Mountain West,fourthDownsOpponent,5
Northern Illinois,Mountain West,fumblesLost,3
Northern Illinois,Mountain West,fumblesLostOpponent,1
Northern Illinois,Mountain West,fumblesRecovered,1
Northern Illinois,Mountain West,fumblesRecoveredOpponent,3
Northern Illinois,Mountain West,games,4
Northern Illinois,Mountain West,interceptions,3
Northern Illinois,Mountain West,interceptionsOpponent,5
Northern Illinois,Mountain West,interceptionTDs,1
Northern Illinois,Mountain West,interceptionTDsOpponent,1
Northern Illinois,Mountain West,interceptionYards,106
Northern Illinois,Mountain West,interceptionYardsOpponent,17
Northern Illinois,Mountain West,kickReturns,7
Northern Illinois,Mountain West,kickReturnsOpponent,4
Northern Illinois,Mountain West,kickReturnTDs,0
Northern Illinois,Mountain West,kickReturnTDsOpponent,1
Northern Illinois,Mountain West,kickReturnYards,93
Northern Illinois,Mountain West,kickReturnYardsOpponent,156
Northern Illinois,Mountain West,netPassingYards,884
Northern Illinois,Mountain West,netPassingYardsOpponent,926
Northern Illinois,Mountain West,passAttempts,139
Northern Illinois,Mountain West,passAttemptsOpponent,126
Northern Illinois,Mountain West,passCompletions,93
Northern Illinois,Mountain West,passCompletionsOpponent,89
Northern Illinois,Mountain West,passesIntercepted,5
Northern Illinois,Mountain West,passesInterceptedOpponent,3
Northern Illinois,Mountain West,passingTDs,3
Northern Illinois,Mountain West,passingTDsOpponent,11
Northern Illinois,Mountain West,penalties,22
Northern Illinois,Mountain West,penaltiesOpponent,22
Northern Illinois,Mountain West,penaltyYards,196
Northern Illinois,Mountain West,penaltyYardsOpponent,240
Northern Illinois,Mountain West,possessionTime,7064
Northern Illinois,Mountain West,possessionTimeOpponent,7336
Northern Illinois,Mountain West,puntReturns,5
Northern Illinois,Mountain West,puntReturnsOpponent,7
Northern Illinois,Mountain West,puntReturnTDs,0
Northern Illinois,Mountain West,puntReturnTDsOpponent,2
Northern Illinois,Mountain West,puntReturnYards,61
Northern Illinois,Mountain West,puntReturnYardsOpponent,193
Northern Illinois,Mountain West,rushingAttempts,122
Northern Illinois,Mountain West,rushingAttemptsOpponent,136
Northern Illinois,Mountain West,rushingTDs,3
Northern Illinois,Mountain West,rushingTDsOpponent,5
Northern Illinois,Mountain West,rushingYards,317
Northern Illinois,Mountain West,rushingYardsOpponent,618
Northern Illinois,Mountain West,sacks,7
Northern Illinois,Mountain West,sacksOpponent,17
Northern Illinois,Mountain West,tacklesForLoss,21
Northern Illinois,Mountain West,tacklesForLossOpponent,31
Northern Illinois,Mountain West,thirdDownConversions,18
Northern Illinois,Mountain West,thirdDownConversionsOpponent,30
Northern Illinois,Mountain West,thirdDowns,58
Northern Illinois,Mountain West,thirdDownsOpponent,51
Northern Illinois,Mountain West,totalYards,1201
Northern Illinois,Mountain West,totalYardsOpponent,1544
Northern Illinois,Mountain West,turnovers,6
Northern Illinois,Mountain West,turnoversOpponent,6
North Texas,American Athletic,firstDowns,108
North Texas,American Athletic,firstDownsOpponent,78
North Texas,American Athletic,fourthDownConversions,2
North Texas,American Athletic,fourthDownConversionsOpponent,5
North Texas,American Athletic,fourthDowns,7
North Texas,American Athletic,fourthDownsOpponent,9
North Texas,American Athletic,fumblesLost,2
North Texas,American Athletic,fumblesLostOpponent,4
North Texas,American Athletic,fumblesRecovered,4
North Texas,American Athletic,fumblesRecoveredOpponent,2
North Texas,American Athletic,games,4
North Texas,American Athletic,interceptions,2
North Texas,American Athletic,interceptionsOpponent,3
North Texas,American Athletic,interceptionTDs,1
North Texas,American Athletic,interceptionTDsOpponent,0
North Texas,American Athletic,interceptionYards,49
North Texas,American Athletic,interceptionYardsOpponent,39
North Texas,American Athletic,kickReturns,4
North Texas,American Athletic,kickReturnsOpponent,12
North Texas,American Athletic,kickReturnTDs,0
North Texas,American Athletic,kickReturnTDsOpponent,0
North Texas,American Athletic,kickReturnYards,57
North Texas,American Athletic,kickReturnYardsOpponent,269
North Texas,American Athletic,netPassingYards,1359
North Texas,American Athletic,netPassingYardsOpponent,850
North Texas,American Athletic,passAttempts,143
North Texas,American Athletic,passAttemptsOpponent,97
North Texas,American Athletic,passCompletions,108
North Texas,American Athletic,passCompletionsOpponent,63
North Texas,American Athletic,passesIntercepted,3
North Texas,American Athletic,passesInterceptedOpponent,2
North Texas,American Athletic,passingTDs,8
North Texas,American Athletic,passingTDsOpponent,9
North Texas,American Athletic,penalties,36
North Texas,American Athletic,penaltiesOpponent,25
North Texas,American Athletic,penaltyYards,298
North Texas,American Athletic,penaltyYardsOpponent,237
North Texas,American Athletic,possessionTime,7985
North Texas,American Athletic,possessionTimeOpponent,6415
North Texas,American Athletic,puntReturns,4
North Texas,American Athletic,puntReturnsOpponent,1
North Texas,American Athletic,puntReturnTDs,0
North Texas,American Athletic,puntReturnTDsOpponent,0
North Texas,American Athletic,puntReturnYards,65
North Texas,American Athletic,puntReturnYardsOpponent,36
North Texas,American Athletic,rushingAttempts,144
North Texas,American Athletic,rushingAttemptsOpponent,154
North Texas,American Athletic,rushingTDs,11
North Texas,American Athletic,rushingTDsOpponent,7
North Texas,American Athletic,rushingYards,665
North Texas,American Athletic,rushingYardsOpponent,659
North Texas,American Athletic,sacks,7
North Texas,American Athletic,sacksOpponent,3
North Texas,American Athletic,tacklesForLoss,21
North Texas,American Athletic,tacklesForLossOpponent,16
North Texas,American Athletic,thirdDownConversions,28
North Texas,American Athletic,thirdDownConversionsOpponent,21
North Texas,American Athletic,thirdDowns,51
North Texas,American Athletic,thirdDownsOpponent,51
North Texas,American Athletic,totalYards,2024
North Texas,American Athletic,totalYardsOpponent,1509
North Texas,American Athletic,turnovers,4
North Texas,American Athletic,turnoversOpponent,7
Northwestern,Big Ten,firstDowns,61
Northwestern,Big Ten,firstDownsOpponent,69
Northwestern,Big Ten,fourthDownConversions,2
Northwestern,Big Ten,fourthDownConversionsOpponent,4
Northwestern,Big Ten,fourthDowns,2
Northwestern,Big Ten,fourthDownsOpponent,8
Northwestern,Big Ten,fumblesLost,1
Northwestern,Big Ten,fumblesLostOpponent,2
Northwestern,Big Ten,fumblesRecovered,2
Northwestern,Big Ten,fumblesRecoveredOpponent,1
Northwestern,Big Ten,games,3
Northwestern,Big Ten,interceptions,0
Northwestern,Big Ten,interceptionsOpponent,3
Northwestern,Big Ten,interceptionTDs,0
Northwestern,Big Ten,interceptionYards,26
Northwestern,Big Ten,kickReturns,6
Northwestern,Big Ten,kickReturnsOpponent,9
Northwestern,Big Ten,kickReturnTDs,0
Northwestern,Big Ten,kickReturnTDsOpponent,0
Northwestern,Big Ten,kickReturnYards,122
Northwestern,Big Ten,kickReturnYardsOpponent,147
Northwestern,Big Ten,netPassingYards,807
Northwestern,Big Ten,netPassingYardsOpponent,654
Northwestern,Big Ten,passAttempts,76
Northwestern,Big Ten,passAttemptsOpponent,106
Northwestern,Big Ten,passCompletions,53
Northwestern,Big Ten,passCompletionsOpponent,61
Northwestern,Big Ten,passesIntercepted,3
Northwestern,Big Ten,passingTDs,6
Northwestern,Big Ten,passingTDsOpponent,2
Northwestern,Big Ten,penalties,26
Northwestern,Big Ten,penaltiesOpponent,23
Northwestern,Big Ten,penaltyYards,178
Northwestern,Big Ten,penaltyYardsOpponent,185
Northwestern,Big Ten,possessionTime,5278
Northwestern,Big Ten,possessionTimeOpponent,5522
Northwestern,Big Ten,puntReturns,2
Northwestern,Big Ten,puntReturnsOpponent,1
Northwestern,Big Ten,puntReturnTDs,0
Northwestern,Big Ten,puntReturnTDsOpponent,0
Northwestern,Big Ten,puntReturnYards,9
Northwestern,Big Ten,puntReturnYardsOpponent,1
Northwestern,Big Ten,rushingAttempts,109
Northwestern,Big Ten,rushingAttemptsOpponent,113
Northwestern,Big Ten,rushingTDs,6
Northwestern,Big Ten,rushingTDsOpponent,3
Northwestern,Big Ten,rushingYards,438
Northwestern,Big Ten,rushingYardsOpponent,598
Northwestern,Big Ten,sacks,5
Northwestern,Big Ten,sacksOpponent,7
Northwestern,Big Ten,tacklesForLoss,11
Northwestern,Big Ten,tacklesForLossOpponent,17
Northwestern,Big Ten,thirdDownConversions,14
Northwestern,Big Ten,thirdDownConversionsOpponent,21
Northwestern,Big Ten,thirdDowns,34
Northwestern,Big Ten,thirdDownsOpponent,47
Northwestern,Big Ten,totalYards,1245
Northwestern,Big Ten,totalYardsOpponent,1252
Northwestern,Big Ten,turnovers,1
Northwestern,Big Ten,turnoversOpponent,5
Notre Dame,FBS Independents,firstDowns,83
Notre Dame,FBS Independents,firstDownsOpponent,50
Notre Dame,FBS Independents,fourthDownConversions,5
Notre Dame,FBS Independents,fourthDownConversionsOpponent,4
Notre Dame,FBS Independents,fourthDowns,7
Notre Dame,FBS Independents,fourthDownsOpponent,6
Notre Dame,FBS Independents,fumblesLost,0
Notre Dame,FBS Independents,fumblesLostOpponent,6
Notre Dame,FBS Independents,fumblesRecovered,6
Notre Dame,FBS Independents,fumblesRecoveredOpponent,0
Notre Dame,FBS Independents,games,4
Notre Dame,FBS Independents,interceptions,1
Notre Dame,FBS Independents,interceptionsOpponent,3
Notre Dame,FBS Independents,interceptionTDs,1
Notre Dame,FBS Independents,interceptionTDsOpponent,0
Notre Dame,FBS Independents,interceptionYards,64
Notre Dame,FBS Independents,interceptionYardsOpponent,6
Notre Dame,FBS Independents,kickReturns,3
Notre Dame,FBS Independents,kickReturnsOpponent,8
Notre Dame,FBS Independents,kickReturnTDs,0
Notre Dame,FBS Independents,kickReturnTDsOpponent,0
Notre Dame,FBS Independents,kickReturnYards,69
Notre Dame,FBS Independents,kickReturnYardsOpponent,137
Notre Dame,FBS Independents,netPassingYards,1100
Notre Dame,FBS Independents,netPassingYardsOpponent,582
Notre Dame,FBS Independents,passAttempts,112
Notre Dame,FBS Independents,passAttemptsOpponent,97
Notre Dame,FBS Independents,passCompletions,78
Notre Dame,FBS Independents,passCompletionsOpponent,61
Notre Dame,FBS Independents,passesIntercepted,3
Notre Dame,FBS Independents,passesInterceptedOpponent,1
Notre Dame,FBS Independents,passingTDs,10
Notre Dame,FBS Independents,passingTDsOpponent,2
Notre Dame,FBS Independents,penalties,10
Notre Dame,FBS Independents,penaltiesOpponent,18
Notre Dame,FBS Independents,penaltyYards,106
Notre Dame,FBS Independents,penaltyYardsOpponent,156
Notre Dame,FBS Independents,possessionTime,7540
Notre Dame,FBS Independents,possessionTimeOpponent,6860
Notre Dame,FBS Independents,puntReturns,8
Notre Dame,FBS Independents,puntReturnsOpponent,3
Notre Dame,FBS Independents,puntReturnTDs,0
Notre Dame,FBS Independents,puntReturnTDsOpponent,0
Notre Dame,FBS Independents,puntReturnYards,75
Notre Dame,FBS Independents,puntReturnYardsOpponent,4
Notre Dame,FBS Independents,rushingAttempts,139
Notre Dame,FBS Independents,rushingAttemptsOpponent,123
Notre Dame,FBS Independents,rushingTDs,9
Notre Dame,FBS Independents,rushingTDsOpponent,1
Notre Dame,FBS Independents,rushingYards,567
Notre Dame,FBS Independents,rushingYardsOpponent,215
Notre Dame,FBS Independents,sacks,13
Notre Dame,FBS Independents,sacksOpponent,2
Notre Dame,FBS Independents,tacklesForLoss,29
Notre Dame,FBS Independents,tacklesForLossOpponent,8
Notre Dame,FBS Independents,thirdDownConversions,17
Notre Dame,FBS Independents,thirdDownConversionsOpponent,19
Notre Dame,FBS Independents,thirdDowns,41
Notre Dame,FBS Independents,thirdDownsOpponent,54
Notre Dame,FBS Independents,totalYards,1667
Notre Dame,FBS Independents,totalYardsOpponent,797
Notre Dame,FBS Independents,turnovers,1
Notre Dame,FBS Independents,turnoversOpponent,9
Ohio,Mid-American,firstDowns,80
Ohio,Mid-American,firstDownsOpponent,78
Ohio,Mid-American,fourthDownConversions,6
Ohio,Mid-American,fourthDownConversionsOpponent,5
Ohio,Mid-American,fourthDowns,8
Ohio,Mid-American,fourthDownsOpponent,8
Ohio,Mid-American,fumblesLost,1
Ohio,Mid-American,fumblesLostOpponent,1
Ohio,Mid-American,fumblesRecovered,1
Ohio,Mid-American,fumblesRecoveredOpponent,1
Ohio,Mid-American,games,4
Ohio,Mid-American,interceptions,3
Ohio,Mid-American,interceptionsOpponent,0
Ohio,Mid-American,interceptionTDsOpponent,0
Ohio,Mid-American,interceptionYardsOpponent,69
Ohio,Mid-American,kickReturns,11
Ohio,Mid-American,kickReturnsOpponent,3
Ohio,Mid-American,kickReturnTDs,1
Ohio,Mid-American,kickReturnTDsOpponent,0
Ohio,Mid-American,kickReturnYards,330
Ohio,Mid-American,kickReturnYardsOpponent,42
Ohio,Mid-American,netPassingYards,717
Ohio,Mid-American,netPassingYardsOpponent,878
Ohio,Mid-American,passAttempts,104
Ohio,Mid-American,passAttemptsOpponent,97
Ohio,Mid-American,passCompletions,63
Ohio,Mid-American,passCompletionsOpponent,63
Ohio,Mid-American,passesInterceptedOpponent,3
Ohio,Mid-American,passingTDs,7
Ohio,Mid-American,passingTDsOpponent,6
Ohio,Mid-American,penalties,17
Ohio,Mid-American,penaltiesOpponent,26
Ohio,Mid-American,penaltyYards,152
Ohio,Mid-American,penaltyYardsOpponent,216
Ohio,Mid-American,possessionTime,7666
Ohio,Mid-American,possessionTimeOpponent,6734
Ohio,Mid-American,puntReturns,2
Ohio,Mid-American,puntReturnsOpponent,2
Ohio,Mid-American,puntReturnTDs,0
Ohio,Mid-American,puntReturnTDsOpponent,0
Ohio,Mid-American,puntReturnYards,5
Ohio,Mid-American,puntReturnYardsOpponent,5
Ohio,Mid-American,rushingAttempts,157
Ohio,Mid-American,rushingAttemptsOpponent,157
Ohio,Mid-American,rushingTDs,7
Ohio,Mid-American,rushingTDsOpponent,10
Ohio,Mid-American,rushingYards,758
Ohio,Mid-American,rushingYardsOpponent,674
Ohio,Mid-American,sacks,3
Ohio,Mid-American,sacksOpponent,7
Ohio,Mid-American,tacklesForLoss,24
Ohio,Mid-American,tacklesForLossOpponent,14
Ohio,Mid-American,thirdDownConversions,29
Ohio,Mid-American,thirdDownConversionsOpponent,26
Ohio,Mid-American,thirdDowns,57
Ohio,Mid-American,thirdDownsOpponent,52
Ohio,Mid-American,totalYards,1475
Ohio,Mid-American,totalYardsOpponent,1552
Ohio,Mid-American,turnovers,4
Ohio,Mid-American,turnoversOpponent,1
Ohio State,Big Ten,firstDowns,103
Ohio State,Big Ten,firstDownsOpponent,69
Ohio State,Big Ten,fourthDownConversions,6
Ohio State,Big Ten,fourthDownConversionsOpponent,3
Ohio State,Big Ten,fourthDowns,9
Ohio State,Big Ten,fourthDownsOpponent,9
Ohio State,Big Ten,fumblesLost,0
Ohio State,Big Ten,fumblesLostOpponent,3
Ohio State,Big Ten,fumblesRecovered,3
Ohio State,Big Ten,fumblesRecoveredOpponent,0
Ohio State,Big Ten,games,4
Ohio State,Big Ten,interceptions,4
Ohio State,Big Ten,interceptionsOpponent,3
Ohio State,Big Ten,interceptionTDs,0
Ohio State,Big Ten,interceptionTDsOpponent,0
Ohio State,Big Ten,interceptionYards,17
Ohio State,Big Ten,interceptionYardsOpponent,48
Ohio State,Big Ten,kickReturns,3
Ohio State,Big Ten,kickReturnsOpponent,6
Ohio State,Big Ten,kickReturnTDs,0
Ohio State,Big Ten,kickReturnTDsOpponent,0
Ohio State,Big Ten,kickReturnYards,46
Ohio State,Big Ten,kickReturnYardsOpponent,78
Ohio State,Big Ten,netPassingYards,1461
Ohio State,Big Ten,netPassingYardsOpponent,641
Ohio State,Big Ten,passAttempts,133
Ohio State,Big Ten,passAttemptsOpponent,133
Ohio State,Big Ten,passCompletions,97
Ohio State,Big Ten,passCompletionsOpponent,72
Ohio State,Big Ten,passesIntercepted,3
Ohio State,Big Ten,passesInterceptedOpponent,4
Ohio State,Big Ten,passingTDs,13
Ohio State,Big Ten,passingTDsOpponent,2
Ohio State,Big Ten,penalties,23
Ohio State,Big Ten,penaltiesOpponent,24
Ohio State,Big Ten,penaltyYards,194
Ohio State,Big Ten,penaltyYardsOpponent,179
Ohio State,Big Ten,possessionTime,7193
Ohio State,Big Ten,possessionTimeOpponent,7207
Ohio State,Big Ten,puntReturns,10
Ohio State,Big Ten,puntReturnsOpponent,2
Ohio State,Big Ten,puntReturnTDs,0
Ohio State,Big Ten,puntReturnTDsOpponent,0
Ohio State,Big Ten,puntReturnYards,46
Ohio State,Big Ten,puntReturnYardsOpponent,11
Ohio State,Big Ten,rushingAttempts,136
Ohio State,Big Ten,rushingAttemptsOpponent,131
Ohio State,Big Ten,rushingTDs,10
Ohio State,Big Ten,rushingTDsOpponent,3
Ohio State,Big Ten,rushingYards,627
Ohio State,Big Ten,rushingYardsOpponent,456
Ohio State,Big Ten,sacks,7
Ohio State,Big Ten,sacksOpponent,5
Ohio State,Big Ten,tacklesForLoss,22
Ohio State,Big Ten,tacklesForLossOpponent,17
Ohio State,Big Ten,thirdDownConversions,20
Ohio State,Big Ten,thirdDownConversionsOpponent,22
Ohio State,Big Ten,thirdDowns,45
Ohio State,Big Ten,thirdDownsOpponent,60
Ohio State,Big Ten,totalYards,2088
Ohio State,Big Ten,totalYardsOpponent,1097
Ohio State,Big Ten,turnovers,4
Ohio State,Big Ten,turnoversOpponent,6
Oklahoma,SEC,firstDowns,65
Oklahoma,SEC,firstDownsOpponent,48
Oklahoma,SEC,fourthDownConversions,1
Oklahoma,SEC,fourthDownConversionsOpponent,4
Oklahoma,SEC,fourthDowns,4
Oklahoma,SEC,fourthDownsOpponent,6
Oklahoma,SEC,fumblesLost,6
Oklahoma,SEC,fumblesLostOpponent,3
Oklahoma,SEC,fumblesRecovered,3
Oklahoma,SEC,fumblesRecoveredOpponent,6
Oklahoma,SEC,games,4
Oklahoma,SEC,interceptions,4
Oklahoma,SEC,interceptionsOpponent,1
Oklahoma,SEC,interceptionTDs,0
Oklahoma,SEC,interceptionTDsOpponent,0
Oklahoma,SEC,interceptionYards,0
Oklahoma,SEC,interceptionYardsOpponent,64
Oklahoma,SEC,kickReturns,5
Oklahoma,SEC,kickReturnsOpponent,1
Oklahoma,SEC,kickReturnTDs,0
Oklahoma,SEC,kickReturnTDsOpponent,0
Oklahoma,SEC,kickReturnYards,105
Oklahoma,SEC,kickReturnYardsOpponent,24
Oklahoma,SEC,netPassingYards,889
Oklahoma,SEC,netPassingYardsOpponent,490
Oklahoma,SEC,passAttempts,112
Oklahoma,SEC,passAttemptsOpponent,81
Oklahoma,SEC,passCompletions,73
Oklahoma,SEC,passCompletionsOpponent,42
Oklahoma,SEC,passesIntercepted,1
Oklahoma,SEC,passesInterceptedOpponent,4
Oklahoma,SEC,passingTDs,8
Oklahoma,SEC,passingTDsOpponent,1
Oklahoma,SEC,penalties,26
Oklahoma,SEC,penaltiesOpponent,26
Oklahoma,SEC,penaltyYards,214
Oklahoma,SEC,penaltyYardsOpponent,201
Oklahoma,SEC,possessionTime,7114
Oklahoma,SEC,possessionTimeOpponent,7286
Oklahoma,SEC,puntReturns,7
Oklahoma,SEC,puntReturnsOpponent,5
Oklahoma,SEC,puntReturnTDs,1
Oklahoma,SEC,puntReturnTDsOpponent,0
Oklahoma,SEC,puntReturnYards,130
Oklahoma,SEC,puntReturnYardsOpponent,35
Oklahoma,SEC,rushingAttempts,135
Oklahoma,SEC,rushingAttemptsOpponent,143
Oklahoma,SEC,rushingTDs,2
Oklahoma,SEC,rushingTDsOpponent,5
Oklahoma,SEC,rushingYards,396
Oklahoma,SEC,rushingYardsOpponent,462
Oklahoma,SEC,sacks,13
Oklahoma,SEC,sacksOpponent,8
Oklahoma,SEC,tacklesForLoss,28
Oklahoma,SEC,tacklesForLossOpponent,24
Oklahoma,SEC,thirdDownConversions,18
Oklahoma,SEC,thirdDownConversionsOpponent,12
Oklahoma,SEC,thirdDowns,53
Oklahoma,SEC,thirdDownsOpponent,52
Oklahoma,SEC,totalYards,1285
Oklahoma,SEC,totalYardsOpponent,952
Oklahoma,SEC,turnovers,10
Oklahoma,SEC,turnoversOpponent,4
Oklahoma State,Big 12,firstDowns,110
Oklahoma State,Big 12,firstDownsOpponent,61
Oklahoma State,Big 12,fourthDownConversions,3
Oklahoma State,Big 12,fourthDownConversionsOpponent,2
Oklahoma State,Big 12,fourthDowns,7
Oklahoma State,Big 12,fourthDownsOpponent,9
Oklahoma State,Big 12,fumblesLost,3
Oklahoma State,Big 12,fumblesLostOpponent,1
Oklahoma State,Big 12,fumblesRecovered,1
Oklahoma State,Big 12,fumblesRecoveredOpponent,3
Oklahoma State,Big 12,games,4
Oklahoma State,Big 12,interceptions,5
Oklahoma State,Big 12,interceptionsOpponent,3
Oklahoma State,Big 12,interceptionTDs,0
Oklahoma State,Big 12,interceptionTDsOpponent,1
Oklahoma State,Big 12,interceptionYards,43
Oklahoma State,Big 12,interceptionYardsOpponent,110
Oklahoma State,Big 12,kickReturns,4
Oklahoma State,Big 12,kickReturnsOpponent,2
Oklahoma State,Big 12,kickReturnTDs,0
Oklahoma State,Big 12,kickReturnTDsOpponent,0
Oklahoma State,Big 12,kickReturnYards,44
Oklahoma State,Big 12,kickReturnYardsOpponent,43
Oklahoma State,Big 12,netPassingYards,1308
Oklahoma State,Big 12,netPassingYardsOpponent,634
Oklahoma State,Big 12,passAttempts,147
Oklahoma State,Big 12,passAttemptsOpponent,98
Oklahoma State,Big 12,passCompletions,101
Oklahoma State,Big 12,passCompletionsOpponent,55
Oklahoma State,Big 12,passesIntercepted,3
Oklahoma State,Big 12,passesInterceptedOpponent,5
Oklahoma State,Big 12,passingTDs,12
Oklahoma State,Big 12,passingTDsOpponent,3
Oklahoma State,Big 12,penalties,20
Oklahoma State,Big 12,penaltiesOpponent,23
Oklahoma State,Big 12,penaltyYards,207
Oklahoma State,Big 12,penaltyYardsOpponent,200
Oklahoma State,Big 12,possessionTime,7923
Oklahoma State,Big 12,possessionTimeOpponent,6477
Oklahoma State,Big 12,puntReturns,10
Oklahoma State,Big 12,puntReturnsOpponent,1
Oklahoma State,Big 12,puntReturnTDs,0
Oklahoma State,Big 12,puntReturnTDsOpponent,0
Oklahoma State,Big 12,puntReturnYards,149
Oklahoma State,Big 12,puntReturnYardsOpponent,-1
Oklahoma State,Big 12,rushingAttempts,163
Oklahoma State,Big 12,rushingAttemptsOpponent,152
Oklahoma State,Big 12,rushingTDs,5
Oklahoma State,Big 12,rushingTDsOpponent,6
Oklahoma State,Big 12,rushingYards,885
Oklahoma State,Big 12,rushingYardsOpponent,635
Oklahoma State,Big 12,sacks,8
Oklahoma State,Big 12,sacksOpponent,3
Oklahoma State,Big 12,tacklesForLoss,20
Oklahoma State,Big 12,tacklesForLossOpponent,10
Oklahoma State,Big 12,thirdDownConversions,16
Oklahoma State,Big 12,thirdDownConversionsOpponent,15
Oklahoma State,Big 12,thirdDowns,50
Oklahoma State,Big 12,thirdDownsOpponent,54
Oklahoma State,Big 12,totalYards,2193
Oklahoma State,Big 12,totalYardsOpponent,1269
Oklahoma State,Big 12,turnovers,8
Oklahoma State,Big 12,turnoversOpponent,4
Old Dominion,Sun Belt,firstDowns,55
Old Dominion,Sun Belt,firstDownsOpponent,76
Old Dominion,Sun Belt,fourthDownConversions,3
Old Dominion,Sun Belt,fourthDownConversionsOpponent,5
Old Dominion,Sun Belt,fourthDowns,6
Old Dominion,Sun Belt,fourthDownsOpponent,10
Old Dominion,Sun Belt,fumblesLost,6
Old Dominion,Sun Belt,fumblesLostOpponent,5
Old Dominion,Sun Belt,fumblesRecovered,5
Old Dominion,Sun Belt,fumblesRecoveredOpponent,6
Old Dominion,Sun Belt,games,4
Old Dominion,Sun Belt,interceptions,3
Old Dominion,Sun Belt,interceptionsOpponent,2
Old Dominion,Sun Belt,interceptionTDs,0
Old Dominion,Sun Belt,interceptionTDsOpponent,1
Old Dominion,Sun Belt,interceptionYards,9
Old Dominion,Sun Belt,interceptionYardsOpponent,88
Old Dominion,Sun Belt,kickReturns,9
Old Dominion,Sun Belt,kickReturnsOpponent,4
Old Dominion,Sun Belt,kickReturnTDs,0
Old Dominion,Sun Belt,kickReturnTDsOpponent,0
Old Dominion,Sun Belt,kickReturnYards,167
Old Dominion,Sun Belt,kickReturnYardsOpponent,124
Old Dominion,Sun Belt,netPassingYards,679
Old Dominion,Sun Belt,netPassingYardsOpponent,767
Old Dominion,Sun Belt,passAttempts,94
Old Dominion,Sun Belt,passAttemptsOpponent,127
Old Dominion,Sun Belt,passCompletions,50
Old Dominion,Sun Belt,passCompletionsOpponent,81
Old Dominion,Sun Belt,passesIntercepted,2
Old Dominion,Sun Belt,passesInterceptedOpponent,3
Old Dominion,Sun Belt,passingTDs,4
Old Dominion,Sun Belt,passingTDsOpponent,7
Old Dominion,Sun Belt,penalties,34
Old Dominion,Sun Belt,penaltiesOpponent,29
Old Dominion,Sun Belt,penaltyYards,301
Old Dominion,Sun Belt,penaltyYardsOpponent,236
Old Dominion,Sun Belt,possessionTime,6334
Old Dominion,Sun Belt,possessionTimeOpponent,8066
Old Dominion,Sun Belt,puntReturns,9
Old Dominion,Sun Belt,puntReturnsOpponent,6
Old Dominion,Sun Belt,puntReturnTDs,0
Old Dominion,Sun Belt,puntReturnTDsOpponent,0
Old Dominion,Sun Belt,puntReturnYards,76
Old Dominion,Sun Belt,puntReturnYardsOpponent,95
Old Dominion,Sun Belt,rushingAttempts,145
Old Dominion,Sun Belt,rushingAttemptsOpponent,166
Old Dominion,Sun Belt,rushingTDs,5
Old Dominion,Sun Belt,rushingTDsOpponent,4
Old Dominion,Sun Belt,rushingYards,471
Old Dominion,Sun Belt,rushingYardsOpponent,550
Old Dominion,Sun Belt,sacks,10
Old Dominion,Sun Belt,sacksOpponent,18
Old Dominion,Sun Belt,tacklesForLoss,32
Old Dominion,Sun Belt,tacklesForLossOpponent,39
Old Dominion,Sun Belt,thirdDownConversions,18
Old Dominion,Sun Belt,thirdDownConversionsOpponent,23
Old Dominion,Sun Belt,thirdDowns,53
Old Dominion,Sun Belt,thirdDownsOpponent,67
Old Dominion,Sun Belt,totalYards,1150
Old Dominion,Sun Belt,totalYardsOpponent,1317
Old Dominion,Sun Belt,turnovers,9
Old Dominion,Sun Belt,turnoversOpponent,7
Ole Miss,SEC,firstDowns,99
Ole Miss,SEC,firstDownsOpponent,83
Ole Miss,SEC,fourthDownConversions,3
Ole Miss,SEC,fourthDownConversionsOpponent,3
Ole Miss,SEC,fourthDowns,5
Ole Miss,SEC,fourthDownsOpponent,6
Ole Miss,SEC,fumblesLost,2
Ole Miss,SEC,fumblesLostOpponent,0
Ole Miss,SEC,fumblesRecovered,0
Ole Miss,SEC,fumblesRecoveredOpponent,2
Ole Miss,SEC,games,4
Ole Miss,SEC,interceptions,4
Ole Miss,SEC,interceptionsOpponent,2
Ole Miss,SEC,interceptionTDs,0
Ole Miss,SEC,interceptionTDsOpponent,0
Ole Miss,SEC,interceptionYards,38
Ole Miss,SEC,interceptionYardsOpponent,10
Ole Miss,SEC,kickReturns,7
Ole Miss,SEC,kickReturnsOpponent,8
Ole Miss,SEC,kickReturnTDs,0
Ole Miss,SEC,kickReturnTDsOpponent,0
Ole Miss,SEC,kickReturnYards,120
Ole Miss,SEC,kickReturnYardsOpponent,222
Ole Miss,SEC,netPassingYards,1290
Ole Miss,SEC,netPassingYardsOpponent,840
Ole Miss,SEC,passAttempts,153
Ole Miss,SEC,passAttemptsOpponent,107
Ole Miss,SEC,passCompletions,106
Ole Miss,SEC,passCompletionsOpponent,70
Ole Miss,SEC,passesIntercepted,2
Ole Miss,SEC,passesInterceptedOpponent,4
Ole Miss,SEC,passingTDs,8
Ole Miss,SEC,passingTDsOpponent,4
Ole Miss,SEC,penalties,29
Ole Miss,SEC,penaltiesOpponent,31
Ole Miss,SEC,penaltyYards,258
Ole Miss,SEC,penaltyYardsOpponent,247
Ole Miss,SEC,possessionTime,6274
Ole Miss,SEC,possessionTimeOpponent,8126
Ole Miss,SEC,puntReturns,3
Ole Miss,SEC,puntReturnsOpponent,2
Ole Miss,SEC,puntReturnTDs,0
Ole Miss,SEC,puntReturnTDsOpponent,0
Ole Miss,SEC,puntReturnYards,7
Ole Miss,SEC,puntReturnYardsOpponent,19
Ole Miss,SEC,rushingAttempts,117
Ole Miss,SEC,rushingAttemptsOpponent,168
Ole Miss,SEC,rushingTDs,9
Ole Miss,SEC,rushingTDsOpponent,10
Ole Miss,SEC,rushingYards,470
Ole Miss,SEC,rushingYardsOpponent,779
Ole Miss,SEC,sacks,6
Ole Miss,SEC,sacksOpponent,4
Ole Miss,SEC,tacklesForLoss,23
Ole Miss,SEC,tacklesForLossOpponent,15
Ole Miss,SEC,thirdDownConversions,20
Ole Miss,SEC,thirdDownConversionsOpponent,25
Ole Miss,SEC,thirdDowns,46
Ole Miss,SEC,thirdDownsOpponent,57
Ole Miss,SEC,totalYards,1760
Ole Miss,SEC,totalYardsOpponent,1619
Ole Miss,SEC,turnovers,6
Ole Miss,SEC,turnoversOpponent,2
Oregon,Big Ten,firstDowns,96
Oregon,Big Ten,firstDownsOpponent,74
Oregon,Big Ten,fourthDownConversions,4
Oregon,Big Ten,fourthDownConversionsOpponent,7
Oregon,Big Ten,fourthDowns,10
Oregon,Big Ten,fourthDownsOpponent,9
Oregon,Big Ten,fumblesLost,2
Oregon,Big Ten,fumblesLostOpponent,1
Oregon,Big Ten,fumblesRecovered,1
Oregon,Big Ten,fumblesRecoveredOpponent,2
Oregon,Big Ten,games,4
Oregon,Big Ten,interceptions,0
Oregon,Big Ten,interceptionsOpponent,6
Oregon,Big Ten,interceptionTDs,1
Oregon,Big Ten,interceptionYards,111
Oregon,Big Ten,kickReturns,4
Oregon,Big Ten,kickReturnsOpponent,6
Oregon,Big Ten,kickReturnTDs,0
Oregon,Big Ten,kickReturnTDsOpponent,0
Oregon,Big Ten,kickReturnYards,49
Oregon,Big Ten,kickReturnYardsOpponent,70
Oregon,Big Ten,netPassingYards,1388
Oregon,Big Ten,netPassingYardsOpponent,925
Oregon,Big Ten,passAttempts,145
Oregon,Big Ten,passAttemptsOpponent,134
Oregon,Big Ten,passCompletions,104
Oregon,Big Ten,passCompletionsOpponent,72
Oregon,Big Ten,passesIntercepted,6
Oregon,Big Ten,passingTDs,14
Oregon,Big Ten,passingTDsOpponent,7
Oregon,Big Ten,penalties,29
Oregon,Big Ten,penaltiesOpponent,16
Oregon,Big Ten,penaltyYards,271
Oregon,Big Ten,penaltyYardsOpponent,139
Oregon,Big Ten,possessionTime,7435
Oregon,Big Ten,possessionTimeOpponent,6965
Oregon,Big Ten,puntReturns,4
Oregon,Big Ten,puntReturnsOpponent,2
Oregon,Big Ten,puntReturnTDs,0
Oregon,Big Ten,puntReturnTDsOpponent,0
Oregon,Big Ten,puntReturnYards,26
Oregon,Big Ten,puntReturnYardsOpponent,6
Oregon,Big Ten,rushingAttempts,139
Oregon,Big Ten,rushingAttemptsOpponent,126
Oregon,Big Ten,rushingTDs,10
Oregon,Big Ten,rushingTDsOpponent,3
Oregon,Big Ten,rushingYards,620
Oregon,Big Ten,rushingYardsOpponent,452
Oregon,Big Ten,sacks,6
Oregon,Big Ten,sacksOpponent,7
Oregon,Big Ten,tacklesForLoss,12
Oregon,Big Ten,tacklesForLossOpponent,18
Oregon,Big Ten,thirdDownConversions,26
Oregon,Big Ten,thirdDownConversionsOpponent,11
Oregon,Big Ten,thirdDowns,52
Oregon,Big Ten,thirdDownsOpponent,52
Oregon,Big Ten,totalYards,2008
Oregon,Big Ten,totalYardsOpponent,1377
Oregon,Big Ten,turnovers,2
Oregon,Big Ten,turnoversOpponent,7
Oregon State,Pac-12,firstDowns,93
Oregon State,Pac-12,firstDownsOpponent,86
Oregon State,Pac-12,fourthDownConversions,5
Oregon State,Pac-12,fourthDownConversionsOpponent,5
Oregon State,Pac-12,fourthDowns,11
Oregon State,Pac-12,fourthDownsOpponent,8
Oregon State,Pac-12,fumblesLost,1
Oregon State,Pac-12,fumblesLostOpponent,3
Oregon State,Pac-12,fumblesRecovered,3
Oregon State,Pac-12,fumblesRecoveredOpponent,1
Oregon State,Pac-12,games,4
Oregon State,Pac-12,interceptions,2
Oregon State,Pac-12,interceptionsOpponent,3
Oregon State,Pac-12,interceptionTDs,0
Oregon State,Pac-12,interceptionTDsOpponent,0
Oregon State,Pac-12,interceptionYards,24
Oregon State,Pac-12,interceptionYardsOpponent,0
Oregon State,Pac-12,kickReturns,10
Oregon State,Pac-12,kickReturnsOpponent,9
Oregon State,Pac-12,kickReturnTDs,0
Oregon State,Pac-12,kickReturnTDsOpponent,0
Oregon State,Pac-12,kickReturnYards,200
Oregon State,Pac-12,kickReturnYardsOpponent,182
Oregon State,Pac-12,netPassingYards,1460
Oregon State,Pac-12,netPassingYardsOpponent,874
Oregon State,Pac-12,passAttempts,170
Oregon State,Pac-12,passAttemptsOpponent,129
Oregon State,Pac-12,passCompletions,111
Oregon State,Pac-12,passCompletionsOpponent,89
Oregon State,Pac-12,passesIntercepted,3
Oregon State,Pac-12,passesInterceptedOpponent,2
Oregon State,Pac-12,passingTDs,12
Oregon State,Pac-12,passingTDsOpponent,6
Oregon State,Pac-12,penalties,30
Oregon State,Pac-12,penaltiesOpponent,34
Oregon State,Pac-12,penaltyYards,275
Oregon State,Pac-12,penaltyYardsOpponent,304
Oregon State,Pac-12,possessionTime,6859
Oregon State,Pac-12,possessionTimeOpponent,7541
Oregon State,Pac-12,puntReturns,7
Oregon State,Pac-12,puntReturnsOpponent,4
Oregon State,Pac-12,puntReturnTDs,0
Oregon State,Pac-12,puntReturnTDsOpponent,0
Oregon State,Pac-12,puntReturnYards,49
Oregon State,Pac-12,puntReturnYardsOpponent,25
Oregon State,Pac-12,rushingAttempts,99
Oregon State,Pac-12,rushingAttemptsOpponent,155
Oregon State,Pac-12,rushingTDs,5
Oregon State,Pac-12,rushingTDsOpponent,6
Oregon State,Pac-12,rushingYards,375
Oregon State,Pac-12,rushingYardsOpponent,571
Oregon State,Pac-12,sacks,14
Oregon State,Pac-12,sacksOpponent,6
Oregon State,Pac-12,tacklesForLoss,22
Oregon State,Pac-12,tacklesForLossOpponent,11
Oregon State,Pac-12,thirdDownConversions,18
Oregon State,Pac-12,thirdDownConversionsOpponent,22
Oregon State,Pac-12,thirdDowns,50
Oregon State,Pac-12,thirdDownsOpponent,55
Oregon State,Pac-12,totalYards,1835
Oregon State,Pac-12,totalYardsOpponent,1445
Oregon State,Pac-12,turnovers,3
Oregon State,Pac-12,turnoversOpponent,6
Penn State,Big Ten,firstDowns,85
Penn State,Big Ten,firstDownsOpponent,56
Penn State,Big Ten,fourthDownConversions,2
Penn State,Big Ten,fourthDownConversionsOpponent,5
Penn State,Big Ten,fourthDowns,5
Penn State,Big Ten,fourthDownsOpponent,6
Penn State,Big Ten,fumblesLost,0
Penn State,Big Ten,fumblesLostOpponent,3
Penn State,Big Ten,fumblesRecovered,3
Penn State,Big Ten,fumblesRecoveredOpponent,0
Penn State,Big Ten,games,4
Penn State,Big Ten,interceptions,1
Penn State,Big Ten,interceptionsOpponent,5
Penn State,Big Ten,interceptionTDs,1
Penn State,Big Ten,interceptionTDsOpponent,0
Penn State,Big Ten,interceptionYards,88
Penn State,Big Ten,interceptionYardsOpponent,0
Penn State,Big Ten,kickReturns,4
Penn State,Big Ten,kickReturnsOpponent,6
Penn State,Big Ten,kickReturnTDs,0
Penn State,Big Ten,kickReturnTDsOpponent,0
Penn State,Big Ten,kickReturnYards,71
Penn State,Big Ten,kickReturnYardsOpponent,98
Penn State,Big Ten,netPassingYards,975
Penn State,Big Ten,netPassingYardsOpponent,505
Penn State,Big Ten,passAttempts,109
Penn State,Big Ten,passAttemptsOpponent,113
Penn State,Big Ten,passCompletions,68
Penn State,Big Ten,passCompletionsOpponent,60
Penn State,Big Ten,passesIntercepted,5
Penn State,Big Ten,passesInterceptedOpponent,1
Penn State,Big Ten,passingTDs,9
Penn State,Big Ten,passingTDsOpponent,2
Penn State,Big Ten,penalties,19
Penn State,Big Ten,penaltiesOpponent,21
Penn State,Big Ten,penaltyYards,176
Penn State,Big Ten,penaltyYardsOpponent,187
Penn State,Big Ten,possessionTime,7611
Penn State,Big Ten,possessionTimeOpponent,6789
Penn State,Big Ten,puntReturns,15
Penn State,Big Ten,puntReturnTDs,0
Penn State,Big Ten,puntReturnYards,188
Penn State,Big Ten,rushingAttempts,156
Penn State,Big Ten,rushingAttemptsOpponent,125
Penn State,Big Ten,rushingTDs,8
Penn State,Big Ten,rushingTDsOpponent,3
Penn State,Big Ten,rushingYards,734
Penn State,Big Ten,rushingYardsOpponent,453
Penn State,Big Ten,sacks,5
Penn State,Big Ten,sacksOpponent,5
Penn State,Big Ten,tacklesForLoss,19
Penn State,Big Ten,tacklesForLossOpponent,13
Penn State,Big Ten,thirdDownConversions,23
Penn State,Big Ten,thirdDownConversionsOpponent,10
Penn State,Big Ten,thirdDowns,56
Penn State,Big Ten,thirdDownsOpponent,52
Penn State,Big Ten,totalYards,1709
Penn State,Big Ten,totalYardsOpponent,958
Penn State,Big Ten,turnovers,1
Penn State,Big Ten,turnoversOpponent,8
Pittsburgh,ACC,firstDowns,105
Pittsburgh,ACC,firstDownsOpponent,56
Pittsburgh,ACC,fourthDownConversions,4
Pittsburgh,ACC,fourthDownConversionsOpponent,1
Pittsburgh,ACC,fourthDowns,6
Pittsburgh,ACC,fourthDownsOpponent,5
Pittsburgh,ACC,fumblesLost,1
Pittsburgh,ACC,fumblesLostOpponent,0
Pittsburgh,ACC,fumblesRecovered,0
Pittsburgh,ACC,fumblesRecoveredOpponent,1
Pittsburgh,ACC,games,4
Pittsburgh,ACC,interceptions,1
Pittsburgh,ACC,interceptionsOpponent,3
Pittsburgh,ACC,interceptionTDs,0
Pittsburgh,ACC,interceptionTDsOpponent,0
Pittsburgh,ACC,interceptionYards,3
Pittsburgh,ACC,interceptionYardsOpponent,4
Pittsburgh,ACC,kickReturns,5
Pittsburgh,ACC,kickReturnsOpponent,11
Pittsburgh,ACC,kickReturnTDs,0
Pittsburgh,ACC,kickReturnTDsOpponent,0
Pittsburgh,ACC,kickReturnYards,90
Pittsburgh,ACC,kickReturnYardsOpponent,246
Pittsburgh,ACC,netPassingYards,1389
Pittsburgh,ACC,netPassingYardsOpponent,757
Pittsburgh,ACC,passAttempts,149
Pittsburgh,ACC,passAttemptsOpponent,128
Pittsburgh,ACC,passCompletions,102
Pittsburgh,ACC,passCompletionsOpponent,73
Pittsburgh,ACC,passesIntercepted,3
Pittsburgh,ACC,passesInterceptedOpponent,1
Pittsburgh,ACC,passingTDs,15
Pittsburgh,ACC,passingTDsOpponent,2
Pittsburgh,ACC,penalties,37
Pittsburgh,ACC,penaltiesOpponent,34
Pittsburgh,ACC,penaltyYards,339
Pittsburgh,ACC,penaltyYardsOpponent,270
Pittsburgh,ACC,possessionTime,7770
Pittsburgh,ACC,possessionTimeOpponent,6630
Pittsburgh,ACC,puntReturns,8
Pittsburgh,ACC,puntReturnsOpponent,3
Pittsburgh,ACC,puntReturnTDs,0
Pittsburgh,ACC,puntReturnTDsOpponent,0
Pittsburgh,ACC,puntReturnYards,61
Pittsburgh,ACC,puntReturnYardsOpponent,17
Pittsburgh,ACC,rushingAttempts,141
Pittsburgh,ACC,rushingAttemptsOpponent,105
Pittsburgh,ACC,rushingTDs,5
Pittsburgh,ACC,rushingTDsOpponent,2
Pittsburgh,ACC,rushingYards,706
Pittsburgh,ACC,rushingYardsOpponent,221
Pittsburgh,ACC,sacks,8
Pittsburgh,ACC,sacksOpponent,4
Pittsburgh,ACC,tacklesForLoss,26
Pittsburgh,ACC,tacklesForLossOpponent,14
Pittsburgh,ACC,thirdDownConversions,26
Pittsburgh,ACC,thirdDownConversionsOpponent,14
Pittsburgh,ACC,thirdDowns,52
Pittsburgh,ACC,thirdDownsOpponent,53
Pittsburgh,ACC,totalYards,2095
Pittsburgh,ACC,totalYardsOpponent,978
Pittsburgh,ACC,turnovers,2
Pittsburgh,ACC,turnoversOpponent,3
Purdue,Big Ten,firstDowns,96
Purdue,Big Ten,firstDownsOpponent,91
Purdue,Big Ten,fourthDownConversions,4
Purdue,Big Ten,fourthDownConversionsOpponent,2
Purdue,Big Ten,fourthDowns,7
Purdue,Big Ten,fourthDownsOpponent,2
Purdue,Big Ten,fumblesLost,3
Purdue,Big Ten,fumblesLostOpponent,0
Purdue,Big Ten,fumblesRecovered,0
Purdue,Big Ten,fumblesRecoveredOpponent,3
Purdue,Big Ten,games,4
Purdue,Big Ten,interceptions,1
Purdue,Big Ten,interceptionsOpponent,2
Purdue,Big Ten,interceptionTDs,1
Purdue,Big Ten,interceptionTDsOpponent,0
Purdue,Big Ten,interceptionYards,41
Purdue,Big Ten,interceptionYardsOpponent,12
Purdue,Big Ten,kickReturns,3
Purdue,Big Ten,kickReturnsOpponent,7
Purdue,Big Ten,kickReturnTDs,0
Purdue,Big Ten,kickReturnTDsOpponent,0
Purdue,Big Ten,kickReturnYards,58
Purdue,Big Ten,kickReturnYardsOpponent,143
Purdue,Big Ten,netPassingYards,1278
Purdue,Big Ten,netPassingYardsOpponent,986
Purdue,Big Ten,passAttempts,144
Purdue,Big Ten,passAttemptsOpponent,107
Purdue,Big Ten,passCompletions,104
Purdue,Big Ten,passCompletionsOpponent,63
Purdue,Big Ten,passesIntercepted,2
Purdue,Big Ten,passesInterceptedOpponent,1
Purdue,Big Ten,passingTDs,8
Purdue,Big Ten,passingTDsOpponent,9
Purdue,Big Ten,penalties,29
Purdue,Big Ten,penaltiesOpponent,24
Purdue,Big Ten,penaltyYards,226
Purdue,Big Ten,penaltyYardsOpponent,235
Purdue,Big Ten,possessionTime,7720
Purdue,Big Ten,possessionTimeOpponent,6680
Purdue,Big Ten,puntReturns,7
Purdue,Big Ten,puntReturnsOpponent,3
Purdue,Big Ten,puntReturnTDs,0
Purdue,Big Ten,puntReturnTDsOpponent,0
Purdue,Big Ten,puntReturnYards,34
Purdue,Big Ten,puntReturnYardsOpponent,21
Purdue,Big Ten,rushingAttempts,139
Purdue,Big Ten,rushingAttemptsOpponent,145
Purdue,Big Ten,rushingTDs,6
Purdue,Big Ten,rushingTDsOpponent,10
Purdue,Big Ten,rushingYards,406
Purdue,Big Ten,rushingYardsOpponent,798
Purdue,Big Ten,sacks,6
Purdue,Big Ten,sacksOpponent,13
Purdue,Big Ten,tacklesForLoss,18
Purdue,Big Ten,tacklesForLossOpponent,24
Purdue,Big Ten,thirdDownConversions,24
Purdue,Big Ten,thirdDownConversionsOpponent,23
Purdue,Big Ten,thirdDowns,52
Purdue,Big Ten,thirdDownsOpponent,45
Purdue,Big Ten,totalYards,1684
Purdue,Big Ten,totalYardsOpponent,1784
Purdue,Big Ten,turnovers,4
Purdue,Big Ten,turnoversOpponent,2
Rice,American Athletic,firstDowns,76
Rice,American Athletic,firstDownsOpponent,77
Rice,American Athletic,fourthDownConversions,5
Rice,American Athletic,fourthDownConversionsOpponent,3
Rice,American Athletic,fourthDowns,9
Rice,American Athletic,fourthDownsOpponent,10
Rice,American Athletic,fumblesLost,5
Rice,American Athletic,fumblesLostOpponent,1
Rice,American Athletic,fumblesRecovered,1
Rice,American Athletic,fumblesRecoveredOpponent,5
Rice,American Athletic,games,4
Rice,American Athletic,interceptions,1
Rice,American Athletic,interceptionsOpponent,1
Rice,American Athletic,interceptionTDs,0
Rice,American Athletic,interceptionTDsOpponent,0
Rice,American Athletic,interceptionYards,34
Rice,American Athletic,interceptionYardsOpponent,8
Rice,American Athletic,kickReturns,6
Rice,American Athletic,kickReturnsOpponent,5
Rice,American Athletic,kickReturnTDs,0
Rice,American Athletic,kickReturnTDsOpponent,0
Rice,American Athletic,kickReturnYards,73
Rice,American Athletic,kickReturnYardsOpponent,86
Rice,American Athletic,netPassingYards,332
Rice,American Athletic,netPassingYardsOpponent,782
Rice,American Athletic,passAttempts,57
Rice,American Athletic,passAttemptsOpponent,111
Rice,American Athletic,passCompletions,31
Rice,American Athletic,passCompletionsOpponent,69
Rice,American Athletic,passesIntercepted,1
Rice,American Athletic,passesInterceptedOpponent,1
Rice,American Athletic,passingTDs,2
Rice,American Athletic,passingTDsOpponent,8
Rice,American Athletic,penalties,16
Rice,American Athletic,penaltiesOpponent,11
Rice,American Athletic,penaltyYards,152
Rice,American Athletic,penaltyYardsOpponent,105
Rice,American Athletic,possessionTime,7303
Rice,American Athletic,possessionTimeOpponent,7097
Rice,American Athletic,puntReturns,1
Rice,American Athletic,puntReturnsOpponent,9
Rice,American Athletic,puntReturnTDs,0
Rice,American Athletic,puntReturnTDsOpponent,0
Rice,American Athletic,puntReturnYards,10
Rice,American Athletic,puntReturnYardsOpponent,56
Rice,American Athletic,rushingAttempts,194
Rice,American Athletic,rushingAttemptsOpponent,143
Rice,American Athletic,rushingTDs,8
Rice,American Athletic,rushingTDsOpponent,7
Rice,American Athletic,rushingYards,1082
Rice,American Athletic,rushingYardsOpponent,732
Rice,American Athletic,sacks,5
Rice,American Athletic,sacksOpponent,4
Rice,American Athletic,tacklesForLoss,21
Rice,American Athletic,tacklesForLossOpponent,20
Rice,American Athletic,thirdDownConversions,18
Rice,American Athletic,thirdDownConversionsOpponent,24
Rice,American Athletic,thirdDowns,50
Rice,American Athletic,thirdDownsOpponent,52
Rice,American Athletic,totalYards,1414
Rice,American Athletic,totalYardsOpponent,1514
Rice,American Athletic,turnovers,6
Rice,American Athletic,turnoversOpponent,2
Rutgers,Big Ten,firstDowns,93
Rutgers,Big Ten,firstDownsOpponent,72
Rutgers,Big Ten,fourthDownConversions,9
Rutgers,Big Ten,fourthDownConversionsOpponent,3
Rutgers,Big Ten,fourthDowns,14
Rutgers,Big Ten,fourthDownsOpponent,4
Rutgers,Big Ten,fumblesLost,1
Rutgers,Big Ten,fumblesLostOpponent,2
Rutgers,Big Ten,fumblesRecovered,2
Rutgers,Big Ten,fumblesRecoveredOpponent,1
Rutgers,Big Ten,games,4
Rutgers,Big Ten,interceptions,9
Rutgers,Big Ten,interceptionsOpponent,4
Rutgers,Big Ten,interceptionTDs,0
Rutgers,Big Ten,interceptionTDsOpponent,1
Rutgers,Big Ten,interceptionYards,9
Rutgers,Big Ten,interceptionYardsOpponent,137
Rutgers,Big Ten,kickReturns,1
Rutgers,Big Ten,kickReturnsOpponent,4
Rutgers,Big Ten,kickReturnTDs,0
Rutgers,Big Ten,kickReturnTDsOpponent,0
Rutgers,Big Ten,kickReturnYards,17
Rutgers,Big Ten,kickReturnYardsOpponent,40
Rutgers,Big Ten,netPassingYards,1109
Rutgers,Big Ten,netPassingYardsOpponent,777
Rutgers,Big Ten,passAttempts,127
Rutgers,Big Ten,passAttemptsOpponent,102
Rutgers,Big Ten,passCompletions,75
Rutgers,Big Ten,passCompletionsOpponent,65
Rutgers,Big Ten,passesIntercepted,4
Rutgers,Big Ten,passesInterceptedOpponent,9
Rutgers,Big Ten,passingTDs,12
Rutgers,Big Ten,passingTDsOpponent,6
Rutgers,Big Ten,penalties,19
Rutgers,Big Ten,penaltiesOpponent,30
Rutgers,Big Ten,penaltyYards,128
Rutgers,Big Ten,penaltyYardsOpponent,271
Rutgers,Big Ten,possessionTime,7690
Rutgers,Big Ten,possessionTimeOpponent,6710
Rutgers,Big Ten,puntReturns,3
Rutgers,Big Ten,puntReturnTDs,0
Rutgers,Big Ten,puntReturnYards,24
Rutgers,Big Ten,rushingAttempts,145
Rutgers,Big Ten,rushingAttemptsOpponent,133
Rutgers,Big Ten,rushingTDs,6
Rutgers,Big Ten,rushingTDsOpponent,6
Rutgers,Big Ten,rushingYards,618
Rutgers,Big Ten,rushingYardsOpponent,667
Rutgers,Big Ten,sacks,7
Rutgers,Big Ten,sacksOpponent,9
Rutgers,Big Ten,tacklesForLoss,17
Rutgers,Big Ten,tacklesForLossOpponent,15
Rutgers,Big Ten,thirdDownConversions,20
Rutgers,Big Ten,thirdDownConversionsOpponent,16
Rutgers,Big Ten,thirdDowns,46
Rutgers,Big Ten,thirdDownsOpponent,44
Rutgers,Big Ten,totalYards,1727
Rutgers,Big Ten,totalYardsOpponent,1444
Rutgers,Big Ten,turnovers,10
Rutgers,Big Ten,turnoversOpponent,6
Sacramento State,Mid-American,firstDowns,98
Sacramento State,Mid-American,firstDownsOpponent,86
Sacramento State,Mid-American,fourthDownConversions,4
Sacramento State,Mid-American,fourthDownConversionsOpponent,0
Sacramento State,Mid-American,fourthDowns,10
Sacramento State,Mid-American,fourthDownsOpponent,4
Sacramento State,Mid-American,fumblesLost,5
Sacramento State,Mid-American,fumblesLostOpponent,2
Sacramento State,Mid-American,fumblesRecovered,2
Sacramento State,Mid-American,fumblesRecoveredOpponent,5
Sacramento State,Mid-American,games,5
Sacramento State,Mid-American,interceptions,6
Sacramento State,Mid-American,interceptionsOpponent,0
Sacramento State,Mid-American,interceptionTDsOpponent,1
Sacramento State,Mid-American,interceptionYardsOpponent,79
Sacramento State,Mid-American,kickReturns,5
Sacramento State,Mid-American,kickReturnsOpponent,9
Sacramento State,Mid-American,kickReturnTDs,0
Sacramento State,Mid-American,kickReturnTDsOpponent,0
Sacramento State,Mid-American,kickReturnYards,86
Sacramento State,Mid-American,kickReturnYardsOpponent,120
Sacramento State,Mid-American,netPassingYards,1078
Sacramento State,Mid-American,netPassingYardsOpponent,982
Sacramento State,Mid-American,passAttempts,190
Sacramento State,Mid-American,passAttemptsOpponent,128
Sacramento State,Mid-American,passCompletions,108
Sacramento State,Mid-American,passCompletionsOpponent,87
Sacramento State,Mid-American,passesInterceptedOpponent,6
Sacramento State,Mid-American,passingTDs,5
Sacramento State,Mid-American,passingTDsOpponent,6
Sacramento State,Mid-American,penalties,35
Sacramento State,Mid-American,penaltiesOpponent,30
Sacramento State,Mid-American,penaltyYards,325
Sacramento State,Mid-American,penaltyYardsOpponent,284
Sacramento State,Mid-American,possessionTime,9049
Sacramento State,Mid-American,possessionTimeOpponent,8951
Sacramento State,Mid-American,puntReturns,6
Sacramento State,Mid-American,puntReturnsOpponent,3
Sacramento State,Mid-American,puntReturnTDs,0
Sacramento State,Mid-American,puntReturnTDsOpponent,0
Sacramento State,Mid-American,puntReturnYards,40
Sacramento State,Mid-American,puntReturnYardsOpponent,6
Sacramento State,Mid-American,rushingAttempts,152
Sacramento State,Mid-American,rushingAttemptsOpponent,168
Sacramento State,Mid-American,rushingTDs,4
Sacramento State,Mid-American,rushingTDsOpponent,11
Sacramento State,Mid-American,rushingYards,556
Sacramento State,Mid-American,rushingYardsOpponent,750
Sacramento State,Mid-American,sacks,7
Sacramento State,Mid-American,sacksOpponent,7
Sacramento State,Mid-American,tacklesForLoss,23
Sacramento State,Mid-American,tacklesForLossOpponent,22
Sacramento State,Mid-American,thirdDownConversions,27
Sacramento State,Mid-American,thirdDownConversionsOpponent,20
Sacramento State,Mid-American,thirdDowns,72
Sacramento State,Mid-American,thirdDownsOpponent,60
Sacramento State,Mid-American,totalYards,1634
Sacramento State,Mid-American,totalYardsOpponent,1732
Sacramento State,Mid-American,turnovers,11
Sacramento State,Mid-American,turnoversOpponent,2
Sam Houston,Conference USA,firstDowns,78
Sam Houston,Conference USA,firstDownsOpponent,70
Sam Houston,Conference USA,fourthDownConversions,0
Sam Houston,Conference USA,fourthDownConversionsOpponent,5
Sam Houston,Conference USA,fourthDowns,4
Sam Houston,Conference USA,fourthDownsOpponent,7
Sam Houston,Conference USA,fumblesLost,1
Sam Houston,Conference USA,fumblesLostOpponent,2
Sam Houston,Conference USA,fumblesRecovered,2
Sam Houston,Conference USA,fumblesRecoveredOpponent,1
Sam Houston,Conference USA,games,4
Sam Houston,Conference USA,interceptions,4
Sam Houston,Conference USA,interceptionsOpponent,5
Sam Houston,Conference USA,interceptionTDs,0
Sam Houston,Conference USA,interceptionTDsOpponent,2
Sam Houston,Conference USA,interceptionYards,34
Sam Houston,Conference USA,interceptionYardsOpponent,64
Sam Houston,Conference USA,kickReturns,8
Sam Houston,Conference USA,kickReturnsOpponent,9
Sam Houston,Conference USA,kickReturnTDs,0
Sam Houston,Conference USA,kickReturnTDsOpponent,0
Sam Houston,Conference USA,kickReturnYards,154
Sam Houston,Conference USA,kickReturnYardsOpponent,183
Sam Houston,Conference USA,netPassingYards,1232
Sam Houston,Conference USA,netPassingYardsOpponent,581
Sam Houston,Conference USA,passAttempts,151
Sam Houston,Conference USA,passAttemptsOpponent,111
Sam Houston,Conference USA,passCompletions,99
Sam Houston,Conference USA,passCompletionsOpponent,53
Sam Houston,Conference USA,passesIntercepted,5
Sam Houston,Conference USA,passesInterceptedOpponent,4
Sam Houston,Conference USA,passingTDs,12
Sam Houston,Conference USA,passingTDsOpponent,5
Sam Houston,Conference USA,penalties,28
Sam Houston,Conference USA,penaltiesOpponent,23
Sam Houston,Conference USA,penaltyYards,236
Sam Houston,Conference USA,penaltyYardsOpponent,193
Sam Houston,Conference USA,possessionTime,7870
Sam Houston,Conference USA,possessionTimeOpponent,6530
Sam Houston,Conference USA,puntReturns,5
Sam Houston,Conference USA,puntReturnsOpponent,6
Sam Houston,Conference USA,puntReturnTDs,0
Sam Houston,Conference USA,puntReturnTDsOpponent,0
Sam Houston,Conference USA,puntReturnYards,22
Sam Houston,Conference USA,puntReturnYardsOpponent,65
Sam Houston,Conference USA,rushingAttempts,125
Sam Houston,Conference USA,rushingAttemptsOpponent,153
Sam Houston,Conference USA,rushingTDs,3
Sam Houston,Conference USA,rushingTDsOpponent,6
Sam Houston,Conference USA,rushingYards,400
Sam Houston,Conference USA,rushingYardsOpponent,761
Sam Houston,Conference USA,sacks,9
Sam Houston,Conference USA,sacksOpponent,11
Sam Houston,Conference USA,tacklesForLoss,25
Sam Houston,Conference USA,tacklesForLossOpponent,30
Sam Houston,Conference USA,thirdDownConversions,26
Sam Houston,Conference USA,thirdDownConversionsOpponent,15
Sam Houston,Conference USA,thirdDowns,60
Sam Houston,Conference USA,thirdDownsOpponent,56
Sam Houston,Conference USA,totalYards,1632
Sam Houston,Conference USA,totalYardsOpponent,1342
Sam Houston,Conference USA,turnovers,5
Sam Houston,Conference USA,turnoversOpponent,7
San Diego State,Pac-12,firstDowns,73
San Diego State,Pac-12,firstDownsOpponent,79
San Diego State,Pac-12,fourthDownConversions,4
San Diego State,Pac-12,fourthDownConversionsOpponent,4
San Diego State,Pac-12,fourthDowns,10
San Diego State,Pac-12,fourthDownsOpponent,9
San Diego State,Pac-12,fumblesLost,3
San Diego State,Pac-12,fumblesLostOpponent,2
San Diego State,Pac-12,fumblesRecovered,2
San Diego State,Pac-12,fumblesRecoveredOpponent,3
San Diego State,Pac-12,games,4
San Diego State,Pac-12,interceptions,5
San Diego State,Pac-12,interceptionsOpponent,3
San Diego State,Pac-12,interceptionTDs,0
San Diego State,Pac-12,interceptionTDsOpponent,1
San Diego State,Pac-12,interceptionYards,12
San Diego State,Pac-12,interceptionYardsOpponent,83
San Diego State,Pac-12,kickReturns,12
San Diego State,Pac-12,kickReturnsOpponent,3
San Diego State,Pac-12,kickReturnTDs,1
San Diego State,Pac-12,kickReturnTDsOpponent,0
San Diego State,Pac-12,kickReturnYards,358
San Diego State,Pac-12,kickReturnYardsOpponent,45
San Diego State,Pac-12,netPassingYards,659
San Diego State,Pac-12,netPassingYardsOpponent,961
San Diego State,Pac-12,passAttempts,109
San Diego State,Pac-12,passAttemptsOpponent,124
San Diego State,Pac-12,passCompletions,62
San Diego State,Pac-12,passCompletionsOpponent,80
San Diego State,Pac-12,passesIntercepted,3
San Diego State,Pac-12,passesInterceptedOpponent,5
San Diego State,Pac-12,passingTDs,6
San Diego State,Pac-12,passingTDsOpponent,6
San Diego State,Pac-12,penalties,21
San Diego State,Pac-12,penaltiesOpponent,37
San Diego State,Pac-12,penaltyYards,182
San Diego State,Pac-12,penaltyYardsOpponent,314
San Diego State,Pac-12,possessionTime,6476
San Diego State,Pac-12,possessionTimeOpponent,7924
San Diego State,Pac-12,puntReturns,12
San Diego State,Pac-12,puntReturnsOpponent,10
San Diego State,Pac-12,puntReturnTDs,0
San Diego State,Pac-12,puntReturnTDsOpponent,0
San Diego State,Pac-12,puntReturnYards,60
San Diego State,Pac-12,puntReturnYardsOpponent,115
San Diego State,Pac-12,rushingAttempts,155
San Diego State,Pac-12,rushingAttemptsOpponent,168
San Diego State,Pac-12,rushingTDs,5
San Diego State,Pac-12,rushingTDsOpponent,7
San Diego State,Pac-12,rushingYards,621
San Diego State,Pac-12,rushingYardsOpponent,690
San Diego State,Pac-12,sacks,6
San Diego State,Pac-12,sacksOpponent,8
San Diego State,Pac-12,tacklesForLoss,14
San Diego State,Pac-12,tacklesForLossOpponent,23
San Diego State,Pac-12,thirdDownConversions,18
San Diego State,Pac-12,thirdDownConversionsOpponent,23
San Diego State,Pac-12,thirdDowns,55
San Diego State,Pac-12,thirdDownsOpponent,58
San Diego State,Pac-12,totalYards,1280
San Diego State,Pac-12,totalYardsOpponent,1651
San Diego State,Pac-12,turnovers,8
San Diego State,Pac-12,turnoversOpponent,5
San José State,Mountain West,firstDowns,78
San José State,Mountain West,firstDownsOpponent,78
San José State,Mountain West,fourthDownConversions,3
San José State,Mountain West,fourthDownConversionsOpponent,3
San José State,Mountain West,fourthDowns,7
San José State,Mountain West,fourthDownsOpponent,8
San José State,Mountain West,fumblesLost,2
San José State,Mountain West,fumblesLostOpponent,0
San José State,Mountain West,fumblesRecovered,0
San José State,Mountain West,fumblesRecoveredOpponent,2
San José State,Mountain West,games,4
San José State,Mountain West,interceptions,5
San José State,Mountain West,interceptionsOpponent,4
San José State,Mountain West,interceptionTDs,0
San José State,Mountain West,interceptionTDsOpponent,0
San José State,Mountain West,interceptionYards,13
San José State,Mountain West,interceptionYardsOpponent,46
San José State,Mountain West,kickReturns,6
San José State,Mountain West,kickReturnsOpponent,5
San José State,Mountain West,kickReturnTDs,0
San José State,Mountain West,kickReturnTDsOpponent,0
San José State,Mountain West,kickReturnYards,150
San José State,Mountain West,kickReturnYardsOpponent,104
San José State,Mountain West,netPassingYards,1032
San José State,Mountain West,netPassingYardsOpponent,950
San José State,Mountain West,passAttempts,145
San José State,Mountain West,passAttemptsOpponent,148
San José State,Mountain West,passCompletions,87
San José State,Mountain West,passCompletionsOpponent,93
San José State,Mountain West,passesIntercepted,4
San José State,Mountain West,passesInterceptedOpponent,5
San José State,Mountain West,passingTDs,9
San José State,Mountain West,passingTDsOpponent,5
San José State,Mountain West,penalties,26
San José State,Mountain West,penaltiesOpponent,20
San José State,Mountain West,penaltyYards,211
San José State,Mountain West,penaltyYardsOpponent,149
San José State,Mountain West,possessionTime,6587
San José State,Mountain West,possessionTimeOpponent,7813
San José State,Mountain West,puntReturns,7
San José State,Mountain West,puntReturnsOpponent,8
San José State,Mountain West,puntReturnTDs,0
San José State,Mountain West,puntReturnTDsOpponent,0
San José State,Mountain West,puntReturnYards,62
San José State,Mountain West,puntReturnYardsOpponent,155
San José State,Mountain West,rushingAttempts,136
San José State,Mountain West,rushingAttemptsOpponent,133
San José State,Mountain West,rushingTDs,1
San José State,Mountain West,rushingTDsOpponent,8
San José State,Mountain West,rushingYards,585
San José State,Mountain West,rushingYardsOpponent,530
San José State,Mountain West,sacks,7
San José State,Mountain West,sacksOpponent,7
San José State,Mountain West,tacklesForLoss,19
San José State,Mountain West,tacklesForLossOpponent,21
San José State,Mountain West,thirdDownConversions,19
San José State,Mountain West,thirdDownConversionsOpponent,24
San José State,Mountain West,thirdDowns,56
San José State,Mountain West,thirdDownsOpponent,59
San José State,Mountain West,totalYards,1617
San José State,Mountain West,totalYardsOpponent,1480
San José State,Mountain West,turnovers,7
San José State,Mountain West,turnoversOpponent,4
SMU,ACC,firstDowns,98
SMU,ACC,firstDownsOpponent,64
SMU,ACC,fourthDownConversions,3
SMU,ACC,fourthDownConversionsOpponent,6
SMU,ACC,fourthDowns,7
SMU,ACC,fourthDownsOpponent,10
SMU,ACC,fumblesLost,4
SMU,ACC,fumblesLostOpponent,2
SMU,ACC,fumblesRecovered,1
SMU,ACC,fumblesRecoveredOpponent,1
SMU,ACC,games,4
SMU,ACC,interceptions,5
SMU,ACC,interceptionsOpponent,2
SMU,ACC,interceptionTDs,0
SMU,ACC,interceptionTDsOpponent,1
SMU,ACC,interceptionYards,43
SMU,ACC,interceptionYardsOpponent,63
SMU,ACC,kickReturns,7
SMU,ACC,kickReturnsOpponent,2
SMU,ACC,kickReturnTDs,0
SMU,ACC,kickReturnTDsOpponent,0
SMU,ACC,kickReturnYards,111
SMU,ACC,kickReturnYardsOpponent,51
SMU,ACC,netPassingYards,1570
SMU,ACC,netPassingYardsOpponent,644
SMU,ACC,passAttempts,142
SMU,ACC,passAttemptsOpponent,116
SMU,ACC,passCompletions,110
SMU,ACC,passCompletionsOpponent,67
SMU,ACC,passesIntercepted,2
SMU,ACC,passesInterceptedOpponent,5
SMU,ACC,passingTDs,14
SMU,ACC,passingTDsOpponent,6
SMU,ACC,penalties,32
SMU,ACC,penaltiesOpponent,28
SMU,ACC,penaltyYards,295
SMU,ACC,penaltyYardsOpponent,242
SMU,ACC,possessionTime,7274
SMU,ACC,possessionTimeOpponent,7126
SMU,ACC,puntReturns,10
SMU,ACC,puntReturnsOpponent,3
SMU,ACC,puntReturnTDs,0
SMU,ACC,puntReturnTDsOpponent,0
SMU,ACC,puntReturnYards,59
SMU,ACC,puntReturnYardsOpponent,41
SMU,ACC,rushingAttempts,140
SMU,ACC,rushingAttemptsOpponent,134
SMU,ACC,rushingTDs,6
SMU,ACC,rushingTDsOpponent,6
SMU,ACC,rushingYards,633
SMU,ACC,rushingYardsOpponent,594
SMU,ACC,sacks,12
SMU,ACC,sacksOpponent,4
SMU,ACC,tacklesForLoss,33
SMU,ACC,tacklesForLossOpponent,15
SMU,ACC,thirdDownConversions,26
SMU,ACC,thirdDownConversionsOpponent,11
SMU,ACC,thirdDowns,50
SMU,ACC,thirdDownsOpponent,54
SMU,ACC,totalYards,2203
SMU,ACC,totalYardsOpponent,1238
SMU,ACC,turnovers,9
SMU,ACC,turnoversOpponent,4
South Alabama,Sun Belt,firstDowns,92
South Alabama,Sun Belt,firstDownsOpponent,72
South Alabama,Sun Belt,fourthDownConversions,6
South Alabama,Sun Belt,fourthDownConversionsOpponent,1
South Alabama,Sun Belt,fourthDowns,13
South Alabama,Sun Belt,fourthDownsOpponent,6
South Alabama,Sun Belt,fumblesLost,0
South Alabama,Sun Belt,fumblesLostOpponent,3
South Alabama,Sun Belt,fumblesRecovered,3
South Alabama,Sun Belt,fumblesRecoveredOpponent,0
South Alabama,Sun Belt,games,4
South Alabama,Sun Belt,interceptions,2
South Alabama,Sun Belt,interceptionsOpponent,3
South Alabama,Sun Belt,interceptionTDs,0
South Alabama,Sun Belt,interceptionTDsOpponent,0
South Alabama,Sun Belt,interceptionYards,25
South Alabama,Sun Belt,interceptionYardsOpponent,41
South Alabama,Sun Belt,kickReturns,6
South Alabama,Sun Belt,kickReturnsOpponent,16
South Alabama,Sun Belt,kickReturnTDs,0
South Alabama,Sun Belt,kickReturnTDsOpponent,0
South Alabama,Sun Belt,kickReturnYards,125
South Alabama,Sun Belt,kickReturnYardsOpponent,302
South Alabama,Sun Belt,netPassingYards,908
South Alabama,Sun Belt,netPassingYardsOpponent,809
South Alabama,Sun Belt,passAttempts,122
South Alabama,Sun Belt,passAttemptsOpponent,99
South Alabama,Sun Belt,passCompletions,76
South Alabama,Sun Belt,passCompletionsOpponent,66
South Alabama,Sun Belt,passesIntercepted,3
South Alabama,Sun Belt,passesInterceptedOpponent,2
South Alabama,Sun Belt,passingTDs,6
South Alabama,Sun Belt,passingTDsOpponent,8
South Alabama,Sun Belt,penalties,27
South Alabama,Sun Belt,penaltiesOpponent,21
South Alabama,Sun Belt,penaltyYards,234
South Alabama,Sun Belt,penaltyYardsOpponent,176
South Alabama,Sun Belt,possessionTime,8318
South Alabama,Sun Belt,possessionTimeOpponent,6082
South Alabama,Sun Belt,puntReturnsOpponent,3
South Alabama,Sun Belt,puntReturnTDsOpponent,0
South Alabama,Sun Belt,puntReturnYardsOpponent,-5
South Alabama,Sun Belt,rushingAttempts,180
South Alabama,Sun Belt,rushingAttemptsOpponent,116
South Alabama,Sun Belt,rushingTDs,9
South Alabama,Sun Belt,rushingTDsOpponent,9
South Alabama,Sun Belt,rushingYards,777
South Alabama,Sun Belt,rushingYardsOpponent,800
South Alabama,Sun Belt,sacks,7
South Alabama,Sun Belt,sacksOpponent,5
South Alabama,Sun Belt,tacklesForLoss,17
South Alabama,Sun Belt,tacklesForLossOpponent,23
South Alabama,Sun Belt,thirdDownConversions,29
South Alabama,Sun Belt,thirdDownConversionsOpponent,15
South Alabama,Sun Belt,thirdDowns,63
South Alabama,Sun Belt,thirdDownsOpponent,38
South Alabama,Sun Belt,totalYards,1685
South Alabama,Sun Belt,totalYardsOpponent,1609
South Alabama,Sun Belt,turnovers,2
South Alabama,Sun Belt,turnoversOpponent,6
South Carolina,SEC,firstDowns,100
South Carolina,SEC,firstDownsOpponent,61
South Carolina,SEC,fourthDownConversions,8
South Carolina,SEC,fourthDownConversionsOpponent,2
South Carolina,SEC,fourthDowns,11
South Carolina,SEC,fourthDownsOpponent,2
South Carolina,SEC,fumblesLost,2
South Carolina,SEC,fumblesLostOpponent,0
South Carolina,SEC,fumblesRecovered,0
South Carolina,SEC,fumblesRecoveredOpponent,2
South Carolina,SEC,games,4
South Carolina,SEC,interceptions,4
South Carolina,SEC,interceptionsOpponent,2
South Carolina,SEC,interceptionTDs,0
South Carolina,SEC,interceptionTDsOpponent,1
South Carolina,SEC,interceptionYards,0
South Carolina,SEC,interceptionYardsOpponent,35
South Carolina,SEC,kickReturns,8
South Carolina,SEC,kickReturnsOpponent,5
South Carolina,SEC,kickReturnTDs,0
South Carolina,SEC,kickReturnTDsOpponent,0
South Carolina,SEC,kickReturnYards,169
South Carolina,SEC,kickReturnYardsOpponent,82
South Carolina,SEC,netPassingYards,949
South Carolina,SEC,netPassingYardsOpponent,884
South Carolina,SEC,passAttempts,132
South Carolina,SEC,passAttemptsOpponent,111
South Carolina,SEC,passCompletions,83
South Carolina,SEC,passCompletionsOpponent,72
South Carolina,SEC,passesIntercepted,2
South Carolina,SEC,passesInterceptedOpponent,4
South Carolina,SEC,passingTDs,7
South Carolina,SEC,passingTDsOpponent,10
South Carolina,SEC,penalties,25
South Carolina,SEC,penaltiesOpponent,33
South Carolina,SEC,penaltyYards,238
South Carolina,SEC,penaltyYardsOpponent,252
South Carolina,SEC,possessionTime,7490
South Carolina,SEC,possessionTimeOpponent,6910
South Carolina,SEC,puntReturns,10
South Carolina,SEC,puntReturnsOpponent,2
South Carolina,SEC,puntReturnTDs,2
South Carolina,SEC,puntReturnTDsOpponent,0
South Carolina,SEC,puntReturnYards,175
South Carolina,SEC,puntReturnYardsOpponent,11
South Carolina,SEC,rushingAttempts,159
South Carolina,SEC,rushingAttemptsOpponent,118
South Carolina,SEC,rushingTDs,10
South Carolina,SEC,rushingTDsOpponent,2
South Carolina,SEC,rushingYards,1048
South Carolina,SEC,rushingYardsOpponent,380
South Carolina,SEC,sacks,10
South Carolina,SEC,sacksOpponent,6
South Carolina,SEC,tacklesForLoss,21
South Carolina,SEC,tacklesForLossOpponent,15
South Carolina,SEC,thirdDownConversions,23
South Carolina,SEC,thirdDownConversionsOpponent,18
South Carolina,SEC,thirdDowns,54
South Carolina,SEC,thirdDownsOpponent,51
South Carolina,SEC,totalYards,1997
South Carolina,SEC,totalYardsOpponent,1264
South Carolina,SEC,turnovers,6
South Carolina,SEC,turnoversOpponent,2
Southern Miss,Sun Belt,firstDowns,84
Southern Miss,Sun Belt,firstDownsOpponent,86
Southern Miss,Sun Belt,fourthDownConversions,2
Southern Miss,Sun Belt,fourthDownConversionsOpponent,5
Southern Miss,Sun Belt,fourthDowns,6
Southern Miss,Sun Belt,fourthDownsOpponent,7
Southern Miss,Sun Belt,fumblesLost,0
Southern Miss,Sun Belt,fumblesLostOpponent,2
Southern Miss,Sun Belt,fumblesRecovered,2
Southern Miss,Sun Belt,fumblesRecoveredOpponent,0
Southern Miss,Sun Belt,games,4
Southern Miss,Sun Belt,interceptions,5
Southern Miss,Sun Belt,interceptionsOpponent,5
Southern Miss,Sun Belt,interceptionTDs,0
Southern Miss,Sun Belt,interceptionTDsOpponent,2
Southern Miss,Sun Belt,interceptionYards,3
Southern Miss,Sun Belt,interceptionYardsOpponent,109
Southern Miss,Sun Belt,kickReturns,1
Southern Miss,Sun Belt,kickReturnsOpponent,11
Southern Miss,Sun Belt,kickReturnTDs,0
Southern Miss,Sun Belt,kickReturnTDsOpponent,0
Southern Miss,Sun Belt,kickReturnYards,27
Southern Miss,Sun Belt,kickReturnYardsOpponent,205
Southern Miss,Sun Belt,netPassingYards,966
Southern Miss,Sun Belt,netPassingYardsOpponent,773
Southern Miss,Sun Belt,passAttempts,141
Southern Miss,Sun Belt,passAttemptsOpponent,110
Southern Miss,Sun Belt,passCompletions,85
Southern Miss,Sun Belt,passCompletionsOpponent,67
Southern Miss,Sun Belt,passesIntercepted,5
Southern Miss,Sun Belt,passesInterceptedOpponent,5
Southern Miss,Sun Belt,passingTDs,6
Southern Miss,Sun Belt,passingTDsOpponent,6
Southern Miss,Sun Belt,penalties,29
Southern Miss,Sun Belt,penaltiesOpponent,31
Southern Miss,Sun Belt,penaltyYards,269
Southern Miss,Sun Belt,penaltyYardsOpponent,276
Southern Miss,Sun Belt,possessionTime,6826
Southern Miss,Sun Belt,possessionTimeOpponent,7574
Southern Miss,Sun Belt,puntReturns,4
Southern Miss,Sun Belt,puntReturnsOpponent,7
Southern Miss,Sun Belt,puntReturnTDs,0
Southern Miss,Sun Belt,puntReturnTDsOpponent,0
Southern Miss,Sun Belt,puntReturnYards,23
Southern Miss,Sun Belt,puntReturnYardsOpponent,1
Southern Miss,Sun Belt,rushingAttempts,143
Southern Miss,Sun Belt,rushingAttemptsOpponent,180
Southern Miss,Sun Belt,rushingTDs,7
Southern Miss,Sun Belt,rushingTDsOpponent,6
Southern Miss,Sun Belt,rushingYards,600
Southern Miss,Sun Belt,rushingYardsOpponent,941
Southern Miss,Sun Belt,sacks,8
Southern Miss,Sun Belt,sacksOpponent,9
Southern Miss,Sun Belt,tacklesForLoss,21
Southern Miss,Sun Belt,tacklesForLossOpponent,18
Southern Miss,Sun Belt,thirdDownConversions,18
Southern Miss,Sun Belt,thirdDownConversionsOpponent,25
Southern Miss,Sun Belt,thirdDowns,54
Southern Miss,Sun Belt,thirdDownsOpponent,58
Southern Miss,Sun Belt,totalYards,1566
Southern Miss,Sun Belt,totalYardsOpponent,1714
Southern Miss,Sun Belt,turnovers,5
Southern Miss,Sun Belt,turnoversOpponent,7
South Florida,American Athletic,firstDowns,84
South Florida,American Athletic,firstDownsOpponent,71
South Florida,American Athletic,fourthDownConversions,1
South Florida,American Athletic,fourthDownConversionsOpponent,5
South Florida,American Athletic,fourthDowns,2
South Florida,American Athletic,fourthDownsOpponent,12
South Florida,American Athletic,fumblesLost,3
South Florida,American Athletic,fumblesLostOpponent,3
South Florida,American Athletic,fumblesRecovered,3
South Florida,American Athletic,fumblesRecoveredOpponent,3
South Florida,American Athletic,games,4
South Florida,American Athletic,interceptions,0
South Florida,American Athletic,interceptionsOpponent,2
South Florida,American Athletic,interceptionTDs,0
South Florida,American Athletic,interceptionYards,25
South Florida,American Athletic,kickReturns,4
South Florida,American Athletic,kickReturnsOpponent,11
South Florida,American Athletic,kickReturnTDs,0
South Florida,American Athletic,kickReturnTDsOpponent,0
South Florida,American Athletic,kickReturnYards,88
South Florida,American Athletic,kickReturnYardsOpponent,135
South Florida,American Athletic,netPassingYards,712
South Florida,American Athletic,netPassingYardsOpponent,801
South Florida,American Athletic,passAttempts,94
South Florida,American Athletic,passAttemptsOpponent,116
South Florida,American Athletic,passCompletions,62
South Florida,American Athletic,passCompletionsOpponent,74
South Florida,American Athletic,passesIntercepted,2
South Florida,American Athletic,passingTDs,3
South Florida,American Athletic,passingTDsOpponent,5
South Florida,American Athletic,penalties,17
South Florida,American Athletic,penaltiesOpponent,26
South Florida,American Athletic,penaltyYards,115
South Florida,American Athletic,penaltyYardsOpponent,228
South Florida,American Athletic,possessionTime,6628
South Florida,American Athletic,possessionTimeOpponent,7772
South Florida,American Athletic,puntReturns,2
South Florida,American Athletic,puntReturnsOpponent,4
South Florida,American Athletic,puntReturnTDs,0
South Florida,American Athletic,puntReturnTDsOpponent,0
South Florida,American Athletic,puntReturnYards,36
South Florida,American Athletic,puntReturnYardsOpponent,30
South Florida,American Athletic,rushingAttempts,136
South Florida,American Athletic,rushingAttemptsOpponent,140
South Florida,American Athletic,rushingTDs,12
South Florida,American Athletic,rushingTDsOpponent,1
South Florida,American Athletic,rushingYards,690
South Florida,American Athletic,rushingYardsOpponent,487
South Florida,American Athletic,sacks,6
South Florida,American Athletic,sacksOpponent,8
South Florida,American Athletic,tacklesForLoss,33
South Florida,American Athletic,tacklesForLossOpponent,20
South Florida,American Athletic,thirdDownConversions,18
South Florida,American Athletic,thirdDownConversionsOpponent,17
South Florida,American Athletic,thirdDowns,40
South Florida,American Athletic,thirdDownsOpponent,55
South Florida,American Athletic,totalYards,1402
South Florida,American Athletic,totalYardsOpponent,1288
South Florida,American Athletic,turnovers,3
South Florida,American Athletic,turnoversOpponent,5
Stanford,ACC,firstDowns,75
Stanford,ACC,firstDownsOpponent,93
Stanford,ACC,fourthDownConversions,4
Stanford,ACC,fourthDownConversionsOpponent,5
Stanford,ACC,fourthDowns,10
Stanford,ACC,fourthDownsOpponent,8
Stanford,ACC,fumblesLost,1
Stanford,ACC,fumblesLostOpponent,3
Stanford,ACC,fumblesRecovered,2
Stanford,ACC,fumblesRecoveredOpponent,1
Stanford,ACC,games,4
Stanford,ACC,interceptions,0
Stanford,ACC,interceptionsOpponent,3
Stanford,ACC,interceptionTDs,0
Stanford,ACC,interceptionYards,0
Stanford,ACC,kickReturns,11
Stanford,ACC,kickReturnsOpponent,6
Stanford,ACC,kickReturnTDs,0
Stanford,ACC,kickReturnTDsOpponent,0
Stanford,ACC,kickReturnYards,225
Stanford,ACC,kickReturnYardsOpponent,131
Stanford,ACC,netPassingYards,1091
Stanford,ACC,netPassingYardsOpponent,1174
Stanford,ACC,passAttempts,148
Stanford,ACC,passAttemptsOpponent,150
Stanford,ACC,passCompletions,86
Stanford,ACC,passCompletionsOpponent,101
Stanford,ACC,passesIntercepted,3
Stanford,ACC,passingTDs,5
Stanford,ACC,passingTDsOpponent,10
Stanford,ACC,penalties,30
Stanford,ACC,penaltiesOpponent,33
Stanford,ACC,penaltyYards,253
Stanford,ACC,penaltyYardsOpponent,267
Stanford,ACC,possessionTime,6433
Stanford,ACC,possessionTimeOpponent,7967
Stanford,ACC,puntReturns,8
Stanford,ACC,puntReturnsOpponent,4
Stanford,ACC,puntReturnTDs,0
Stanford,ACC,puntReturnTDsOpponent,0
Stanford,ACC,puntReturnYards,46
Stanford,ACC,puntReturnYardsOpponent,17
Stanford,ACC,rushingAttempts,119
Stanford,ACC,rushingAttemptsOpponent,133
Stanford,ACC,rushingTDs,4
Stanford,ACC,rushingTDsOpponent,8
Stanford,ACC,rushingYards,410
Stanford,ACC,rushingYardsOpponent,598
Stanford,ACC,sacks,3
Stanford,ACC,sacksOpponent,6
Stanford,ACC,tacklesForLoss,18
Stanford,ACC,tacklesForLossOpponent,18
Stanford,ACC,thirdDownConversions,19
Stanford,ACC,thirdDownConversionsOpponent,23
Stanford,ACC,thirdDowns,56
Stanford,ACC,thirdDownsOpponent,52
Stanford,ACC,totalYards,1501
Stanford,ACC,totalYardsOpponent,1772
Stanford,ACC,turnovers,1
Stanford,ACC,turnoversOpponent,6
Syracuse,ACC,firstDowns,82
Syracuse,ACC,firstDownsOpponent,50
Syracuse,ACC,fourthDownConversions,1
Syracuse,ACC,fourthDownConversionsOpponent,0
Syracuse,ACC,fourthDowns,3
Syracuse,ACC,fourthDownsOpponent,1
Syracuse,ACC,fumblesLost,0
Syracuse,ACC,fumblesLostOpponent,2
Syracuse,ACC,fumblesRecovered,2
Syracuse,ACC,fumblesRecoveredOpponent,0
Syracuse,ACC,games,3
Syracuse,ACC,interceptions,5
Syracuse,ACC,interceptionsOpponent,2
Syracuse,ACC,interceptionTDs,0
Syracuse,ACC,interceptionTDsOpponent,1
Syracuse,ACC,interceptionYards,21
Syracuse,ACC,interceptionYardsOpponent,56
Syracuse,ACC,kickReturns,7
Syracuse,ACC,kickReturnsOpponent,5
Syracuse,ACC,kickReturnTDs,0
Syracuse,ACC,kickReturnTDsOpponent,0
Syracuse,ACC,kickReturnYards,131
Syracuse,ACC,kickReturnYardsOpponent,84
Syracuse,ACC,netPassingYards,798
Syracuse,ACC,netPassingYardsOpponent,404
Syracuse,ACC,passAttempts,116
Syracuse,ACC,passAttemptsOpponent,83
Syracuse,ACC,passCompletions,67
Syracuse,ACC,passCompletionsOpponent,46
Syracuse,ACC,passesIntercepted,2
Syracuse,ACC,passesInterceptedOpponent,5
Syracuse,ACC,passingTDs,5
Syracuse,ACC,passingTDsOpponent,2
Syracuse,ACC,penalties,37
Syracuse,ACC,penaltiesOpponent,26
Syracuse,ACC,penaltyYards,351
Syracuse,ACC,penaltyYardsOpponent,226
Syracuse,ACC,possessionTime,5996
Syracuse,ACC,possessionTimeOpponent,4804
Syracuse,ACC,puntReturns,11
Syracuse,ACC,puntReturnsOpponent,1
Syracuse,ACC,puntReturnTDs,0
Syracuse,ACC,puntReturnTDsOpponent,0
Syracuse,ACC,puntReturnYards,181
Syracuse,ACC,puntReturnYardsOpponent,2
Syracuse,ACC,rushingAttempts,117
Syracuse,ACC,rushingAttemptsOpponent,97
Syracuse,ACC,rushingTDs,6
Syracuse,ACC,rushingTDsOpponent,3
Syracuse,ACC,rushingYards,498
Syracuse,ACC,rushingYardsOpponent,372
Syracuse,ACC,sacks,8
Syracuse,ACC,sacksOpponent,7
Syracuse,ACC,tacklesForLoss,22
Syracuse,ACC,tacklesForLossOpponent,19
Syracuse,ACC,thirdDownConversions,20
Syracuse,ACC,thirdDownConversionsOpponent,13
Syracuse,ACC,thirdDowns,43
Syracuse,ACC,thirdDownsOpponent,36
Syracuse,ACC,totalYards,1296
Syracuse,ACC,totalYardsOpponent,776
Syracuse,ACC,turnovers,5
Syracuse,ACC,turnoversOpponent,4
TCU,Big 12,firstDowns,90
TCU,Big 12,firstDownsOpponent,55
TCU,Big 12,fourthDownConversions,6
TCU,Big 12,fourthDownConversionsOpponent,1
TCU,Big 12,fourthDowns,11
TCU,Big 12,fourthDownsOpponent,5
TCU,Big 12,fumblesLost,4
TCU,Big 12,fumblesLostOpponent,4
TCU,Big 12,fumblesRecovered,4
TCU,Big 12,fumblesRecoveredOpponent,3
TCU,Big 12,games,4
TCU,Big 12,interceptions,3
TCU,Big 12,interceptionsOpponent,2
TCU,Big 12,interceptionTDs,1
TCU,Big 12,interceptionTDsOpponent,0
TCU,Big 12,interceptionYards,67
TCU,Big 12,interceptionYardsOpponent,45
TCU,Big 12,kickReturns,4
TCU,Big 12,kickReturnsOpponent,3
TCU,Big 12,kickReturnTDs,0
TCU,Big 12,kickReturnTDsOpponent,0
TCU,Big 12,kickReturnYards,80
TCU,Big 12,kickReturnYardsOpponent,41
TCU,Big 12,netPassingYards,1213
TCU,Big 12,netPassingYardsOpponent,715
TCU,Big 12,passAttempts,133
TCU,Big 12,passAttemptsOpponent,97
TCU,Big 12,passCompletions,90
TCU,Big 12,passCompletionsOpponent,60
TCU,Big 12,passesIntercepted,2
TCU,Big 12,passesInterceptedOpponent,3
TCU,Big 12,passingTDs,7
TCU,Big 12,passingTDsOpponent,2
TCU,Big 12,penalties,30
TCU,Big 12,penaltiesOpponent,16
TCU,Big 12,penaltyYards,271
TCU,Big 12,penaltyYardsOpponent,129
TCU,Big 12,possessionTime,7799
TCU,Big 12,possessionTimeOpponent,6601
TCU,Big 12,puntReturns,15
TCU,Big 12,puntReturnsOpponent,3
TCU,Big 12,puntReturnTDs,0
TCU,Big 12,puntReturnTDsOpponent,0
TCU,Big 12,puntReturnYards,169
TCU,Big 12,puntReturnYardsOpponent,26
TCU,Big 12,rushingAttempts,142
TCU,Big 12,rushingAttemptsOpponent,120
TCU,Big 12,rushingTDs,7
TCU,Big 12,rushingTDsOpponent,4
TCU,Big 12,rushingYards,555
TCU,Big 12,rushingYardsOpponent,344
TCU,Big 12,sacks,9
TCU,Big 12,sacksOpponent,9
TCU,Big 12,tacklesForLoss,20
TCU,Big 12,tacklesForLossOpponent,20
TCU,Big 12,thirdDownConversions,23
TCU,Big 12,thirdDownConversionsOpponent,12
TCU,Big 12,thirdDowns,53
TCU,Big 12,thirdDownsOpponent,49
TCU,Big 12,totalYards,1768
TCU,Big 12,totalYardsOpponent,1059
TCU,Big 12,turnovers,7
TCU,Big 12,turnoversOpponent,6
Temple,American Athletic,firstDowns,71
Temple,American Athletic,firstDownsOpponent,87
Temple,American Athletic,fourthDownConversions,5
Temple,American Athletic,fourthDownConversionsOpponent,5
Temple,American Athletic,fourthDowns,7
Temple,American Athletic,fourthDownsOpponent,9
Temple,American Athletic,fumblesLost,2
Temple,American Athletic,fumblesLostOpponent,2
Temple,American Athletic,fumblesRecovered,2
Temple,American Athletic,fumblesRecoveredOpponent,2
Temple,American Athletic,games,4
Temple,American Athletic,interceptions,1
Temple,American Athletic,interceptionsOpponent,2
Temple,American Athletic,interceptionTDs,2
Temple,American Athletic,interceptionTDsOpponent,0
Temple,American Athletic,interceptionYards,98
Temple,American Athletic,interceptionYardsOpponent,13
Temple,American Athletic,kickReturns,8
Temple,American Athletic,kickReturnsOpponent,4
Temple,American Athletic,kickReturnTDs,0
Temple,American Athletic,kickReturnTDsOpponent,0
Temple,American Athletic,kickReturnYards,157
Temple,American Athletic,kickReturnYardsOpponent,53
Temple,American Athletic,netPassingYards,655
Temple,American Athletic,netPassingYardsOpponent,928
Temple,American Athletic,passAttempts,81
Temple,American Athletic,passAttemptsOpponent,115
Temple,American Athletic,passCompletions,45
Temple,American Athletic,passCompletionsOpponent,78
Temple,American Athletic,passesIntercepted,2
Temple,American Athletic,passesInterceptedOpponent,1
Temple,American Athletic,passingTDs,6
Temple,American Athletic,passingTDsOpponent,8
Temple,American Athletic,penalties,18
Temple,American Athletic,penaltiesOpponent,18
Temple,American Athletic,penaltyYards,152
Temple,American Athletic,penaltyYardsOpponent,128
Temple,American Athletic,possessionTime,7062
Temple,American Athletic,possessionTimeOpponent,7338
Temple,American Athletic,puntReturns,6
Temple,American Athletic,puntReturnsOpponent,4
Temple,American Athletic,puntReturnTDs,0
Temple,American Athletic,puntReturnTDsOpponent,0
Temple,American Athletic,puntReturnYards,90
Temple,American Athletic,puntReturnYardsOpponent,36
Temple,American Athletic,rushingAttempts,159
Temple,American Athletic,rushingAttemptsOpponent,146
Temple,American Athletic,rushingTDs,6
Temple,American Athletic,rushingTDsOpponent,7
Temple,American Athletic,rushingYards,881
Temple,American Athletic,rushingYardsOpponent,631
Temple,American Athletic,sacks,3
Temple,American Athletic,sacksOpponent,7
Temple,American Athletic,tacklesForLoss,10
Temple,American Athletic,tacklesForLossOpponent,9
Temple,American Athletic,thirdDownConversions,19
Temple,American Athletic,thirdDownConversionsOpponent,26
Temple,American Athletic,thirdDowns,48
Temple,American Athletic,thirdDownsOpponent,51
Temple,American Athletic,totalYards,1536
Temple,American Athletic,totalYardsOpponent,1559
Temple,American Athletic,turnovers,3
Temple,American Athletic,turnoversOpponent,4
Tennessee,SEC,firstDowns,101
Tennessee,SEC,firstDownsOpponent,67
Tennessee,SEC,fourthDownConversions,5
Tennessee,SEC,fourthDownConversionsOpponent,0
Tennessee,SEC,fourthDowns,8
Tennessee,SEC,fourthDownsOpponent,4
Tennessee,SEC,fumblesLost,3
Tennessee,SEC,fumblesLostOpponent,2
Tennessee,SEC,fumblesRecovered,2
Tennessee,SEC,fumblesRecoveredOpponent,3
Tennessee,SEC,games,4
Tennessee,SEC,interceptions,0
Tennessee,SEC,interceptionsOpponent,3
Tennessee,SEC,interceptionTDs,1
Tennessee,SEC,interceptionYards,53
Tennessee,SEC,kickReturns,5
Tennessee,SEC,kickReturnsOpponent,7
Tennessee,SEC,kickReturnTDs,0
Tennessee,SEC,kickReturnTDsOpponent,0
Tennessee,SEC,kickReturnYards,104
Tennessee,SEC,kickReturnYardsOpponent,132
Tennessee,SEC,netPassingYards,786
Tennessee,SEC,netPassingYardsOpponent,654
Tennessee,SEC,passAttempts,106
Tennessee,SEC,passAttemptsOpponent,115
Tennessee,SEC,passCompletions,67
Tennessee,SEC,passCompletionsOpponent,73
Tennessee,SEC,passesIntercepted,3
Tennessee,SEC,passingTDs,8
Tennessee,SEC,passingTDsOpponent,1
Tennessee,SEC,penalties,31
Tennessee,SEC,penaltiesOpponent,30
Tennessee,SEC,penaltyYards,277
Tennessee,SEC,penaltyYardsOpponent,296
Tennessee,SEC,possessionTime,7276
Tennessee,SEC,possessionTimeOpponent,7117
Tennessee,SEC,puntReturns,7
Tennessee,SEC,puntReturnsOpponent,5
Tennessee,SEC,puntReturnTDs,1
Tennessee,SEC,puntReturnTDsOpponent,1
Tennessee,SEC,puntReturnYards,95
Tennessee,SEC,puntReturnYardsOpponent,81
Tennessee,SEC,rushingAttempts,177
Tennessee,SEC,rushingAttemptsOpponent,133
Tennessee,SEC,rushingTDs,11
Tennessee,SEC,rushingTDsOpponent,4
Tennessee,SEC,rushingYards,966
Tennessee,SEC,rushingYardsOpponent,476
Tennessee,SEC,sacks,18
Tennessee,SEC,sacksOpponent,13
Tennessee,SEC,tacklesForLoss,33
Tennessee,SEC,tacklesForLossOpponent,22
Tennessee,SEC,thirdDownConversions,21
Tennessee,SEC,thirdDownConversionsOpponent,19
Tennessee,SEC,thirdDowns,51
Tennessee,SEC,thirdDownsOpponent,53
Tennessee,SEC,totalYards,1752
Tennessee,SEC,totalYardsOpponent,1130
Tennessee,SEC,turnovers,3
Tennessee,SEC,turnoversOpponent,5
Texas,SEC,firstDowns,92
Texas,SEC,firstDownsOpponent,68
Texas,SEC,fourthDownConversions,4
Texas,SEC,fourthDownConversionsOpponent,3
Texas,SEC,fourthDowns,7
Texas,SEC,fourthDownsOpponent,8
Texas,SEC,fumblesLost,2
Texas,SEC,fumblesLostOpponent,2
Texas,SEC,fumblesRecovered,2
Texas,SEC,fumblesRecoveredOpponent,2
Texas,SEC,games,4
Texas,SEC,interceptions,3
Texas,SEC,interceptionsOpponent,3
Texas,SEC,interceptionTDs,0
Texas,SEC,interceptionTDsOpponent,0
Texas,SEC,interceptionYards,3
Texas,SEC,interceptionYardsOpponent,7
Texas,SEC,kickReturns,7
Texas,SEC,kickReturnsOpponent,7
Texas,SEC,kickReturnTDs,0
Texas,SEC,kickReturnTDsOpponent,0
Texas,SEC,kickReturnYards,91
Texas,SEC,kickReturnYardsOpponent,137
Texas,SEC,netPassingYards,928
Texas,SEC,netPassingYardsOpponent,687
Texas,SEC,passAttempts,125
Texas,SEC,passAttemptsOpponent,116
Texas,SEC,passCompletions,81
Texas,SEC,passCompletionsOpponent,69
Texas,SEC,passesIntercepted,3
Texas,SEC,passesInterceptedOpponent,3
Texas,SEC,passingTDs,7
Texas,SEC,passingTDsOpponent,2
Texas,SEC,penalties,25
Texas,SEC,penaltiesOpponent,26
Texas,SEC,penaltyYards,250
Texas,SEC,penaltyYardsOpponent,235
Texas,SEC,possessionTime,7590
Texas,SEC,possessionTimeOpponent,6810
Texas,SEC,puntReturns,8
Texas,SEC,puntReturnsOpponent,5
Texas,SEC,puntReturnTDs,0
Texas,SEC,puntReturnTDsOpponent,1
Texas,SEC,puntReturnYards,96
Texas,SEC,puntReturnYardsOpponent,74
Texas,SEC,rushingAttempts,161
Texas,SEC,rushingAttemptsOpponent,140
Texas,SEC,rushingTDs,8
Texas,SEC,rushingTDsOpponent,2
Texas,SEC,rushingYards,586
Texas,SEC,rushingYardsOpponent,397
Texas,SEC,sacks,15
Texas,SEC,sacksOpponent,10
Texas,SEC,tacklesForLoss,31
Texas,SEC,tacklesForLossOpponent,30
Texas,SEC,thirdDownConversions,30
Texas,SEC,thirdDownConversionsOpponent,19
Texas,SEC,thirdDowns,60
Texas,SEC,thirdDownsOpponent,55
Texas,SEC,totalYards,1514
Texas,SEC,totalYardsOpponent,1084
Texas,SEC,turnovers,5
Texas,SEC,turnoversOpponent,5
Texas A&M,SEC,firstDowns,83
Texas A&M,SEC,firstDownsOpponent,58
Texas A&M,SEC,fourthDownConversions,6
Texas A&M,SEC,fourthDownConversionsOpponent,4
Texas A&M,SEC,fourthDowns,11
Texas A&M,SEC,fourthDownsOpponent,8
Texas A&M,SEC,fumblesLost,1
Texas A&M,SEC,fumblesLostOpponent,5
Texas A&M,SEC,fumblesRecovered,5
Texas A&M,SEC,fumblesRecoveredOpponent,1
Texas A&M,SEC,games,4
Texas A&M,SEC,interceptions,5
Texas A&M,SEC,interceptionsOpponent,3
Texas A&M,SEC,interceptionTDs,2
Texas A&M,SEC,interceptionTDsOpponent,0
Texas A&M,SEC,interceptionYards,100
Texas A&M,SEC,interceptionYardsOpponent,17
Texas A&M,SEC,kickReturns,4
Texas A&M,SEC,kickReturnsOpponent,4
Texas A&M,SEC,kickReturnTDs,0
Texas A&M,SEC,kickReturnTDsOpponent,0
Texas A&M,SEC,kickReturnYards,43
Texas A&M,SEC,kickReturnYardsOpponent,79
Texas A&M,SEC,netPassingYards,774
Texas A&M,SEC,netPassingYardsOpponent,848
Texas A&M,SEC,passAttempts,139
Texas A&M,SEC,passAttemptsOpponent,97
Texas A&M,SEC,passCompletions,76
Texas A&M,SEC,passCompletionsOpponent,60
Texas A&M,SEC,passesIntercepted,3
Texas A&M,SEC,passesInterceptedOpponent,5
Texas A&M,SEC,passingTDs,7
Texas A&M,SEC,passingTDsOpponent,6
Texas A&M,SEC,penalties,18
Texas A&M,SEC,penaltiesOpponent,29
Texas A&M,SEC,penaltyYards,134
Texas A&M,SEC,penaltyYardsOpponent,197
Texas A&M,SEC,possessionTime,7985
Texas A&M,SEC,possessionTimeOpponent,6415
Texas A&M,SEC,puntReturns,8
Texas A&M,SEC,puntReturnsOpponent,6
Texas A&M,SEC,puntReturnTDs,0
Texas A&M,SEC,puntReturnTDsOpponent,0
Texas A&M,SEC,puntReturnYards,64
Texas A&M,SEC,puntReturnYardsOpponent,-2
Texas A&M,SEC,rushingAttempts,150
Texas A&M,SEC,rushingAttemptsOpponent,126
Texas A&M,SEC,rushingTDs,6
Texas A&M,SEC,rushingTDsOpponent,5
Texas A&M,SEC,rushingYards,606
Texas A&M,SEC,rushingYardsOpponent,502
Texas A&M,SEC,sacks,4
Texas A&M,SEC,sacksOpponent,8
Texas A&M,SEC,tacklesForLoss,17
Texas A&M,SEC,tacklesForLossOpponent,18
Texas A&M,SEC,thirdDownConversions,23
Texas A&M,SEC,thirdDownConversionsOpponent,11
Texas A&M,SEC,thirdDowns,58
Texas A&M,SEC,thirdDownsOpponent,43
Texas A&M,SEC,totalYards,1380
Texas A&M,SEC,totalYardsOpponent,1350
Texas A&M,SEC,turnovers,6
Texas A&M,SEC,turnoversOpponent,8
Texas State,Pac-12,firstDowns,100
Texas State,Pac-12,firstDownsOpponent,105
Texas State,Pac-12,fourthDownConversions,3
Texas State,Pac-12,fourthDownConversionsOpponent,12
Texas State,Pac-12,fourthDowns,7
Texas State,Pac-12,fourthDownsOpponent,19
Texas State,Pac-12,fumblesLost,4
Texas State,Pac-12,fumblesLostOpponent,1
Texas State,Pac-12,fumblesRecovered,1
Texas State,Pac-12,fumblesRecoveredOpponent,4
Texas State,Pac-12,games,4
Texas State,Pac-12,interceptions,3
Texas State,Pac-12,interceptionsOpponent,4
Texas State,Pac-12,interceptionTDs,0
Texas State,Pac-12,interceptionTDsOpponent,0
Texas State,Pac-12,interceptionYards,8
Texas State,Pac-12,interceptionYardsOpponent,4
Texas State,Pac-12,kickReturns,12
Texas State,Pac-12,kickReturnsOpponent,6
Texas State,Pac-12,kickReturnTDs,0
Texas State,Pac-12,kickReturnTDsOpponent,0
Texas State,Pac-12,kickReturnYards,178
Texas State,Pac-12,kickReturnYardsOpponent,131
Texas State,Pac-12,netPassingYards,968
Texas State,Pac-12,netPassingYardsOpponent,1384
Texas State,Pac-12,passAttempts,104
Texas State,Pac-12,passAttemptsOpponent,187
Texas State,Pac-12,passCompletions,73
Texas State,Pac-12,passCompletionsOpponent,127
Texas State,Pac-12,passesIntercepted,4
Texas State,Pac-12,passesInterceptedOpponent,3
Texas State,Pac-12,passingTDs,11
Texas State,Pac-12,passingTDsOpponent,10
Texas State,Pac-12,penalties,25
Texas State,Pac-12,penaltiesOpponent,31
Texas State,Pac-12,penaltyYards,251
Texas State,Pac-12,penaltyYardsOpponent,301
Texas State,Pac-12,possessionTime,7144
Texas State,Pac-12,possessionTimeOpponent,7256
Texas State,Pac-12,puntReturns,4
Texas State,Pac-12,puntReturnsOpponent,1
Texas State,Pac-12,puntReturnTDs,1
Texas State,Pac-12,puntReturnTDsOpponent,0
Texas State,Pac-12,puntReturnYards,109
Texas State,Pac-12,puntReturnYardsOpponent,11
Texas State,Pac-12,rushingAttempts,186
Texas State,Pac-12,rushingAttemptsOpponent,134
Texas State,Pac-12,rushingTDs,8
Texas State,Pac-12,rushingTDsOpponent,7
Texas State,Pac-12,rushingYards,1125
Texas State,Pac-12,rushingYardsOpponent,453
Texas State,Pac-12,sacks,5
Texas State,Pac-12,sacksOpponent,3
Texas State,Pac-12,tacklesForLoss,24
Texas State,Pac-12,tacklesForLossOpponent,15
Texas State,Pac-12,thirdDownConversions,33
Texas State,Pac-12,thirdDownConversionsOpponent,30
Texas State,Pac-12,thirdDowns,55
Texas State,Pac-12,thirdDownsOpponent,65
Texas State,Pac-12,totalYards,2093
Texas State,Pac-12,totalYardsOpponent,1837
Texas State,Pac-12,turnovers,7
Texas State,Pac-12,turnoversOpponent,5
Texas Tech,Big 12,firstDowns,94
Texas Tech,Big 12,firstDownsOpponent,73
Texas Tech,Big 12,fourthDownConversions,3
Texas Tech,Big 12,fourthDownConversionsOpponent,1
Texas Tech,Big 12,fourthDowns,4
Texas Tech,Big 12,fourthDownsOpponent,5
Texas Tech,Big 12,fumblesLost,2
Texas Tech,Big 12,fumblesLostOpponent,1
Texas Tech,Big 12,fumblesRecovered,1
Texas Tech,Big 12,fumblesRecoveredOpponent,2
Texas Tech,Big 12,games,4
Texas Tech,Big 12,interceptions,6
Texas Tech,Big 12,interceptionsOpponent,5
Texas Tech,Big 12,interceptionTDs,2
Texas Tech,Big 12,interceptionTDsOpponent,0
Texas Tech,Big 12,interceptionYards,60
Texas Tech,Big 12,interceptionYardsOpponent,12
Texas Tech,Big 12,kickReturns,8
Texas Tech,Big 12,kickReturnsOpponent,6
Texas Tech,Big 12,kickReturnTDs,0
Texas Tech,Big 12,kickReturnTDsOpponent,1
Texas Tech,Big 12,kickReturnYards,205
Texas Tech,Big 12,kickReturnYardsOpponent,181
Texas Tech,Big 12,netPassingYards,1003
Texas Tech,Big 12,netPassingYardsOpponent,1013
Texas Tech,Big 12,passAttempts,121
Texas Tech,Big 12,passAttemptsOpponent,160
Texas Tech,Big 12,passCompletions,82
Texas Tech,Big 12,passCompletionsOpponent,100
Texas Tech,Big 12,passesIntercepted,5
Texas Tech,Big 12,passesInterceptedOpponent,6
Texas Tech,Big 12,passingTDs,6
Texas Tech,Big 12,passingTDsOpponent,8
Texas Tech,Big 12,penalties,23
Texas Tech,Big 12,penaltiesOpponent,25
Texas Tech,Big 12,penaltyYards,212
Texas Tech,Big 12,penaltyYardsOpponent,192
Texas Tech,Big 12,possessionTime,6779
Texas Tech,Big 12,possessionTimeOpponent,7621
Texas Tech,Big 12,puntReturns,11
Texas Tech,Big 12,puntReturnsOpponent,3
Texas Tech,Big 12,puntReturnTDs,0
Texas Tech,Big 12,puntReturnTDsOpponent,0
Texas Tech,Big 12,puntReturnYards,105
Texas Tech,Big 12,puntReturnYardsOpponent,25
Texas Tech,Big 12,rushingAttempts,152
Texas Tech,Big 12,rushingAttemptsOpponent,112
Texas Tech,Big 12,rushingTDs,11
Texas Tech,Big 12,rushingTDsOpponent,0
Texas Tech,Big 12,rushingYards,715
Texas Tech,Big 12,rushingYardsOpponent,380
Texas Tech,Big 12,sacks,10
Texas Tech,Big 12,sacksOpponent,5
Texas Tech,Big 12,tacklesForLoss,24
Texas Tech,Big 12,tacklesForLossOpponent,19
Texas Tech,Big 12,thirdDownConversions,23
Texas Tech,Big 12,thirdDownConversionsOpponent,24
Texas Tech,Big 12,thirdDowns,47
Texas Tech,Big 12,thirdDownsOpponent,61
Texas Tech,Big 12,totalYards,1718
Texas Tech,Big 12,totalYardsOpponent,1393
Texas Tech,Big 12,turnovers,8
Texas Tech,Big 12,turnoversOpponent,6
Toledo,Mid-American,firstDowns,84
Toledo,Mid-American,firstDownsOpponent,70
Toledo,Mid-American,fourthDownConversions,2
Toledo,Mid-American,fourthDownConversionsOpponent,5
Toledo,Mid-American,fourthDowns,10
Toledo,Mid-American,fourthDownsOpponent,7
Toledo,Mid-American,fumblesLost,2
Toledo,Mid-American,fumblesLostOpponent,2
Toledo,Mid-American,fumblesRecovered,2
Toledo,Mid-American,fumblesRecoveredOpponent,2
Toledo,Mid-American,games,4
Toledo,Mid-American,interceptions,2
Toledo,Mid-American,interceptionsOpponent,2
Toledo,Mid-American,interceptionTDs,1
Toledo,Mid-American,interceptionTDsOpponent,1
Toledo,Mid-American,interceptionYards,67
Toledo,Mid-American,interceptionYardsOpponent,14
Toledo,Mid-American,kickReturns,6
Toledo,Mid-American,kickReturnsOpponent,16
Toledo,Mid-American,kickReturnTDs,0
Toledo,Mid-American,kickReturnTDsOpponent,0
Toledo,Mid-American,kickReturnYards,119
Toledo,Mid-American,kickReturnYardsOpponent,380
Toledo,Mid-American,netPassingYards,1222
Toledo,Mid-American,netPassingYardsOpponent,725
Toledo,Mid-American,passAttempts,125
Toledo,Mid-American,passAttemptsOpponent,127
Toledo,Mid-American,passCompletions,82
Toledo,Mid-American,passCompletionsOpponent,75
Toledo,Mid-American,passesIntercepted,2
Toledo,Mid-American,passesInterceptedOpponent,2
Toledo,Mid-American,passingTDs,13
Toledo,Mid-American,passingTDsOpponent,6
Toledo,Mid-American,penalties,28
Toledo,Mid-American,penaltiesOpponent,17
Toledo,Mid-American,penaltyYards,217
Toledo,Mid-American,penaltyYardsOpponent,136
Toledo,Mid-American,possessionTime,6634
Toledo,Mid-American,possessionTimeOpponent,7766
Toledo,Mid-American,puntReturns,3
Toledo,Mid-American,puntReturnsOpponent,3
Toledo,Mid-American,puntReturnTDs,1
Toledo,Mid-American,puntReturnTDsOpponent,0
Toledo,Mid-American,puntReturnYards,35
Toledo,Mid-American,puntReturnYardsOpponent,30
Toledo,Mid-American,rushingAttempts,138
Toledo,Mid-American,rushingAttemptsOpponent,154
Toledo,Mid-American,rushingTDs,9
Toledo,Mid-American,rushingTDsOpponent,4
Toledo,Mid-American,rushingYards,650
Toledo,Mid-American,rushingYardsOpponent,532
Toledo,Mid-American,sacks,9
Toledo,Mid-American,sacksOpponent,2
Toledo,Mid-American,tacklesForLoss,18
Toledo,Mid-American,tacklesForLossOpponent,16
Toledo,Mid-American,thirdDownConversions,25
Toledo,Mid-American,thirdDownConversionsOpponent,22
Toledo,Mid-American,thirdDowns,49
Toledo,Mid-American,thirdDownsOpponent,63
Toledo,Mid-American,totalYards,1872
Toledo,Mid-American,totalYardsOpponent,1257
Toledo,Mid-American,turnovers,4
Toledo,Mid-American,turnoversOpponent,4
Troy,Sun Belt,firstDowns,81
Troy,Sun Belt,firstDownsOpponent,69
Troy,Sun Belt,fourthDownConversions,4
Troy,Sun Belt,fourthDownConversionsOpponent,1
Troy,Sun Belt,fourthDowns,9
Troy,Sun Belt,fourthDownsOpponent,4
Troy,Sun Belt,fumblesLost,1
Troy,Sun Belt,fumblesLostOpponent,2
Troy,Sun Belt,fumblesRecovered,2
Troy,Sun Belt,fumblesRecoveredOpponent,1
Troy,Sun Belt,games,4
Troy,Sun Belt,interceptions,4
Troy,Sun Belt,interceptionsOpponent,2
Troy,Sun Belt,interceptionTDs,0
Troy,Sun Belt,interceptionTDsOpponent,0
Troy,Sun Belt,interceptionYards,19
Troy,Sun Belt,interceptionYardsOpponent,118
Troy,Sun Belt,kickReturns,6
Troy,Sun Belt,kickReturnsOpponent,9
Troy,Sun Belt,kickReturnTDs,0
Troy,Sun Belt,kickReturnTDsOpponent,0
Troy,Sun Belt,kickReturnYards,120
Troy,Sun Belt,kickReturnYardsOpponent,124
Troy,Sun Belt,netPassingYards,822
Troy,Sun Belt,netPassingYardsOpponent,773
Troy,Sun Belt,passAttempts,134
Troy,Sun Belt,passAttemptsOpponent,117
Troy,Sun Belt,passCompletions,69
Troy,Sun Belt,passCompletionsOpponent,71
Troy,Sun Belt,passesIntercepted,2
Troy,Sun Belt,passesInterceptedOpponent,4
Troy,Sun Belt,passingTDs,7
Troy,Sun Belt,passingTDsOpponent,7
Troy,Sun Belt,penalties,31
Troy,Sun Belt,penaltiesOpponent,32
Troy,Sun Belt,penaltyYards,310
Troy,Sun Belt,penaltyYardsOpponent,260
Troy,Sun Belt,possessionTime,8023
Troy,Sun Belt,possessionTimeOpponent,6375
Troy,Sun Belt,puntReturns,3
Troy,Sun Belt,puntReturnsOpponent,7
Troy,Sun Belt,puntReturnTDs,0
Troy,Sun Belt,puntReturnTDsOpponent,1
Troy,Sun Belt,puntReturnYards,5
Troy,Sun Belt,puntReturnYardsOpponent,88
Troy,Sun Belt,rushingAttempts,152
Troy,Sun Belt,rushingAttemptsOpponent,117
Troy,Sun Belt,rushingTDs,3
Troy,Sun Belt,rushingTDsOpponent,3
Troy,Sun Belt,rushingYards,665
Troy,Sun Belt,rushingYardsOpponent,464
Troy,Sun Belt,sacks,8
Troy,Sun Belt,sacksOpponent,8
Troy,Sun Belt,tacklesForLoss,27
Troy,Sun Belt,tacklesForLossOpponent,21
Troy,Sun Belt,thirdDownConversions,20
Troy,Sun Belt,thirdDownConversionsOpponent,16
Troy,Sun Belt,thirdDowns,59
Troy,Sun Belt,thirdDownsOpponent,50
Troy,Sun Belt,totalYards,1487
Troy,Sun Belt,totalYardsOpponent,1237
Troy,Sun Belt,turnovers,5
Troy,Sun Belt,turnoversOpponent,4
Tulane,American Athletic,firstDowns,61
Tulane,American Athletic,firstDownsOpponent,84
Tulane,American Athletic,fourthDownConversions,1
Tulane,American Athletic,fourthDownConversionsOpponent,2
Tulane,American Athletic,fourthDowns,5
Tulane,American Athletic,fourthDownsOpponent,7
Tulane,American Athletic,fumblesLost,1
Tulane,American Athletic,fumblesLostOpponent,1
Tulane,American Athletic,fumblesRecovered,1
Tulane,American Athletic,fumblesRecoveredOpponent,1
Tulane,American Athletic,games,4
Tulane,American Athletic,interceptions,1
Tulane,American Athletic,interceptionsOpponent,0
Tulane,American Athletic,interceptionTDsOpponent,0
Tulane,American Athletic,interceptionYardsOpponent,0
Tulane,American Athletic,kickReturns,7
Tulane,American Athletic,kickReturnsOpponent,3
Tulane,American Athletic,kickReturnTDs,0
Tulane,American Athletic,kickReturnTDsOpponent,0
Tulane,American Athletic,kickReturnYards,117
Tulane,American Athletic,kickReturnYardsOpponent,28
Tulane,American Athletic,netPassingYards,745
Tulane,American Athletic,netPassingYardsOpponent,924
Tulane,American Athletic,passAttempts,107
Tulane,American Athletic,passAttemptsOpponent,118
Tulane,American Athletic,passCompletions,58
Tulane,American Athletic,passCompletionsOpponent,75
Tulane,American Athletic,passesInterceptedOpponent,1
Tulane,American Athletic,passingTDs,3
Tulane,American Athletic,passingTDsOpponent,5
Tulane,American Athletic,penalties,30
Tulane,American Athletic,penaltiesOpponent,27
Tulane,American Athletic,penaltyYards,214
Tulane,American Athletic,penaltyYardsOpponent,243
Tulane,American Athletic,possessionTime,6166
Tulane,American Athletic,possessionTimeOpponent,8234
Tulane,American Athletic,puntReturns,4
Tulane,American Athletic,puntReturnsOpponent,7
Tulane,American Athletic,puntReturnTDs,0
Tulane,American Athletic,puntReturnTDsOpponent,0
Tulane,American Athletic,puntReturnYards,15
Tulane,American Athletic,puntReturnYardsOpponent,6
Tulane,American Athletic,rushingAttempts,136
Tulane,American Athletic,rushingAttemptsOpponent,160
Tulane,American Athletic,rushingTDs,6
Tulane,American Athletic,rushingTDsOpponent,7
Tulane,American Athletic,rushingYards,642
Tulane,American Athletic,rushingYardsOpponent,764
Tulane,American Athletic,sacks,5
Tulane,American Athletic,sacksOpponent,13
Tulane,American Athletic,tacklesForLoss,16
Tulane,American Athletic,tacklesForLossOpponent,29
Tulane,American Athletic,thirdDownConversions,21
Tulane,American Athletic,thirdDownConversionsOpponent,31
Tulane,American Athletic,thirdDowns,56
Tulane,American Athletic,thirdDownsOpponent,64
Tulane,American Athletic,totalYards,1387
Tulane,American Athletic,totalYardsOpponent,1688
Tulane,American Athletic,turnovers,2
Tulane,American Athletic,turnoversOpponent,1
Tulsa,American Athletic,firstDowns,68
Tulsa,American Athletic,firstDownsOpponent,86
Tulsa,American Athletic,fourthDownConversions,9
Tulsa,American Athletic,fourthDownConversionsOpponent,2
Tulsa,American Athletic,fourthDowns,12
Tulsa,American Athletic,fourthDownsOpponent,11
Tulsa,American Athletic,fumblesLost,3
Tulsa,American Athletic,fumblesLostOpponent,3
Tulsa,American Athletic,fumblesRecovered,3
Tulsa,American Athletic,fumblesRecoveredOpponent,3
Tulsa,American Athletic,games,4
Tulsa,American Athletic,interceptions,1
Tulsa,American Athletic,interceptionsOpponent,4
Tulsa,American Athletic,interceptionTDs,0
Tulsa,American Athletic,interceptionTDsOpponent,0
Tulsa,American Athletic,interceptionYards,22
Tulsa,American Athletic,interceptionYardsOpponent,0
Tulsa,American Athletic,kickReturns,7
Tulsa,American Athletic,kickReturnsOpponent,6
Tulsa,American Athletic,kickReturnTDs,1
Tulsa,American Athletic,kickReturnTDsOpponent,0
Tulsa,American Athletic,kickReturnYards,194
Tulsa,American Athletic,kickReturnYardsOpponent,137
Tulsa,American Athletic,netPassingYards,693
Tulsa,American Athletic,netPassingYardsOpponent,1029
Tulsa,American Athletic,passAttempts,115
Tulsa,American Athletic,passAttemptsOpponent,159
Tulsa,American Athletic,passCompletions,67
Tulsa,American Athletic,passCompletionsOpponent,96
Tulsa,American Athletic,passesIntercepted,4
Tulsa,American Athletic,passesInterceptedOpponent,1
Tulsa,American Athletic,passingTDs,4
Tulsa,American Athletic,passingTDsOpponent,4
Tulsa,American Athletic,penalties,24
Tulsa,American Athletic,penaltiesOpponent,22
Tulsa,American Athletic,penaltyYards,215
Tulsa,American Athletic,penaltyYardsOpponent,215
Tulsa,American Athletic,possessionTime,6684
Tulsa,American Athletic,possessionTimeOpponent,7716
Tulsa,American Athletic,puntReturns,5
Tulsa,American Athletic,puntReturnsOpponent,6
Tulsa,American Athletic,puntReturnTDs,0
Tulsa,American Athletic,puntReturnTDsOpponent,0
Tulsa,American Athletic,puntReturnYards,25
Tulsa,American Athletic,puntReturnYardsOpponent,15
Tulsa,American Athletic,rushingAttempts,140
Tulsa,American Athletic,rushingAttemptsOpponent,143
Tulsa,American Athletic,rushingTDs,8
Tulsa,American Athletic,rushingTDsOpponent,2
Tulsa,American Athletic,rushingYards,726
Tulsa,American Athletic,rushingYardsOpponent,439
Tulsa,American Athletic,sacks,13
Tulsa,American Athletic,sacksOpponent,6
Tulsa,American Athletic,tacklesForLoss,22
Tulsa,American Athletic,tacklesForLossOpponent,15
Tulsa,American Athletic,thirdDownConversions,15
Tulsa,American Athletic,thirdDownConversionsOpponent,22
Tulsa,American Athletic,thirdDowns,55
Tulsa,American Athletic,thirdDownsOpponent,61
Tulsa,American Athletic,totalYards,1419
Tulsa,American Athletic,totalYardsOpponent,1468
Tulsa,American Athletic,turnovers,4
Tulsa,American Athletic,turnoversOpponent,7
UAB,American Athletic,firstDowns,73
UAB,American Athletic,firstDownsOpponent,81
UAB,American Athletic,fourthDownConversions,3
UAB,American Athletic,fourthDownConversionsOpponent,6
UAB,American Athletic,fourthDowns,9
UAB,American Athletic,fourthDownsOpponent,11
UAB,American Athletic,fumblesLost,1
UAB,American Athletic,fumblesLostOpponent,4
UAB,American Athletic,fumblesRecovered,4
UAB,American Athletic,fumblesRecoveredOpponent,1
UAB,American Athletic,games,4
UAB,American Athletic,interceptions,4
UAB,American Athletic,interceptionsOpponent,1
UAB,American Athletic,interceptionTDs,0
UAB,American Athletic,interceptionTDsOpponent,1
UAB,American Athletic,interceptionYards,3
UAB,American Athletic,interceptionYardsOpponent,77
UAB,American Athletic,kickReturns,5
UAB,American Athletic,kickReturnsOpponent,5
UAB,American Athletic,kickReturnTDs,0
UAB,American Athletic,kickReturnTDsOpponent,0
UAB,American Athletic,kickReturnYards,67
UAB,American Athletic,kickReturnYardsOpponent,114
UAB,American Athletic,netPassingYards,652
UAB,American Athletic,netPassingYardsOpponent,452
UAB,American Athletic,passAttempts,94
UAB,American Athletic,passAttemptsOpponent,70
UAB,American Athletic,passCompletions,54
UAB,American Athletic,passCompletionsOpponent,42
UAB,American Athletic,passesIntercepted,1
UAB,American Athletic,passesInterceptedOpponent,4
UAB,American Athletic,passingTDs,3
UAB,American Athletic,passingTDsOpponent,3
UAB,American Athletic,penalties,30
UAB,American Athletic,penaltiesOpponent,11
UAB,American Athletic,penaltyYards,265
UAB,American Athletic,penaltyYardsOpponent,69
UAB,American Athletic,possessionTime,7391
UAB,American Athletic,possessionTimeOpponent,7009
UAB,American Athletic,puntReturns,7
UAB,American Athletic,puntReturnsOpponent,6
UAB,American Athletic,puntReturnTDs,0
UAB,American Athletic,puntReturnTDsOpponent,0
UAB,American Athletic,puntReturnYards,84
UAB,American Athletic,puntReturnYardsOpponent,94
UAB,American Athletic,rushingAttempts,165
UAB,American Athletic,rushingAttemptsOpponent,180
UAB,American Athletic,rushingTDs,5
UAB,American Athletic,rushingTDsOpponent,9
UAB,American Athletic,rushingYards,650
UAB,American Athletic,rushingYardsOpponent,825
UAB,American Athletic,sacks,10
UAB,American Athletic,sacksOpponent,11
UAB,American Athletic,tacklesForLoss,24
UAB,American Athletic,tacklesForLossOpponent,26
UAB,American Athletic,thirdDownConversions,28
UAB,American Athletic,thirdDownConversionsOpponent,19
UAB,American Athletic,thirdDowns,59
UAB,American Athletic,thirdDownsOpponent,49
UAB,American Athletic,totalYards,1302
UAB,American Athletic,totalYardsOpponent,1277
UAB,American Athletic,turnovers,5
UAB,American Athletic,turnoversOpponent,5
UCF,Big 12,firstDowns,69
UCF,Big 12,firstDownsOpponent,67
UCF,Big 12,fourthDownConversions,1
UCF,Big 12,fourthDownConversionsOpponent,4
UCF,Big 12,fourthDowns,5
UCF,Big 12,fourthDownsOpponent,7
UCF,Big 12,fumblesLost,2
UCF,Big 12,fumblesLostOpponent,3
UCF,Big 12,fumblesRecovered,3
UCF,Big 12,fumblesRecoveredOpponent,2
UCF,Big 12,games,4
UCF,Big 12,interceptions,2
UCF,Big 12,interceptionsOpponent,6
UCF,Big 12,interceptionTDs,1
UCF,Big 12,interceptionTDsOpponent,0
UCF,Big 12,interceptionYards,106
UCF,Big 12,interceptionYardsOpponent,50
UCF,Big 12,kickReturns,7
UCF,Big 12,kickReturnsOpponent,7
UCF,Big 12,kickReturnTDs,0
UCF,Big 12,kickReturnTDsOpponent,0
UCF,Big 12,kickReturnYards,205
UCF,Big 12,kickReturnYardsOpponent,96
UCF,Big 12,netPassingYards,632
UCF,Big 12,netPassingYardsOpponent,878
UCF,Big 12,passAttempts,90
UCF,Big 12,passAttemptsOpponent,138
UCF,Big 12,passCompletions,61
UCF,Big 12,passCompletionsOpponent,83
UCF,Big 12,passesIntercepted,6
UCF,Big 12,passesInterceptedOpponent,2
UCF,Big 12,passingTDs,5
UCF,Big 12,passingTDsOpponent,3
UCF,Big 12,penalties,26
UCF,Big 12,penaltiesOpponent,37
UCF,Big 12,penaltyYards,198
UCF,Big 12,penaltyYardsOpponent,268
UCF,Big 12,possessionTime,6344
UCF,Big 12,possessionTimeOpponent,8056
UCF,Big 12,puntReturns,10
UCF,Big 12,puntReturnsOpponent,4
UCF,Big 12,puntReturnTDs,0
UCF,Big 12,puntReturnTDsOpponent,0
UCF,Big 12,puntReturnYards,207
UCF,Big 12,puntReturnYardsOpponent,28
UCF,Big 12,rushingAttempts,133
UCF,Big 12,rushingAttemptsOpponent,145
UCF,Big 12,rushingTDs,13
UCF,Big 12,rushingTDsOpponent,3
UCF,Big 12,rushingYards,790
UCF,Big 12,rushingYardsOpponent,446
UCF,Big 12,sacks,10
UCF,Big 12,sacksOpponent,6
UCF,Big 12,tacklesForLoss,26
UCF,Big 12,tacklesForLossOpponent,18
UCF,Big 12,thirdDownConversions,15
UCF,Big 12,thirdDownConversionsOpponent,23
UCF,Big 12,thirdDowns,43
UCF,Big 12,thirdDownsOpponent,66
UCF,Big 12,totalYards,1422
UCF,Big 12,totalYardsOpponent,1324
UCF,Big 12,turnovers,4
UCF,Big 12,turnoversOpponent,9
UCLA,Big Ten,firstDowns,93
UCLA,Big Ten,firstDownsOpponent,73
UCLA,Big Ten,fourthDownConversions,1
UCLA,Big Ten,fourthDownConversionsOpponent,4
UCLA,Big Ten,fourthDowns,3
UCLA,Big Ten,fourthDownsOpponent,9
UCLA,Big Ten,fumblesLost,2
UCLA,Big Ten,fumblesLostOpponent,4
UCLA,Big Ten,fumblesRecovered,4
UCLA,Big Ten,fumblesRecoveredOpponent,2
UCLA,Big Ten,games,4
UCLA,Big Ten,interceptions,2
UCLA,Big Ten,interceptionsOpponent,8
UCLA,Big Ten,interceptionTDs,2
UCLA,Big Ten,interceptionTDsOpponent,0
UCLA,Big Ten,interceptionYards,183
UCLA,Big Ten,interceptionYardsOpponent,2
UCLA,Big Ten,kickReturns,6
UCLA,Big Ten,kickReturnsOpponent,6
UCLA,Big Ten,kickReturnTDs,0
UCLA,Big Ten,kickReturnTDsOpponent,0
UCLA,Big Ten,kickReturnYards,126
UCLA,Big Ten,kickReturnYardsOpponent,72
UCLA,Big Ten,netPassingYards,820
UCLA,Big Ten,netPassingYardsOpponent,903
UCLA,Big Ten,passAttempts,101
UCLA,Big Ten,passAttemptsOpponent,135
UCLA,Big Ten,passCompletions,62
UCLA,Big Ten,passCompletionsOpponent,71
UCLA,Big Ten,passesIntercepted,8
UCLA,Big Ten,passesInterceptedOpponent,2
UCLA,Big Ten,passingTDs,4
UCLA,Big Ten,passingTDsOpponent,6
UCLA,Big Ten,penalties,40
UCLA,Big Ten,penaltiesOpponent,22
UCLA,Big Ten,penaltyYards,343
UCLA,Big Ten,penaltyYardsOpponent,201
UCLA,Big Ten,possessionTime,7670
UCLA,Big Ten,possessionTimeOpponent,6730
UCLA,Big Ten,puntReturns,9
UCLA,Big Ten,puntReturnsOpponent,9
UCLA,Big Ten,puntReturnTDs,0
UCLA,Big Ten,puntReturnTDsOpponent,0
UCLA,Big Ten,puntReturnYards,110
UCLA,Big Ten,puntReturnYardsOpponent,57
UCLA,Big Ten,rushingAttempts,162
UCLA,Big Ten,rushingAttemptsOpponent,136
UCLA,Big Ten,rushingTDs,18
UCLA,Big Ten,rushingTDsOpponent,3
UCLA,Big Ten,rushingYards,1126
UCLA,Big Ten,rushingYardsOpponent,365
UCLA,Big Ten,sacks,8
UCLA,Big Ten,sacksOpponent,6
UCLA,Big Ten,tacklesForLoss,22
UCLA,Big Ten,tacklesForLossOpponent,10
UCLA,Big Ten,thirdDownConversions,23
UCLA,Big Ten,thirdDownConversionsOpponent,17
UCLA,Big Ten,thirdDowns,46
UCLA,Big Ten,thirdDownsOpponent,57
UCLA,Big Ten,totalYards,1946
UCLA,Big Ten,totalYardsOpponent,1268
UCLA,Big Ten,turnovers,4
UCLA,Big Ten,turnoversOpponent,12
UConn,FBS Independents,firstDowns,82
UConn,FBS Independents,firstDownsOpponent,87
UConn,FBS Independents,fourthDownConversions,3
UConn,FBS Independents,fourthDownConversionsOpponent,3
UConn,FBS Independents,fourthDowns,7
UConn,FBS Independents,fourthDownsOpponent,8
UConn,FBS Independents,fumblesLost,2
UConn,FBS Independents,fumblesLostOpponent,1
UConn,FBS Independents,fumblesRecovered,1
UConn,FBS Independents,fumblesRecoveredOpponent,2
UConn,FBS Independents,games,4
UConn,FBS Independents,interceptions,3
UConn,FBS Independents,interceptionsOpponent,2
UConn,FBS Independents,interceptionTDs,1
UConn,FBS Independents,interceptionTDsOpponent,0
UConn,FBS Independents,interceptionYards,48
UConn,FBS Independents,interceptionYardsOpponent,6
UConn,FBS Independents,kickReturns,10
UConn,FBS Independents,kickReturnsOpponent,3
UConn,FBS Independents,kickReturnTDs,0
UConn,FBS Independents,kickReturnTDsOpponent,0
UConn,FBS Independents,kickReturnYards,201
UConn,FBS Independents,kickReturnYardsOpponent,35
UConn,FBS Independents,netPassingYards,964
UConn,FBS Independents,netPassingYardsOpponent,1119
UConn,FBS Independents,passAttempts,111
UConn,FBS Independents,passAttemptsOpponent,167
UConn,FBS Independents,passCompletions,70
UConn,FBS Independents,passCompletionsOpponent,107
UConn,FBS Independents,passesIntercepted,2
UConn,FBS Independents,passesInterceptedOpponent,3
UConn,FBS Independents,passingTDs,8
UConn,FBS Independents,passingTDsOpponent,5
UConn,FBS Independents,penalties,33
UConn,FBS Independents,penaltiesOpponent,17
UConn,FBS Independents,penaltyYards,340
UConn,FBS Independents,penaltyYardsOpponent,166
UConn,FBS Independents,possessionTime,7062
UConn,FBS Independents,possessionTimeOpponent,7338
UConn,FBS Independents,puntReturns,7
UConn,FBS Independents,puntReturnTDs,0
UConn,FBS Independents,puntReturnYards,65
UConn,FBS Independents,rushingAttempts,147
UConn,FBS Independents,rushingAttemptsOpponent,122
UConn,FBS Independents,rushingTDs,10
UConn,FBS Independents,rushingTDsOpponent,6
UConn,FBS Independents,rushingYards,743
UConn,FBS Independents,rushingYardsOpponent,380
UConn,FBS Independents,sacks,5
UConn,FBS Independents,sacksOpponent,10
UConn,FBS Independents,tacklesForLoss,22
UConn,FBS Independents,tacklesForLossOpponent,18
UConn,FBS Independents,thirdDownConversions,23
UConn,FBS Independents,thirdDownConversionsOpponent,24
UConn,FBS Independents,thirdDowns,51
UConn,FBS Independents,thirdDownsOpponent,61
UConn,FBS Independents,totalYards,1707
UConn,FBS Independents,totalYardsOpponent,1499
UConn,FBS Independents,turnovers,5
UConn,FBS Independents,turnoversOpponent,3
UL Monroe,Sun Belt,firstDowns,73
UL Monroe,Sun Belt,firstDownsOpponent,101
UL Monroe,Sun Belt,fourthDownConversions,5
UL Monroe,Sun Belt,fourthDownConversionsOpponent,5
UL Monroe,Sun Belt,fourthDowns,9
UL Monroe,Sun Belt,fourthDownsOpponent,8
UL Monroe,Sun Belt,fumblesLost,1
UL Monroe,Sun Belt,fumblesLostOpponent,2
UL Monroe,Sun Belt,fumblesRecovered,2
UL Monroe,Sun Belt,fumblesRecoveredOpponent,1
UL Monroe,Sun Belt,games,4
UL Monroe,Sun Belt,interceptions,3
UL Monroe,Sun Belt,interceptionsOpponent,1
UL Monroe,Sun Belt,interceptionTDs,0
UL Monroe,Sun Belt,interceptionTDsOpponent,1
UL Monroe,Sun Belt,interceptionYards,16
UL Monroe,Sun Belt,interceptionYardsOpponent,14
UL Monroe,Sun Belt,kickReturns,5
UL Monroe,Sun Belt,kickReturnsOpponent,4
UL Monroe,Sun Belt,kickReturnTDs,0
UL Monroe,Sun Belt,kickReturnTDsOpponent,0
UL Monroe,Sun Belt,kickReturnYards,92
UL Monroe,Sun Belt,kickReturnYardsOpponent,90
UL Monroe,Sun Belt,netPassingYards,805
UL Monroe,Sun Belt,netPassingYardsOpponent,1020
UL Monroe,Sun Belt,passAttempts,123
UL Monroe,Sun Belt,passAttemptsOpponent,125
UL Monroe,Sun Belt,passCompletions,78
UL Monroe,Sun Belt,passCompletionsOpponent,84
UL Monroe,Sun Belt,passesIntercepted,1
UL Monroe,Sun Belt,passesInterceptedOpponent,3
UL Monroe,Sun Belt,passingTDs,6
UL Monroe,Sun Belt,passingTDsOpponent,9
UL Monroe,Sun Belt,penalties,18
UL Monroe,Sun Belt,penaltiesOpponent,26
UL Monroe,Sun Belt,penaltyYards,155
UL Monroe,Sun Belt,penaltyYardsOpponent,219
UL Monroe,Sun Belt,possessionTime,7346
UL Monroe,Sun Belt,possessionTimeOpponent,7054
UL Monroe,Sun Belt,puntReturns,3
UL Monroe,Sun Belt,puntReturnsOpponent,7
UL Monroe,Sun Belt,puntReturnTDs,0
UL Monroe,Sun Belt,puntReturnTDsOpponent,2
UL Monroe,Sun Belt,puntReturnYards,5
UL Monroe,Sun Belt,puntReturnYardsOpponent,192
UL Monroe,Sun Belt,rushingAttempts,143
UL Monroe,Sun Belt,rushingAttemptsOpponent,166
UL Monroe,Sun Belt,rushingTDs,4
UL Monroe,Sun Belt,rushingTDsOpponent,9
UL Monroe,Sun Belt,rushingYards,573
UL Monroe,Sun Belt,rushingYardsOpponent,969
UL Monroe,Sun Belt,sacks,4
UL Monroe,Sun Belt,sacksOpponent,10
UL Monroe,Sun Belt,tacklesForLoss,16
UL Monroe,Sun Belt,tacklesForLossOpponent,25
UL Monroe,Sun Belt,thirdDownConversions,19
UL Monroe,Sun Belt,thirdDownConversionsOpponent,32
UL Monroe,Sun Belt,thirdDowns,57
UL Monroe,Sun Belt,thirdDownsOpponent,60
UL Monroe,Sun Belt,totalYards,1378
UL Monroe,Sun Belt,totalYardsOpponent,1989
UL Monroe,Sun Belt,turnovers,4
UL Monroe,Sun Belt,turnoversOpponent,3
UNLV,Mountain West,firstDowns,81
UNLV,Mountain West,firstDownsOpponent,81
UNLV,Mountain West,fourthDownConversions,4
UNLV,Mountain West,fourthDownConversionsOpponent,1
UNLV,Mountain West,fourthDowns,11
UNLV,Mountain West,fourthDownsOpponent,3
UNLV,Mountain West,fumblesLost,3
UNLV,Mountain West,fumblesLostOpponent,1
UNLV,Mountain West,fumblesRecovered,1
UNLV,Mountain West,fumblesRecoveredOpponent,3
UNLV,Mountain West,games,4
UNLV,Mountain West,interceptions,1
UNLV,Mountain West,interceptionsOpponent,4
UNLV,Mountain West,interceptionTDs,1
UNLV,Mountain West,interceptionTDsOpponent,0
UNLV,Mountain West,interceptionYards,47
UNLV,Mountain West,interceptionYardsOpponent,0
UNLV,Mountain West,kickReturns,3
UNLV,Mountain West,kickReturnsOpponent,7
UNLV,Mountain West,kickReturnTDs,0
UNLV,Mountain West,kickReturnTDsOpponent,0
UNLV,Mountain West,kickReturnYards,47
UNLV,Mountain West,kickReturnYardsOpponent,161
UNLV,Mountain West,netPassingYards,900
UNLV,Mountain West,netPassingYardsOpponent,854
UNLV,Mountain West,passAttempts,118
UNLV,Mountain West,passAttemptsOpponent,124
UNLV,Mountain West,passCompletions,69
UNLV,Mountain West,passCompletionsOpponent,63
UNLV,Mountain West,passesIntercepted,4
UNLV,Mountain West,passesInterceptedOpponent,1
UNLV,Mountain West,passingTDs,5
UNLV,Mountain West,passingTDsOpponent,4
UNLV,Mountain West,penalties,27
UNLV,Mountain West,penaltiesOpponent,25
UNLV,Mountain West,penaltyYards,268
UNLV,Mountain West,penaltyYardsOpponent,227
UNLV,Mountain West,possessionTime,7347
UNLV,Mountain West,possessionTimeOpponent,7053
UNLV,Mountain West,puntReturns,3
UNLV,Mountain West,puntReturnsOpponent,5
UNLV,Mountain West,puntReturnTDs,0
UNLV,Mountain West,puntReturnTDsOpponent,0
UNLV,Mountain West,puntReturnYards,5
UNLV,Mountain West,puntReturnYardsOpponent,17
UNLV,Mountain West,rushingAttempts,157
UNLV,Mountain West,rushingAttemptsOpponent,137
UNLV,Mountain West,rushingTDs,5
UNLV,Mountain West,rushingTDsOpponent,5
UNLV,Mountain West,rushingYards,718
UNLV,Mountain West,rushingYardsOpponent,603
UNLV,Mountain West,sacks,10
UNLV,Mountain West,sacksOpponent,11
UNLV,Mountain West,tacklesForLoss,16
UNLV,Mountain West,tacklesForLossOpponent,21
UNLV,Mountain West,thirdDownConversions,23
UNLV,Mountain West,thirdDownConversionsOpponent,24
UNLV,Mountain West,thirdDowns,60
UNLV,Mountain West,thirdDownsOpponent,57
UNLV,Mountain West,totalYards,1618
UNLV,Mountain West,totalYardsOpponent,1457
UNLV,Mountain West,turnovers,4
UNLV,Mountain West,turnoversOpponent,5
USC,Big Ten,firstDowns,131
USC,Big Ten,firstDownsOpponent,95
USC,Big Ten,fourthDownConversions,8
USC,Big Ten,fourthDownConversionsOpponent,5
USC,Big Ten,fourthDowns,12
USC,Big Ten,fourthDownsOpponent,8
USC,Big Ten,fumblesLost,2
USC,Big Ten,fumblesLostOpponent,1
USC,Big Ten,fumblesRecovered,1
USC,Big Ten,fumblesRecoveredOpponent,2
USC,Big Ten,games,5
USC,Big Ten,interceptions,3
USC,Big Ten,interceptionsOpponent,3
USC,Big Ten,interceptionTDs,1
USC,Big Ten,interceptionTDsOpponent,0
USC,Big Ten,interceptionYards,115
USC,Big Ten,interceptionYardsOpponent,11
USC,Big Ten,kickReturns,10
USC,Big Ten,kickReturnsOpponent,7
USC,Big Ten,kickReturnTDs,0
USC,Big Ten,kickReturnTDsOpponent,0
USC,Big Ten,kickReturnYards,170
USC,Big Ten,kickReturnYardsOpponent,134
USC,Big Ten,netPassingYards,1625
USC,Big Ten,netPassingYardsOpponent,1181
USC,Big Ten,passAttempts,172
USC,Big Ten,passAttemptsOpponent,141
USC,Big Ten,passCompletions,122
USC,Big Ten,passCompletionsOpponent,90
USC,Big Ten,passesIntercepted,3
USC,Big Ten,passesInterceptedOpponent,3
USC,Big Ten,passingTDs,14
USC,Big Ten,passingTDsOpponent,8
USC,Big Ten,penalties,32
USC,Big Ten,penaltiesOpponent,20
USC,Big Ten,penaltyYards,271
USC,Big Ten,penaltyYardsOpponent,174
USC,Big Ten,possessionTime,9881
USC,Big Ten,possessionTimeOpponent,8119
USC,Big Ten,puntReturns,9
USC,Big Ten,puntReturnsOpponent,1
USC,Big Ten,puntReturnTDs,1
USC,Big Ten,puntReturnTDsOpponent,0
USC,Big Ten,puntReturnYards,180
USC,Big Ten,puntReturnYardsOpponent,2
USC,Big Ten,rushingAttempts,181
USC,Big Ten,rushingAttemptsOpponent,148
USC,Big Ten,rushingTDs,10
USC,Big Ten,rushingTDsOpponent,9
USC,Big Ten,rushingYards,822
USC,Big Ten,rushingYardsOpponent,593
USC,Big Ten,sacks,8
USC,Big Ten,sacksOpponent,5
USC,Big Ten,tacklesForLoss,20
USC,Big Ten,tacklesForLossOpponent,13
USC,Big Ten,thirdDownConversions,32
USC,Big Ten,thirdDownConversionsOpponent,22
USC,Big Ten,thirdDowns,57
USC,Big Ten,thirdDownsOpponent,54
USC,Big Ten,totalYards,2447
USC,Big Ten,totalYardsOpponent,1774
USC,Big Ten,turnovers,5
USC,Big Ten,turnoversOpponent,4
Utah,Big 12,firstDowns,101
Utah,Big 12,firstDownsOpponent,67
Utah,Big 12,fourthDownConversions,3
Utah,Big 12,fourthDownConversionsOpponent,5
Utah,Big 12,fourthDowns,7
Utah,Big 12,fourthDownsOpponent,12
Utah,Big 12,fumblesLost,1
Utah,Big 12,fumblesLostOpponent,1
Utah,Big 12,fumblesRecovered,2
Utah,Big 12,fumblesRecoveredOpponent,1
Utah,Big 12,games,4
Utah,Big 12,interceptions,1
Utah,Big 12,interceptionsOpponent,5
Utah,Big 12,interceptionTDs,0
Utah,Big 12,interceptionTDsOpponent,0
Utah,Big 12,interceptionYards,11
Utah,Big 12,interceptionYardsOpponent,14
Utah,Big 12,kickReturns,2
Utah,Big 12,kickReturnsOpponent,5
Utah,Big 12,kickReturnTDs,0
Utah,Big 12,kickReturnTDsOpponent,0
Utah,Big 12,kickReturnYards,51
Utah,Big 12,kickReturnYardsOpponent,103
Utah,Big 12,netPassingYards,1062
Utah,Big 12,netPassingYardsOpponent,698
Utah,Big 12,passAttempts,118
Utah,Big 12,passAttemptsOpponent,147
Utah,Big 12,passCompletions,80
Utah,Big 12,passCompletionsOpponent,69
Utah,Big 12,passesIntercepted,5
Utah,Big 12,passesInterceptedOpponent,1
Utah,Big 12,passingTDs,11
Utah,Big 12,passingTDsOpponent,2
Utah,Big 12,penalties,21
Utah,Big 12,penaltiesOpponent,25
Utah,Big 12,penaltyYards,172
Utah,Big 12,penaltyYardsOpponent,214
Utah,Big 12,possessionTime,7541
Utah,Big 12,possessionTimeOpponent,6859
Utah,Big 12,puntReturns,7
Utah,Big 12,puntReturnsOpponent,3
Utah,Big 12,puntReturnTDs,0
Utah,Big 12,puntReturnTDsOpponent,0
Utah,Big 12,puntReturnYards,53
Utah,Big 12,puntReturnYardsOpponent,-1
Utah,Big 12,rushingAttempts,153
Utah,Big 12,rushingAttemptsOpponent,117
Utah,Big 12,rushingTDs,12
Utah,Big 12,rushingTDsOpponent,3
Utah,Big 12,rushingYards,904
Utah,Big 12,rushingYardsOpponent,336
Utah,Big 12,sacks,10
Utah,Big 12,sacksOpponent,3
Utah,Big 12,tacklesForLoss,22
Utah,Big 12,tacklesForLossOpponent,19
Utah,Big 12,thirdDownConversions,26
Utah,Big 12,thirdDownConversionsOpponent,17
Utah,Big 12,thirdDowns,48
Utah,Big 12,thirdDownsOpponent,58
Utah,Big 12,totalYards,1966
Utah,Big 12,totalYardsOpponent,1034
Utah,Big 12,turnovers,2
Utah,Big 12,turnoversOpponent,6
Utah State,Pac-12,firstDowns,72
Utah State,Pac-12,firstDownsOpponent,81
Utah State,Pac-12,fourthDownConversions,2
Utah State,Pac-12,fourthDownConversionsOpponent,1
Utah State,Pac-12,fourthDowns,7
Utah State,Pac-12,fourthDownsOpponent,6
Utah State,Pac-12,fumblesLost,1
Utah State,Pac-12,fumblesLostOpponent,1
Utah State,Pac-12,fumblesRecovered,1
Utah State,Pac-12,fumblesRecoveredOpponent,2
Utah State,Pac-12,games,4
Utah State,Pac-12,interceptions,9
Utah State,Pac-12,interceptionsOpponent,3
Utah State,Pac-12,interceptionTDs,0
Utah State,Pac-12,interceptionTDsOpponent,0
Utah State,Pac-12,interceptionYards,90
Utah State,Pac-12,interceptionYardsOpponent,128
Utah State,Pac-12,kickReturns,6
Utah State,Pac-12,kickReturnTDs,0
Utah State,Pac-12,kickReturnYards,114
Utah State,Pac-12,netPassingYards,813
Utah State,Pac-12,netPassingYardsOpponent,913
Utah State,Pac-12,passAttempts,130
Utah State,Pac-12,passAttemptsOpponent,160
Utah State,Pac-12,passCompletions,70
Utah State,Pac-12,passCompletionsOpponent,94
Utah State,Pac-12,passesIntercepted,3
Utah State,Pac-12,passesInterceptedOpponent,9
Utah State,Pac-12,passingTDs,6
Utah State,Pac-12,passingTDsOpponent,4
Utah State,Pac-12,penalties,37
Utah State,Pac-12,penaltiesOpponent,26
Utah State,Pac-12,penaltyYards,291
Utah State,Pac-12,penaltyYardsOpponent,233
Utah State,Pac-12,possessionTime,6536
Utah State,Pac-12,possessionTimeOpponent,7862
Utah State,Pac-12,puntReturns,8
Utah State,Pac-12,puntReturnsOpponent,6
Utah State,Pac-12,puntReturnTDs,0
Utah State,Pac-12,puntReturnTDsOpponent,0
Utah State,Pac-12,puntReturnYards,59
Utah State,Pac-12,puntReturnYardsOpponent,12
Utah State,Pac-12,rushingAttempts,129
Utah State,Pac-12,rushingAttemptsOpponent,131
Utah State,Pac-12,rushingTDs,1
Utah State,Pac-12,rushingTDsOpponent,4
Utah State,Pac-12,rushingYards,466
Utah State,Pac-12,rushingYardsOpponent,559
Utah State,Pac-12,sacks,5
Utah State,Pac-12,sacksOpponent,11
Utah State,Pac-12,tacklesForLoss,18
Utah State,Pac-12,tacklesForLossOpponent,22
Utah State,Pac-12,thirdDownConversions,23
Utah State,Pac-12,thirdDownConversionsOpponent,25
Utah State,Pac-12,thirdDowns,53
Utah State,Pac-12,thirdDownsOpponent,62
Utah State,Pac-12,totalYards,1279
Utah State,Pac-12,totalYardsOpponent,1472
Utah State,Pac-12,turnovers,10
Utah State,Pac-12,turnoversOpponent,4
UTEP,Mountain West,firstDowns,58
UTEP,Mountain West,firstDownsOpponent,83
UTEP,Mountain West,fourthDownConversions,5
UTEP,Mountain West,fourthDownConversionsOpponent,3
UTEP,Mountain West,fourthDowns,9
UTEP,Mountain West,fourthDownsOpponent,4
UTEP,Mountain West,fumblesLost,3
UTEP,Mountain West,fumblesLostOpponent,4
UTEP,Mountain West,fumblesRecovered,4
UTEP,Mountain West,fumblesRecoveredOpponent,3
UTEP,Mountain West,games,4
UTEP,Mountain West,interceptions,2
UTEP,Mountain West,interceptionsOpponent,2
UTEP,Mountain West,interceptionTDs,0
UTEP,Mountain West,interceptionTDsOpponent,1
UTEP,Mountain West,interceptionYards,1
UTEP,Mountain West,interceptionYardsOpponent,9
UTEP,Mountain West,kickReturns,5
UTEP,Mountain West,kickReturnsOpponent,5
UTEP,Mountain West,kickReturnTDs,0
UTEP,Mountain West,kickReturnTDsOpponent,0
UTEP,Mountain West,kickReturnYards,76
UTEP,Mountain West,kickReturnYardsOpponent,106
UTEP,Mountain West,netPassingYards,548
UTEP,Mountain West,netPassingYardsOpponent,877
UTEP,Mountain West,passAttempts,79
UTEP,Mountain West,passAttemptsOpponent,103
UTEP,Mountain West,passCompletions,52
UTEP,Mountain West,passCompletionsOpponent,70
UTEP,Mountain West,passesIntercepted,2
UTEP,Mountain West,passesInterceptedOpponent,2
UTEP,Mountain West,passingTDs,7
UTEP,Mountain West,passingTDsOpponent,9
UTEP,Mountain West,penalties,22
UTEP,Mountain West,penaltiesOpponent,32
UTEP,Mountain West,penaltyYards,195
UTEP,Mountain West,penaltyYardsOpponent,306
UTEP,Mountain West,possessionTime,6937
UTEP,Mountain West,possessionTimeOpponent,7463
UTEP,Mountain West,puntReturns,4
UTEP,Mountain West,puntReturnsOpponent,7
UTEP,Mountain West,puntReturnTDs,0
UTEP,Mountain West,puntReturnTDsOpponent,1
UTEP,Mountain West,puntReturnYards,21
UTEP,Mountain West,puntReturnYardsOpponent,137
UTEP,Mountain West,rushingAttempts,144
UTEP,Mountain West,rushingAttemptsOpponent,144
UTEP,Mountain West,rushingTDs,3
UTEP,Mountain West,rushingTDsOpponent,7
UTEP,Mountain West,rushingYards,513
UTEP,Mountain West,rushingYardsOpponent,617
UTEP,Mountain West,sacks,4
UTEP,Mountain West,sacksOpponent,16
UTEP,Mountain West,tacklesForLoss,18
UTEP,Mountain West,tacklesForLossOpponent,35
UTEP,Mountain West,thirdDownConversions,12
UTEP,Mountain West,thirdDownConversionsOpponent,25
UTEP,Mountain West,thirdDowns,47
UTEP,Mountain West,thirdDownsOpponent,49
UTEP,Mountain West,totalYards,1061
UTEP,Mountain West,totalYardsOpponent,1494
UTEP,Mountain West,turnovers,5
UTEP,Mountain West,turnoversOpponent,6
UTSA,American Athletic,firstDowns,79
UTSA,American Athletic,firstDownsOpponent,97
UTSA,American Athletic,fourthDownConversions,5
UTSA,American Athletic,fourthDownConversionsOpponent,6
UTSA,American Athletic,fourthDowns,7
UTSA,American Athletic,fourthDownsOpponent,12
UTSA,American Athletic,fumblesLost,0
UTSA,American Athletic,fumblesLostOpponent,1
UTSA,American Athletic,fumblesRecovered,1
UTSA,American Athletic,fumblesRecoveredOpponent,0
UTSA,American Athletic,games,4
UTSA,American Athletic,interceptions,1
UTSA,American Athletic,interceptionsOpponent,5
UTSA,American Athletic,interceptionTDs,1
UTSA,American Athletic,interceptionTDsOpponent,0
UTSA,American Athletic,interceptionYards,58
UTSA,American Athletic,interceptionYardsOpponent,8
UTSA,American Athletic,kickReturns,10
UTSA,American Athletic,kickReturnsOpponent,10
UTSA,American Athletic,kickReturnTDs,1
UTSA,American Athletic,kickReturnTDsOpponent,1
UTSA,American Athletic,kickReturnYards,317
UTSA,American Athletic,kickReturnYardsOpponent,230
UTSA,American Athletic,netPassingYards,906
UTSA,American Athletic,netPassingYardsOpponent,953
UTSA,American Athletic,passAttempts,125
UTSA,American Athletic,passAttemptsOpponent,158
UTSA,American Athletic,passCompletions,85
UTSA,American Athletic,passCompletionsOpponent,90
UTSA,American Athletic,passesIntercepted,5
UTSA,American Athletic,passesInterceptedOpponent,1
UTSA,American Athletic,passingTDs,8
UTSA,American Athletic,passingTDsOpponent,5
UTSA,American Athletic,penalties,37
UTSA,American Athletic,penaltiesOpponent,41
UTSA,American Athletic,penaltyYards,390
UTSA,American Athletic,penaltyYardsOpponent,344
UTSA,American Athletic,possessionTime,6323
UTSA,American Athletic,possessionTimeOpponent,8077
UTSA,American Athletic,puntReturns,6
UTSA,American Athletic,puntReturnsOpponent,4
UTSA,American Athletic,puntReturnTDs,0
UTSA,American Athletic,puntReturnTDsOpponent,0
UTSA,American Athletic,puntReturnYards,40
UTSA,American Athletic,puntReturnYardsOpponent,47
UTSA,American Athletic,rushingAttempts,126
UTSA,American Athletic,rushingAttemptsOpponent,164
UTSA,American Athletic,rushingTDs,8
UTSA,American Athletic,rushingTDsOpponent,7
UTSA,American Athletic,rushingYards,701
UTSA,American Athletic,rushingYardsOpponent,850
UTSA,American Athletic,sacks,3
UTSA,American Athletic,sacksOpponent,2
UTSA,American Athletic,tacklesForLoss,14
UTSA,American Athletic,tacklesForLossOpponent,17
UTSA,American Athletic,thirdDownConversions,16
UTSA,American Athletic,thirdDownConversionsOpponent,29
UTSA,American Athletic,thirdDowns,51
UTSA,American Athletic,thirdDownsOpponent,69
UTSA,American Athletic,totalYards,1607
UTSA,American Athletic,totalYardsOpponent,1803
UTSA,American Athletic,turnovers,1
UTSA,American Athletic,turnoversOpponent,6
Vanderbilt,SEC,firstDowns,79
Vanderbilt,SEC,firstDownsOpponent,69
Vanderbilt,SEC,fourthDownConversions,10
Vanderbilt,SEC,fourthDownConversionsOpponent,7
Vanderbilt,SEC,fourthDowns,14
Vanderbilt,SEC,fourthDownsOpponent,10
Vanderbilt,SEC,fumblesLost,2
Vanderbilt,SEC,fumblesLostOpponent,2
Vanderbilt,SEC,fumblesRecovered,2
Vanderbilt,SEC,fumblesRecoveredOpponent,2
Vanderbilt,SEC,games,4
Vanderbilt,SEC,interceptions,3
Vanderbilt,SEC,interceptionsOpponent,4
Vanderbilt,SEC,interceptionTDs,0
Vanderbilt,SEC,interceptionTDsOpponent,0
Vanderbilt,SEC,interceptionYards,11
Vanderbilt,SEC,interceptionYardsOpponent,0
Vanderbilt,SEC,kickReturns,7
Vanderbilt,SEC,kickReturnsOpponent,2
Vanderbilt,SEC,kickReturnTDs,0
Vanderbilt,SEC,kickReturnTDsOpponent,0
Vanderbilt,SEC,kickReturnYards,118
Vanderbilt,SEC,kickReturnYardsOpponent,37
Vanderbilt,SEC,netPassingYards,924
Vanderbilt,SEC,netPassingYardsOpponent,776
Vanderbilt,SEC,passAttempts,124
Vanderbilt,SEC,passAttemptsOpponent,118
Vanderbilt,SEC,passCompletions,77
Vanderbilt,SEC,passCompletionsOpponent,71
Vanderbilt,SEC,passesIntercepted,4
Vanderbilt,SEC,passesInterceptedOpponent,3
Vanderbilt,SEC,passingTDs,4
Vanderbilt,SEC,passingTDsOpponent,6
Vanderbilt,SEC,penalties,36
Vanderbilt,SEC,penaltiesOpponent,18
Vanderbilt,SEC,penaltyYards,268
Vanderbilt,SEC,penaltyYardsOpponent,151
Vanderbilt,SEC,possessionTime,7570
Vanderbilt,SEC,possessionTimeOpponent,6830
Vanderbilt,SEC,puntReturns,8
Vanderbilt,SEC,puntReturnsOpponent,9
Vanderbilt,SEC,puntReturnTDs,2
Vanderbilt,SEC,puntReturnTDsOpponent,2
Vanderbilt,SEC,puntReturnYards,126
Vanderbilt,SEC,puntReturnYardsOpponent,113
Vanderbilt,SEC,rushingAttempts,141
Vanderbilt,SEC,rushingAttemptsOpponent,133
Vanderbilt,SEC,rushingTDs,7
Vanderbilt,SEC,rushingTDsOpponent,3
Vanderbilt,SEC,rushingYards,531
Vanderbilt,SEC,rushingYardsOpponent,465
Vanderbilt,SEC,sacks,13
Vanderbilt,SEC,sacksOpponent,7
Vanderbilt,SEC,tacklesForLoss,21
Vanderbilt,SEC,tacklesForLossOpponent,17
Vanderbilt,SEC,thirdDownConversions,18
Vanderbilt,SEC,thirdDownConversionsOpponent,18
Vanderbilt,SEC,thirdDowns,56
Vanderbilt,SEC,thirdDownsOpponent,56
Vanderbilt,SEC,totalYards,1455
Vanderbilt,SEC,totalYardsOpponent,1241
Vanderbilt,SEC,turnovers,5
Vanderbilt,SEC,turnoversOpponent,6
Virginia,ACC,firstDowns,96
Virginia,ACC,firstDownsOpponent,54
Virginia,ACC,fourthDownConversions,11
Virginia,ACC,fourthDownConversionsOpponent,1
Virginia,ACC,fourthDowns,13
Virginia,ACC,fourthDownsOpponent,5
Virginia,ACC,fumblesLost,1
Virginia,ACC,fumblesLostOpponent,1
Virginia,ACC,fumblesRecovered,1
Virginia,ACC,fumblesRecoveredOpponent,1
Virginia,ACC,games,4
Virginia,ACC,interceptions,1
Virginia,ACC,interceptionsOpponent,6
Virginia,ACC,interceptionTDs,1
Virginia,ACC,interceptionTDsOpponent,0
Virginia,ACC,interceptionYards,100
Virginia,ACC,interceptionYardsOpponent,0
Virginia,ACC,kickReturns,3
Virginia,ACC,kickReturnsOpponent,6
Virginia,ACC,kickReturnTDs,0
Virginia,ACC,kickReturnTDsOpponent,0
Virginia,ACC,kickReturnYards,86
Virginia,ACC,kickReturnYardsOpponent,97
Virginia,ACC,netPassingYards,1018
Virginia,ACC,netPassingYardsOpponent,521
Virginia,ACC,passAttempts,112
Virginia,ACC,passAttemptsOpponent,105
Virginia,ACC,passCompletions,81
Virginia,ACC,passCompletionsOpponent,50
Virginia,ACC,passesIntercepted,6
Virginia,ACC,passesInterceptedOpponent,1
Virginia,ACC,passingTDs,15
Virginia,ACC,passingTDsOpponent,2
Virginia,ACC,penalties,21
Virginia,ACC,penaltiesOpponent,20
Virginia,ACC,penaltyYards,195
Virginia,ACC,penaltyYardsOpponent,180
Virginia,ACC,possessionTime,8135
Virginia,ACC,possessionTimeOpponent,6265
Virginia,ACC,puntReturns,5
Virginia,ACC,puntReturnsOpponent,3
Virginia,ACC,puntReturnTDs,0
Virginia,ACC,puntReturnTDsOpponent,0
Virginia,ACC,puntReturnYards,33
Virginia,ACC,puntReturnYardsOpponent,38
Virginia,ACC,rushingAttempts,173
Virginia,ACC,rushingAttemptsOpponent,136
Virginia,ACC,rushingTDs,6
Virginia,ACC,rushingTDsOpponent,4
Virginia,ACC,rushingYards,771
Virginia,ACC,rushingYardsOpponent,467
Virginia,ACC,sacks,8
Virginia,ACC,sacksOpponent,10
Virginia,ACC,tacklesForLoss,23
Virginia,ACC,tacklesForLossOpponent,20
Virginia,ACC,thirdDownConversions,20
Virginia,ACC,thirdDownConversionsOpponent,19
Virginia,ACC,thirdDowns,53
Virginia,ACC,thirdDownsOpponent,59
Virginia,ACC,totalYards,1789
Virginia,ACC,totalYardsOpponent,988
Virginia,ACC,turnovers,2
Virginia,ACC,turnoversOpponent,7
Virginia Tech,ACC,firstDowns,104
Virginia Tech,ACC,firstDownsOpponent,53
Virginia Tech,ACC,fourthDownConversions,6
Virginia Tech,ACC,fourthDownConversionsOpponent,3
Virginia Tech,ACC,fourthDowns,9
Virginia Tech,ACC,fourthDownsOpponent,5
Virginia Tech,ACC,fumblesLost,5
Virginia Tech,ACC,fumblesLostOpponent,3
Virginia Tech,ACC,fumblesRecovered,3
Virginia Tech,ACC,fumblesRecoveredOpponent,5
Virginia Tech,ACC,games,4
Virginia Tech,ACC,interceptions,0
Virginia Tech,ACC,interceptionsOpponent,1
Virginia Tech,ACC,interceptionTDs,0
Virginia Tech,ACC,interceptionYards,0
Virginia Tech,ACC,kickReturns,3
Virginia Tech,ACC,kickReturnTDs,0
Virginia Tech,ACC,kickReturnYards,50
Virginia Tech,ACC,netPassingYards,1139
Virginia Tech,ACC,netPassingYardsOpponent,744
Virginia Tech,ACC,passAttempts,150
Virginia Tech,ACC,passAttemptsOpponent,100
Virginia Tech,ACC,passCompletions,112
Virginia Tech,ACC,passCompletionsOpponent,59
Virginia Tech,ACC,passesIntercepted,1
Virginia Tech,ACC,passingTDs,9
Virginia Tech,ACC,passingTDsOpponent,4
Virginia Tech,ACC,penalties,30
Virginia Tech,ACC,penaltiesOpponent,29
Virginia Tech,ACC,penaltyYards,246
Virginia Tech,ACC,penaltyYardsOpponent,243
Virginia Tech,ACC,possessionTime,7936
Virginia Tech,ACC,possessionTimeOpponent,6464
Virginia Tech,ACC,puntReturns,14
Virginia Tech,ACC,puntReturnTDs,1
Virginia Tech,ACC,puntReturnYards,285
Virginia Tech,ACC,rushingAttempts,160
Virginia Tech,ACC,rushingAttemptsOpponent,133
Virginia Tech,ACC,rushingTDs,11
Virginia Tech,ACC,rushingTDsOpponent,4
Virginia Tech,ACC,rushingYards,711
Virginia Tech,ACC,rushingYardsOpponent,333
Virginia Tech,ACC,sacks,17
Virginia Tech,ACC,sacksOpponent,7
Virginia Tech,ACC,tacklesForLoss,44
Virginia Tech,ACC,tacklesForLossOpponent,23
Virginia Tech,ACC,thirdDownConversions,27
Virginia Tech,ACC,thirdDownConversionsOpponent,15
Virginia Tech,ACC,thirdDowns,60
Virginia Tech,ACC,thirdDownsOpponent,55
Virginia Tech,ACC,totalYards,1850
Virginia Tech,ACC,totalYardsOpponent,1077
Virginia Tech,ACC,turnovers,5
Virginia Tech,ACC,turnoversOpponent,4
Wake Forest,ACC,firstDowns,85
Wake Forest,ACC,firstDownsOpponent,96
Wake Forest,ACC,fourthDownConversions,4
Wake Forest,ACC,fourthDownConversionsOpponent,1
Wake Forest,ACC,fourthDowns,7
Wake Forest,ACC,fourthDownsOpponent,3
Wake Forest,ACC,fumblesLost,1
Wake Forest,ACC,fumblesLostOpponent,1
Wake Forest,ACC,fumblesRecovered,1
Wake Forest,ACC,fumblesRecoveredOpponent,1
Wake Forest,ACC,games,4
Wake Forest,ACC,interceptions,1
Wake Forest,ACC,interceptionsOpponent,1
Wake Forest,ACC,interceptionTDs,0
Wake Forest,ACC,interceptionTDsOpponent,0
Wake Forest,ACC,interceptionYards,1
Wake Forest,ACC,interceptionYardsOpponent,0
Wake Forest,ACC,kickReturns,6
Wake Forest,ACC,kickReturnsOpponent,5
Wake Forest,ACC,kickReturnTDs,0
Wake Forest,ACC,kickReturnTDsOpponent,0
Wake Forest,ACC,kickReturnYards,128
Wake Forest,ACC,kickReturnYardsOpponent,67
Wake Forest,ACC,netPassingYards,1118
Wake Forest,ACC,netPassingYardsOpponent,1029
Wake Forest,ACC,passAttempts,127
Wake Forest,ACC,passAttemptsOpponent,145
Wake Forest,ACC,passCompletions,79
Wake Forest,ACC,passCompletionsOpponent,117
Wake Forest,ACC,passesIntercepted,1
Wake Forest,ACC,passesInterceptedOpponent,1
Wake Forest,ACC,passingTDs,8
Wake Forest,ACC,passingTDsOpponent,7
Wake Forest,ACC,penalties,38
Wake Forest,ACC,penaltiesOpponent,29
Wake Forest,ACC,penaltyYards,372
Wake Forest,ACC,penaltyYardsOpponent,250
Wake Forest,ACC,possessionTime,6614
Wake Forest,ACC,possessionTimeOpponent,7786
Wake Forest,ACC,puntReturns,4
Wake Forest,ACC,puntReturnsOpponent,2
Wake Forest,ACC,puntReturnTDs,0
Wake Forest,ACC,puntReturnTDsOpponent,0
Wake Forest,ACC,puntReturnYards,58
Wake Forest,ACC,puntReturnYardsOpponent,-3
Wake Forest,ACC,rushingAttempts,132
Wake Forest,ACC,rushingAttemptsOpponent,148
Wake Forest,ACC,rushingTDs,6
Wake Forest,ACC,rushingTDsOpponent,6
Wake Forest,ACC,rushingYards,588
Wake Forest,ACC,rushingYardsOpponent,508
Wake Forest,ACC,sacks,10
Wake Forest,ACC,sacksOpponent,8
Wake Forest,ACC,tacklesForLoss,26
Wake Forest,ACC,tacklesForLossOpponent,19
Wake Forest,ACC,thirdDownConversions,18
Wake Forest,ACC,thirdDownConversionsOpponent,25
Wake Forest,ACC,thirdDowns,48
Wake Forest,ACC,thirdDownsOpponent,54
Wake Forest,ACC,totalYards,1706
Wake Forest,ACC,totalYardsOpponent,1537
Wake Forest,ACC,turnovers,2
Wake Forest,ACC,turnoversOpponent,2
Washington,Big Ten,firstDowns,77
Washington,Big Ten,firstDownsOpponent,72
Washington,Big Ten,fourthDownConversions,3
Washington,Big Ten,fourthDownConversionsOpponent,1
Washington,Big Ten,fourthDowns,6
Washington,Big Ten,fourthDownsOpponent,5
Washington,Big Ten,fumblesLost,0
Washington,Big Ten,fumblesLostOpponent,2
Washington,Big Ten,fumblesRecovered,2
Washington,Big Ten,fumblesRecoveredOpponent,0
Washington,Big Ten,games,4
Washington,Big Ten,interceptions,3
Washington,Big Ten,interceptionsOpponent,6
Washington,Big Ten,interceptionTDs,0
Washington,Big Ten,interceptionTDsOpponent,0
Washington,Big Ten,interceptionYards,70
Washington,Big Ten,interceptionYardsOpponent,3
Washington,Big Ten,kickReturns,7
Washington,Big Ten,kickReturnsOpponent,7
Washington,Big Ten,kickReturnTDs,0
Washington,Big Ten,kickReturnTDsOpponent,0
Washington,Big Ten,kickReturnYards,136
Washington,Big Ten,kickReturnYardsOpponent,115
Washington,Big Ten,netPassingYards,1154
Washington,Big Ten,netPassingYardsOpponent,715
Washington,Big Ten,passAttempts,140
Washington,Big Ten,passAttemptsOpponent,112
Washington,Big Ten,passCompletions,97
Washington,Big Ten,passCompletionsOpponent,69
Washington,Big Ten,passesIntercepted,6
Washington,Big Ten,passesInterceptedOpponent,3
Washington,Big Ten,passingTDs,8
Washington,Big Ten,passingTDsOpponent,5
Washington,Big Ten,penalties,31
Washington,Big Ten,penaltiesOpponent,22
Washington,Big Ten,penaltyYards,315
Washington,Big Ten,penaltyYardsOpponent,175
Washington,Big Ten,possessionTime,7087
Washington,Big Ten,possessionTimeOpponent,7313
Washington,Big Ten,puntReturns,5
Washington,Big Ten,puntReturnsOpponent,7
Washington,Big Ten,puntReturnTDs,0
Washington,Big Ten,puntReturnTDsOpponent,0
Washington,Big Ten,puntReturnYards,29
Washington,Big Ten,puntReturnYardsOpponent,67
Washington,Big Ten,rushingAttempts,115
Washington,Big Ten,rushingAttemptsOpponent,139
Washington,Big Ten,rushingTDs,5
Washington,Big Ten,rushingTDsOpponent,2
Washington,Big Ten,rushingYards,429
Washington,Big Ten,rushingYardsOpponent,442
Washington,Big Ten,sacks,9
Washington,Big Ten,sacksOpponent,10
Washington,Big Ten,tacklesForLoss,28
Washington,Big Ten,tacklesForLossOpponent,18
Washington,Big Ten,thirdDownConversions,17
Washington,Big Ten,thirdDownConversionsOpponent,15
Washington,Big Ten,thirdDowns,50
Washington,Big Ten,thirdDownsOpponent,52
Washington,Big Ten,totalYards,1583
Washington,Big Ten,totalYardsOpponent,1157
Washington,Big Ten,turnovers,3
Washington,Big Ten,turnoversOpponent,8
Washington State,Pac-12,firstDowns,77
Washington State,Pac-12,firstDownsOpponent,78
Washington State,Pac-12,fourthDownConversions,2
Washington State,Pac-12,fourthDownConversionsOpponent,0
Washington State,Pac-12,fourthDowns,4
Washington State,Pac-12,fourthDownsOpponent,3
Washington State,Pac-12,fumblesLost,3
Washington State,Pac-12,fumblesLostOpponent,0
Washington State,Pac-12,fumblesRecovered,0
Washington State,Pac-12,fumblesRecoveredOpponent,3
Washington State,Pac-12,games,4
Washington State,Pac-12,interceptions,4
Washington State,Pac-12,interceptionsOpponent,3
Washington State,Pac-12,interceptionTDs,2
Washington State,Pac-12,interceptionTDsOpponent,0
Washington State,Pac-12,interceptionYards,106
Washington State,Pac-12,interceptionYardsOpponent,13
Washington State,Pac-12,kickReturns,3
Washington State,Pac-12,kickReturnsOpponent,5
Washington State,Pac-12,kickReturnTDs,0
Washington State,Pac-12,kickReturnTDsOpponent,0
Washington State,Pac-12,kickReturnYards,52
Washington State,Pac-12,kickReturnYardsOpponent,84
Washington State,Pac-12,netPassingYards,644
Washington State,Pac-12,netPassingYardsOpponent,832
Washington State,Pac-12,passAttempts,108
Washington State,Pac-12,passAttemptsOpponent,125
Washington State,Pac-12,passCompletions,66
Washington State,Pac-12,passCompletionsOpponent,78
Washington State,Pac-12,passesIntercepted,3
Washington State,Pac-12,passesInterceptedOpponent,4
Washington State,Pac-12,passingTDs,3
Washington State,Pac-12,passingTDsOpponent,8
Washington State,Pac-12,penalties,27
Washington State,Pac-12,penaltiesOpponent,28
Washington State,Pac-12,penaltyYards,227
Washington State,Pac-12,penaltyYardsOpponent,278
Washington State,Pac-12,possessionTime,6638
Washington State,Pac-12,possessionTimeOpponent,7762
Washington State,Pac-12,puntReturns,9
Washington State,Pac-12,puntReturnsOpponent,7
Washington State,Pac-12,puntReturnTDs,2
Washington State,Pac-12,puntReturnTDsOpponent,0
Washington State,Pac-12,puntReturnYards,144
Washington State,Pac-12,puntReturnYardsOpponent,83
Washington State,Pac-12,rushingAttempts,131
Washington State,Pac-12,rushingAttemptsOpponent,140
Washington State,Pac-12,rushingTDs,5
Washington State,Pac-12,rushingTDsOpponent,4
Washington State,Pac-12,rushingYards,611
Washington State,Pac-12,rushingYardsOpponent,684
Washington State,Pac-12,sacks,5
Washington State,Pac-12,sacksOpponent,11
Washington State,Pac-12,tacklesForLoss,17
Washington State,Pac-12,tacklesForLossOpponent,27
Washington State,Pac-12,thirdDownConversions,13
Washington State,Pac-12,thirdDownConversionsOpponent,23
Washington State,Pac-12,thirdDowns,45
Washington State,Pac-12,thirdDownsOpponent,56
Washington State,Pac-12,totalYards,1255
Washington State,Pac-12,totalYardsOpponent,1516
Washington State,Pac-12,turnovers,7
Washington State,Pac-12,turnoversOpponent,3
Western Kentucky,Conference USA,firstDowns,74
Western Kentucky,Conference USA,firstDownsOpponent,76
Western Kentucky,Conference USA,fourthDownConversions,6
Western Kentucky,Conference USA,fourthDownConversionsOpponent,5
Western Kentucky,Conference USA,fourthDowns,10
Western Kentucky,Conference USA,fourthDownsOpponent,9
Western Kentucky,Conference USA,fumblesLost,5
Western Kentucky,Conference USA,fumblesLostOpponent,2
Western Kentucky,Conference USA,fumblesRecovered,2
Western Kentucky,Conference USA,fumblesRecoveredOpponent,5
Western Kentucky,Conference USA,games,4
Western Kentucky,Conference USA,interceptions,3
Western Kentucky,Conference USA,interceptionsOpponent,1
Western Kentucky,Conference USA,interceptionTDs,0
Western Kentucky,Conference USA,interceptionTDsOpponent,0
Western Kentucky,Conference USA,interceptionYards,8
Western Kentucky,Conference USA,interceptionYardsOpponent,91
Western Kentucky,Conference USA,kickReturns,5
Western Kentucky,Conference USA,kickReturnsOpponent,11
Western Kentucky,Conference USA,kickReturnTDs,0
Western Kentucky,Conference USA,kickReturnTDsOpponent,1
Western Kentucky,Conference USA,kickReturnYards,105
Western Kentucky,Conference USA,kickReturnYardsOpponent,242
Western Kentucky,Conference USA,netPassingYards,851
Western Kentucky,Conference USA,netPassingYardsOpponent,874
Western Kentucky,Conference USA,passAttempts,140
Western Kentucky,Conference USA,passAttemptsOpponent,110
Western Kentucky,Conference USA,passCompletions,83
Western Kentucky,Conference USA,passCompletionsOpponent,66
Western Kentucky,Conference USA,passesIntercepted,1
Western Kentucky,Conference USA,passesInterceptedOpponent,3
Western Kentucky,Conference USA,passingTDs,7
Western Kentucky,Conference USA,passingTDsOpponent,10
Western Kentucky,Conference USA,penalties,14
Western Kentucky,Conference USA,penaltiesOpponent,15
Western Kentucky,Conference USA,penaltyYards,114
Western Kentucky,Conference USA,penaltyYardsOpponent,136
Western Kentucky,Conference USA,possessionTime,7041
Western Kentucky,Conference USA,possessionTimeOpponent,7359
Western Kentucky,Conference USA,puntReturns,4
Western Kentucky,Conference USA,puntReturnsOpponent,6
Western Kentucky,Conference USA,puntReturnTDs,0
Western Kentucky,Conference USA,puntReturnTDsOpponent,0
Western Kentucky,Conference USA,puntReturnYards,71
Western Kentucky,Conference USA,puntReturnYardsOpponent,63
Western Kentucky,Conference USA,rushingAttempts,142
Western Kentucky,Conference USA,rushingAttemptsOpponent,141
Western Kentucky,Conference USA,rushingTDs,5
Western Kentucky,Conference USA,rushingTDsOpponent,11
Western Kentucky,Conference USA,rushingYards,523
Western Kentucky,Conference USA,rushingYardsOpponent,882
Western Kentucky,Conference USA,sacks,3
Western Kentucky,Conference USA,sacksOpponent,7
Western Kentucky,Conference USA,tacklesForLoss,13
Western Kentucky,Conference USA,tacklesForLossOpponent,25
Western Kentucky,Conference USA,thirdDownConversions,24
Western Kentucky,Conference USA,thirdDownConversionsOpponent,20
Western Kentucky,Conference USA,thirdDowns,63
Western Kentucky,Conference USA,thirdDownsOpponent,49
Western Kentucky,Conference USA,totalYards,1374
Western Kentucky,Conference USA,totalYardsOpponent,1756
Western Kentucky,Conference USA,turnovers,8
Western Kentucky,Conference USA,turnoversOpponent,3
Western Michigan,Mid-American,firstDowns,69
Western Michigan,Mid-American,firstDownsOpponent,80
Western Michigan,Mid-American,fourthDownConversions,2
Western Michigan,Mid-American,fourthDownConversionsOpponent,3
Western Michigan,Mid-American,fourthDowns,7
Western Michigan,Mid-American,fourthDownsOpponent,8
Western Michigan,Mid-American,fumblesLost,1
Western Michigan,Mid-American,fumblesLostOpponent,4
Western Michigan,Mid-American,fumblesRecovered,4
Western Michigan,Mid-American,fumblesRecoveredOpponent,1
Western Michigan,Mid-American,games,4
Western Michigan,Mid-American,interceptions,1
Western Michigan,Mid-American,interceptionsOpponent,1
Western Michigan,Mid-American,interceptionTDs,0
Western Michigan,Mid-American,interceptionTDsOpponent,0
Western Michigan,Mid-American,interceptionYards,4
Western Michigan,Mid-American,interceptionYardsOpponent,22
Western Michigan,Mid-American,kickReturns,5
Western Michigan,Mid-American,kickReturnsOpponent,4
Western Michigan,Mid-American,kickReturnTDs,0
Western Michigan,Mid-American,kickReturnTDsOpponent,0
Western Michigan,Mid-American,kickReturnYards,73
Western Michigan,Mid-American,kickReturnYardsOpponent,38
Western Michigan,Mid-American,netPassingYards,581
Western Michigan,Mid-American,netPassingYardsOpponent,768
Western Michigan,Mid-American,passAttempts,96
Western Michigan,Mid-American,passAttemptsOpponent,110
Western Michigan,Mid-American,passCompletions,62
Western Michigan,Mid-American,passCompletionsOpponent,67
Western Michigan,Mid-American,passesIntercepted,1
Western Michigan,Mid-American,passesInterceptedOpponent,1
Western Michigan,Mid-American,passingTDs,5
Western Michigan,Mid-American,passingTDsOpponent,6
Western Michigan,Mid-American,penalties,20
Western Michigan,Mid-American,penaltiesOpponent,23
Western Michigan,Mid-American,penaltyYards,188
Western Michigan,Mid-American,penaltyYardsOpponent,232
Western Michigan,Mid-American,possessionTime,7463
Western Michigan,Mid-American,possessionTimeOpponent,6937
Western Michigan,Mid-American,puntReturns,6
Western Michigan,Mid-American,puntReturnsOpponent,2
Western Michigan,Mid-American,puntReturnTDs,0
Western Michigan,Mid-American,puntReturnTDsOpponent,0
Western Michigan,Mid-American,puntReturnYards,84
Western Michigan,Mid-American,puntReturnYardsOpponent,9
Western Michigan,Mid-American,rushingAttempts,142
Western Michigan,Mid-American,rushingAttemptsOpponent,155
Western Michigan,Mid-American,rushingTDs,7
Western Michigan,Mid-American,rushingTDsOpponent,5
Western Michigan,Mid-American,rushingYards,610
Western Michigan,Mid-American,rushingYardsOpponent,646
Western Michigan,Mid-American,sacks,3
Western Michigan,Mid-American,sacksOpponent,6
Western Michigan,Mid-American,tacklesForLoss,10
Western Michigan,Mid-American,tacklesForLossOpponent,16
Western Michigan,Mid-American,thirdDownConversions,21
Western Michigan,Mid-American,thirdDownConversionsOpponent,25
Western Michigan,Mid-American,thirdDowns,52
Western Michigan,Mid-American,thirdDownsOpponent,54
Western Michigan,Mid-American,totalYards,1191
Western Michigan,Mid-American,totalYardsOpponent,1414
Western Michigan,Mid-American,turnovers,2
Western Michigan,Mid-American,turnoversOpponent,5
West Virginia,Big 12,firstDowns,91
West Virginia,Big 12,firstDownsOpponent,83
West Virginia,Big 12,fourthDownConversions,2
West Virginia,Big 12,fourthDownConversionsOpponent,4
West Virginia,Big 12,fourthDowns,5
West Virginia,Big 12,fourthDownsOpponent,8
West Virginia,Big 12,fumblesLost,2
West Virginia,Big 12,fumblesLostOpponent,3
West Virginia,Big 12,fumblesRecovered,3
West Virginia,Big 12,fumblesRecoveredOpponent,1
West Virginia,Big 12,games,4
West Virginia,Big 12,interceptions,1
West Virginia,Big 12,interceptionsOpponent,2
West Virginia,Big 12,interceptionTDs,0
West Virginia,Big 12,interceptionTDsOpponent,0
West Virginia,Big 12,interceptionYards,3
West Virginia,Big 12,interceptionYardsOpponent,30
West Virginia,Big 12,kickReturns,2
West Virginia,Big 12,kickReturnsOpponent,1
West Virginia,Big 12,kickReturnTDs,0
West Virginia,Big 12,kickReturnTDsOpponent,0
West Virginia,Big 12,kickReturnYards,42
West Virginia,Big 12,kickReturnYardsOpponent,16
West Virginia,Big 12,netPassingYards,663
West Virginia,Big 12,netPassingYardsOpponent,1129
West Virginia,Big 12,passAttempts,65
West Virginia,Big 12,passAttemptsOpponent,130
West Virginia,Big 12,passCompletions,39
West Virginia,Big 12,passCompletionsOpponent,84
West Virginia,Big 12,passesIntercepted,2
West Virginia,Big 12,passesInterceptedOpponent,1
West Virginia,Big 12,passingTDs,6
West Virginia,Big 12,passingTDsOpponent,8
West Virginia,Big 12,penalties,19
West Virginia,Big 12,penaltiesOpponent,31
West Virginia,Big 12,penaltyYards,143
West Virginia,Big 12,penaltyYardsOpponent,265
West Virginia,Big 12,possessionTime,6969
West Virginia,Big 12,possessionTimeOpponent,7431
West Virginia,Big 12,puntReturns,3
West Virginia,Big 12,puntReturnsOpponent,1
West Virginia,Big 12,puntReturnTDs,0
West Virginia,Big 12,puntReturnTDsOpponent,0
West Virginia,Big 12,puntReturnYards,25
West Virginia,Big 12,puntReturnYardsOpponent,6
West Virginia,Big 12,rushingAttempts,229
West Virginia,Big 12,rushingAttemptsOpponent,142
West Virginia,Big 12,rushingTDs,13
West Virginia,Big 12,rushingTDsOpponent,3
West Virginia,Big 12,rushingYards,1179
West Virginia,Big 12,rushingYardsOpponent,577
West Virginia,Big 12,sacks,10
West Virginia,Big 12,sacksOpponent,6
West Virginia,Big 12,tacklesForLoss,25
West Virginia,Big 12,tacklesForLossOpponent,20
West Virginia,Big 12,thirdDownConversions,33
West Virginia,Big 12,thirdDownConversionsOpponent,17
West Virginia,Big 12,thirdDowns,62
West Virginia,Big 12,thirdDownsOpponent,52
West Virginia,Big 12,totalYards,1842
West Virginia,Big 12,totalYardsOpponent,1706
West Virginia,Big 12,turnovers,3
West Virginia,Big 12,turnoversOpponent,5
Wisconsin,Big Ten,firstDowns,73
Wisconsin,Big Ten,firstDownsOpponent,62
Wisconsin,Big Ten,fourthDownConversions,4
Wisconsin,Big Ten,fourthDownConversionsOpponent,4
Wisconsin,Big Ten,fourthDowns,6
Wisconsin,Big Ten,fourthDownsOpponent,6
Wisconsin,Big Ten,fumblesLost,1
Wisconsin,Big Ten,fumblesLostOpponent,1
Wisconsin,Big Ten,fumblesRecovered,1
Wisconsin,Big Ten,fumblesRecoveredOpponent,1
Wisconsin,Big Ten,games,4
Wisconsin,Big Ten,interceptions,5
Wisconsin,Big Ten,interceptionsOpponent,3
Wisconsin,Big Ten,interceptionTDs,0
Wisconsin,Big Ten,interceptionTDsOpponent,2
Wisconsin,Big Ten,interceptionYards,24
Wisconsin,Big Ten,interceptionYardsOpponent,130
Wisconsin,Big Ten,kickReturns,8
Wisconsin,Big Ten,kickReturnsOpponent,7
Wisconsin,Big Ten,kickReturnTDs,0
Wisconsin,Big Ten,kickReturnTDsOpponent,0
Wisconsin,Big Ten,kickReturnYards,197
Wisconsin,Big Ten,kickReturnYardsOpponent,123
Wisconsin,Big Ten,netPassingYards,987
Wisconsin,Big Ten,netPassingYardsOpponent,655
Wisconsin,Big Ten,passAttempts,123
Wisconsin,Big Ten,passAttemptsOpponent,112
Wisconsin,Big Ten,passCompletions,72
Wisconsin,Big Ten,passCompletionsOpponent,64
Wisconsin,Big Ten,passesIntercepted,3
Wisconsin,Big Ten,passesInterceptedOpponent,5
Wisconsin,Big Ten,passingTDs,7
Wisconsin,Big Ten,passingTDsOpponent,3
Wisconsin,Big Ten,penalties,25
Wisconsin,Big Ten,penaltiesOpponent,17
Wisconsin,Big Ten,penaltyYards,190
Wisconsin,Big Ten,penaltyYardsOpponent,144
Wisconsin,Big Ten,possessionTime,6858
Wisconsin,Big Ten,possessionTimeOpponent,7542
Wisconsin,Big Ten,puntReturns,3
Wisconsin,Big Ten,puntReturnsOpponent,3
Wisconsin,Big Ten,puntReturnTDs,1
Wisconsin,Big Ten,puntReturnTDsOpponent,0
Wisconsin,Big Ten,puntReturnYards,51
Wisconsin,Big Ten,puntReturnYardsOpponent,28
Wisconsin,Big Ten,rushingAttempts,120
Wisconsin,Big Ten,rushingAttemptsOpponent,136
Wisconsin,Big Ten,rushingTDs,5
Wisconsin,Big Ten,rushingTDsOpponent,3
Wisconsin,Big Ten,rushingYards,537
Wisconsin,Big Ten,rushingYardsOpponent,446
Wisconsin,Big Ten,sacks,5
Wisconsin,Big Ten,sacksOpponent,3
Wisconsin,Big Ten,tacklesForLoss,16
Wisconsin,Big Ten,tacklesForLossOpponent,15
Wisconsin,Big Ten,thirdDownConversions,22
Wisconsin,Big Ten,thirdDownConversionsOpponent,17
Wisconsin,Big Ten,thirdDowns,52
Wisconsin,Big Ten,thirdDownsOpponent,54
Wisconsin,Big Ten,totalYards,1524
Wisconsin,Big Ten,totalYardsOpponent,1101
Wisconsin,Big Ten,turnovers,6
Wisconsin,Big Ten,turnoversOpponent,4
Wyoming,Mountain West,firstDowns,73
Wyoming,Mountain West,firstDownsOpponent,77
Wyoming,Mountain West,fourthDownConversions,2
Wyoming,Mountain West,fourthDownConversionsOpponent,7
Wyoming,Mountain West,fourthDowns,4
Wyoming,Mountain West,fourthDownsOpponent,11
Wyoming,Mountain West,fumblesLost,3
Wyoming,Mountain West,fumblesLostOpponent,0
Wyoming,Mountain West,fumblesRecovered,0
Wyoming,Mountain West,fumblesRecoveredOpponent,3
Wyoming,Mountain West,games,4
Wyoming,Mountain West,interceptions,5
Wyoming,Mountain West,interceptionsOpponent,2
Wyoming,Mountain West,interceptionTDs,0
Wyoming,Mountain West,interceptionTDsOpponent,0
Wyoming,Mountain West,interceptionYards,0
Wyoming,Mountain West,interceptionYardsOpponent,24
Wyoming,Mountain West,kickReturns,6
Wyoming,Mountain West,kickReturnsOpponent,2
Wyoming,Mountain West,kickReturnTDs,0
Wyoming,Mountain West,kickReturnTDsOpponent,0
Wyoming,Mountain West,kickReturnYards,150
Wyoming,Mountain West,kickReturnYardsOpponent,39
Wyoming,Mountain West,netPassingYards,663
Wyoming,Mountain West,netPassingYardsOpponent,706
Wyoming,Mountain West,passAttempts,99
Wyoming,Mountain West,passAttemptsOpponent,111
Wyoming,Mountain West,passCompletions,62
Wyoming,Mountain West,passCompletionsOpponent,70
Wyoming,Mountain West,passesIntercepted,2
Wyoming,Mountain West,passesInterceptedOpponent,5
Wyoming,Mountain West,passingTDs,2
Wyoming,Mountain West,passingTDsOpponent,7
Wyoming,Mountain West,penalties,23
Wyoming,Mountain West,penaltiesOpponent,23
Wyoming,Mountain West,penaltyYards,194
Wyoming,Mountain West,penaltyYardsOpponent,197
Wyoming,Mountain West,possessionTime,6949
Wyoming,Mountain West,possessionTimeOpponent,7451
Wyoming,Mountain West,puntReturns,6
Wyoming,Mountain West,puntReturnsOpponent,7
Wyoming,Mountain West,puntReturnTDs,0
Wyoming,Mountain West,puntReturnTDsOpponent,0
Wyoming,Mountain West,puntReturnYards,29
Wyoming,Mountain West,puntReturnYardsOpponent,69
Wyoming,Mountain West,rushingAttempts,134
Wyoming,Mountain West,rushingAttemptsOpponent,151
Wyoming,Mountain West,rushingTDs,6
Wyoming,Mountain West,rushingTDsOpponent,3
Wyoming,Mountain West,rushingYards,643
Wyoming,Mountain West,rushingYardsOpponent,734
Wyoming,Mountain West,sacks,6
Wyoming,Mountain West,sacksOpponent,6
Wyoming,Mountain West,tacklesForLoss,19
Wyoming,Mountain West,tacklesForLossOpponent,16
Wyoming,Mountain West,thirdDownConversions,17
Wyoming,Mountain West,thirdDownConversionsOpponent,21
Wyoming,Mountain West,thirdDowns,45
Wyoming,Mountain West,thirdDownsOpponent,54
Wyoming,Mountain West,totalYards,1306
Wyoming,Mountain West,totalYardsOpponent,1440
Wyoming,Mountain West,turnovers,8
Wyoming,Mountain West,turnoversOpponent,2
