id,school,mascot,abbreviation,alternateNames,conference,division,classification,color,alternateColor,logos,twitter,location.id,location.name,location.city,location.state,location.zip,location.countryCode,location.timezone,location.latitude,location.longitude,location.elevation,location.capacity,location.constructionYear,location.grass,location.dome
2000,Abilene Christian,Wildcats,ACU,"['ACU', 'Abilene Chrstn']",UAC,,fcs,#592d82,#b1b3b3,"['https://cdn.collegefootballdata.com/logos/500/2000.png', 'https://cdn.collegefootballdata.com/logos-dark/500/2000.png', 'https://cdn.collegefootballdata.com/logos/256/2000.png', 'https://cdn.collegefootballdata.com/logos-dark/256/2000.png', 'https://cdn.collegefootballdata.com/logos/128/2000.png', 'https://cdn.collegefootballdata.com/logos-dark/128/2000.png', 'https://cdn.collegefootballdata.com/logos/96/2000.png', 'https://cdn.collegefootballdata.com/logos-dark/96/2000.png', 'https://cdn.collegefootballdata.com/logos/64/2000.png', 'https://cdn.collegefootballdata.com/logos-dark/64/2000.png', 'https://cdn.collegefootballdata.com/logos/48/2000.png', 'https://cdn.collegefootballdata.com/logos-dark/48/2000.png', 'https://cdn.collegefootballdata.com/logos/32/2000.png', 'https://cdn.collegefootballdata.com/logos-dark/32/2000.png', 'https://cdn.collegefootballdata.com/logos/16/2000.png', 'https://cdn.collegefootballdata.com/logos-dark/16/2000.png']",@ACUFootball,5440.0,Wildcat Stadium (TX),Abilene,TX,79601,US,America/Chicago,32.472275,-99.710464,520.9,12000.0,2017.0,False,False
1001074,Adams,,,[],,,,#null,#null,,,,,,,,,,,,,,,,
2001,Adams State,Grizzlies,ADSU,"['ADSU', 'Adams St']",Rocky Mountain,,ii,#000000,#null,"['https://cdn.collegefootballdata.com/logos/500/2001.png', 'https://cdn.collegefootballdata.com/logos-dark/500/2001.png', 'https://cdn.collegefootballdata.com/logos/256/2001.png', 'https://cdn.collegefootballdata.com/logos-dark/256/2001.png', 'https://cdn.collegefootballdata.com/logos/128/2001.png', 'https://cdn.collegefootballdata.com/logos-dark/128/2001.png', 'https://cdn.collegefootballdata.com/logos/96/2001.png', 'https://cdn.collegefootballdata.com/logos-dark/96/2001.png', 'https://cdn.collegefootballdata.com/logos/64/2001.png', 'https://cdn.collegefootballdata.com/logos-dark/64/2001.png', 'https://cdn.collegefootballdata.com/logos/48/2001.png', 'https://cdn.collegefootballdata.com/logos-dark/48/2001.png', 'https://cdn.collegefootballdata.com/logos/32/2001.png', 'https://cdn.collegefootballdata.com/logos-dark/32/2001.png', 'https://cdn.collegefootballdata.com/logos/16/2001.png', 'https://cdn.collegefootballdata.com/logos-dark/16/2001.png']",,5866.0,Rex Stadium,Alamosa,CO,81101,US,,37.5780995,-105.7890452,,2800.0,,,False
2003,Adrian,Bulldogs,ADR,"['ADR', 'Adrian']",Michigan,,iii,#000000,#null,"['https://cdn.collegefootballdata.com/logos/500/2003.png', 'https://cdn.collegefootballdata.com/logos-dark/500/2003.png', 'https://cdn.collegefootballdata.com/logos/256/2003.png', 'https://cdn.collegefootballdata.com/logos-dark/256/2003.png', 'https://cdn.collegefootballdata.com/logos/128/2003.png', 'https://cdn.collegefootballdata.com/logos-dark/128/2003.png', 'https://cdn.collegefootballdata.com/logos/96/2003.png', 'https://cdn.collegefootballdata.com/logos-dark/96/2003.png', 'https://cdn.collegefootballdata.com/logos/64/2003.png', 'https://cdn.collegefootballdata.com/logos-dark/64/2003.png', 'https://cdn.collegefootballdata.com/logos/48/2003.png', 'https://cdn.collegefootballdata.com/logos-dark/48/2003.png', 'https://cdn.collegefootballdata.com/logos/32/2003.png', 'https://cdn.collegefootballdata.com/logos-dark/32/2003.png', 'https://cdn.collegefootballdata.com/logos/16/2003.png', 'https://cdn.collegefootballdata.com/logos-dark/16/2003.png']",,5787.0,Docking Stadium,Adrian,MI,49221,US,,41.8975152,-84.0373054,,3000.0,,,False
2005,Air Force,Falcons,AF,"['AF', 'Air Force']",Mountain West,,fbs,#003594,#ffffff,"['https://cdn.collegefootballdata.com/logos/500/2005.png', 'https://cdn.collegefootballdata.com/logos-dark/500/2005.png', 'https://cdn.collegefootballdata.com/logos/256/2005.png', 'https://cdn.collegefootballdata.com/logos-dark/256/2005.png', 'https://cdn.collegefootballdata.com/logos/128/2005.png', 'https://cdn.collegefootballdata.com/logos-dark/128/2005.png', 'https://cdn.collegefootballdata.com/logos/96/2005.png', 'https://cdn.collegefootballdata.com/logos-dark/96/2005.png', 'https://cdn.collegefootballdata.com/logos/64/2005.png', 'https://cdn.collegefootballdata.com/logos-dark/64/2005.png', 'https://cdn.collegefootballdata.com/logos/48/2005.png', 'https://cdn.collegefootballdata.com/logos-dark/48/2005.png', 'https://cdn.collegefootballdata.com/logos/32/2005.png', 'https://cdn.collegefootballdata.com/logos-dark/32/2005.png', 'https://cdn.collegefootballdata.com/logos/16/2005.png', 'https://cdn.collegefootballdata.com/logos-dark/16/2005.png']",@AF_Football,3713.0,Falcon Stadium,Colorado Springs,CO,80840,US,America/Denver,38.9969701,-104.8436165,2024.875732,46692.0,1962.0,False,False
2006,Akron,Zips,AKR,"['AKR', 'Akron']",Mid-American,,fbs,#041e42,#a89968,"['https://cdn.collegefootballdata.com/logos/500/2006.png', 'https://cdn.collegefootballdata.com/logos-dark/500/2006.png', 'https://cdn.collegefootballdata.com/logos/256/2006.png', 'https://cdn.collegefootballdata.com/logos-dark/256/2006.png', 'https://cdn.collegefootballdata.com/logos/128/2006.png', 'https://cdn.collegefootballdata.com/logos-dark/128/2006.png', 'https://cdn.collegefootballdata.com/logos/96/2006.png', 'https://cdn.collegefootballdata.com/logos-dark/96/2006.png', 'https://cdn.collegefootballdata.com/logos/64/2006.png', 'https://cdn.collegefootballdata.com/logos-dark/64/2006.png', 'https://cdn.collegefootballdata.com/logos/48/2006.png', 'https://cdn.collegefootballdata.com/logos-dark/48/2006.png', 'https://cdn.collegefootballdata.com/logos/32/2006.png', 'https://cdn.collegefootballdata.com/logos-dark/32/2006.png', 'https://cdn.collegefootballdata.com/logos/16/2006.png', 'https://cdn.collegefootballdata.com/logos-dark/16/2006.png']",@ZipsFB,3768.0,InfoCision Stadium,Akron,OH,44399,US,America/New_York,41.0725534,-81.5083408,321.2875061,30000.0,2009.0,False,False
1001035,Akron Westfield Senior,,,[],,,,#null,#null,,,,,,,,,,,,,,,,
333,Alabama,Crimson Tide,ALA,"['ALA', 'Alabama']",SEC,,fbs,#9e1b32,#ffffff,"['https://cdn.collegefootballdata.com/logos/500/333.png', 'https://cdn.collegefootballdata.com/logos-dark/500/333.png', 'https://cdn.collegefootballdata.com/logos/256/333.png', 'https://cdn.collegefootballdata.com/logos-dark/256/333.png', 'https://cdn.collegefootballdata.com/logos/128/333.png', 'https://cdn.collegefootballdata.com/logos-dark/128/333.png', 'https://cdn.collegefootballdata.com/logos/96/333.png', 'https://cdn.collegefootballdata.com/logos-dark/96/333.png', 'https://cdn.collegefootballdata.com/logos/64/333.png', 'https://cdn.collegefootballdata.com/logos-dark/64/333.png', 'https://cdn.collegefootballdata.com/logos/48/333.png', 'https://cdn.collegefootballdata.com/logos-dark/48/333.png', 'https://cdn.collegefootballdata.com/logos/32/333.png', 'https://cdn.collegefootballdata.com/logos-dark/32/333.png', 'https://cdn.collegefootballdata.com/logos/16/333.png', 'https://cdn.collegefootballdata.com/logos-dark/16/333.png']",@AlabamaFTBL,3657.0,Bryant-Denny Stadium,Tuscaloosa,AL,35487,US,America/Chicago,33.2082752,-87.5503836,70.05136108,101821.0,1929.0,True,False
2010,Alabama A&M,Bulldogs,AAMU,"['AAMU', 'Alabama A&M']",SWAC,East,fcs,#790000,#ffffff,"['https://cdn.collegefootballdata.com/logos/500/2010.png', 'https://cdn.collegefootballdata.com/logos-dark/500/2010.png', 'https://cdn.collegefootballdata.com/logos/256/2010.png', 'https://cdn.collegefootballdata.com/logos-dark/256/2010.png', 'https://cdn.collegefootballdata.com/logos/128/2010.png', 'https://cdn.collegefootballdata.com/logos-dark/128/2010.png', 'https://cdn.collegefootballdata.com/logos/96/2010.png', 'https://cdn.collegefootballdata.com/logos-dark/96/2010.png', 'https://cdn.collegefootballdata.com/logos/64/2010.png', 'https://cdn.collegefootballdata.com/logos-dark/64/2010.png', 'https://cdn.collegefootballdata.com/logos/48/2010.png', 'https://cdn.collegefootballdata.com/logos-dark/48/2010.png', 'https://cdn.collegefootballdata.com/logos/32/2010.png', 'https://cdn.collegefootballdata.com/logos-dark/32/2010.png', 'https://cdn.collegefootballdata.com/logos/16/2010.png', 'https://cdn.collegefootballdata.com/logos-dark/16/2010.png']",@AAMUFB,3809.0,Louis Crews Stadium,Huntsville,AL,35810,US,America/Chicago,34.7835363,-86.5784132,214.9181061,21000.0,1996.0,False,False
2011,Alabama State,Hornets,ALST,"['ALST', 'Alabama St']",SWAC,East,fcs,#e9a900,#0a0a0a,"['https://cdn.collegefootballdata.com/logos/500/2011.png', 'https://cdn.collegefootballdata.com/logos-dark/500/2011.png', 'https://cdn.collegefootballdata.com/logos/256/2011.png', 'https://cdn.collegefootballdata.com/logos-dark/256/2011.png', 'https://cdn.collegefootballdata.com/logos/128/2011.png', 'https://cdn.collegefootballdata.com/logos-dark/128/2011.png', 'https://cdn.collegefootballdata.com/logos/96/2011.png', 'https://cdn.collegefootballdata.com/logos-dark/96/2011.png', 'https://cdn.collegefootballdata.com/logos/64/2011.png', 'https://cdn.collegefootballdata.com/logos-dark/64/2011.png', 'https://cdn.collegefootballdata.com/logos/48/2011.png', 'https://cdn.collegefootballdata.com/logos-dark/48/2011.png', 'https://cdn.collegefootballdata.com/logos/32/2011.png', 'https://cdn.collegefootballdata.com/logos-dark/32/2011.png', 'https://cdn.collegefootballdata.com/logos/16/2011.png', 'https://cdn.collegefootballdata.com/logos-dark/16/2011.png']",@BamaStateFB,4582.0,Hornet Stadium,Montgomery,AL,36106,US,America/Chicago,32.3642223,-86.2896902,79.35839844,26500.0,2012.0,False,False
1001026,Albany,,,[],,,,#null,#null,,,,,,,,,,,,,,,,
1001029,Albany,,,[],,,,#null,#null,,,,,,,,,,,,,,,,
1001024,Albany,,,[],,,,#null,#null,,,,,,,,,,,,,,,,
1001006,Albany State,,,[],,,,#null,#null,,,,,,,,,,,,,,,,
2013,Albany State,Golden Rams,ABSU,"['ABSU', 'Albany St']",SIAC,,ii,#000000,#null,"['https://cdn.collegefootballdata.com/logos/500/2013.png', 'https://cdn.collegefootballdata.com/logos-dark/500/2013.png', 'https://cdn.collegefootballdata.com/logos/256/2013.png', 'https://cdn.collegefootballdata.com/logos-dark/256/2013.png', 'https://cdn.collegefootballdata.com/logos/128/2013.png', 'https://cdn.collegefootballdata.com/logos-dark/128/2013.png', 'https://cdn.collegefootballdata.com/logos/96/2013.png', 'https://cdn.collegefootballdata.com/logos-dark/96/2013.png', 'https://cdn.collegefootballdata.com/logos/64/2013.png', 'https://cdn.collegefootballdata.com/logos-dark/64/2013.png', 'https://cdn.collegefootballdata.com/logos/48/2013.png', 'https://cdn.collegefootballdata.com/logos-dark/48/2013.png', 'https://cdn.collegefootballdata.com/logos/32/2013.png', 'https://cdn.collegefootballdata.com/logos-dark/32/2013.png', 'https://cdn.collegefootballdata.com/logos/16/2013.png', 'https://cdn.collegefootballdata.com/logos-dark/16/2013.png']",,5867.0,Albany State University Coliseum,Albany,GA,31701,US,,31.5782062,-84.1556809,,10000.0,,,False
2790,Albion,Britons,ALBI,"['ALBI', 'Albion']",Michigan,,iii,#000000,#null,"['https://cdn.collegefootballdata.com/logos/500/2790.png', 'https://cdn.collegefootballdata.com/logos-dark/500/2790.png', 'https://cdn.collegefootballdata.com/logos/256/2790.png', 'https://cdn.collegefootballdata.com/logos-dark/256/2790.png', 'https://cdn.collegefootballdata.com/logos/128/2790.png', 'https://cdn.collegefootballdata.com/logos-dark/128/2790.png', 'https://cdn.collegefootballdata.com/logos/96/2790.png', 'https://cdn.collegefootballdata.com/logos-dark/96/2790.png', 'https://cdn.collegefootballdata.com/logos/64/2790.png', 'https://cdn.collegefootballdata.com/logos-dark/64/2790.png', 'https://cdn.collegefootballdata.com/logos/48/2790.png', 'https://cdn.collegefootballdata.com/logos-dark/48/2790.png', 'https://cdn.collegefootballdata.com/logos/32/2790.png', 'https://cdn.collegefootballdata.com/logos-dark/32/2790.png', 'https://cdn.collegefootballdata.com/logos/16/2790.png', 'https://cdn.collegefootballdata.com/logos-dark/16/2790.png']",,5786.0,Sprankle-Sprandel Stadium,Albion,MI,49224,US,,42.243097,-84.7530304,,4000.0,,,False
2015,Albright,Lions,ALBR,"['ALBR', 'Albright']",Mid Atlantic,,iii,#c82e48,#000000,"['https://cdn.collegefootballdata.com/logos/500/2015.png', 'https://cdn.collegefootballdata.com/logos-dark/500/2015.png', 'https://cdn.collegefootballdata.com/logos/256/2015.png', 'https://cdn.collegefootballdata.com/logos-dark/256/2015.png', 'https://cdn.collegefootballdata.com/logos/128/2015.png', 'https://cdn.collegefootballdata.com/logos-dark/128/2015.png', 'https://cdn.collegefootballdata.com/logos/96/2015.png', 'https://cdn.collegefootballdata.com/logos-dark/96/2015.png', 'https://cdn.collegefootballdata.com/logos/64/2015.png', 'https://cdn.collegefootballdata.com/logos-dark/64/2015.png', 'https://cdn.collegefootballdata.com/logos/48/2015.png', 'https://cdn.collegefootballdata.com/logos-dark/48/2015.png', 'https://cdn.collegefootballdata.com/logos/32/2015.png', 'https://cdn.collegefootballdata.com/logos-dark/32/2015.png', 'https://cdn.collegefootballdata.com/logos/16/2015.png', 'https://cdn.collegefootballdata.com/logos-dark/16/2015.png']",,5127.0,Gene L. Shirk Stadium,Reading,PA,19501,US,,40.335345,-75.9279495,,5000.0,,,False
2016,Alcorn State,Braves,ALCN,"['Alcorn', 'ALCN', 'Alcorn St']",SWAC,West,fcs,#4b0058,#46166a,"['https://cdn.collegefootballdata.com/logos/500/2016.png', 'https://cdn.collegefootballdata.com/logos-dark/500/2016.png', 'https://cdn.collegefootballdata.com/logos/256/2016.png', 'https://cdn.collegefootballdata.com/logos-dark/256/2016.png', 'https://cdn.collegefootballdata.com/logos/128/2016.png', 'https://cdn.collegefootballdata.com/logos-dark/128/2016.png', 'https://cdn.collegefootballdata.com/logos/96/2016.png', 'https://cdn.collegefootballdata.com/logos-dark/96/2016.png', 'https://cdn.collegefootballdata.com/logos/64/2016.png', 'https://cdn.collegefootballdata.com/logos-dark/64/2016.png', 'https://cdn.collegefootballdata.com/logos/48/2016.png', 'https://cdn.collegefootballdata.com/logos-dark/48/2016.png', 'https://cdn.collegefootballdata.com/logos/32/2016.png', 'https://cdn.collegefootballdata.com/logos-dark/32/2016.png', 'https://cdn.collegefootballdata.com/logos/16/2016.png', 'https://cdn.collegefootballdata.com/logos-dark/16/2016.png']",@BravesSports,3771.0,Jack Spinks Stadium,Lorman,MS,39096,US,America/Chicago,31.873621,-91.13488,72.25324249,22500.0,1992.0,False,False
2017,Alderson-Broaddus,Battlers,ABC,"['ABC', 'Ald.-Broaddus']",Mountain East,,ii,#null,#null,"['https://cdn.collegefootballdata.com/logos/500/2017.png', 'https://cdn.collegefootballdata.com/logos-dark/500/2017.png', 'https://cdn.collegefootballdata.com/logos/256/2017.png', 'https://cdn.collegefootballdata.com/logos-dark/256/2017.png', 'https://cdn.collegefootballdata.com/logos/128/2017.png', 'https://cdn.collegefootballdata.com/logos-dark/128/2017.png', 'https://cdn.collegefootballdata.com/logos/96/2017.png', 'https://cdn.collegefootballdata.com/logos-dark/96/2017.png', 'https://cdn.collegefootballdata.com/logos/64/2017.png', 'https://cdn.collegefootballdata.com/logos-dark/64/2017.png', 'https://cdn.collegefootballdata.com/logos/48/2017.png', 'https://cdn.collegefootballdata.com/logos-dark/48/2017.png', 'https://cdn.collegefootballdata.com/logos/32/2017.png', 'https://cdn.collegefootballdata.com/logos-dark/32/2017.png', 'https://cdn.collegefootballdata.com/logos/16/2017.png', 'https://cdn.collegefootballdata.com/logos-dark/16/2017.png']",,4421.0,Multi-Sport Performance Stadium,Philippi,WV,26416,US,,39.1523198,-80.0403578,,2500.0,,,False
365,Alfred,Saxons,ALFR,"['ALFR', 'Alfred']",Empire 8,,iii,#000000,#null,"['https://cdn.collegefootballdata.com/logos/500/365.png', 'https://cdn.collegefootballdata.com/logos-dark/500/365.png', 'https://cdn.collegefootballdata.com/logos/256/365.png', 'https://cdn.collegefootballdata.com/logos-dark/256/365.png', 'https://cdn.collegefootballdata.com/logos/128/365.png', 'https://cdn.collegefootballdata.com/logos-dark/128/365.png', 'https://cdn.collegefootballdata.com/logos/96/365.png', 'https://cdn.collegefootballdata.com/logos-dark/96/365.png', 'https://cdn.collegefootballdata.com/logos/64/365.png', 'https://cdn.collegefootballdata.com/logos-dark/64/365.png', 'https://cdn.collegefootballdata.com/logos/48/365.png', 'https://cdn.collegefootballdata.com/logos-dark/48/365.png', 'https://cdn.collegefootballdata.com/logos/32/365.png', 'https://cdn.collegefootballdata.com/logos-dark/32/365.png', 'https://cdn.collegefootballdata.com/logos/16/365.png', 'https://cdn.collegefootballdata.com/logos-dark/16/365.png']",,5788.0,Merrill Field at Yunevich Stadium,Alfred,NY,14802,US,,42.2542334,-77.7906062,,1435.0,,,False
3162,Alfred State,Pioneers,AFST,"['AFST', 'Alfred St']",Empire 8,,iii,#000000,#null,"['https://cdn.collegefootballdata.com/logos/500/3162.png', 'https://cdn.collegefootballdata.com/logos-dark/500/3162.png', 'https://cdn.collegefootballdata.com/logos/256/3162.png', 'https://cdn.collegefootballdata.com/logos-dark/256/3162.png', 'https://cdn.collegefootballdata.com/logos/128/3162.png', 'https://cdn.collegefootballdata.com/logos-dark/128/3162.png', 'https://cdn.collegefootballdata.com/logos/96/3162.png', 'https://cdn.collegefootballdata.com/logos-dark/96/3162.png', 'https://cdn.collegefootballdata.com/logos/64/3162.png', 'https://cdn.collegefootballdata.com/logos-dark/64/3162.png', 'https://cdn.collegefootballdata.com/logos/48/3162.png', 'https://cdn.collegefootballdata.com/logos-dark/48/3162.png', 'https://cdn.collegefootballdata.com/logos/32/3162.png', 'https://cdn.collegefootballdata.com/logos-dark/32/3162.png', 'https://cdn.collegefootballdata.com/logos/16/3162.png', 'https://cdn.collegefootballdata.com/logos-dark/16/3162.png']",,3877.0,Pioneer Stadium,Alfred,NY,14802,US,,42.2542334,-77.7906062,,1500.0,,,False
2018,Allegheny,Gators,ALLG,"['ALLG', 'Allegheny']",Presidents',,iii,#000000,#null,"['https://cdn.collegefootballdata.com/logos/500/2018.png', 'https://cdn.collegefootballdata.com/logos-dark/500/2018.png', 'https://cdn.collegefootballdata.com/logos/256/2018.png', 'https://cdn.collegefootballdata.com/logos-dark/256/2018.png', 'https://cdn.collegefootballdata.com/logos/128/2018.png', 'https://cdn.collegefootballdata.com/logos-dark/128/2018.png', 'https://cdn.collegefootballdata.com/logos/96/2018.png', 'https://cdn.collegefootballdata.com/logos-dark/96/2018.png', 'https://cdn.collegefootballdata.com/logos/64/2018.png', 'https://cdn.collegefootballdata.com/logos-dark/64/2018.png', 'https://cdn.collegefootballdata.com/logos/48/2018.png', 'https://cdn.collegefootballdata.com/logos-dark/48/2018.png', 'https://cdn.collegefootballdata.com/logos/32/2018.png', 'https://cdn.collegefootballdata.com/logos-dark/32/2018.png', 'https://cdn.collegefootballdata.com/logos/16/2018.png', 'https://cdn.collegefootballdata.com/logos-dark/16/2018.png']",,5789.0,Frank B. Fuhrer Field,Meadville,PA,36069,US,,41.641445,-80.151449,,3500.0,,,False
2019,Allen,Yellow Jackets,ALNU,"['ALNU', 'Allen']",SIAC,,ii,#null,#null,,,6217.0,W.C. Hawkins Stadium,Columbia,SC,29201,US,,34.0007493,-81.0343313,,3000.0,,,False
1001062,Allen University,,,[],,,,#null,#null,,,,,,,,,,,,,,,,
2800,Alma,Scots,ALMA,"['ALMA', 'Alma']",Michigan,,iii,#000000,#null,"['https://cdn.collegefootballdata.com/logos/500/2800.png', 'https://cdn.collegefootballdata.com/logos-dark/500/2800.png', 'https://cdn.collegefootballdata.com/logos/256/2800.png', 'https://cdn.collegefootballdata.com/logos-dark/256/2800.png', 'https://cdn.collegefootballdata.com/logos/128/2800.png', 'https://cdn.collegefootballdata.com/logos-dark/128/2800.png', 'https://cdn.collegefootballdata.com/logos/96/2800.png', 'https://cdn.collegefootballdata.com/logos-dark/96/2800.png', 'https://cdn.collegefootballdata.com/logos/64/2800.png', 'https://cdn.collegefootballdata.com/logos-dark/64/2800.png', 'https://cdn.collegefootballdata.com/logos/48/2800.png', 'https://cdn.collegefootballdata.com/logos-dark/48/2800.png', 'https://cdn.collegefootballdata.com/logos/32/2800.png', 'https://cdn.collegefootballdata.com/logos-dark/32/2800.png', 'https://cdn.collegefootballdata.com/logos/16/2800.png', 'https://cdn.collegefootballdata.com/logos-dark/16/2800.png']",,5790.0,Bahlke Field,Alma,MI,48801,US,,43.37892,-84.659727,,4000.0,,,False
111674,Alvernia,Golden Wolves,ALVR,"['ALVR', 'Alvernia']",Mid Atlantic,,iii,#null,#null,,,5791.0,Turf Field,Reading,PA,19501,US,,40.335345,-75.9279495,,4000.0,,,False
3193,American,,AMER,"['AMER', 'American']",,,,#000000,#null,,,,,,,,,,,,,,,,
2022,American International,Yellow Jackets,AIC,"['AIC', ""American Int'l""]",Northeast 10,,ii,#000000,#null,"['https://cdn.collegefootballdata.com/logos/500/2022.png', 'https://cdn.collegefootballdata.com/logos-dark/500/2022.png', 'https://cdn.collegefootballdata.com/logos/256/2022.png', 'https://cdn.collegefootballdata.com/logos-dark/256/2022.png', 'https://cdn.collegefootballdata.com/logos/128/2022.png', 'https://cdn.collegefootballdata.com/logos-dark/128/2022.png', 'https://cdn.collegefootballdata.com/logos/96/2022.png', 'https://cdn.collegefootballdata.com/logos-dark/96/2022.png', 'https://cdn.collegefootballdata.com/logos/64/2022.png', 'https://cdn.collegefootballdata.com/logos-dark/64/2022.png', 'https://cdn.collegefootballdata.com/logos/48/2022.png', 'https://cdn.collegefootballdata.com/logos-dark/48/2022.png', 'https://cdn.collegefootballdata.com/logos/32/2022.png', 'https://cdn.collegefootballdata.com/logos-dark/32/2022.png', 'https://cdn.collegefootballdata.com/logos/16/2022.png', 'https://cdn.collegefootballdata.com/logos-dark/16/2022.png']",,5868.0,Ronald J. Abdow Field,Springfield,MA,56087,US,,42.1018764,-72.5886727,,4000.0,,,False
1001056,American River C.C.,,,[],,,,#null,#null,,,,,,,,,,,,,,,,
7,Amherst,Mammoths,AMH,"['Amherst', 'AMH', 'Amherst']",NESCAC,,iii,#3f1f69,#ffffff,"['https://cdn.collegefootballdata.com/logos/500/7.png', 'https://cdn.collegefootballdata.com/logos-dark/500/7.png', 'https://cdn.collegefootballdata.com/logos/256/7.png', 'https://cdn.collegefootballdata.com/logos-dark/256/7.png', 'https://cdn.collegefootballdata.com/logos/128/7.png', 'https://cdn.collegefootballdata.com/logos-dark/128/7.png', 'https://cdn.collegefootballdata.com/logos/96/7.png', 'https://cdn.collegefootballdata.com/logos-dark/96/7.png', 'https://cdn.collegefootballdata.com/logos/64/7.png', 'https://cdn.collegefootballdata.com/logos-dark/64/7.png', 'https://cdn.collegefootballdata.com/logos/48/7.png', 'https://cdn.collegefootballdata.com/logos-dark/48/7.png', 'https://cdn.collegefootballdata.com/logos/32/7.png', 'https://cdn.collegefootballdata.com/logos-dark/32/7.png', 'https://cdn.collegefootballdata.com/logos/16/7.png', 'https://cdn.collegefootballdata.com/logos-dark/16/7.png']",,5792.0,Pratt Field at Lehrman Stadium,Amherst,MA,03031,US,,42.3685658,-72.505714,,2500.0,,,False
2023,Anderson (IN),Ravens,ANIN,"['ANIN', 'Anderson (IN)']",Heartland,,iii,#000000,#null,"['https://cdn.collegefootballdata.com/logos/500/2023.png', 'https://cdn.collegefootballdata.com/logos-dark/500/2023.png', 'https://cdn.collegefootballdata.com/logos/256/2023.png', 'https://cdn.collegefootballdata.com/logos-dark/256/2023.png', 'https://cdn.collegefootballdata.com/logos/128/2023.png', 'https://cdn.collegefootballdata.com/logos-dark/128/2023.png', 'https://cdn.collegefootballdata.com/logos/96/2023.png', 'https://cdn.collegefootballdata.com/logos-dark/96/2023.png', 'https://cdn.collegefootballdata.com/logos/64/2023.png', 'https://cdn.collegefootballdata.com/logos-dark/64/2023.png', 'https://cdn.collegefootballdata.com/logos/48/2023.png', 'https://cdn.collegefootballdata.com/logos-dark/48/2023.png', 'https://cdn.collegefootballdata.com/logos/32/2023.png', 'https://cdn.collegefootballdata.com/logos-dark/32/2023.png', 'https://cdn.collegefootballdata.com/logos/16/2023.png', 'https://cdn.collegefootballdata.com/logos-dark/16/2023.png']",,5793.0,Macholtz Stadium,Anderson,IN,46016,US,,40.1053196,-85.6802541,,4300.0,,,False
129469,Anderson (SC),Trojans,ANSC,"['ANSC', 'Anderson (SC)']",South Atlantic,,ii,#null,#null,,,10461.0,Spero Financial Field,Anderson,SC,,US,,,,,,,,False
134002,Andrew,Fighting Tigers,AND,"['AND', 'Andrew']",,,,#null,#null,,,,,,,,,,,,,,,,
2025,Angelo State,Rams,AGSU,"['AGSU', 'Angelo St']",Lone Star,,ii,#000000,#null,"['https://cdn.collegefootballdata.com/logos/500/2025.png', 'https://cdn.collegefootballdata.com/logos-dark/500/2025.png', 'https://cdn.collegefootballdata.com/logos/256/2025.png', 'https://cdn.collegefootballdata.com/logos-dark/256/2025.png', 'https://cdn.collegefootballdata.com/logos/128/2025.png', 'https://cdn.collegefootballdata.com/logos-dark/128/2025.png', 'https://cdn.collegefootballdata.com/logos/96/2025.png', 'https://cdn.collegefootballdata.com/logos-dark/96/2025.png', 'https://cdn.collegefootballdata.com/logos/64/2025.png', 'https://cdn.collegefootballdata.com/logos-dark/64/2025.png', 'https://cdn.collegefootballdata.com/logos/48/2025.png', 'https://cdn.collegefootballdata.com/logos-dark/48/2025.png', 'https://cdn.collegefootballdata.com/logos/32/2025.png', 'https://cdn.collegefootballdata.com/logos-dark/32/2025.png', 'https://cdn.collegefootballdata.com/logos/16/2025.png', 'https://cdn.collegefootballdata.com/logos-dark/16/2025.png']",,5869.0,LeGrand Stadium at 1st Community Credit Union Field,San Angelo,TX,76903,US,,31.4649685,-100.4405094,,5670.0,,,False
3111,Apprentice School,Builders,APPRE,"['APPRE', 'Apprentice']",Independent DIII,,iii,#000000,#null,[],,3618.0,Apprentice Field,Newport News,VA,23607,US,,36.9775016,-76.42977,,800.0,,,False
2026,App State,Mountaineers,APP,"['Appalachian State', 'APP', 'App State']",Sun Belt,East,fbs,#000000,#ffcd00,"['https://cdn.collegefootballdata.com/logos/500/2026.png', 'https://cdn.collegefootballdata.com/logos-dark/500/2026.png', 'https://cdn.collegefootballdata.com/logos/256/2026.png', 'https://cdn.collegefootballdata.com/logos-dark/256/2026.png', 'https://cdn.collegefootballdata.com/logos/128/2026.png', 'https://cdn.collegefootballdata.com/logos-dark/128/2026.png', 'https://cdn.collegefootballdata.com/logos/96/2026.png', 'https://cdn.collegefootballdata.com/logos-dark/96/2026.png', 'https://cdn.collegefootballdata.com/logos/64/2026.png', 'https://cdn.collegefootballdata.com/logos-dark/64/2026.png', 'https://cdn.collegefootballdata.com/logos/48/2026.png', 'https://cdn.collegefootballdata.com/logos-dark/48/2026.png', 'https://cdn.collegefootballdata.com/logos/32/2026.png', 'https://cdn.collegefootballdata.com/logos-dark/32/2026.png', 'https://cdn.collegefootballdata.com/logos/16/2026.png', 'https://cdn.collegefootballdata.com/logos-dark/16/2026.png']",@AppState_FB,3792.0,Kidd Brewer Stadium,Boone,NC,28608,US,America/New_York,36.2114267,-81.6854278,991.3414307,30000.0,1962.0,False,False
12,Arizona,Wildcats,ARIZ,"['ARIZ', 'Arizona']",Big 12,,fbs,#cc0033,#003366,"['https://cdn.collegefootballdata.com/logos/500/12.png', 'https://cdn.collegefootballdata.com/logos-dark/500/12.png', 'https://cdn.collegefootballdata.com/logos/256/12.png', 'https://cdn.collegefootballdata.com/logos-dark/256/12.png', 'https://cdn.collegefootballdata.com/logos/128/12.png', 'https://cdn.collegefootballdata.com/logos-dark/128/12.png', 'https://cdn.collegefootballdata.com/logos/96/12.png', 'https://cdn.collegefootballdata.com/logos-dark/96/12.png', 'https://cdn.collegefootballdata.com/logos/64/12.png', 'https://cdn.collegefootballdata.com/logos-dark/64/12.png', 'https://cdn.collegefootballdata.com/logos/48/12.png', 'https://cdn.collegefootballdata.com/logos-dark/48/12.png', 'https://cdn.collegefootballdata.com/logos/32/12.png', 'https://cdn.collegefootballdata.com/logos-dark/32/12.png', 'https://cdn.collegefootballdata.com/logos/16/12.png', 'https://cdn.collegefootballdata.com/logos-dark/16/12.png']",@ArizonaFBall,3619.0,Arizona Stadium,Tucson,AZ,85721,US,America/Phoenix,32.2288054,-110.9488677,742.1530151,50782.0,1928.0,False,False
9,Arizona State,Sun Devils,ASU,"['ASU', 'Arizona St']",Big 12,,fbs,#ffc627,#8c1d40,"['https://cdn.collegefootballdata.com/logos/500/9.png', 'https://cdn.collegefootballdata.com/logos-dark/500/9.png', 'https://cdn.collegefootballdata.com/logos/256/9.png', 'https://cdn.collegefootballdata.com/logos-dark/256/9.png', 'https://cdn.collegefootballdata.com/logos/128/9.png', 'https://cdn.collegefootballdata.com/logos-dark/128/9.png', 'https://cdn.collegefootballdata.com/logos/96/9.png', 'https://cdn.collegefootballdata.com/logos-dark/96/9.png', 'https://cdn.collegefootballdata.com/logos/64/9.png', 'https://cdn.collegefootballdata.com/logos-dark/64/9.png', 'https://cdn.collegefootballdata.com/logos/48/9.png', 'https://cdn.collegefootballdata.com/logos-dark/48/9.png', 'https://cdn.collegefootballdata.com/logos/32/9.png', 'https://cdn.collegefootballdata.com/logos-dark/32/9.png', 'https://cdn.collegefootballdata.com/logos/16/9.png', 'https://cdn.collegefootballdata.com/logos-dark/16/9.png']",@ASUFootball,3947.0,Mountain America Stadium,Tempe,AZ,85287,US,America/Phoenix,33.4264471,-111.9325005,360.1569519,65870.0,1958.0,True,False
8,Arkansas,Razorbacks,ARK,"['ARK', 'Arkansas']",SEC,,fbs,#a32136,#ffffff,"['https://cdn.collegefootballdata.com/logos/500/8.png', 'https://cdn.collegefootballdata.com/logos-dark/500/8.png', 'https://cdn.collegefootballdata.com/logos/256/8.png', 'https://cdn.collegefootballdata.com/logos-dark/256/8.png', 'https://cdn.collegefootballdata.com/logos/128/8.png', 'https://cdn.collegefootballdata.com/logos-dark/128/8.png', 'https://cdn.collegefootballdata.com/logos/96/8.png', 'https://cdn.collegefootballdata.com/logos-dark/96/8.png', 'https://cdn.collegefootballdata.com/logos/64/8.png', 'https://cdn.collegefootballdata.com/logos-dark/64/8.png', 'https://cdn.collegefootballdata.com/logos/48/8.png', 'https://cdn.collegefootballdata.com/logos-dark/48/8.png', 'https://cdn.collegefootballdata.com/logos/32/8.png', 'https://cdn.collegefootballdata.com/logos-dark/32/8.png', 'https://cdn.collegefootballdata.com/logos/16/8.png', 'https://cdn.collegefootballdata.com/logos-dark/16/8.png']",@RazorbackFB,3887.0,Razorback Stadium,Fayetteville,AR,72702,US,America/Chicago,36.0680662,-94.1789534,403.7972412,80000.0,1938.0,False,False
124386,Arkansas Baptist,Buffaloes,ARBA,"['ARBA', 'Ark Baptist']",,,,#null,#null,,,,,,,,,,,,,,,,
2028,Arkansas Monticello,Boll Weevils,UAM,"['UAM', 'UA Monticello']",Great American,,ii,#000000,#null,"['https://cdn.collegefootballdata.com/logos/500/2028.png', 'https://cdn.collegefootballdata.com/logos-dark/500/2028.png', 'https://cdn.collegefootballdata.com/logos/256/2028.png', 'https://cdn.collegefootballdata.com/logos-dark/256/2028.png', 'https://cdn.collegefootballdata.com/logos/128/2028.png', 'https://cdn.collegefootballdata.com/logos-dark/128/2028.png', 'https://cdn.collegefootballdata.com/logos/96/2028.png', 'https://cdn.collegefootballdata.com/logos-dark/96/2028.png', 'https://cdn.collegefootballdata.com/logos/64/2028.png', 'https://cdn.collegefootballdata.com/logos-dark/64/2028.png', 'https://cdn.collegefootballdata.com/logos/48/2028.png', 'https://cdn.collegefootballdata.com/logos-dark/48/2028.png', 'https://cdn.collegefootballdata.com/logos/32/2028.png', 'https://cdn.collegefootballdata.com/logos-dark/32/2028.png', 'https://cdn.collegefootballdata.com/logos/16/2028.png', 'https://cdn.collegefootballdata.com/logos-dark/16/2028.png']",,5871.0,Convoy Leslie Cotton Boll Stadium,Monticello,AR,26302,US,,33.6293427,-91.7912327,,3650.0,,,False
2029,Arkansas-Pine Bluff,Golden Lions,UAPB,"['Arkansas Pine Bluff', 'UAPB', 'AR-Pine Bluff']",SWAC,West,fcs,#e0aa0f,#eaaa00,"['https://cdn.collegefootballdata.com/logos/500/2029.png', 'https://cdn.collegefootballdata.com/logos-dark/500/2029.png', 'https://cdn.collegefootballdata.com/logos/256/2029.png', 'https://cdn.collegefootballdata.com/logos-dark/256/2029.png', 'https://cdn.collegefootballdata.com/logos/128/2029.png', 'https://cdn.collegefootballdata.com/logos-dark/128/2029.png', 'https://cdn.collegefootballdata.com/logos/96/2029.png', 'https://cdn.collegefootballdata.com/logos-dark/96/2029.png', 'https://cdn.collegefootballdata.com/logos/64/2029.png', 'https://cdn.collegefootballdata.com/logos-dark/64/2029.png', 'https://cdn.collegefootballdata.com/logos/48/2029.png', 'https://cdn.collegefootballdata.com/logos-dark/48/2029.png', 'https://cdn.collegefootballdata.com/logos/32/2029.png', 'https://cdn.collegefootballdata.com/logos-dark/32/2029.png', 'https://cdn.collegefootballdata.com/logos/16/2029.png', 'https://cdn.collegefootballdata.com/logos-dark/16/2029.png']",@UAPBLionsRoar,3740.0,Golden Lion Stadium,Pine Bluff,AR,71601,US,America/Chicago,34.253327,-92.0214031,67.71961975,16000.0,2000.0,False,False
2032,Arkansas State,Red Wolves,ARST,"['ARST', 'Arkansas St']",Sun Belt,West,fbs,#cc092f,#000000,"['https://cdn.collegefootballdata.com/logos/500/2032.png', 'https://cdn.collegefootballdata.com/logos-dark/500/2032.png', 'https://cdn.collegefootballdata.com/logos/256/2032.png', 'https://cdn.collegefootballdata.com/logos-dark/256/2032.png', 'https://cdn.collegefootballdata.com/logos/128/2032.png', 'https://cdn.collegefootballdata.com/logos-dark/128/2032.png', 'https://cdn.collegefootballdata.com/logos/96/2032.png', 'https://cdn.collegefootballdata.com/logos-dark/96/2032.png', 'https://cdn.collegefootballdata.com/logos/64/2032.png', 'https://cdn.collegefootballdata.com/logos-dark/64/2032.png', 'https://cdn.collegefootballdata.com/logos/48/2032.png', 'https://cdn.collegefootballdata.com/logos-dark/48/2032.png', 'https://cdn.collegefootballdata.com/logos/32/2032.png', 'https://cdn.collegefootballdata.com/logos-dark/32/2032.png', 'https://cdn.collegefootballdata.com/logos/16/2032.png', 'https://cdn.collegefootballdata.com/logos-dark/16/2032.png']",@AStateFB,3625.0,Centennial Bank Stadium,Jonesboro,AR,72404,US,America/Chicago,35.8488977,-90.6677436,89.52690887,30382.0,1974.0,False,False
2033,Arkansas Tech,Wonder Boys,ARTE,"['ARTE', 'Arkansas Tech']",Great American,,ii,#000000,#null,"['https://cdn.collegefootballdata.com/logos/500/2033.png', 'https://cdn.collegefootballdata.com/logos-dark/500/2033.png', 'https://cdn.collegefootballdata.com/logos/256/2033.png', 'https://cdn.collegefootballdata.com/logos-dark/256/2033.png', 'https://cdn.collegefootballdata.com/logos/128/2033.png', 'https://cdn.collegefootballdata.com/logos-dark/128/2033.png', 'https://cdn.collegefootballdata.com/logos/96/2033.png', 'https://cdn.collegefootballdata.com/logos-dark/96/2033.png', 'https://cdn.collegefootballdata.com/logos/64/2033.png', 'https://cdn.collegefootballdata.com/logos-dark/64/2033.png', 'https://cdn.collegefootballdata.com/logos/48/2033.png', 'https://cdn.collegefootballdata.com/logos-dark/48/2033.png', 'https://cdn.collegefootballdata.com/logos/32/2033.png', 'https://cdn.collegefootballdata.com/logos-dark/32/2033.png', 'https://cdn.collegefootballdata.com/logos/16/2033.png', 'https://cdn.collegefootballdata.com/logos-dark/16/2033.png']",,5870.0,Thone Stadium at Buerkle Field,Russellville,AR,26680,US,,35.2784173,-93.1337856,,6500.0,,,False
349,Army,Black Knights,ARMY,"['ARMY', 'Army']",American Athletic,,fbs,#000000,#d3bc8d,"['https://cdn.collegefootballdata.com/logos/500/349.png', 'https://cdn.collegefootballdata.com/logos-dark/500/349.png', 'https://cdn.collegefootballdata.com/logos/256/349.png', 'https://cdn.collegefootballdata.com/logos-dark/256/349.png', 'https://cdn.collegefootballdata.com/logos/128/349.png', 'https://cdn.collegefootballdata.com/logos-dark/128/349.png', 'https://cdn.collegefootballdata.com/logos/96/349.png', 'https://cdn.collegefootballdata.com/logos-dark/96/349.png', 'https://cdn.collegefootballdata.com/logos/64/349.png', 'https://cdn.collegefootballdata.com/logos-dark/64/349.png', 'https://cdn.collegefootballdata.com/logos/48/349.png', 'https://cdn.collegefootballdata.com/logos-dark/48/349.png', 'https://cdn.collegefootballdata.com/logos/32/349.png', 'https://cdn.collegefootballdata.com/logos-dark/32/349.png', 'https://cdn.collegefootballdata.com/logos/16/349.png', 'https://cdn.collegefootballdata.com/logos-dark/16/349.png']",@ArmyWP_Football,3841.0,Michie Stadium,West Point,NY,10996,US,America/New_York,41.3874924,-73.9640891,99.21277618,38000.0,1924.0,False,False
308,Ashland,Eagles,ASH,"['ASH', 'Ashland']",Great Midwest Athletic,,ii,#000000,#null,"['https://cdn.collegefootballdata.com/logos/500/308.png', 'https://cdn.collegefootballdata.com/logos-dark/500/308.png', 'https://cdn.collegefootballdata.com/logos/256/308.png', 'https://cdn.collegefootballdata.com/logos-dark/256/308.png', 'https://cdn.collegefootballdata.com/logos/128/308.png', 'https://cdn.collegefootballdata.com/logos-dark/128/308.png', 'https://cdn.collegefootballdata.com/logos/96/308.png', 'https://cdn.collegefootballdata.com/logos-dark/96/308.png', 'https://cdn.collegefootballdata.com/logos/64/308.png', 'https://cdn.collegefootballdata.com/logos-dark/64/308.png', 'https://cdn.collegefootballdata.com/logos/48/308.png', 'https://cdn.collegefootballdata.com/logos-dark/48/308.png', 'https://cdn.collegefootballdata.com/logos/32/308.png', 'https://cdn.collegefootballdata.com/logos-dark/32/308.png', 'https://cdn.collegefootballdata.com/logos/16/308.png', 'https://cdn.collegefootballdata.com/logos-dark/16/308.png']",,3770.0,Jack Miller Stadium,Ashland,OH,,US,,40.8686147,-82.3175942,,6000.0,,,False
1001048,Ashland University,,,[],,,,#null,#null,,,,,,,,,,,,,,,,
2038,Assumption,Greyhounds,ASP,"['Assumption College', 'ASP', 'Assumption']",Northeast 10,,ii,#000000,#null,"['https://cdn.collegefootballdata.com/logos/500/2038.png', 'https://cdn.collegefootballdata.com/logos-dark/500/2038.png', 'https://cdn.collegefootballdata.com/logos/256/2038.png', 'https://cdn.collegefootballdata.com/logos-dark/256/2038.png', 'https://cdn.collegefootballdata.com/logos/128/2038.png', 'https://cdn.collegefootballdata.com/logos-dark/128/2038.png', 'https://cdn.collegefootballdata.com/logos/96/2038.png', 'https://cdn.collegefootballdata.com/logos-dark/96/2038.png', 'https://cdn.collegefootballdata.com/logos/64/2038.png', 'https://cdn.collegefootballdata.com/logos-dark/64/2038.png', 'https://cdn.collegefootballdata.com/logos/48/2038.png', 'https://cdn.collegefootballdata.com/logos-dark/48/2038.png', 'https://cdn.collegefootballdata.com/logos/32/2038.png', 'https://cdn.collegefootballdata.com/logos-dark/32/2038.png', 'https://cdn.collegefootballdata.com/logos/16/2038.png', 'https://cdn.collegefootballdata.com/logos-dark/16/2038.png']",,3848.0,Multi-Sport Stadium,Worcester,MA,01613,US,,42.2625621,-71.8018877,203.4,1200.0,2005.0,,False
2,Auburn,Tigers,AUB,"['AUB', 'Auburn']",SEC,,fbs,#0c2340,#f26522,"['https://cdn.collegefootballdata.com/logos/500/2.png', 'https://cdn.collegefootballdata.com/logos-dark/500/2.png', 'https://cdn.collegefootballdata.com/logos/256/2.png', 'https://cdn.collegefootballdata.com/logos-dark/256/2.png', 'https://cdn.collegefootballdata.com/logos/128/2.png', 'https://cdn.collegefootballdata.com/logos-dark/128/2.png', 'https://cdn.collegefootballdata.com/logos/96/2.png', 'https://cdn.collegefootballdata.com/logos-dark/96/2.png', 'https://cdn.collegefootballdata.com/logos/64/2.png', 'https://cdn.collegefootballdata.com/logos-dark/64/2.png', 'https://cdn.collegefootballdata.com/logos/48/2.png', 'https://cdn.collegefootballdata.com/logos-dark/48/2.png', 'https://cdn.collegefootballdata.com/logos/32/2.png', 'https://cdn.collegefootballdata.com/logos-dark/32/2.png', 'https://cdn.collegefootballdata.com/logos/16/2.png', 'https://cdn.collegefootballdata.com/logos-dark/16/2.png']",@AuburnFootball,3785.0,Jordan-Hare Stadium,Auburn,AL,36849,US,America/Chicago,32.6025532,-85.4897479,201.1737976,87451.0,1939.0,True,False
124,Augsburg,Auggies,AUGS,"['AUGS', 'Augsburg']",Minnesota,,iii,#74233d,#a9a9aa,"['https://cdn.collegefootballdata.com/logos/500/124.png', 'https://cdn.collegefootballdata.com/logos-dark/500/124.png', 'https://cdn.collegefootballdata.com/logos/256/124.png', 'https://cdn.collegefootballdata.com/logos-dark/256/124.png', 'https://cdn.collegefootballdata.com/logos/128/124.png', 'https://cdn.collegefootballdata.com/logos-dark/128/124.png', 'https://cdn.collegefootballdata.com/logos/96/124.png', 'https://cdn.collegefootballdata.com/logos-dark/96/124.png', 'https://cdn.collegefootballdata.com/logos/64/124.png', 'https://cdn.collegefootballdata.com/logos-dark/64/124.png', 'https://cdn.collegefootballdata.com/logos/48/124.png', 'https://cdn.collegefootballdata.com/logos-dark/48/124.png', 'https://cdn.collegefootballdata.com/logos/32/124.png', 'https://cdn.collegefootballdata.com/logos-dark/32/124.png', 'https://cdn.collegefootballdata.com/logos/16/124.png', 'https://cdn.collegefootballdata.com/logos-dark/16/124.png']",,5795.0,Edor Nelson Field,Minneapolis,MN,55488,US,,44.9772995,-93.2654692,,1400.0,,,False
1000999,Augustana,,,[],,,,#null,#null,,,,,,,,,,,,,,,,
2042,Augustana (IL),Vikings,AUGC,"['AUGC', 'Augustana (IL)']",CCIW,,iii,#000000,#null,"['https://cdn.collegefootballdata.com/logos/500/2042.png', 'https://cdn.collegefootballdata.com/logos-dark/500/2042.png', 'https://cdn.collegefootballdata.com/logos/256/2042.png', 'https://cdn.collegefootballdata.com/logos-dark/256/2042.png', 'https://cdn.collegefootballdata.com/logos/128/2042.png', 'https://cdn.collegefootballdata.com/logos-dark/128/2042.png', 'https://cdn.collegefootballdata.com/logos/96/2042.png', 'https://cdn.collegefootballdata.com/logos-dark/96/2042.png', 'https://cdn.collegefootballdata.com/logos/64/2042.png', 'https://cdn.collegefootballdata.com/logos-dark/64/2042.png', 'https://cdn.collegefootballdata.com/logos/48/2042.png', 'https://cdn.collegefootballdata.com/logos-dark/48/2042.png', 'https://cdn.collegefootballdata.com/logos/32/2042.png', 'https://cdn.collegefootballdata.com/logos-dark/32/2042.png', 'https://cdn.collegefootballdata.com/logos/16/2042.png', 'https://cdn.collegefootballdata.com/logos-dark/16/2042.png']",,5796.0,Charles D. Lindberg Stadium,Rock Island,IL,52801,US,,41.4411786,-90.5766144,,1800.0,,,False
2043,Augustana (SD),Vikings,AUSD,"['AUSD', 'Augustana (SD)']",Northern Sun,,ii,#000000,#null,"['https://cdn.collegefootballdata.com/logos/500/2043.png', 'https://cdn.collegefootballdata.com/logos-dark/500/2043.png', 'https://cdn.collegefootballdata.com/logos/256/2043.png', 'https://cdn.collegefootballdata.com/logos-dark/256/2043.png', 'https://cdn.collegefootballdata.com/logos/128/2043.png', 'https://cdn.collegefootballdata.com/logos-dark/128/2043.png', 'https://cdn.collegefootballdata.com/logos/96/2043.png', 'https://cdn.collegefootballdata.com/logos-dark/96/2043.png', 'https://cdn.collegefootballdata.com/logos/64/2043.png', 'https://cdn.collegefootballdata.com/logos-dark/64/2043.png', 'https://cdn.collegefootballdata.com/logos/48/2043.png', 'https://cdn.collegefootballdata.com/logos-dark/48/2043.png', 'https://cdn.collegefootballdata.com/logos/32/2043.png', 'https://cdn.collegefootballdata.com/logos-dark/32/2043.png', 'https://cdn.collegefootballdata.com/logos/16/2043.png', 'https://cdn.collegefootballdata.com/logos-dark/16/2043.png']",,5872.0,Kirkeby-Over Stadium,Sioux Falls,SD,57117,US,,43.5488256,-96.7307737,,6500.0,,,False
2044,Aurora,Spartans,AUR,"['AUR', 'Aurora']",NACC,,iii,#00549f,#000000,"['https://cdn.collegefootballdata.com/logos/500/2044.png', 'https://cdn.collegefootballdata.com/logos-dark/500/2044.png', 'https://cdn.collegefootballdata.com/logos/256/2044.png', 'https://cdn.collegefootballdata.com/logos-dark/256/2044.png', 'https://cdn.collegefootballdata.com/logos/128/2044.png', 'https://cdn.collegefootballdata.com/logos-dark/128/2044.png', 'https://cdn.collegefootballdata.com/logos/96/2044.png', 'https://cdn.collegefootballdata.com/logos-dark/96/2044.png', 'https://cdn.collegefootballdata.com/logos/64/2044.png', 'https://cdn.collegefootballdata.com/logos-dark/64/2044.png', 'https://cdn.collegefootballdata.com/logos/48/2044.png', 'https://cdn.collegefootballdata.com/logos-dark/48/2044.png', 'https://cdn.collegefootballdata.com/logos/32/2044.png', 'https://cdn.collegefootballdata.com/logos-dark/32/2044.png', 'https://cdn.collegefootballdata.com/logos/16/2044.png', 'https://cdn.collegefootballdata.com/logos-dark/16/2044.png']",,5797.0,Vago Field,Aurora,IL,60505,US,,41.7571701,-88.3147539,,600.0,,,False
1001004,Aurora University,,,[],,,,#null,#null,,,,,,,,,,,,,,,,
2045,Austin,'Roos,AUS,"['AUS', 'Austin']",Southern Collegiate Athletic,,iii,#000000,#null,"['https://cdn.collegefootballdata.com/logos/500/2045.png', 'https://cdn.collegefootballdata.com/logos-dark/500/2045.png', 'https://cdn.collegefootballdata.com/logos/256/2045.png', 'https://cdn.collegefootballdata.com/logos-dark/256/2045.png', 'https://cdn.collegefootballdata.com/logos/128/2045.png', 'https://cdn.collegefootballdata.com/logos-dark/128/2045.png', 'https://cdn.collegefootballdata.com/logos/96/2045.png', 'https://cdn.collegefootballdata.com/logos-dark/96/2045.png', 'https://cdn.collegefootballdata.com/logos/64/2045.png', 'https://cdn.collegefootballdata.com/logos-dark/64/2045.png', 'https://cdn.collegefootballdata.com/logos/48/2045.png', 'https://cdn.collegefootballdata.com/logos-dark/48/2045.png', 'https://cdn.collegefootballdata.com/logos/32/2045.png', 'https://cdn.collegefootballdata.com/logos-dark/32/2045.png', 'https://cdn.collegefootballdata.com/logos/16/2045.png', 'https://cdn.collegefootballdata.com/logos-dark/16/2045.png']",,5798.0,Jerry E. Apple Stadium,Sherman,TX,75090,US,,36.2452294,-101.8858689,,2500.0,,,False
2046,Austin Peay,Governors,APSU,"['APSU', 'Austin Peay']",UAC,,fcs,#8e0b0b,#null,"['https://cdn.collegefootballdata.com/logos/500/2046.png', 'https://cdn.collegefootballdata.com/logos-dark/500/2046.png', 'https://cdn.collegefootballdata.com/logos/256/2046.png', 'https://cdn.collegefootballdata.com/logos-dark/256/2046.png', 'https://cdn.collegefootballdata.com/logos/128/2046.png', 'https://cdn.collegefootballdata.com/logos-dark/128/2046.png', 'https://cdn.collegefootballdata.com/logos/96/2046.png', 'https://cdn.collegefootballdata.com/logos-dark/96/2046.png', 'https://cdn.collegefootballdata.com/logos/64/2046.png', 'https://cdn.collegefootballdata.com/logos-dark/64/2046.png', 'https://cdn.collegefootballdata.com/logos/48/2046.png', 'https://cdn.collegefootballdata.com/logos-dark/48/2046.png', 'https://cdn.collegefootballdata.com/logos/32/2046.png', 'https://cdn.collegefootballdata.com/logos-dark/32/2046.png', 'https://cdn.collegefootballdata.com/logos/16/2046.png', 'https://cdn.collegefootballdata.com/logos-dark/16/2046.png']",@AustinePeayFB,3742.0,Governors Stadium,Clarksville,TN,37040,US,America/Chicago,36.5362559,-87.3525507,142.8643188,10100.0,1946.0,False,False
3178,Ave Maria University,Gyrenes,AVE M,"['AVE M', 'Ave Maria']",,,,#000000,#null,[],,,,,,,,,,,,,,,
2047,Averett,Cougars,AVER,"['AVER', 'Averett']",Old Dominion,,iii,#012853,#fdbb30,"['https://cdn.collegefootballdata.com/logos/500/2047.png', 'https://cdn.collegefootballdata.com/logos-dark/500/2047.png', 'https://cdn.collegefootballdata.com/logos/256/2047.png', 'https://cdn.collegefootballdata.com/logos-dark/256/2047.png', 'https://cdn.collegefootballdata.com/logos/128/2047.png', 'https://cdn.collegefootballdata.com/logos-dark/128/2047.png', 'https://cdn.collegefootballdata.com/logos/96/2047.png', 'https://cdn.collegefootballdata.com/logos-dark/96/2047.png', 'https://cdn.collegefootballdata.com/logos/64/2047.png', 'https://cdn.collegefootballdata.com/logos-dark/64/2047.png', 'https://cdn.collegefootballdata.com/logos/48/2047.png', 'https://cdn.collegefootballdata.com/logos-dark/48/2047.png', 'https://cdn.collegefootballdata.com/logos/32/2047.png', 'https://cdn.collegefootballdata.com/logos-dark/32/2047.png', 'https://cdn.collegefootballdata.com/logos/16/2047.png', 'https://cdn.collegefootballdata.com/logos-dark/16/2047.png']",,5799.0,Daly Field at Frank R. Campbell Stadium,Danville,VA,25130,US,,36.5859718,-79.3950228,,1200.0,,,False
1001068,Averett University,,,[],,,,#null,#null,,,,,,,,,,,,,,,,
2048,Avila University,Eagles,AVILA,"['AVILA', 'Avila']",,,,#000000,#null,[],,,,,,,,,,,,,,,
2049,Azusa Pacific,Cougars,APU,"['APU', 'Azusa Pacific']",So. Cal.,,iii,#000000,#null,[],,,,,,,,,,,,,,,
487,Bacone College,Warriors,BKN,"['BKN', 'Bacone College']",,,,#null,#null,[],,,,,,,,,,,,,,,
488,Baker University,Baker,BAK,"['BAK', 'Baker']",,,,#000000,#null,[],,,,,,,,,,,,,,,
188,Baldwin Wallace,Yellow Jackets,BW,"['BW', 'Baldwin Wall']",Ohio,,iii,#000000,#null,"['https://cdn.collegefootballdata.com/logos/500/188.png', 'https://cdn.collegefootballdata.com/logos-dark/500/188.png', 'https://cdn.collegefootballdata.com/logos/256/188.png', 'https://cdn.collegefootballdata.com/logos-dark/256/188.png', 'https://cdn.collegefootballdata.com/logos/128/188.png', 'https://cdn.collegefootballdata.com/logos-dark/128/188.png', 'https://cdn.collegefootballdata.com/logos/96/188.png', 'https://cdn.collegefootballdata.com/logos-dark/96/188.png', 'https://cdn.collegefootballdata.com/logos/64/188.png', 'https://cdn.collegefootballdata.com/logos-dark/64/188.png', 'https://cdn.collegefootballdata.com/logos/48/188.png', 'https://cdn.collegefootballdata.com/logos-dark/48/188.png', 'https://cdn.collegefootballdata.com/logos/32/188.png', 'https://cdn.collegefootballdata.com/logos-dark/32/188.png', 'https://cdn.collegefootballdata.com/logos/16/188.png', 'https://cdn.collegefootballdata.com/logos-dark/16/188.png']",,5801.0,George Finnie Stadium,Berea,OH,44017,US,,41.3661614,-81.8543026,,7800.0,,,False
2050,Ball State,Cardinals,BALL,"['BALL', 'Ball State']",Mid-American,,fbs,#ba0c2f,#ffffff,"['https://cdn.collegefootballdata.com/logos/500/2050.png', 'https://cdn.collegefootballdata.com/logos-dark/500/2050.png', 'https://cdn.collegefootballdata.com/logos/256/2050.png', 'https://cdn.collegefootballdata.com/logos-dark/256/2050.png', 'https://cdn.collegefootballdata.com/logos/128/2050.png', 'https://cdn.collegefootballdata.com/logos-dark/128/2050.png', 'https://cdn.collegefootballdata.com/logos/96/2050.png', 'https://cdn.collegefootballdata.com/logos-dark/96/2050.png', 'https://cdn.collegefootballdata.com/logos/64/2050.png', 'https://cdn.collegefootballdata.com/logos-dark/64/2050.png', 'https://cdn.collegefootballdata.com/logos/48/2050.png', 'https://cdn.collegefootballdata.com/logos-dark/48/2050.png', 'https://cdn.collegefootballdata.com/logos/32/2050.png', 'https://cdn.collegefootballdata.com/logos-dark/32/2050.png', 'https://cdn.collegefootballdata.com/logos/16/2050.png', 'https://cdn.collegefootballdata.com/logos-dark/16/2050.png']",@BallStateFB,3919.0,Scheumann Stadium,Muncie,IN,47306,US,America/Indiana/Indianapolis,40.2159422,-85.4161148,285.481781,22500.0,1967.0,False,False
122666,Barton,Bulldogs,BART,"['BART', 'Barton']",Carolinas,,ii,#000000,#null,,,7075.0,Electric Supply Company Field,Wilson,NC,27893,US,,35.7212689,-77.9155395,,3500.0,,,False
1001010,Barton C.C.,,,[],,,,#null,#null,,,,,,,,,,,,,,,,
121,Bates,Bobcats,BATE,"['Bates', 'BATE', 'Bates']",NESCAC,,iii,#a51e36,#b2b3b2,"['https://cdn.collegefootballdata.com/logos/500/121.png', 'https://cdn.collegefootballdata.com/logos-dark/500/121.png', 'https://cdn.collegefootballdata.com/logos/256/121.png', 'https://cdn.collegefootballdata.com/logos-dark/256/121.png', 'https://cdn.collegefootballdata.com/logos/128/121.png', 'https://cdn.collegefootballdata.com/logos-dark/128/121.png', 'https://cdn.collegefootballdata.com/logos/96/121.png', 'https://cdn.collegefootballdata.com/logos-dark/96/121.png', 'https://cdn.collegefootballdata.com/logos/64/121.png', 'https://cdn.collegefootballdata.com/logos-dark/64/121.png', 'https://cdn.collegefootballdata.com/logos/48/121.png', 'https://cdn.collegefootballdata.com/logos-dark/48/121.png', 'https://cdn.collegefootballdata.com/logos/32/121.png', 'https://cdn.collegefootballdata.com/logos-dark/32/121.png', 'https://cdn.collegefootballdata.com/logos/16/121.png', 'https://cdn.collegefootballdata.com/logos-dark/16/121.png']",,3733.0,Garcelon Field,Lewiston,ME,04240,US,,44.100351,-70.2147764,,3500.0,,,False
239,Baylor,Bears,BAY,"['BAY', 'Baylor']",Big 12,,fbs,#154734,#ffb81c,"['https://cdn.collegefootballdata.com/logos/500/239.png', 'https://cdn.collegefootballdata.com/logos-dark/500/239.png', 'https://cdn.collegefootballdata.com/logos/256/239.png', 'https://cdn.collegefootballdata.com/logos-dark/256/239.png', 'https://cdn.collegefootballdata.com/logos/128/239.png', 'https://cdn.collegefootballdata.com/logos-dark/128/239.png', 'https://cdn.collegefootballdata.com/logos/96/239.png', 'https://cdn.collegefootballdata.com/logos-dark/96/239.png', 'https://cdn.collegefootballdata.com/logos/64/239.png', 'https://cdn.collegefootballdata.com/logos-dark/64/239.png', 'https://cdn.collegefootballdata.com/logos/48/239.png', 'https://cdn.collegefootballdata.com/logos-dark/48/239.png', 'https://cdn.collegefootballdata.com/logos/32/239.png', 'https://cdn.collegefootballdata.com/logos-dark/32/239.png', 'https://cdn.collegefootballdata.com/logos/16/239.png', 'https://cdn.collegefootballdata.com/logos-dark/16/239.png']",@BUFootball,4727.0,McLane Stadium,Waco,TX,76704,US,America/Chicago,31.5582015,-97.1156702,117.0538101,45140.0,2014.0,False,False
479,Becker College,Hawks,BEC,"['BEC', 'Becker College']",,,,#000000,#null,[],,,,,,,,,,,,,,,
2056,Belhaven,Blazers,BELH,"['BELH', 'Belhaven']",USA South,,iii,#215732,#f2a900,"['https://cdn.collegefootballdata.com/logos/500/2056.png', 'https://cdn.collegefootballdata.com/logos-dark/500/2056.png', 'https://cdn.collegefootballdata.com/logos/256/2056.png', 'https://cdn.collegefootballdata.com/logos-dark/256/2056.png', 'https://cdn.collegefootballdata.com/logos/128/2056.png', 'https://cdn.collegefootballdata.com/logos-dark/128/2056.png', 'https://cdn.collegefootballdata.com/logos/96/2056.png', 'https://cdn.collegefootballdata.com/logos-dark/96/2056.png', 'https://cdn.collegefootballdata.com/logos/64/2056.png', 'https://cdn.collegefootballdata.com/logos-dark/64/2056.png', 'https://cdn.collegefootballdata.com/logos/48/2056.png', 'https://cdn.collegefootballdata.com/logos-dark/48/2056.png', 'https://cdn.collegefootballdata.com/logos/32/2056.png', 'https://cdn.collegefootballdata.com/logos-dark/32/2056.png', 'https://cdn.collegefootballdata.com/logos/16/2056.png', 'https://cdn.collegefootballdata.com/logos-dark/16/2056.png']",,5802.0,Belhaven Bowl Stadium,Jackson,MS,39202,US,,32.2990021,-90.1847691,,1200.0,,,False
266,Beloit,Buccaneers,BELO,"['Beloit', 'BELO', 'Beloit']",Midwest,,iii,#000000,#null,"['https://cdn.collegefootballdata.com/logos/500/266.png', 'https://cdn.collegefootballdata.com/logos-dark/500/266.png', 'https://cdn.collegefootballdata.com/logos/256/266.png', 'https://cdn.collegefootballdata.com/logos-dark/256/266.png', 'https://cdn.collegefootballdata.com/logos/128/266.png', 'https://cdn.collegefootballdata.com/logos-dark/128/266.png', 'https://cdn.collegefootballdata.com/logos/96/266.png', 'https://cdn.collegefootballdata.com/logos-dark/96/266.png', 'https://cdn.collegefootballdata.com/logos/64/266.png', 'https://cdn.collegefootballdata.com/logos-dark/64/266.png', 'https://cdn.collegefootballdata.com/logos/48/266.png', 'https://cdn.collegefootballdata.com/logos-dark/48/266.png', 'https://cdn.collegefootballdata.com/logos/32/266.png', 'https://cdn.collegefootballdata.com/logos-dark/32/266.png', 'https://cdn.collegefootballdata.com/logos/16/266.png', 'https://cdn.collegefootballdata.com/logos-dark/16/266.png']",,3945.0,Strong Stadium,Beloit,WI,53511,US,America/Chicago,42.5083272,-89.031784,228,3000.0,1934.0,False,False
132,Bemidji State,Beavers,BST,"['BST', 'Bemidji St']",Northern Sun,,ii,#000000,#null,"['https://cdn.collegefootballdata.com/logos/500/132.png', 'https://cdn.collegefootballdata.com/logos-dark/500/132.png', 'https://cdn.collegefootballdata.com/logos/256/132.png', 'https://cdn.collegefootballdata.com/logos-dark/256/132.png', 'https://cdn.collegefootballdata.com/logos/128/132.png', 'https://cdn.collegefootballdata.com/logos-dark/128/132.png', 'https://cdn.collegefootballdata.com/logos/96/132.png', 'https://cdn.collegefootballdata.com/logos-dark/96/132.png', 'https://cdn.collegefootballdata.com/logos/64/132.png', 'https://cdn.collegefootballdata.com/logos-dark/64/132.png', 'https://cdn.collegefootballdata.com/logos/48/132.png', 'https://cdn.collegefootballdata.com/logos-dark/48/132.png', 'https://cdn.collegefootballdata.com/logos/32/132.png', 'https://cdn.collegefootballdata.com/logos-dark/32/132.png', 'https://cdn.collegefootballdata.com/logos/16/132.png', 'https://cdn.collegefootballdata.com/logos-dark/16/132.png']",,5874.0,Chet Anderson Stadium,Bemidji,MN,56601,US,,47.4785418,-94.8907869,,3500.0,,,False
490,Benedict,Tigers,BEN,"['BEN', 'Benedict']",SIAC,,ii,#null,#null,"['https://cdn.collegefootballdata.com/logos/500/490.png', 'https://cdn.collegefootballdata.com/logos-dark/500/490.png', 'https://cdn.collegefootballdata.com/logos/256/490.png', 'https://cdn.collegefootballdata.com/logos-dark/256/490.png', 'https://cdn.collegefootballdata.com/logos/128/490.png', 'https://cdn.collegefootballdata.com/logos-dark/128/490.png', 'https://cdn.collegefootballdata.com/logos/96/490.png', 'https://cdn.collegefootballdata.com/logos-dark/96/490.png', 'https://cdn.collegefootballdata.com/logos/64/490.png', 'https://cdn.collegefootballdata.com/logos-dark/64/490.png', 'https://cdn.collegefootballdata.com/logos/48/490.png', 'https://cdn.collegefootballdata.com/logos-dark/48/490.png', 'https://cdn.collegefootballdata.com/logos/32/490.png', 'https://cdn.collegefootballdata.com/logos-dark/32/490.png', 'https://cdn.collegefootballdata.com/logos/16/490.png', 'https://cdn.collegefootballdata.com/logos-dark/16/490.png']",,5875.0,Charlie W. Johnson Stadium,Columbia,SC,29201,US,,34.0007493,-81.0343313,,10000.0,,,False
1001090,Benedict College,,,[],,,,#null,#null,,,,,,,,,,,,,,,,
16111,Benedictine College,Ravens,BENC,"['BENC', 'Bndctn Col']",,,,#null,#null,[],,,,,,,,,,,,,,,
2283,Benedictine (IL),Eagles,BNIL,"['BNIL', 'Benedictine IL']",NACC,,iii,#000000,#null,"['https://cdn.collegefootballdata.com/logos/500/2283.png', 'https://cdn.collegefootballdata.com/logos-dark/500/2283.png', 'https://cdn.collegefootballdata.com/logos/256/2283.png', 'https://cdn.collegefootballdata.com/logos-dark/256/2283.png', 'https://cdn.collegefootballdata.com/logos/128/2283.png', 'https://cdn.collegefootballdata.com/logos-dark/128/2283.png', 'https://cdn.collegefootballdata.com/logos/96/2283.png', 'https://cdn.collegefootballdata.com/logos-dark/96/2283.png', 'https://cdn.collegefootballdata.com/logos/64/2283.png', 'https://cdn.collegefootballdata.com/logos-dark/64/2283.png', 'https://cdn.collegefootballdata.com/logos/48/2283.png', 'https://cdn.collegefootballdata.com/logos-dark/48/2283.png', 'https://cdn.collegefootballdata.com/logos/32/2283.png', 'https://cdn.collegefootballdata.com/logos-dark/32/2283.png', 'https://cdn.collegefootballdata.com/logos/16/2283.png', 'https://cdn.collegefootballdata.com/logos-dark/16/2283.png']",,6284.0,Village of Lisle-Benedictine University Sports Complex,Lisle,IL,60532,US,,41.801159,-88.0747687,,3071.0,,,False
2060,Bentley,Falcons,BENT,"['BENT', 'Bentley']",Northeast 10,,ii,#000000,#null,"['https://cdn.collegefootballdata.com/logos/500/2060.png', 'https://cdn.collegefootballdata.com/logos-dark/500/2060.png', 'https://cdn.collegefootballdata.com/logos/256/2060.png', 'https://cdn.collegefootballdata.com/logos-dark/256/2060.png', 'https://cdn.collegefootballdata.com/logos/128/2060.png', 'https://cdn.collegefootballdata.com/logos-dark/128/2060.png', 'https://cdn.collegefootballdata.com/logos/96/2060.png', 'https://cdn.collegefootballdata.com/logos-dark/96/2060.png', 'https://cdn.collegefootballdata.com/logos/64/2060.png', 'https://cdn.collegefootballdata.com/logos-dark/64/2060.png', 'https://cdn.collegefootballdata.com/logos/48/2060.png', 'https://cdn.collegefootballdata.com/logos-dark/48/2060.png', 'https://cdn.collegefootballdata.com/logos/32/2060.png', 'https://cdn.collegefootballdata.com/logos-dark/32/2060.png', 'https://cdn.collegefootballdata.com/logos/16/2060.png', 'https://cdn.collegefootballdata.com/logos-dark/16/2060.png']",,5876.0,Bentley University Football Stadium,Waltham,MA,05491,US,,42.3756401,-71.2358004,,4800.0,,,False
2757,Berry,Vikings,BERR,"['BERR', 'Berry']",Southern Athletic,,iii,#00205b,#a2aaad,"['https://cdn.collegefootballdata.com/logos/500/2757.png', 'https://cdn.collegefootballdata.com/logos-dark/500/2757.png', 'https://cdn.collegefootballdata.com/logos/256/2757.png', 'https://cdn.collegefootballdata.com/logos-dark/256/2757.png', 'https://cdn.collegefootballdata.com/logos/128/2757.png', 'https://cdn.collegefootballdata.com/logos-dark/128/2757.png', 'https://cdn.collegefootballdata.com/logos/96/2757.png', 'https://cdn.collegefootballdata.com/logos-dark/96/2757.png', 'https://cdn.collegefootballdata.com/logos/64/2757.png', 'https://cdn.collegefootballdata.com/logos-dark/64/2757.png', 'https://cdn.collegefootballdata.com/logos/48/2757.png', 'https://cdn.collegefootballdata.com/logos-dark/48/2757.png', 'https://cdn.collegefootballdata.com/logos/32/2757.png', 'https://cdn.collegefootballdata.com/logos-dark/32/2757.png', 'https://cdn.collegefootballdata.com/logos/16/2757.png', 'https://cdn.collegefootballdata.com/logos-dark/16/2757.png']",,4422.0,Valhalla Stadium,Mount Berry,GA,30149,US,,34.275093,-85.1832843,,2500.0,,,False
121695,Bethany Co,Bethany Co,,['Bethany Co'],,,,#null,#null,,,,,,,,,,,,,,,,
492,Bethany (KS),Bethany (Ks),BETHA,"['Bethany (Kansas)', 'BETHA', 'Bethany KS']",,,,#000000,#null,[],,,,,,,,,,,,,,,
2062,Bethany (WV),Bison,BCWV,"['Bethany (West Virginia)', 'BCWV', 'Bethany (WV)']",Presidents',,iii,#000000,#null,"['https://cdn.collegefootballdata.com/logos/500/2062.png', 'https://cdn.collegefootballdata.com/logos-dark/500/2062.png', 'https://cdn.collegefootballdata.com/logos/256/2062.png', 'https://cdn.collegefootballdata.com/logos-dark/256/2062.png', 'https://cdn.collegefootballdata.com/logos/128/2062.png', 'https://cdn.collegefootballdata.com/logos-dark/128/2062.png', 'https://cdn.collegefootballdata.com/logos/96/2062.png', 'https://cdn.collegefootballdata.com/logos-dark/96/2062.png', 'https://cdn.collegefootballdata.com/logos/64/2062.png', 'https://cdn.collegefootballdata.com/logos-dark/64/2062.png', 'https://cdn.collegefootballdata.com/logos/48/2062.png', 'https://cdn.collegefootballdata.com/logos-dark/48/2062.png', 'https://cdn.collegefootballdata.com/logos/32/2062.png', 'https://cdn.collegefootballdata.com/logos-dark/32/2062.png', 'https://cdn.collegefootballdata.com/logos/16/2062.png', 'https://cdn.collegefootballdata.com/logos-dark/16/2062.png']",,5803.0,Bison Stadium,Bethany,WV,,US,,40.205627,-80.5567384,,1000.0,,,False
121754,Bethel Col,Bethel Col,,['Bethel Col'],,,,#null,#null,,,,,,,,,,,,,,,,
2802,Bethel (MN),Royals,BUMN,"['BUMN', 'Bethel (MN)']",Minnesota,,iii,#002d62,#b59859,"['https://cdn.collegefootballdata.com/logos/500/2802.png', 'https://cdn.collegefootballdata.com/logos-dark/500/2802.png', 'https://cdn.collegefootballdata.com/logos/256/2802.png', 'https://cdn.collegefootballdata.com/logos-dark/256/2802.png', 'https://cdn.collegefootballdata.com/logos/128/2802.png', 'https://cdn.collegefootballdata.com/logos-dark/128/2802.png', 'https://cdn.collegefootballdata.com/logos/96/2802.png', 'https://cdn.collegefootballdata.com/logos-dark/96/2802.png', 'https://cdn.collegefootballdata.com/logos/64/2802.png', 'https://cdn.collegefootballdata.com/logos-dark/64/2802.png', 'https://cdn.collegefootballdata.com/logos/48/2802.png', 'https://cdn.collegefootballdata.com/logos-dark/48/2802.png', 'https://cdn.collegefootballdata.com/logos/32/2802.png', 'https://cdn.collegefootballdata.com/logos-dark/32/2802.png', 'https://cdn.collegefootballdata.com/logos/16/2802.png', 'https://cdn.collegefootballdata.com/logos-dark/16/2802.png']",,5804.0,Royal Stadium,Arden Hills,MN,55126,US,,45.0761409,-93.1666945,,8000.0,,,False
2064,Bethel University Tennessee,Wildcats,BETHTN,"['BETHTN', 'Bethel TN']",,,,#000000,#null,[],,,,,,,,,,,,,,,
2065,Bethune-Cookman,Wildcats,BCU,"['BCU', 'Bethune']",SWAC,East,fcs,#7b1831,#e9aa12,"['https://cdn.collegefootballdata.com/logos/500/2065.png', 'https://cdn.collegefootballdata.com/logos-dark/500/2065.png', 'https://cdn.collegefootballdata.com/logos/256/2065.png', 'https://cdn.collegefootballdata.com/logos-dark/256/2065.png', 'https://cdn.collegefootballdata.com/logos/128/2065.png', 'https://cdn.collegefootballdata.com/logos-dark/128/2065.png', 'https://cdn.collegefootballdata.com/logos/96/2065.png', 'https://cdn.collegefootballdata.com/logos-dark/96/2065.png', 'https://cdn.collegefootballdata.com/logos/64/2065.png', 'https://cdn.collegefootballdata.com/logos-dark/64/2065.png', 'https://cdn.collegefootballdata.com/logos/48/2065.png', 'https://cdn.collegefootballdata.com/logos-dark/48/2065.png', 'https://cdn.collegefootballdata.com/logos/32/2065.png', 'https://cdn.collegefootballdata.com/logos-dark/32/2065.png', 'https://cdn.collegefootballdata.com/logos/16/2065.png', 'https://cdn.collegefootballdata.com/logos-dark/16/2065.png']",@BCUGridiron,3850.0,Municipal Stadium,Daytona Beach,FL,32114,US,America/New_York,29.173466,-81.117511,9.516305923,10000.0,1979.0,False,False
3,Birmingham-Southern,Panthers,BIR,"['BIR', 'Birmingham-Southern']",Southern Athletic,,iii,#000000,#null,"['https://cdn.collegefootballdata.com/logos/500/3.png', 'https://cdn.collegefootballdata.com/logos-dark/500/3.png', 'https://cdn.collegefootballdata.com/logos/256/3.png', 'https://cdn.collegefootballdata.com/logos-dark/256/3.png', 'https://cdn.collegefootballdata.com/logos/128/3.png', 'https://cdn.collegefootballdata.com/logos-dark/128/3.png', 'https://cdn.collegefootballdata.com/logos/96/3.png', 'https://cdn.collegefootballdata.com/logos-dark/96/3.png', 'https://cdn.collegefootballdata.com/logos/64/3.png', 'https://cdn.collegefootballdata.com/logos-dark/64/3.png', 'https://cdn.collegefootballdata.com/logos/48/3.png', 'https://cdn.collegefootballdata.com/logos-dark/48/3.png', 'https://cdn.collegefootballdata.com/logos/32/3.png', 'https://cdn.collegefootballdata.com/logos-dark/32/3.png', 'https://cdn.collegefootballdata.com/logos/16/3.png', 'https://cdn.collegefootballdata.com/logos-dark/16/3.png']",,3871.0,General Charles C. Krulak Stadium,Birmingham,AL,35202,US,,33.5206824,-86.8024326,,1600.0,,,False
2070,Blackburn,Beavers,BLA,"['BLA', 'Blackburn']",,,,#000000,#null,[],,,,,,,,,,,,,,,
2069,Black Hills State,Yellow Jackets,BHSU,"['BHSU', 'Black Hills St']",Rocky Mountain,,ii,#000000,#null,"['https://cdn.collegefootballdata.com/logos/500/2069.png', 'https://cdn.collegefootballdata.com/logos-dark/500/2069.png', 'https://cdn.collegefootballdata.com/logos/256/2069.png', 'https://cdn.collegefootballdata.com/logos-dark/256/2069.png', 'https://cdn.collegefootballdata.com/logos/128/2069.png', 'https://cdn.collegefootballdata.com/logos-dark/128/2069.png', 'https://cdn.collegefootballdata.com/logos/96/2069.png', 'https://cdn.collegefootballdata.com/logos-dark/96/2069.png', 'https://cdn.collegefootballdata.com/logos/64/2069.png', 'https://cdn.collegefootballdata.com/logos-dark/64/2069.png', 'https://cdn.collegefootballdata.com/logos/48/2069.png', 'https://cdn.collegefootballdata.com/logos-dark/48/2069.png', 'https://cdn.collegefootballdata.com/logos/32/2069.png', 'https://cdn.collegefootballdata.com/logos-dark/32/2069.png', 'https://cdn.collegefootballdata.com/logos/16/2069.png', 'https://cdn.collegefootballdata.com/logos-dark/16/2069.png']",,5877.0,Lyle Hare Stadium,Spearfish,SD,57783,US,,44.490817,-103.85937,,4200.0,,,False
1000962,Blinn College,,,[],,,,#null,#null,,,,,,,,,,,,,,,,
1000959,Blinn College,,,[],,,,#null,#null,,,,,,,,,,,,,,,,
1000961,Blinn College,,,[],,,,#null,#null,,,,,,,,,,,,,,,,
1000949,Blinn College,,,[],,,,#null,#null,,,,,,,,,,,,,,,,
2071,Bloomsburg,Huskies,BBU,"['BBU', 'Bloomsburg']",Pennsylvania State Athletic,Eastern,ii,#000000,#null,"['https://cdn.collegefootballdata.com/logos/500/2071.png', 'https://cdn.collegefootballdata.com/logos-dark/500/2071.png', 'https://cdn.collegefootballdata.com/logos/256/2071.png', 'https://cdn.collegefootballdata.com/logos-dark/256/2071.png', 'https://cdn.collegefootballdata.com/logos/128/2071.png', 'https://cdn.collegefootballdata.com/logos-dark/128/2071.png', 'https://cdn.collegefootballdata.com/logos/96/2071.png', 'https://cdn.collegefootballdata.com/logos-dark/96/2071.png', 'https://cdn.collegefootballdata.com/logos/64/2071.png', 'https://cdn.collegefootballdata.com/logos-dark/64/2071.png', 'https://cdn.collegefootballdata.com/logos/48/2071.png', 'https://cdn.collegefootballdata.com/logos-dark/48/2071.png', 'https://cdn.collegefootballdata.com/logos/32/2071.png', 'https://cdn.collegefootballdata.com/logos-dark/32/2071.png', 'https://cdn.collegefootballdata.com/logos/16/2071.png', 'https://cdn.collegefootballdata.com/logos-dark/16/2071.png']",,4435.0,Robert B. Redman Stadium,Bloomsburg,PA,17815,US,,41.0044958,-76.4537302,,5000.0,,,False
495,BLUEFIELD,Ramblin' Rams,BLU,"['BLU', 'Bluefield']",,,,#null,#null,[],,,,,,,,,,,,,,,
124180,Bluefield State,Big Blue,BLUS,"['BLUS', 'Bluefield St']",CIAA,Northern,ii,#null,#null,,,6221.0,Mitchell Stadium,Bluefield,WV,24701,US,,37.2698395,-81.2223195,,10000.0,,,False
2074,Bluffton,Beavers,BLF,"['BLF', 'Bluffton']",Heartland,,iii,#46166a,#ffffff,"['https://cdn.collegefootballdata.com/logos/500/2074.png', 'https://cdn.collegefootballdata.com/logos-dark/500/2074.png', 'https://cdn.collegefootballdata.com/logos/256/2074.png', 'https://cdn.collegefootballdata.com/logos-dark/256/2074.png', 'https://cdn.collegefootballdata.com/logos/128/2074.png', 'https://cdn.collegefootballdata.com/logos-dark/128/2074.png', 'https://cdn.collegefootballdata.com/logos/96/2074.png', 'https://cdn.collegefootballdata.com/logos-dark/96/2074.png', 'https://cdn.collegefootballdata.com/logos/64/2074.png', 'https://cdn.collegefootballdata.com/logos-dark/64/2074.png', 'https://cdn.collegefootballdata.com/logos/48/2074.png', 'https://cdn.collegefootballdata.com/logos-dark/48/2074.png', 'https://cdn.collegefootballdata.com/logos/32/2074.png', 'https://cdn.collegefootballdata.com/logos-dark/32/2074.png', 'https://cdn.collegefootballdata.com/logos/16/2074.png', 'https://cdn.collegefootballdata.com/logos-dark/16/2074.png']",,5805.0,Alumni Field (OH),Bluffton,OH,45817,US,,40.8934459,-83.8917849,,2600.0,,,False
68,Boise State,Broncos,BOIS,"['BOIS', 'Boise St']",Pac-12,,fbs,#0033a0,#d64309,"['https://cdn.collegefootballdata.com/logos/500/68.png', 'https://cdn.collegefootballdata.com/logos-dark/500/68.png', 'https://cdn.collegefootballdata.com/logos/256/68.png', 'https://cdn.collegefootballdata.com/logos-dark/256/68.png', 'https://cdn.collegefootballdata.com/logos/128/68.png', 'https://cdn.collegefootballdata.com/logos-dark/128/68.png', 'https://cdn.collegefootballdata.com/logos/96/68.png', 'https://cdn.collegefootballdata.com/logos-dark/96/68.png', 'https://cdn.collegefootballdata.com/logos/64/68.png', 'https://cdn.collegefootballdata.com/logos-dark/64/68.png', 'https://cdn.collegefootballdata.com/logos/48/68.png', 'https://cdn.collegefootballdata.com/logos-dark/48/68.png', 'https://cdn.collegefootballdata.com/logos/32/68.png', 'https://cdn.collegefootballdata.com/logos-dark/32/68.png', 'https://cdn.collegefootballdata.com/logos/16/68.png', 'https://cdn.collegefootballdata.com/logos-dark/16/68.png']",@BroncoSportsFB,3653.0,Albertsons Stadium,Boise,ID,83725,US,America/Boise,43.6028839,-116.1958882,823.2221069,36387.0,1970.0,False,False
103,Boston College,Eagles,BC,"['BC', 'Boston College']",ACC,,fbs,#8c2232,#dbcca6,"['https://cdn.collegefootballdata.com/logos/500/103.png', 'https://cdn.collegefootballdata.com/logos-dark/500/103.png', 'https://cdn.collegefootballdata.com/logos/256/103.png', 'https://cdn.collegefootballdata.com/logos-dark/256/103.png', 'https://cdn.collegefootballdata.com/logos/128/103.png', 'https://cdn.collegefootballdata.com/logos-dark/128/103.png', 'https://cdn.collegefootballdata.com/logos/96/103.png', 'https://cdn.collegefootballdata.com/logos-dark/96/103.png', 'https://cdn.collegefootballdata.com/logos/64/103.png', 'https://cdn.collegefootballdata.com/logos-dark/64/103.png', 'https://cdn.collegefootballdata.com/logos/48/103.png', 'https://cdn.collegefootballdata.com/logos-dark/48/103.png', 'https://cdn.collegefootballdata.com/logos/32/103.png', 'https://cdn.collegefootballdata.com/logos-dark/32/103.png', 'https://cdn.collegefootballdata.com/logos/16/103.png', 'https://cdn.collegefootballdata.com/logos-dark/16/103.png']",@BCFootball,3615.0,"Alumni Stadium (Chestnut Hill, MA)",Chestnut Hill,MA,2467 ,US,America/New_York,42.335104,-71.1664413,39.82634354,44500.0,1957.0,False,False
340,Bowdoin,Polar Bears,BOW,"['BOW', 'Bowdoin']",NESCAC,,iii,#ffffff,#000000,"['https://cdn.collegefootballdata.com/logos/500/340.png', 'https://cdn.collegefootballdata.com/logos-dark/500/340.png', 'https://cdn.collegefootballdata.com/logos/256/340.png', 'https://cdn.collegefootballdata.com/logos-dark/256/340.png', 'https://cdn.collegefootballdata.com/logos/128/340.png', 'https://cdn.collegefootballdata.com/logos-dark/128/340.png', 'https://cdn.collegefootballdata.com/logos/96/340.png', 'https://cdn.collegefootballdata.com/logos-dark/96/340.png', 'https://cdn.collegefootballdata.com/logos/64/340.png', 'https://cdn.collegefootballdata.com/logos-dark/64/340.png', 'https://cdn.collegefootballdata.com/logos/48/340.png', 'https://cdn.collegefootballdata.com/logos-dark/48/340.png', 'https://cdn.collegefootballdata.com/logos/32/340.png', 'https://cdn.collegefootballdata.com/logos-dark/32/340.png', 'https://cdn.collegefootballdata.com/logos/16/340.png', 'https://cdn.collegefootballdata.com/logos-dark/16/340.png']",,5806.0,Whittier Field,Brunswick,ME,04011,US,,43.9145244,-69.9653278,,9000.0,,,False
2075,Bowie State,Bulldogs,BOWE,"['BOWE', 'Bowie St']",CIAA,Northern,ii,#000000,#null,"['https://cdn.collegefootballdata.com/logos/500/2075.png', 'https://cdn.collegefootballdata.com/logos-dark/500/2075.png', 'https://cdn.collegefootballdata.com/logos/256/2075.png', 'https://cdn.collegefootballdata.com/logos-dark/256/2075.png', 'https://cdn.collegefootballdata.com/logos/128/2075.png', 'https://cdn.collegefootballdata.com/logos-dark/128/2075.png', 'https://cdn.collegefootballdata.com/logos/96/2075.png', 'https://cdn.collegefootballdata.com/logos-dark/96/2075.png', 'https://cdn.collegefootballdata.com/logos/64/2075.png', 'https://cdn.collegefootballdata.com/logos-dark/64/2075.png', 'https://cdn.collegefootballdata.com/logos/48/2075.png', 'https://cdn.collegefootballdata.com/logos-dark/48/2075.png', 'https://cdn.collegefootballdata.com/logos/32/2075.png', 'https://cdn.collegefootballdata.com/logos-dark/32/2075.png', 'https://cdn.collegefootballdata.com/logos/16/2075.png', 'https://cdn.collegefootballdata.com/logos-dark/16/2075.png']",,5873.0,Bulldogs Stadium,Bowie,MD,20720,US,,38.9424464,-76.7301718,,2964.0,,,False
189,Bowling Green,Falcons,BGSU,"['Bowling Green State', 'BGSU', 'Bowling Green']",Mid-American,,fbs,#fd5000,#4f2c1d,"['https://cdn.collegefootballdata.com/logos/500/189.png', 'https://cdn.collegefootballdata.com/logos-dark/500/189.png', 'https://cdn.collegefootballdata.com/logos/256/189.png', 'https://cdn.collegefootballdata.com/logos-dark/256/189.png', 'https://cdn.collegefootballdata.com/logos/128/189.png', 'https://cdn.collegefootballdata.com/logos-dark/128/189.png', 'https://cdn.collegefootballdata.com/logos/96/189.png', 'https://cdn.collegefootballdata.com/logos-dark/96/189.png', 'https://cdn.collegefootballdata.com/logos/64/189.png', 'https://cdn.collegefootballdata.com/logos-dark/64/189.png', 'https://cdn.collegefootballdata.com/logos/48/189.png', 'https://cdn.collegefootballdata.com/logos-dark/48/189.png', 'https://cdn.collegefootballdata.com/logos/32/189.png', 'https://cdn.collegefootballdata.com/logos-dark/32/189.png', 'https://cdn.collegefootballdata.com/logos/16/189.png', 'https://cdn.collegefootballdata.com/logos-dark/16/189.png']",@BG_Football,3700.0,Doyt L. Perry Stadium,Bowling Green,OH,43403,US,America/New_York,41.3780114,-83.6225,205.9057465,24000.0,1966.0,False,False
2913,Brevard,Tornados,BRE,"['BRE', 'Brevard']",USA South,,iii,#000000,#null,"['https://cdn.collegefootballdata.com/logos/500/2913.png', 'https://cdn.collegefootballdata.com/logos-dark/500/2913.png', 'https://cdn.collegefootballdata.com/logos/256/2913.png', 'https://cdn.collegefootballdata.com/logos-dark/256/2913.png', 'https://cdn.collegefootballdata.com/logos/128/2913.png', 'https://cdn.collegefootballdata.com/logos-dark/128/2913.png', 'https://cdn.collegefootballdata.com/logos/96/2913.png', 'https://cdn.collegefootballdata.com/logos-dark/96/2913.png', 'https://cdn.collegefootballdata.com/logos/64/2913.png', 'https://cdn.collegefootballdata.com/logos-dark/64/2913.png', 'https://cdn.collegefootballdata.com/logos/48/2913.png', 'https://cdn.collegefootballdata.com/logos-dark/48/2913.png', 'https://cdn.collegefootballdata.com/logos/32/2913.png', 'https://cdn.collegefootballdata.com/logos-dark/32/2913.png', 'https://cdn.collegefootballdata.com/logos/16/2913.png', 'https://cdn.collegefootballdata.com/logos-dark/16/2913.png']",,5807.0,Brevard Memorial Stadium,Brevard,NC,,US,,35.2334472,-82.7342919,,7000.0,,,False
2079,Bridgewater,Eagles,BRI,"['BRI', 'Bridgewater']",Old Dominion,,iii,#990022,#8d724b,"['https://cdn.collegefootballdata.com/logos/500/2079.png', 'https://cdn.collegefootballdata.com/logos-dark/500/2079.png', 'https://cdn.collegefootballdata.com/logos/256/2079.png', 'https://cdn.collegefootballdata.com/logos-dark/256/2079.png', 'https://cdn.collegefootballdata.com/logos/128/2079.png', 'https://cdn.collegefootballdata.com/logos-dark/128/2079.png', 'https://cdn.collegefootballdata.com/logos/96/2079.png', 'https://cdn.collegefootballdata.com/logos-dark/96/2079.png', 'https://cdn.collegefootballdata.com/logos/64/2079.png', 'https://cdn.collegefootballdata.com/logos-dark/64/2079.png', 'https://cdn.collegefootballdata.com/logos/48/2079.png', 'https://cdn.collegefootballdata.com/logos-dark/48/2079.png', 'https://cdn.collegefootballdata.com/logos/32/2079.png', 'https://cdn.collegefootballdata.com/logos-dark/32/2079.png', 'https://cdn.collegefootballdata.com/logos/16/2079.png', 'https://cdn.collegefootballdata.com/logos-dark/16/2079.png']",,5800.0,Jopson Athletic Complex,Bridgewater,VA,,US,,38.3820655,-78.9766975,,3500.0,,,False
18,Bridgewater State,Bears,BRIS,"['BRIS', 'Bridgewater St']",MSCAC,,iii,#bf2f38,#000000,"['https://cdn.collegefootballdata.com/logos/500/18.png', 'https://cdn.collegefootballdata.com/logos-dark/500/18.png', 'https://cdn.collegefootballdata.com/logos/256/18.png', 'https://cdn.collegefootballdata.com/logos-dark/256/18.png', 'https://cdn.collegefootballdata.com/logos/128/18.png', 'https://cdn.collegefootballdata.com/logos-dark/128/18.png', 'https://cdn.collegefootballdata.com/logos/96/18.png', 'https://cdn.collegefootballdata.com/logos-dark/96/18.png', 'https://cdn.collegefootballdata.com/logos/64/18.png', 'https://cdn.collegefootballdata.com/logos-dark/64/18.png', 'https://cdn.collegefootballdata.com/logos/48/18.png', 'https://cdn.collegefootballdata.com/logos-dark/48/18.png', 'https://cdn.collegefootballdata.com/logos/32/18.png', 'https://cdn.collegefootballdata.com/logos-dark/32/18.png', 'https://cdn.collegefootballdata.com/logos/16/18.png', 'https://cdn.collegefootballdata.com/logos-dark/16/18.png']",,5808.0,Edward C. Swenson Athletic Complex,Bridgewater,MA,50837,US,,41.9903787,-70.9750426,,1560.0,,,False
2080,British Columbia,British Col,BBM,"['BBM', 'Britsh Col']",,,,#000000,#null,[],,,,,,,,,,,,,,,
2781,Brockport,Golden Eagles,BRO,"['BRO', 'Brockport']",Empire 8,,iii,#000000,#null,"['https://cdn.collegefootballdata.com/logos/500/2781.png', 'https://cdn.collegefootballdata.com/logos-dark/500/2781.png', 'https://cdn.collegefootballdata.com/logos/256/2781.png', 'https://cdn.collegefootballdata.com/logos-dark/256/2781.png', 'https://cdn.collegefootballdata.com/logos/128/2781.png', 'https://cdn.collegefootballdata.com/logos-dark/128/2781.png', 'https://cdn.collegefootballdata.com/logos/96/2781.png', 'https://cdn.collegefootballdata.com/logos-dark/96/2781.png', 'https://cdn.collegefootballdata.com/logos/64/2781.png', 'https://cdn.collegefootballdata.com/logos-dark/64/2781.png', 'https://cdn.collegefootballdata.com/logos/48/2781.png', 'https://cdn.collegefootballdata.com/logos-dark/48/2781.png', 'https://cdn.collegefootballdata.com/logos/32/2781.png', 'https://cdn.collegefootballdata.com/logos-dark/32/2781.png', 'https://cdn.collegefootballdata.com/logos/16/2781.png', 'https://cdn.collegefootballdata.com/logos-dark/16/2781.png']",,6126.0,Bob Boozer Field,Brockport,NY,14420,US,,43.213671,-77.93918,,10000.0,,,False
225,Brown,Bears,BRWN,"['BRWN', 'Brown']",Ivy,,fcs,#411e09,#949300,"['https://cdn.collegefootballdata.com/logos/500/225.png', 'https://cdn.collegefootballdata.com/logos-dark/500/225.png', 'https://cdn.collegefootballdata.com/logos/256/225.png', 'https://cdn.collegefootballdata.com/logos-dark/256/225.png', 'https://cdn.collegefootballdata.com/logos/128/225.png', 'https://cdn.collegefootballdata.com/logos-dark/128/225.png', 'https://cdn.collegefootballdata.com/logos/96/225.png', 'https://cdn.collegefootballdata.com/logos-dark/96/225.png', 'https://cdn.collegefootballdata.com/logos/64/225.png', 'https://cdn.collegefootballdata.com/logos-dark/64/225.png', 'https://cdn.collegefootballdata.com/logos/48/225.png', 'https://cdn.collegefootballdata.com/logos-dark/48/225.png', 'https://cdn.collegefootballdata.com/logos/32/225.png', 'https://cdn.collegefootballdata.com/logos-dark/32/225.png', 'https://cdn.collegefootballdata.com/logos/16/225.png', 'https://cdn.collegefootballdata.com/logos-dark/16/225.png']",@BrownU_Football,3656.0,Brown Stadium,Providence,RI,2912 ,US,America/New_York,41.842114,-71.3939416,33.87348557,20000.0,1925.0,False,False
2803,Bryant,Bulldogs,BRY,"['BRY', 'Bryant']",Coastal Athletic,,fcs,#000000,#9f8343,"['https://cdn.collegefootballdata.com/logos/500/2803.png', 'https://cdn.collegefootballdata.com/logos-dark/500/2803.png', 'https://cdn.collegefootballdata.com/logos/256/2803.png', 'https://cdn.collegefootballdata.com/logos-dark/256/2803.png', 'https://cdn.collegefootballdata.com/logos/128/2803.png', 'https://cdn.collegefootballdata.com/logos-dark/128/2803.png', 'https://cdn.collegefootballdata.com/logos/96/2803.png', 'https://cdn.collegefootballdata.com/logos-dark/96/2803.png', 'https://cdn.collegefootballdata.com/logos/64/2803.png', 'https://cdn.collegefootballdata.com/logos-dark/64/2803.png', 'https://cdn.collegefootballdata.com/logos/48/2803.png', 'https://cdn.collegefootballdata.com/logos-dark/48/2803.png', 'https://cdn.collegefootballdata.com/logos/32/2803.png', 'https://cdn.collegefootballdata.com/logos-dark/32/2803.png', 'https://cdn.collegefootballdata.com/logos/16/2803.png', 'https://cdn.collegefootballdata.com/logos-dark/16/2803.png']",@BryantUFootball,3661.0,Bulldog Stadium,Smithfield,RI,93710,US,America/New_York,41.924206,-71.5385124,124.471344,4400.0,1999.0,False,False
2083,Bucknell,Bison,BUCK,"['BUCK', 'Bucknell']",Patriot,,fcs,#000060,#00316e,"['https://cdn.collegefootballdata.com/logos/500/2083.png', 'https://cdn.collegefootballdata.com/logos-dark/500/2083.png', 'https://cdn.collegefootballdata.com/logos/256/2083.png', 'https://cdn.collegefootballdata.com/logos-dark/256/2083.png', 'https://cdn.collegefootballdata.com/logos/128/2083.png', 'https://cdn.collegefootballdata.com/logos-dark/128/2083.png', 'https://cdn.collegefootballdata.com/logos/96/2083.png', 'https://cdn.collegefootballdata.com/logos-dark/96/2083.png', 'https://cdn.collegefootballdata.com/logos/64/2083.png', 'https://cdn.collegefootballdata.com/logos-dark/64/2083.png', 'https://cdn.collegefootballdata.com/logos/48/2083.png', 'https://cdn.collegefootballdata.com/logos-dark/48/2083.png', 'https://cdn.collegefootballdata.com/logos/32/2083.png', 'https://cdn.collegefootballdata.com/logos-dark/32/2083.png', 'https://cdn.collegefootballdata.com/logos/16/2083.png', 'https://cdn.collegefootballdata.com/logos-dark/16/2083.png']",@Bucknell_FB,3676.0,Christy Mathewson-Memorial Stadium,Lewisburg,PA,17837,US,America/New_York,40.9519411,-76.884752,151.194931,13100.0,1924.0,False,False
63,Buena Vista,Beavers,BVU,"['BVU', 'Buena Vista']",American Rivers,,iii,#feba12,#001440,"['https://cdn.collegefootballdata.com/logos/500/63.png', 'https://cdn.collegefootballdata.com/logos-dark/500/63.png', 'https://cdn.collegefootballdata.com/logos/256/63.png', 'https://cdn.collegefootballdata.com/logos-dark/256/63.png', 'https://cdn.collegefootballdata.com/logos/128/63.png', 'https://cdn.collegefootballdata.com/logos-dark/128/63.png', 'https://cdn.collegefootballdata.com/logos/96/63.png', 'https://cdn.collegefootballdata.com/logos-dark/96/63.png', 'https://cdn.collegefootballdata.com/logos/64/63.png', 'https://cdn.collegefootballdata.com/logos-dark/64/63.png', 'https://cdn.collegefootballdata.com/logos/48/63.png', 'https://cdn.collegefootballdata.com/logos-dark/48/63.png', 'https://cdn.collegefootballdata.com/logos/32/63.png', 'https://cdn.collegefootballdata.com/logos-dark/32/63.png', 'https://cdn.collegefootballdata.com/logos/16/63.png', 'https://cdn.collegefootballdata.com/logos-dark/16/63.png']",,5809.0,J. Leslie Rollins Stadium,Storm Lake,IA,50588,US,,42.6452817,-95.1992726,,3000.0,,,False
2084,Buffalo,Bulls,BUF,"['BUF', 'Buffalo']",Mid-American,,fbs,#005bbb,#ffffff,"['https://cdn.collegefootballdata.com/logos/500/2084.png', 'https://cdn.collegefootballdata.com/logos-dark/500/2084.png', 'https://cdn.collegefootballdata.com/logos/256/2084.png', 'https://cdn.collegefootballdata.com/logos-dark/256/2084.png', 'https://cdn.collegefootballdata.com/logos/128/2084.png', 'https://cdn.collegefootballdata.com/logos-dark/128/2084.png', 'https://cdn.collegefootballdata.com/logos/96/2084.png', 'https://cdn.collegefootballdata.com/logos-dark/96/2084.png', 'https://cdn.collegefootballdata.com/logos/64/2084.png', 'https://cdn.collegefootballdata.com/logos-dark/64/2084.png', 'https://cdn.collegefootballdata.com/logos/48/2084.png', 'https://cdn.collegefootballdata.com/logos-dark/48/2084.png', 'https://cdn.collegefootballdata.com/logos/32/2084.png', 'https://cdn.collegefootballdata.com/logos-dark/32/2084.png', 'https://cdn.collegefootballdata.com/logos/16/2084.png', 'https://cdn.collegefootballdata.com/logos-dark/16/2084.png']",@UBFootball,3965.0,UB Stadium,Amherst,NY,14260,US,America/New_York,42.9991334,-78.7775113,181.5759735,30270.0,1993.0,False,False
2085,Buffalo State,Bengals,BSU,"['BSU', 'Buffalo St']",Liberty League,,iii,#000000,#null,"['https://cdn.collegefootballdata.com/logos/500/2085.png', 'https://cdn.collegefootballdata.com/logos-dark/500/2085.png', 'https://cdn.collegefootballdata.com/logos/256/2085.png', 'https://cdn.collegefootballdata.com/logos-dark/256/2085.png', 'https://cdn.collegefootballdata.com/logos/128/2085.png', 'https://cdn.collegefootballdata.com/logos-dark/128/2085.png', 'https://cdn.collegefootballdata.com/logos/96/2085.png', 'https://cdn.collegefootballdata.com/logos-dark/96/2085.png', 'https://cdn.collegefootballdata.com/logos/64/2085.png', 'https://cdn.collegefootballdata.com/logos-dark/64/2085.png', 'https://cdn.collegefootballdata.com/logos/48/2085.png', 'https://cdn.collegefootballdata.com/logos-dark/48/2085.png', 'https://cdn.collegefootballdata.com/logos/32/2085.png', 'https://cdn.collegefootballdata.com/logos-dark/32/2085.png', 'https://cdn.collegefootballdata.com/logos/16/2085.png', 'https://cdn.collegefootballdata.com/logos-dark/16/2085.png']",,5810.0,Coyer Field,Buffalo,NY,14026,US,,42.8867166,-78.8783922,,3000.0,,,False
2086,Butler,Bulldogs,BTLR,"['BTLR', 'Butler']",Pioneer,,fcs,#0d1361,#00a3e0,"['https://cdn.collegefootballdata.com/logos/500/2086.png', 'https://cdn.collegefootballdata.com/logos-dark/500/2086.png', 'https://cdn.collegefootballdata.com/logos/256/2086.png', 'https://cdn.collegefootballdata.com/logos-dark/256/2086.png', 'https://cdn.collegefootballdata.com/logos/128/2086.png', 'https://cdn.collegefootballdata.com/logos-dark/128/2086.png', 'https://cdn.collegefootballdata.com/logos/96/2086.png', 'https://cdn.collegefootballdata.com/logos-dark/96/2086.png', 'https://cdn.collegefootballdata.com/logos/64/2086.png', 'https://cdn.collegefootballdata.com/logos-dark/64/2086.png', 'https://cdn.collegefootballdata.com/logos/48/2086.png', 'https://cdn.collegefootballdata.com/logos-dark/48/2086.png', 'https://cdn.collegefootballdata.com/logos/32/2086.png', 'https://cdn.collegefootballdata.com/logos-dark/32/2086.png', 'https://cdn.collegefootballdata.com/logos/16/2086.png', 'https://cdn.collegefootballdata.com/logos-dark/16/2086.png']",@ButlerUFootball,3664.0,Butler Bowl,Indianapolis,IN,46721,US,America/Indiana/Indianapolis,39.8444694,-86.1659242,221.1980591,5647.0,1928.0,False,False
1000947,Butler C.C.,,,[],,,,#null,#null,,,,,,,,,,,,,,,,
1000939,Butler C.C.,,,[],,,,#null,#null,,,,,,,,,,,,,,,,
1000948,Butler C.C.,,,[],,,,#null,#null,,,,,,,,,,,,,,,,
1000965,Butler County (KS),,,[],,,,#null,#null,,,,,,,,,,,,,,,,
252,BYU,Cougars,BYU,"['Brigham Young', 'BYU', 'BYU']",Big 12,,fbs,#003da5,#002e5d,"['https://cdn.collegefootballdata.com/logos/500/252.png', 'https://cdn.collegefootballdata.com/logos-dark/500/252.png', 'https://cdn.collegefootballdata.com/logos/256/252.png', 'https://cdn.collegefootballdata.com/logos-dark/256/252.png', 'https://cdn.collegefootballdata.com/logos/128/252.png', 'https://cdn.collegefootballdata.com/logos-dark/128/252.png', 'https://cdn.collegefootballdata.com/logos/96/252.png', 'https://cdn.collegefootballdata.com/logos-dark/96/252.png', 'https://cdn.collegefootballdata.com/logos/64/252.png', 'https://cdn.collegefootballdata.com/logos-dark/64/252.png', 'https://cdn.collegefootballdata.com/logos/48/252.png', 'https://cdn.collegefootballdata.com/logos-dark/48/252.png', 'https://cdn.collegefootballdata.com/logos/32/252.png', 'https://cdn.collegefootballdata.com/logos-dark/32/252.png', 'https://cdn.collegefootballdata.com/logos/16/252.png', 'https://cdn.collegefootballdata.com/logos-dark/16/252.png']",@BYUFootball,3801.0,LaVell Edwards Stadium,Provo,UT,84602,US,America/Denver,40.2575347,-111.6545247,1412.097046,63470.0,1964.0,True,False
25,California,Golden Bears,CAL,"['CAL', 'California']",ACC,,fbs,#041e42,#ffc72c,"['https://cdn.collegefootballdata.com/logos/500/25.png', 'https://cdn.collegefootballdata.com/logos-dark/500/25.png', 'https://cdn.collegefootballdata.com/logos/256/25.png', 'https://cdn.collegefootballdata.com/logos-dark/256/25.png', 'https://cdn.collegefootballdata.com/logos/128/25.png', 'https://cdn.collegefootballdata.com/logos-dark/128/25.png', 'https://cdn.collegefootballdata.com/logos/96/25.png', 'https://cdn.collegefootballdata.com/logos-dark/96/25.png', 'https://cdn.collegefootballdata.com/logos/64/25.png', 'https://cdn.collegefootballdata.com/logos-dark/64/25.png', 'https://cdn.collegefootballdata.com/logos/48/25.png', 'https://cdn.collegefootballdata.com/logos-dark/48/25.png', 'https://cdn.collegefootballdata.com/logos/32/25.png', 'https://cdn.collegefootballdata.com/logos-dark/32/25.png', 'https://cdn.collegefootballdata.com/logos/16/25.png', 'https://cdn.collegefootballdata.com/logos-dark/16/25.png']",@CalFootball,3831.0,California Memorial Stadium,Berkeley,CA,94720,US,America/Los_Angeles,37.8710434,-122.2507729,125.3108063,62467.0,1923.0,False,False
1000987,"California, Pa.",,,[],,,,#null,#null,,,,,,,,,,,,,,,,
2858,California (PA),Vulcans,CAPA,"['California (Pennsylvania)', 'CAPA', 'Cal (PA)']",Pennsylvania State Athletic,Western,ii,#000000,#null,"['https://cdn.collegefootballdata.com/logos/500/2858.png', 'https://cdn.collegefootballdata.com/logos-dark/500/2858.png', 'https://cdn.collegefootballdata.com/logos/256/2858.png', 'https://cdn.collegefootballdata.com/logos-dark/256/2858.png', 'https://cdn.collegefootballdata.com/logos/128/2858.png', 'https://cdn.collegefootballdata.com/logos-dark/128/2858.png', 'https://cdn.collegefootballdata.com/logos/96/2858.png', 'https://cdn.collegefootballdata.com/logos-dark/96/2858.png', 'https://cdn.collegefootballdata.com/logos/64/2858.png', 'https://cdn.collegefootballdata.com/logos-dark/64/2858.png', 'https://cdn.collegefootballdata.com/logos/48/2858.png', 'https://cdn.collegefootballdata.com/logos-dark/48/2858.png', 'https://cdn.collegefootballdata.com/logos/32/2858.png', 'https://cdn.collegefootballdata.com/logos-dark/32/2858.png', 'https://cdn.collegefootballdata.com/logos/16/2858.png', 'https://cdn.collegefootballdata.com/logos-dark/16/2858.png']",,4436.0,Adamson Stadium,Brownsville,PA,15417,US,,40.0236854,-79.8839357,,6500.0,,,False
2094,Cal Lutheran,Kingsmen,CLU,"['California Lutheran', 'CLU', 'Cal Lutheran']",So. Cal.,,iii,#3b2361,#fec223,"['https://cdn.collegefootballdata.com/logos/500/2094.png', 'https://cdn.collegefootballdata.com/logos-dark/500/2094.png', 'https://cdn.collegefootballdata.com/logos/256/2094.png', 'https://cdn.collegefootballdata.com/logos-dark/256/2094.png', 'https://cdn.collegefootballdata.com/logos/128/2094.png', 'https://cdn.collegefootballdata.com/logos-dark/128/2094.png', 'https://cdn.collegefootballdata.com/logos/96/2094.png', 'https://cdn.collegefootballdata.com/logos-dark/96/2094.png', 'https://cdn.collegefootballdata.com/logos/64/2094.png', 'https://cdn.collegefootballdata.com/logos-dark/64/2094.png', 'https://cdn.collegefootballdata.com/logos/48/2094.png', 'https://cdn.collegefootballdata.com/logos-dark/48/2094.png', 'https://cdn.collegefootballdata.com/logos/32/2094.png', 'https://cdn.collegefootballdata.com/logos-dark/32/2094.png', 'https://cdn.collegefootballdata.com/logos/16/2094.png', 'https://cdn.collegefootballdata.com/logos-dark/16/2094.png']",,5811.0,William Rolland Stadium,Thousand Oaks,CA,91360,US,America/Los_Angeles,34.1705609,-118.8375937,272,2000.0,2011.0,False,False
13,Cal Poly,Mustangs,CP,"['CP', 'Cal Poly']",Big Sky,,fcs,#1E4D2B,#eed897,"['https://cdn.collegefootballdata.com/logos/500/13.png', 'https://cdn.collegefootballdata.com/logos-dark/500/13.png', 'https://cdn.collegefootballdata.com/logos/256/13.png', 'https://cdn.collegefootballdata.com/logos-dark/256/13.png', 'https://cdn.collegefootballdata.com/logos/128/13.png', 'https://cdn.collegefootballdata.com/logos-dark/128/13.png', 'https://cdn.collegefootballdata.com/logos/96/13.png', 'https://cdn.collegefootballdata.com/logos-dark/96/13.png', 'https://cdn.collegefootballdata.com/logos/64/13.png', 'https://cdn.collegefootballdata.com/logos-dark/64/13.png', 'https://cdn.collegefootballdata.com/logos/48/13.png', 'https://cdn.collegefootballdata.com/logos-dark/48/13.png', 'https://cdn.collegefootballdata.com/logos/32/13.png', 'https://cdn.collegefootballdata.com/logos-dark/32/13.png', 'https://cdn.collegefootballdata.com/logos/16/13.png', 'https://cdn.collegefootballdata.com/logos-dark/16/13.png']",@CalPolyFootball,1027.0,Alex G. Spanos Stadium,San Luis Obispo,CA,93405,US,America/Los_Angeles,35.2984123,-120.6650005,84.6832428,11075.0,2006.0,True,False
129738,Calvin,Knights,CALU,"['CALU', 'Calvin']",Michigan,,iii,#000000,#null,,,10463.0,Grand Rapids Christian High School,Grand Rapids,MI,,US,,,,,,,,False
2097,Campbell,Fighting Camels,CAM,"['CAM', 'Campbell']",Coastal Athletic,,fcs,#000000,#null,"['https://cdn.collegefootballdata.com/logos/500/2097.png', 'https://cdn.collegefootballdata.com/logos-dark/500/2097.png', 'https://cdn.collegefootballdata.com/logos/256/2097.png', 'https://cdn.collegefootballdata.com/logos-dark/256/2097.png', 'https://cdn.collegefootballdata.com/logos/128/2097.png', 'https://cdn.collegefootballdata.com/logos-dark/128/2097.png', 'https://cdn.collegefootballdata.com/logos/96/2097.png', 'https://cdn.collegefootballdata.com/logos-dark/96/2097.png', 'https://cdn.collegefootballdata.com/logos/64/2097.png', 'https://cdn.collegefootballdata.com/logos-dark/64/2097.png', 'https://cdn.collegefootballdata.com/logos/48/2097.png', 'https://cdn.collegefootballdata.com/logos-dark/48/2097.png', 'https://cdn.collegefootballdata.com/logos/32/2097.png', 'https://cdn.collegefootballdata.com/logos-dark/32/2097.png', 'https://cdn.collegefootballdata.com/logos/16/2097.png', 'https://cdn.collegefootballdata.com/logos-dark/16/2097.png']",@GoCamelsFB,3629.0,Barker-Lane Stadium,Buies Creek,NC,27506,US,America/New_York,35.4047689,-78.7424842,56.51401138,5500.0,2008.0,False,False
1001042,Campbellsville,,,[],,,,#null,#null,,,,,,,,,,,,,,,,
2098,Campbellsville University,Tigers,CMPBVIL,"['CMPBVIL', 'Camplville']",,,,#null,#null,,,,,,,,,,,,,,,,
424,Capital,Comets,CAPU,"['CAPU', 'Capital']",Ohio,,iii,#000000,#null,"['https://cdn.collegefootballdata.com/logos/500/424.png', 'https://cdn.collegefootballdata.com/logos-dark/500/424.png', 'https://cdn.collegefootballdata.com/logos/256/424.png', 'https://cdn.collegefootballdata.com/logos-dark/256/424.png', 'https://cdn.collegefootballdata.com/logos/128/424.png', 'https://cdn.collegefootballdata.com/logos-dark/128/424.png', 'https://cdn.collegefootballdata.com/logos/96/424.png', 'https://cdn.collegefootballdata.com/logos-dark/96/424.png', 'https://cdn.collegefootballdata.com/logos/64/424.png', 'https://cdn.collegefootballdata.com/logos-dark/64/424.png', 'https://cdn.collegefootballdata.com/logos/48/424.png', 'https://cdn.collegefootballdata.com/logos-dark/48/424.png', 'https://cdn.collegefootballdata.com/logos/32/424.png', 'https://cdn.collegefootballdata.com/logos-dark/32/424.png', 'https://cdn.collegefootballdata.com/logos/16/424.png', 'https://cdn.collegefootballdata.com/logos-dark/16/424.png']",,5812.0,Bernlohr Stadium,Bexley,OH,43209,US,,39.9692378,-82.936864,,3000.0,,,False
2101,Carleton,Knights,CAR,"['CAR', 'Carleton']",Minnesota,,iii,#173a79,#edac09,"['https://cdn.collegefootballdata.com/logos/500/2101.png', 'https://cdn.collegefootballdata.com/logos-dark/500/2101.png', 'https://cdn.collegefootballdata.com/logos/256/2101.png', 'https://cdn.collegefootballdata.com/logos-dark/256/2101.png', 'https://cdn.collegefootballdata.com/logos/128/2101.png', 'https://cdn.collegefootballdata.com/logos-dark/128/2101.png', 'https://cdn.collegefootballdata.com/logos/96/2101.png', 'https://cdn.collegefootballdata.com/logos-dark/96/2101.png', 'https://cdn.collegefootballdata.com/logos/64/2101.png', 'https://cdn.collegefootballdata.com/logos-dark/64/2101.png', 'https://cdn.collegefootballdata.com/logos/48/2101.png', 'https://cdn.collegefootballdata.com/logos-dark/48/2101.png', 'https://cdn.collegefootballdata.com/logos/32/2101.png', 'https://cdn.collegefootballdata.com/logos-dark/32/2101.png', 'https://cdn.collegefootballdata.com/logos/16/2101.png', 'https://cdn.collegefootballdata.com/logos-dark/16/2101.png']",,7079.0,Laird Stadium,Northfield,MN,55057,US,,44.4582041,-93.161159,,7500.0,,,False
2102,Carnegie Mellon,Tartans,CGMU,"['CGMU', 'Carn Mellon']",Presidents',,iii,#000000,#null,"['https://cdn.collegefootballdata.com/logos/500/2102.png', 'https://cdn.collegefootballdata.com/logos-dark/500/2102.png', 'https://cdn.collegefootballdata.com/logos/256/2102.png', 'https://cdn.collegefootballdata.com/logos-dark/256/2102.png', 'https://cdn.collegefootballdata.com/logos/128/2102.png', 'https://cdn.collegefootballdata.com/logos-dark/128/2102.png', 'https://cdn.collegefootballdata.com/logos/96/2102.png', 'https://cdn.collegefootballdata.com/logos-dark/96/2102.png', 'https://cdn.collegefootballdata.com/logos/64/2102.png', 'https://cdn.collegefootballdata.com/logos-dark/64/2102.png', 'https://cdn.collegefootballdata.com/logos/48/2102.png', 'https://cdn.collegefootballdata.com/logos-dark/48/2102.png', 'https://cdn.collegefootballdata.com/logos/32/2102.png', 'https://cdn.collegefootballdata.com/logos-dark/32/2102.png', 'https://cdn.collegefootballdata.com/logos/16/2102.png', 'https://cdn.collegefootballdata.com/logos-dark/16/2102.png']",,5814.0,Gesling Stadium,Pittsburgh,PA,15219,US,,40.4416941,-79.9900861,,3500.0,,,False
1001008,Carroll College,,,[],,,,#null,#null,,,,,,,,,,,,,,,,
32,Carroll (WI),Pioneers,CRU,"['Carroll (Wisconsin)', 'CRU', 'Carroll (WI)']",CCIW,,iii,#000000,#null,"['https://cdn.collegefootballdata.com/logos/500/32.png', 'https://cdn.collegefootballdata.com/logos-dark/500/32.png', 'https://cdn.collegefootballdata.com/logos/256/32.png', 'https://cdn.collegefootballdata.com/logos-dark/256/32.png', 'https://cdn.collegefootballdata.com/logos/128/32.png', 'https://cdn.collegefootballdata.com/logos-dark/128/32.png', 'https://cdn.collegefootballdata.com/logos/96/32.png', 'https://cdn.collegefootballdata.com/logos-dark/96/32.png', 'https://cdn.collegefootballdata.com/logos/64/32.png', 'https://cdn.collegefootballdata.com/logos-dark/64/32.png', 'https://cdn.collegefootballdata.com/logos/48/32.png', 'https://cdn.collegefootballdata.com/logos-dark/48/32.png', 'https://cdn.collegefootballdata.com/logos/32/32.png', 'https://cdn.collegefootballdata.com/logos-dark/32/32.png', 'https://cdn.collegefootballdata.com/logos/16/32.png', 'https://cdn.collegefootballdata.com/logos-dark/16/32.png']",,5815.0,Schneider Stadium,Waukesha,WI,53187,US,,43.0053145,-88.24736430153254,,2000.0,,,False
2105,Carson Newman,Eagles,CN,"['Carson Newman College', 'CN', 'Carson Newman']",South Atlantic,,ii,#f2682a,#0c233f,"['https://cdn.collegefootballdata.com/logos/500/2105.png', 'https://cdn.collegefootballdata.com/logos-dark/500/2105.png', 'https://cdn.collegefootballdata.com/logos/256/2105.png', 'https://cdn.collegefootballdata.com/logos-dark/256/2105.png', 'https://cdn.collegefootballdata.com/logos/128/2105.png', 'https://cdn.collegefootballdata.com/logos-dark/128/2105.png', 'https://cdn.collegefootballdata.com/logos/96/2105.png', 'https://cdn.collegefootballdata.com/logos-dark/96/2105.png', 'https://cdn.collegefootballdata.com/logos/64/2105.png', 'https://cdn.collegefootballdata.com/logos-dark/64/2105.png', 'https://cdn.collegefootballdata.com/logos/48/2105.png', 'https://cdn.collegefootballdata.com/logos-dark/48/2105.png', 'https://cdn.collegefootballdata.com/logos/32/2105.png', 'https://cdn.collegefootballdata.com/logos-dark/32/2105.png', 'https://cdn.collegefootballdata.com/logos/16/2105.png', 'https://cdn.collegefootballdata.com/logos-dark/16/2105.png']",,3663.0,Burke-Tarr Stadium,Jefferson City,TN,,US,,36.122311,-83.4923961,,6500.0,,,False
1001060,Carson Newman,,,[],,,,#null,#null,,,,,,,,,,,,,,,,
2106,Carthage,Firebirds,CCW,"['CCW', 'Carthage']",CCIW,,iii,#000000,#null,"['https://cdn.collegefootballdata.com/logos/500/2106.png', 'https://cdn.collegefootballdata.com/logos-dark/500/2106.png', 'https://cdn.collegefootballdata.com/logos/256/2106.png', 'https://cdn.collegefootballdata.com/logos-dark/256/2106.png', 'https://cdn.collegefootballdata.com/logos/128/2106.png', 'https://cdn.collegefootballdata.com/logos-dark/128/2106.png', 'https://cdn.collegefootballdata.com/logos/96/2106.png', 'https://cdn.collegefootballdata.com/logos-dark/96/2106.png', 'https://cdn.collegefootballdata.com/logos/64/2106.png', 'https://cdn.collegefootballdata.com/logos-dark/64/2106.png', 'https://cdn.collegefootballdata.com/logos/48/2106.png', 'https://cdn.collegefootballdata.com/logos-dark/48/2106.png', 'https://cdn.collegefootballdata.com/logos/32/2106.png', 'https://cdn.collegefootballdata.com/logos-dark/32/2106.png', 'https://cdn.collegefootballdata.com/logos/16/2106.png', 'https://cdn.collegefootballdata.com/logos-dark/16/2106.png']",,5816.0,Art Keller Field,Kenosha,WI,53140,US,,42.5846773,-87.8212263,,2448.0,,,False
2963,Case Western Reserve,Spartans,CWRU,"['CWRU', 'Case Western']",Presidents',,iii,#000000,#null,"['https://cdn.collegefootballdata.com/logos/500/2963.png', 'https://cdn.collegefootballdata.com/logos-dark/500/2963.png', 'https://cdn.collegefootballdata.com/logos/256/2963.png', 'https://cdn.collegefootballdata.com/logos-dark/256/2963.png', 'https://cdn.collegefootballdata.com/logos/128/2963.png', 'https://cdn.collegefootballdata.com/logos-dark/128/2963.png', 'https://cdn.collegefootballdata.com/logos/96/2963.png', 'https://cdn.collegefootballdata.com/logos-dark/96/2963.png', 'https://cdn.collegefootballdata.com/logos/64/2963.png', 'https://cdn.collegefootballdata.com/logos-dark/64/2963.png', 'https://cdn.collegefootballdata.com/logos/48/2963.png', 'https://cdn.collegefootballdata.com/logos-dark/48/2963.png', 'https://cdn.collegefootballdata.com/logos/32/2963.png', 'https://cdn.collegefootballdata.com/logos-dark/32/2963.png', 'https://cdn.collegefootballdata.com/logos/16/2963.png', 'https://cdn.collegefootballdata.com/logos-dark/16/2963.png']",,3671.0,Case Field,Cleveland,OH,85099,US,America/New_York,41.513447,-81.603634,-81.603639,2400.0,2005.0,False,False
2107,Catawba,Indians,CAT,"['Catawba College', 'CAT', 'Catawba']",South Atlantic,,ii,#0c233f,#cb152f,"['https://cdn.collegefootballdata.com/logos/500/2107.png', 'https://cdn.collegefootballdata.com/logos-dark/500/2107.png', 'https://cdn.collegefootballdata.com/logos/256/2107.png', 'https://cdn.collegefootballdata.com/logos-dark/256/2107.png', 'https://cdn.collegefootballdata.com/logos/128/2107.png', 'https://cdn.collegefootballdata.com/logos-dark/128/2107.png', 'https://cdn.collegefootballdata.com/logos/96/2107.png', 'https://cdn.collegefootballdata.com/logos-dark/96/2107.png', 'https://cdn.collegefootballdata.com/logos/64/2107.png', 'https://cdn.collegefootballdata.com/logos-dark/64/2107.png', 'https://cdn.collegefootballdata.com/logos/48/2107.png', 'https://cdn.collegefootballdata.com/logos-dark/48/2107.png', 'https://cdn.collegefootballdata.com/logos/32/2107.png', 'https://cdn.collegefootballdata.com/logos-dark/32/2107.png', 'https://cdn.collegefootballdata.com/logos/16/2107.png', 'https://cdn.collegefootballdata.com/logos-dark/16/2107.png']",,5122.0,Shuford Stadium,Salisbury,NC,28144,US,,35.6709727,-80.4742261,,5000.0,,,False
2108,Catholic,Cardinals,CATH,"['CATH', 'Catholic']",Landmark Conference,,iii,#000000,#null,"['https://cdn.collegefootballdata.com/logos/500/2108.png', 'https://cdn.collegefootballdata.com/logos-dark/500/2108.png', 'https://cdn.collegefootballdata.com/logos/256/2108.png', 'https://cdn.collegefootballdata.com/logos-dark/256/2108.png', 'https://cdn.collegefootballdata.com/logos/128/2108.png', 'https://cdn.collegefootballdata.com/logos-dark/128/2108.png', 'https://cdn.collegefootballdata.com/logos/96/2108.png', 'https://cdn.collegefootballdata.com/logos-dark/96/2108.png', 'https://cdn.collegefootballdata.com/logos/64/2108.png', 'https://cdn.collegefootballdata.com/logos-dark/64/2108.png', 'https://cdn.collegefootballdata.com/logos/48/2108.png', 'https://cdn.collegefootballdata.com/logos-dark/48/2108.png', 'https://cdn.collegefootballdata.com/logos/32/2108.png', 'https://cdn.collegefootballdata.com/logos-dark/32/2108.png', 'https://cdn.collegefootballdata.com/logos/16/2108.png', 'https://cdn.collegefootballdata.com/logos-dark/16/2108.png']",,6202.0,Cardinal Stadium (DC),Washington,DC,20549,US,,38.8950368,-77.0365427,,3500.0,,,False
101442,Centenary (LA),Gentlemen,CTLA,"['CTLA', 'Centenary (LA)']",Southern Collegiate Athletic,,iii,#000000,#null,,,10465.0,Mayo Field,Shreveport,LA,,US,,,,,,,,False
2110,Central Arkansas,Bears,CARK,"['CARK', 'C Arkansas']",UAC,,fcs,#a7a9ac,#8e959a,"['https://cdn.collegefootballdata.com/logos/500/2110.png', 'https://cdn.collegefootballdata.com/logos-dark/500/2110.png', 'https://cdn.collegefootballdata.com/logos/256/2110.png', 'https://cdn.collegefootballdata.com/logos-dark/256/2110.png', 'https://cdn.collegefootballdata.com/logos/128/2110.png', 'https://cdn.collegefootballdata.com/logos-dark/128/2110.png', 'https://cdn.collegefootballdata.com/logos/96/2110.png', 'https://cdn.collegefootballdata.com/logos-dark/96/2110.png', 'https://cdn.collegefootballdata.com/logos/64/2110.png', 'https://cdn.collegefootballdata.com/logos-dark/64/2110.png', 'https://cdn.collegefootballdata.com/logos/48/2110.png', 'https://cdn.collegefootballdata.com/logos-dark/48/2110.png', 'https://cdn.collegefootballdata.com/logos/32/2110.png', 'https://cdn.collegefootballdata.com/logos-dark/32/2110.png', 'https://cdn.collegefootballdata.com/logos/16/2110.png', 'https://cdn.collegefootballdata.com/logos-dark/16/2110.png']",@UCA_Football,3711.0,Estes Stadium,Conway,AR,72035,US,America/Chicago,35.0802599,-92.460045,94.25577545,10000.0,1939.0,False,False
2964,Central College,Dutch,CNTC,"['CNTC', 'Central Col']",American Rivers,,iii,#ea0029,#c8c8c8,"['https://cdn.collegefootballdata.com/logos/500/2964.png', 'https://cdn.collegefootballdata.com/logos-dark/500/2964.png', 'https://cdn.collegefootballdata.com/logos/256/2964.png', 'https://cdn.collegefootballdata.com/logos-dark/256/2964.png', 'https://cdn.collegefootballdata.com/logos/128/2964.png', 'https://cdn.collegefootballdata.com/logos-dark/128/2964.png', 'https://cdn.collegefootballdata.com/logos/96/2964.png', 'https://cdn.collegefootballdata.com/logos-dark/96/2964.png', 'https://cdn.collegefootballdata.com/logos/64/2964.png', 'https://cdn.collegefootballdata.com/logos-dark/64/2964.png', 'https://cdn.collegefootballdata.com/logos/48/2964.png', 'https://cdn.collegefootballdata.com/logos-dark/48/2964.png', 'https://cdn.collegefootballdata.com/logos/32/2964.png', 'https://cdn.collegefootballdata.com/logos-dark/32/2964.png', 'https://cdn.collegefootballdata.com/logos/16/2964.png', 'https://cdn.collegefootballdata.com/logos-dark/16/2964.png']",,5817.0,Ron and Joyce Schipper Stadium,Pella,IA,50219,US,,41.4073138,-92.9174074,,1000.0,,,False
2115,Central Connecticut,Blue Devils,CCSU,"['Central Connecticut State', 'CCSU', 'C Connecticut']",NEC,,fcs,#1B49A2,#d1d5d8,"['https://cdn.collegefootballdata.com/logos/500/2115.png', 'https://cdn.collegefootballdata.com/logos-dark/500/2115.png', 'https://cdn.collegefootballdata.com/logos/256/2115.png', 'https://cdn.collegefootballdata.com/logos-dark/256/2115.png', 'https://cdn.collegefootballdata.com/logos/128/2115.png', 'https://cdn.collegefootballdata.com/logos-dark/128/2115.png', 'https://cdn.collegefootballdata.com/logos/96/2115.png', 'https://cdn.collegefootballdata.com/logos-dark/96/2115.png', 'https://cdn.collegefootballdata.com/logos/64/2115.png', 'https://cdn.collegefootballdata.com/logos-dark/64/2115.png', 'https://cdn.collegefootballdata.com/logos/48/2115.png', 'https://cdn.collegefootballdata.com/logos-dark/48/2115.png', 'https://cdn.collegefootballdata.com/logos/32/2115.png', 'https://cdn.collegefootballdata.com/logos-dark/32/2115.png', 'https://cdn.collegefootballdata.com/logos/16/2115.png', 'https://cdn.collegefootballdata.com/logos-dark/16/2115.png']",@CCSUfootball,3624.0,Arute Field,New Britain,CT,6053 ,US,America/New_York,41.6950591,-72.7616197,41.29866409,5500.0,1969.0,False,False
2860,Central Methodist,Eagles,CDF,"['CDF', 'C Methodst']",,,,#000000,#null,[],,,,,,,,,,,,,,,
2117,Central Michigan,Chippewas,CMU,"['CMU', 'C Michigan']",Mid-American,,fbs,#6a0032,#ffc82e,"['https://cdn.collegefootballdata.com/logos/500/2117.png', 'https://cdn.collegefootballdata.com/logos-dark/500/2117.png', 'https://cdn.collegefootballdata.com/logos/256/2117.png', 'https://cdn.collegefootballdata.com/logos-dark/256/2117.png', 'https://cdn.collegefootballdata.com/logos/128/2117.png', 'https://cdn.collegefootballdata.com/logos-dark/128/2117.png', 'https://cdn.collegefootballdata.com/logos/96/2117.png', 'https://cdn.collegefootballdata.com/logos-dark/96/2117.png', 'https://cdn.collegefootballdata.com/logos/64/2117.png', 'https://cdn.collegefootballdata.com/logos-dark/64/2117.png', 'https://cdn.collegefootballdata.com/logos/48/2117.png', 'https://cdn.collegefootballdata.com/logos-dark/48/2117.png', 'https://cdn.collegefootballdata.com/logos/32/2117.png', 'https://cdn.collegefootballdata.com/logos-dark/32/2117.png', 'https://cdn.collegefootballdata.com/logos/16/2117.png', 'https://cdn.collegefootballdata.com/logos-dark/16/2117.png']",@CMU_Football,3786.0,Kelly/Shorts Stadium,Mount Pleasant,MI,48859,US,America/Detroit,43.5777313,-84.7709904,240.9007721,30255.0,1972.0,False,False
2118,Central Missouri,Mules,UCM,"['UCM', 'C Missouri']",Mid America,,ii,#000000,#null,"['https://cdn.collegefootballdata.com/logos/500/2118.png', 'https://cdn.collegefootballdata.com/logos-dark/500/2118.png', 'https://cdn.collegefootballdata.com/logos/256/2118.png', 'https://cdn.collegefootballdata.com/logos-dark/256/2118.png', 'https://cdn.collegefootballdata.com/logos/128/2118.png', 'https://cdn.collegefootballdata.com/logos-dark/128/2118.png', 'https://cdn.collegefootballdata.com/logos/96/2118.png', 'https://cdn.collegefootballdata.com/logos-dark/96/2118.png', 'https://cdn.collegefootballdata.com/logos/64/2118.png', 'https://cdn.collegefootballdata.com/logos-dark/64/2118.png', 'https://cdn.collegefootballdata.com/logos/48/2118.png', 'https://cdn.collegefootballdata.com/logos-dark/48/2118.png', 'https://cdn.collegefootballdata.com/logos/32/2118.png', 'https://cdn.collegefootballdata.com/logos-dark/32/2118.png', 'https://cdn.collegefootballdata.com/logos/16/2118.png', 'https://cdn.collegefootballdata.com/logos-dark/16/2118.png']",,4724.0,Audrey J. Walton Stadium at Vernon Kennedy Field,Warrensburg,MO,64093,US,,38.7624373,-93.7409596,,12000.0,,,False
1001025,Central Missouri State,,,[],,,,#null,#null,,,,,,,,,,,,,,,,
2122,Central Oklahoma,Bronchos,UCO,"['UCO', 'C Oklahoma']",Mid America,,ii,#000000,#null,"['https://cdn.collegefootballdata.com/logos/500/2122.png', 'https://cdn.collegefootballdata.com/logos-dark/500/2122.png', 'https://cdn.collegefootballdata.com/logos/256/2122.png', 'https://cdn.collegefootballdata.com/logos-dark/256/2122.png', 'https://cdn.collegefootballdata.com/logos/128/2122.png', 'https://cdn.collegefootballdata.com/logos-dark/128/2122.png', 'https://cdn.collegefootballdata.com/logos/96/2122.png', 'https://cdn.collegefootballdata.com/logos-dark/96/2122.png', 'https://cdn.collegefootballdata.com/logos/64/2122.png', 'https://cdn.collegefootballdata.com/logos-dark/64/2122.png', 'https://cdn.collegefootballdata.com/logos/48/2122.png', 'https://cdn.collegefootballdata.com/logos-dark/48/2122.png', 'https://cdn.collegefootballdata.com/logos/32/2122.png', 'https://cdn.collegefootballdata.com/logos-dark/32/2122.png', 'https://cdn.collegefootballdata.com/logos/16/2122.png', 'https://cdn.collegefootballdata.com/logos-dark/16/2122.png']",,5878.0,Wantland Stadium,Edmond,OK,73083,US,,35.6571367,-97.4649038,,10000.0,,,False
2119,Central State,Marauders,CNSU,"['CNSU', 'Central St']",SIAC,,ii,#000000,#null,"['https://cdn.collegefootballdata.com/logos/500/2119.png', 'https://cdn.collegefootballdata.com/logos-dark/500/2119.png', 'https://cdn.collegefootballdata.com/logos/256/2119.png', 'https://cdn.collegefootballdata.com/logos-dark/256/2119.png', 'https://cdn.collegefootballdata.com/logos/128/2119.png', 'https://cdn.collegefootballdata.com/logos-dark/128/2119.png', 'https://cdn.collegefootballdata.com/logos/96/2119.png', 'https://cdn.collegefootballdata.com/logos-dark/96/2119.png', 'https://cdn.collegefootballdata.com/logos/64/2119.png', 'https://cdn.collegefootballdata.com/logos-dark/64/2119.png', 'https://cdn.collegefootballdata.com/logos/48/2119.png', 'https://cdn.collegefootballdata.com/logos-dark/48/2119.png', 'https://cdn.collegefootballdata.com/logos/32/2119.png', 'https://cdn.collegefootballdata.com/logos-dark/32/2119.png', 'https://cdn.collegefootballdata.com/logos/16/2119.png', 'https://cdn.collegefootballdata.com/logos-dark/16/2119.png']",,4749.0,McPherson Memorial Stadium,Xenia,OH,45385,US,,39.6847822,-83.9296526,,7000.0,,,False
1001059,Central State,,,[],,,,#null,#null,,,,,,,,,,,,,,,,
2120,Central Washington,Wildcats,CWAU,"['CWAU', 'C Washington']",Lone Star,,ii,#000000,#null,"['https://cdn.collegefootballdata.com/logos/500/2120.png', 'https://cdn.collegefootballdata.com/logos-dark/500/2120.png', 'https://cdn.collegefootballdata.com/logos/256/2120.png', 'https://cdn.collegefootballdata.com/logos-dark/256/2120.png', 'https://cdn.collegefootballdata.com/logos/128/2120.png', 'https://cdn.collegefootballdata.com/logos-dark/128/2120.png', 'https://cdn.collegefootballdata.com/logos/96/2120.png', 'https://cdn.collegefootballdata.com/logos-dark/96/2120.png', 'https://cdn.collegefootballdata.com/logos/64/2120.png', 'https://cdn.collegefootballdata.com/logos-dark/64/2120.png', 'https://cdn.collegefootballdata.com/logos/48/2120.png', 'https://cdn.collegefootballdata.com/logos-dark/48/2120.png', 'https://cdn.collegefootballdata.com/logos/32/2120.png', 'https://cdn.collegefootballdata.com/logos-dark/32/2120.png', 'https://cdn.collegefootballdata.com/logos/16/2120.png', 'https://cdn.collegefootballdata.com/logos-dark/16/2120.png']",,5879.0,Tomlinson Stadium,Ellensburg,WA,98926,US,,46.9970635,-120.545122,,4000.0,,,False
2121,Centre,Colonels,CCO,"['CCO', 'Centre']",Southern Athletic,,iii,#000000,#null,"['https://cdn.collegefootballdata.com/logos/500/2121.png', 'https://cdn.collegefootballdata.com/logos-dark/500/2121.png', 'https://cdn.collegefootballdata.com/logos/256/2121.png', 'https://cdn.collegefootballdata.com/logos-dark/256/2121.png', 'https://cdn.collegefootballdata.com/logos/128/2121.png', 'https://cdn.collegefootballdata.com/logos-dark/128/2121.png', 'https://cdn.collegefootballdata.com/logos/96/2121.png', 'https://cdn.collegefootballdata.com/logos-dark/96/2121.png', 'https://cdn.collegefootballdata.com/logos/64/2121.png', 'https://cdn.collegefootballdata.com/logos-dark/64/2121.png', 'https://cdn.collegefootballdata.com/logos/48/2121.png', 'https://cdn.collegefootballdata.com/logos-dark/48/2121.png', 'https://cdn.collegefootballdata.com/logos/32/2121.png', 'https://cdn.collegefootballdata.com/logos-dark/32/2121.png', 'https://cdn.collegefootballdata.com/logos/16/2121.png', 'https://cdn.collegefootballdata.com/logos-dark/16/2121.png']",,5818.0,Farris Stadium,Danville,KY,,US,,37.6456488,-84.7721823,,3000.0,,,False
1000989,Cerritos College,,,[],,,,#null,#null,,,,,,,,,,,,,,,,
134180,Cetys University,,CET,['CET'],,,,#null,#null,,,,,,,,,,,,,,,,
2123,Chadron State,Eagles,CHAD,"['CHAD', 'Chadron St']",Rocky Mountain,,ii,#000000,#null,"['https://cdn.collegefootballdata.com/logos/500/2123.png', 'https://cdn.collegefootballdata.com/logos-dark/500/2123.png', 'https://cdn.collegefootballdata.com/logos/256/2123.png', 'https://cdn.collegefootballdata.com/logos-dark/256/2123.png', 'https://cdn.collegefootballdata.com/logos/128/2123.png', 'https://cdn.collegefootballdata.com/logos-dark/128/2123.png', 'https://cdn.collegefootballdata.com/logos/96/2123.png', 'https://cdn.collegefootballdata.com/logos-dark/96/2123.png', 'https://cdn.collegefootballdata.com/logos/64/2123.png', 'https://cdn.collegefootballdata.com/logos-dark/64/2123.png', 'https://cdn.collegefootballdata.com/logos/48/2123.png', 'https://cdn.collegefootballdata.com/logos-dark/48/2123.png', 'https://cdn.collegefootballdata.com/logos/32/2123.png', 'https://cdn.collegefootballdata.com/logos-dark/32/2123.png', 'https://cdn.collegefootballdata.com/logos/16/2123.png', 'https://cdn.collegefootballdata.com/logos-dark/16/2123.png']",,5880.0,Elliott Field at Don Beebe Stadium,Chadron,NE,69337,US,,42.8309807,-103.0003729,,3500.0,,,False
411,Chapman,Panthers,CHAP,"['CHAP', 'Chapman']",So. Cal.,,iii,#ab1d38,#000000,"['https://cdn.collegefootballdata.com/logos/500/411.png', 'https://cdn.collegefootballdata.com/logos-dark/500/411.png', 'https://cdn.collegefootballdata.com/logos/256/411.png', 'https://cdn.collegefootballdata.com/logos-dark/256/411.png', 'https://cdn.collegefootballdata.com/logos/128/411.png', 'https://cdn.collegefootballdata.com/logos-dark/128/411.png', 'https://cdn.collegefootballdata.com/logos/96/411.png', 'https://cdn.collegefootballdata.com/logos-dark/96/411.png', 'https://cdn.collegefootballdata.com/logos/64/411.png', 'https://cdn.collegefootballdata.com/logos-dark/64/411.png', 'https://cdn.collegefootballdata.com/logos/48/411.png', 'https://cdn.collegefootballdata.com/logos-dark/48/411.png', 'https://cdn.collegefootballdata.com/logos/32/411.png', 'https://cdn.collegefootballdata.com/logos-dark/32/411.png', 'https://cdn.collegefootballdata.com/logos/16/411.png', 'https://cdn.collegefootballdata.com/logos-dark/16/411.png']",,5819.0,Ernie Chapman Stadium,Orange,CA,92866,US,,33.7500378,-117.8704931,,2000.0,,,False
2127,Charleston Southern,Buccaneers,CHSO,"['CHSO', 'Charleston So']",OVC,,fcs,#2e3192,#ded090,"['https://cdn.collegefootballdata.com/logos/500/2127.png', 'https://cdn.collegefootballdata.com/logos-dark/500/2127.png', 'https://cdn.collegefootballdata.com/logos/256/2127.png', 'https://cdn.collegefootballdata.com/logos-dark/256/2127.png', 'https://cdn.collegefootballdata.com/logos/128/2127.png', 'https://cdn.collegefootballdata.com/logos-dark/128/2127.png', 'https://cdn.collegefootballdata.com/logos/96/2127.png', 'https://cdn.collegefootballdata.com/logos-dark/96/2127.png', 'https://cdn.collegefootballdata.com/logos/64/2127.png', 'https://cdn.collegefootballdata.com/logos-dark/64/2127.png', 'https://cdn.collegefootballdata.com/logos/48/2127.png', 'https://cdn.collegefootballdata.com/logos-dark/48/2127.png', 'https://cdn.collegefootballdata.com/logos/32/2127.png', 'https://cdn.collegefootballdata.com/logos-dark/32/2127.png', 'https://cdn.collegefootballdata.com/logos/16/2127.png', 'https://cdn.collegefootballdata.com/logos-dark/16/2127.png']",@CSUFB,3658.0,Buccaneer Field,North Charleston,SC,29406,US,America/New_York,32.9810239,-80.0659664,12.6744318,4000.0,1970.0,False,False
2128,Charleston (WV),Golden Eagles,UCWV,"['UCWV', 'Charleston WV']",Mountain East,,ii,#000000,#null,"['https://cdn.collegefootballdata.com/logos/500/2128.png', 'https://cdn.collegefootballdata.com/logos-dark/500/2128.png', 'https://cdn.collegefootballdata.com/logos/256/2128.png', 'https://cdn.collegefootballdata.com/logos-dark/256/2128.png', 'https://cdn.collegefootballdata.com/logos/128/2128.png', 'https://cdn.collegefootballdata.com/logos-dark/128/2128.png', 'https://cdn.collegefootballdata.com/logos/96/2128.png', 'https://cdn.collegefootballdata.com/logos-dark/96/2128.png', 'https://cdn.collegefootballdata.com/logos/64/2128.png', 'https://cdn.collegefootballdata.com/logos-dark/64/2128.png', 'https://cdn.collegefootballdata.com/logos/48/2128.png', 'https://cdn.collegefootballdata.com/logos-dark/48/2128.png', 'https://cdn.collegefootballdata.com/logos/32/2128.png', 'https://cdn.collegefootballdata.com/logos-dark/32/2128.png', 'https://cdn.collegefootballdata.com/logos/16/2128.png', 'https://cdn.collegefootballdata.com/logos-dark/16/2128.png']",,5121.0,University of Charleston Stadium,Charleston,WV,25314,US,,38.3505995,-81.6332812,,18500.0,,,False
2429,Charlotte,49ers,CLT,"['CLT', 'Charlotte']",American Athletic,,fbs,#005035,#a49665,"['https://cdn.collegefootballdata.com/logos/500/2429.png', 'https://cdn.collegefootballdata.com/logos-dark/500/2429.png', 'https://cdn.collegefootballdata.com/logos/256/2429.png', 'https://cdn.collegefootballdata.com/logos-dark/256/2429.png', 'https://cdn.collegefootballdata.com/logos/128/2429.png', 'https://cdn.collegefootballdata.com/logos-dark/128/2429.png', 'https://cdn.collegefootballdata.com/logos/96/2429.png', 'https://cdn.collegefootballdata.com/logos-dark/96/2429.png', 'https://cdn.collegefootballdata.com/logos/64/2429.png', 'https://cdn.collegefootballdata.com/logos-dark/64/2429.png', 'https://cdn.collegefootballdata.com/logos/48/2429.png', 'https://cdn.collegefootballdata.com/logos-dark/48/2429.png', 'https://cdn.collegefootballdata.com/logos/32/2429.png', 'https://cdn.collegefootballdata.com/logos-dark/32/2429.png', 'https://cdn.collegefootballdata.com/logos/16/2429.png', 'https://cdn.collegefootballdata.com/logos-dark/16/2429.png']",@CharlotteFTBL,4418.0,Jerry Richardson Stadium,Charlotte,NC,28223,US,America/New_York,35.3105033,-80.7401194,190.365509,15300.0,2013.0,False,False
3253,Charlotte,Saints,COLLE,"['COLLE', 'Faith NC']",,,,#null,#null,[],,,,,,,,,,,,,,,
236,Chattanooga,Mocs,UTC,"['UTC', 'Chattanooga']",Southern,,fcs,#00386b,#dca71d,"['https://cdn.collegefootballdata.com/logos/500/236.png', 'https://cdn.collegefootballdata.com/logos-dark/500/236.png', 'https://cdn.collegefootballdata.com/logos/256/236.png', 'https://cdn.collegefootballdata.com/logos-dark/256/236.png', 'https://cdn.collegefootballdata.com/logos/128/236.png', 'https://cdn.collegefootballdata.com/logos-dark/128/236.png', 'https://cdn.collegefootballdata.com/logos/96/236.png', 'https://cdn.collegefootballdata.com/logos-dark/96/236.png', 'https://cdn.collegefootballdata.com/logos/64/236.png', 'https://cdn.collegefootballdata.com/logos-dark/64/236.png', 'https://cdn.collegefootballdata.com/logos/48/236.png', 'https://cdn.collegefootballdata.com/logos-dark/48/236.png', 'https://cdn.collegefootballdata.com/logos/32/236.png', 'https://cdn.collegefootballdata.com/logos-dark/32/236.png', 'https://cdn.collegefootballdata.com/logos/16/236.png', 'https://cdn.collegefootballdata.com/logos-dark/16/236.png']",@GoMocsFB,3720.0,Finley Stadium,Chattanooga,TN,37403,US,America/New_York,35.0363792,-85.3158835,200.1825104,20668.0,1997.0,False,False
2129,Cheyney,Wolves,CHE,"['CHE', 'Cheyney']",Pennsylvania State Athletic,,ii,#000000,#null,[],,,,,,,,,,,,,,,
80,Chicago,Maroons,CHI,"['CHI', 'Chicago']",Midwest,,iii,#000000,#null,"['https://cdn.collegefootballdata.com/logos/500/80.png', 'https://cdn.collegefootballdata.com/logos-dark/500/80.png', 'https://cdn.collegefootballdata.com/logos/256/80.png', 'https://cdn.collegefootballdata.com/logos-dark/256/80.png', 'https://cdn.collegefootballdata.com/logos/128/80.png', 'https://cdn.collegefootballdata.com/logos-dark/128/80.png', 'https://cdn.collegefootballdata.com/logos/96/80.png', 'https://cdn.collegefootballdata.com/logos-dark/96/80.png', 'https://cdn.collegefootballdata.com/logos/64/80.png', 'https://cdn.collegefootballdata.com/logos-dark/64/80.png', 'https://cdn.collegefootballdata.com/logos/48/80.png', 'https://cdn.collegefootballdata.com/logos-dark/48/80.png', 'https://cdn.collegefootballdata.com/logos/32/80.png', 'https://cdn.collegefootballdata.com/logos-dark/32/80.png', 'https://cdn.collegefootballdata.com/logos/16/80.png', 'https://cdn.collegefootballdata.com/logos-dark/16/80.png']",,5820.0,Amos Alonzo Stagg Field,Chicago,IL,60022,US,,41.8755616,-87.6244212,,3500.0,,,False
2130,Chicago State,Cougars,,[],FCS Independents,,fcs,#null,#null,,,,,,,,,,,,,,,,
2804,Chowan,Hawks,CWAN,"['CWAN', 'Chowan']",Carolinas,,ii,#000000,#null,"['https://cdn.collegefootballdata.com/logos/500/2804.png', 'https://cdn.collegefootballdata.com/logos-dark/500/2804.png', 'https://cdn.collegefootballdata.com/logos/256/2804.png', 'https://cdn.collegefootballdata.com/logos-dark/256/2804.png', 'https://cdn.collegefootballdata.com/logos/128/2804.png', 'https://cdn.collegefootballdata.com/logos-dark/128/2804.png', 'https://cdn.collegefootballdata.com/logos/96/2804.png', 'https://cdn.collegefootballdata.com/logos-dark/96/2804.png', 'https://cdn.collegefootballdata.com/logos/64/2804.png', 'https://cdn.collegefootballdata.com/logos-dark/64/2804.png', 'https://cdn.collegefootballdata.com/logos/48/2804.png', 'https://cdn.collegefootballdata.com/logos-dark/48/2804.png', 'https://cdn.collegefootballdata.com/logos/32/2804.png', 'https://cdn.collegefootballdata.com/logos-dark/32/2804.png', 'https://cdn.collegefootballdata.com/logos/16/2804.png', 'https://cdn.collegefootballdata.com/logos-dark/16/2804.png']",,5220.0,Garrison Stadium,Murfreesboro,TN,,US,,36.434053,-77.098431,18.69116974,5000.0,2007.0,,False
3112,Christopher Newport,Captains,CNU,"['CNU', 'Chris Newport']",New Jersey,,iii,#000000,#null,"['https://cdn.collegefootballdata.com/logos/500/3112.png', 'https://cdn.collegefootballdata.com/logos-dark/500/3112.png', 'https://cdn.collegefootballdata.com/logos/256/3112.png', 'https://cdn.collegefootballdata.com/logos-dark/256/3112.png', 'https://cdn.collegefootballdata.com/logos/128/3112.png', 'https://cdn.collegefootballdata.com/logos-dark/128/3112.png', 'https://cdn.collegefootballdata.com/logos/96/3112.png', 'https://cdn.collegefootballdata.com/logos-dark/96/3112.png', 'https://cdn.collegefootballdata.com/logos/64/3112.png', 'https://cdn.collegefootballdata.com/logos-dark/64/3112.png', 'https://cdn.collegefootballdata.com/logos/48/3112.png', 'https://cdn.collegefootballdata.com/logos-dark/48/3112.png', 'https://cdn.collegefootballdata.com/logos/32/3112.png', 'https://cdn.collegefootballdata.com/logos-dark/32/3112.png', 'https://cdn.collegefootballdata.com/logos/16/3112.png', 'https://cdn.collegefootballdata.com/logos-dark/16/3112.png']",,3879.0,TowneBank Stadium,Newport News,VA,23607,US,,36.9775016,-76.42977,,4200.0,,,False
2132,Cincinnati,Bearcats,CIN,"['CIN', 'Cincinnati']",Big 12,,fbs,#000000,#e00122,"['https://cdn.collegefootballdata.com/logos/500/2132.png', 'https://cdn.collegefootballdata.com/logos-dark/500/2132.png', 'https://cdn.collegefootballdata.com/logos/256/2132.png', 'https://cdn.collegefootballdata.com/logos-dark/256/2132.png', 'https://cdn.collegefootballdata.com/logos/128/2132.png', 'https://cdn.collegefootballdata.com/logos-dark/128/2132.png', 'https://cdn.collegefootballdata.com/logos/96/2132.png', 'https://cdn.collegefootballdata.com/logos-dark/96/2132.png', 'https://cdn.collegefootballdata.com/logos/64/2132.png', 'https://cdn.collegefootballdata.com/logos-dark/64/2132.png', 'https://cdn.collegefootballdata.com/logos/48/2132.png', 'https://cdn.collegefootballdata.com/logos-dark/48/2132.png', 'https://cdn.collegefootballdata.com/logos/32/2132.png', 'https://cdn.collegefootballdata.com/logos-dark/32/2132.png', 'https://cdn.collegefootballdata.com/logos/16/2132.png', 'https://cdn.collegefootballdata.com/logos-dark/16/2132.png']",@GoBearcatsFB,3854.0,Nippert Stadium,Cincinnati,OH,45221,US,America/New_York,39.1312495,-84.5161913,230.0660553,40000.0,1915.0,False,False
110255,Cincinnati Christian,Eagles,CNCU,"['CNCU', 'Cincinnati Christian']",,,,#null,#null,,,,,,,,,,,,,,,,
1000933,Cisco College,,,[],,,,#null,#null,,,,,,,,,,,,,,,,
1000936,City College of San Francisco,,,[],,,,#null,#null,,,,,,,,,,,,,,,,
17,Claremont Mudd Scripps,Stags,CMS,"['CMS', 'Claremont-M-S']",So. Cal.,,iii,#981a31,#feba15,"['https://cdn.collegefootballdata.com/logos/500/17.png', 'https://cdn.collegefootballdata.com/logos-dark/500/17.png', 'https://cdn.collegefootballdata.com/logos/256/17.png', 'https://cdn.collegefootballdata.com/logos-dark/256/17.png', 'https://cdn.collegefootballdata.com/logos/128/17.png', 'https://cdn.collegefootballdata.com/logos-dark/128/17.png', 'https://cdn.collegefootballdata.com/logos/96/17.png', 'https://cdn.collegefootballdata.com/logos-dark/96/17.png', 'https://cdn.collegefootballdata.com/logos/64/17.png', 'https://cdn.collegefootballdata.com/logos-dark/64/17.png', 'https://cdn.collegefootballdata.com/logos/48/17.png', 'https://cdn.collegefootballdata.com/logos-dark/48/17.png', 'https://cdn.collegefootballdata.com/logos/32/17.png', 'https://cdn.collegefootballdata.com/logos-dark/32/17.png', 'https://cdn.collegefootballdata.com/logos/16/17.png', 'https://cdn.collegefootballdata.com/logos-dark/16/17.png']",,5821.0,Fritz B. Burns Stadium,Claremont,CA,91711,US,,34.0966764,-117.7197785,,3000.0,,,False
2134,Clarion,Golden Eagles,CLRN,"['CLRN', 'Clarion']",Pennsylvania State Athletic,Western,ii,#000000,#null,"['https://cdn.collegefootballdata.com/logos/500/2134.png', 'https://cdn.collegefootballdata.com/logos-dark/500/2134.png', 'https://cdn.collegefootballdata.com/logos/256/2134.png', 'https://cdn.collegefootballdata.com/logos-dark/256/2134.png', 'https://cdn.collegefootballdata.com/logos/128/2134.png', 'https://cdn.collegefootballdata.com/logos-dark/128/2134.png', 'https://cdn.collegefootballdata.com/logos/96/2134.png', 'https://cdn.collegefootballdata.com/logos-dark/96/2134.png', 'https://cdn.collegefootballdata.com/logos/64/2134.png', 'https://cdn.collegefootballdata.com/logos-dark/64/2134.png', 'https://cdn.collegefootballdata.com/logos/48/2134.png', 'https://cdn.collegefootballdata.com/logos-dark/48/2134.png', 'https://cdn.collegefootballdata.com/logos/32/2134.png', 'https://cdn.collegefootballdata.com/logos-dark/32/2134.png', 'https://cdn.collegefootballdata.com/logos/16/2134.png', 'https://cdn.collegefootballdata.com/logos-dark/16/2134.png']",,4437.0,"Memorial Stadium (Clarion, PA)",Clarion,PA,16214,US,,41.2148975,-79.3857047,,5000.0,,,False
2805,Clark Atlanta,Panthers,CKGA,"['CKGA', 'Clark (GA)']",SIAC,,ii,#000000,#null,"['https://cdn.collegefootballdata.com/logos/500/2805.png', 'https://cdn.collegefootballdata.com/logos-dark/500/2805.png', 'https://cdn.collegefootballdata.com/logos/256/2805.png', 'https://cdn.collegefootballdata.com/logos-dark/256/2805.png', 'https://cdn.collegefootballdata.com/logos/128/2805.png', 'https://cdn.collegefootballdata.com/logos-dark/128/2805.png', 'https://cdn.collegefootballdata.com/logos/96/2805.png', 'https://cdn.collegefootballdata.com/logos-dark/96/2805.png', 'https://cdn.collegefootballdata.com/logos/64/2805.png', 'https://cdn.collegefootballdata.com/logos-dark/64/2805.png', 'https://cdn.collegefootballdata.com/logos/48/2805.png', 'https://cdn.collegefootballdata.com/logos-dark/48/2805.png', 'https://cdn.collegefootballdata.com/logos/32/2805.png', 'https://cdn.collegefootballdata.com/logos-dark/32/2805.png', 'https://cdn.collegefootballdata.com/logos/16/2805.png', 'https://cdn.collegefootballdata.com/logos-dark/16/2805.png']",,5881.0,CAU Panther Stadium,Atlanta,GA,30315,US,,33.7489924,-84.3902644,,5000.0,,,False
228,Clemson,Tigers,CLEM,"['CLEM', 'Clemson']",ACC,,fbs,#f56600,#522d80,"['https://cdn.collegefootballdata.com/logos/500/228.png', 'https://cdn.collegefootballdata.com/logos-dark/500/228.png', 'https://cdn.collegefootballdata.com/logos/256/228.png', 'https://cdn.collegefootballdata.com/logos-dark/256/228.png', 'https://cdn.collegefootballdata.com/logos/128/228.png', 'https://cdn.collegefootballdata.com/logos-dark/128/228.png', 'https://cdn.collegefootballdata.com/logos/96/228.png', 'https://cdn.collegefootballdata.com/logos-dark/96/228.png', 'https://cdn.collegefootballdata.com/logos/64/228.png', 'https://cdn.collegefootballdata.com/logos-dark/64/228.png', 'https://cdn.collegefootballdata.com/logos/48/228.png', 'https://cdn.collegefootballdata.com/logos-dark/48/228.png', 'https://cdn.collegefootballdata.com/logos/32/228.png', 'https://cdn.collegefootballdata.com/logos-dark/32/228.png', 'https://cdn.collegefootballdata.com/logos/16/228.png', 'https://cdn.collegefootballdata.com/logos-dark/16/228.png']",@ClemsonFB,3836.0,"Memorial Stadium (Clemson, SC)",Clemson,SC,29634,US,America/New_York,34.6787737,-82.8432428,205.6452179,81500.0,1942.0,True,False
324,Coastal Carolina,Chanticleers,CCU,"['CCU', 'Coastal']",Sun Belt,East,fbs,#006f71,#a27752,"['https://cdn.collegefootballdata.com/logos/500/324.png', 'https://cdn.collegefootballdata.com/logos-dark/500/324.png', 'https://cdn.collegefootballdata.com/logos/256/324.png', 'https://cdn.collegefootballdata.com/logos-dark/256/324.png', 'https://cdn.collegefootballdata.com/logos/128/324.png', 'https://cdn.collegefootballdata.com/logos-dark/128/324.png', 'https://cdn.collegefootballdata.com/logos/96/324.png', 'https://cdn.collegefootballdata.com/logos-dark/96/324.png', 'https://cdn.collegefootballdata.com/logos/64/324.png', 'https://cdn.collegefootballdata.com/logos-dark/64/324.png', 'https://cdn.collegefootballdata.com/logos/48/324.png', 'https://cdn.collegefootballdata.com/logos-dark/48/324.png', 'https://cdn.collegefootballdata.com/logos/32/324.png', 'https://cdn.collegefootballdata.com/logos-dark/32/324.png', 'https://cdn.collegefootballdata.com/logos/16/324.png', 'https://cdn.collegefootballdata.com/logos-dark/16/324.png']",@CoastalFootball,3654.0,Brooks Stadium (SC),Conway,SC,29528,US,America/New_York,33.7928506,-79.0166946,13.74894905,21000.0,2003.0,False,False
2557,Coast Guard,Bears,USCG,"['USCG', 'Coast Guard']",NEWMAC,,iii,#000000,#null,"['https://cdn.collegefootballdata.com/logos/500/2557.png', 'https://cdn.collegefootballdata.com/logos-dark/500/2557.png', 'https://cdn.collegefootballdata.com/logos/256/2557.png', 'https://cdn.collegefootballdata.com/logos-dark/256/2557.png', 'https://cdn.collegefootballdata.com/logos/128/2557.png', 'https://cdn.collegefootballdata.com/logos-dark/128/2557.png', 'https://cdn.collegefootballdata.com/logos/96/2557.png', 'https://cdn.collegefootballdata.com/logos-dark/96/2557.png', 'https://cdn.collegefootballdata.com/logos/64/2557.png', 'https://cdn.collegefootballdata.com/logos-dark/64/2557.png', 'https://cdn.collegefootballdata.com/logos/48/2557.png', 'https://cdn.collegefootballdata.com/logos-dark/48/2557.png', 'https://cdn.collegefootballdata.com/logos/32/2557.png', 'https://cdn.collegefootballdata.com/logos-dark/32/2557.png', 'https://cdn.collegefootballdata.com/logos/16/2557.png', 'https://cdn.collegefootballdata.com/logos-dark/16/2557.png']",,5822.0,Cadet Memorial Field,New London,CT,06320,US,,41.3556187,-72.0997804,,4500.0,,,False
2141,Coe,Kohawks,COE,"['COE', 'Coe']",American Rivers,,iii,#881922,#c8934a,"['https://cdn.collegefootballdata.com/logos/500/2141.png', 'https://cdn.collegefootballdata.com/logos-dark/500/2141.png', 'https://cdn.collegefootballdata.com/logos/256/2141.png', 'https://cdn.collegefootballdata.com/logos-dark/256/2141.png', 'https://cdn.collegefootballdata.com/logos/128/2141.png', 'https://cdn.collegefootballdata.com/logos-dark/128/2141.png', 'https://cdn.collegefootballdata.com/logos/96/2141.png', 'https://cdn.collegefootballdata.com/logos-dark/96/2141.png', 'https://cdn.collegefootballdata.com/logos/64/2141.png', 'https://cdn.collegefootballdata.com/logos-dark/64/2141.png', 'https://cdn.collegefootballdata.com/logos/48/2141.png', 'https://cdn.collegefootballdata.com/logos-dark/48/2141.png', 'https://cdn.collegefootballdata.com/logos/32/2141.png', 'https://cdn.collegefootballdata.com/logos-dark/32/2141.png', 'https://cdn.collegefootballdata.com/logos/16/2141.png', 'https://cdn.collegefootballdata.com/logos-dark/16/2141.png']",,5823.0,Clark Field,Cedar Rapids,IA,,US,,41.9758872,-91.6704053,,2200.0,,,False
1000991,Coffeyville C.C.,,,[],,,,#null,#null,,,,,,,,,,,,,,,,
33,Colby,White Mules,CLBY,"['CLBY', 'Colby']",NESCAC,,iii,#012778,#ffffff,"['https://cdn.collegefootballdata.com/logos/500/33.png', 'https://cdn.collegefootballdata.com/logos-dark/500/33.png', 'https://cdn.collegefootballdata.com/logos/256/33.png', 'https://cdn.collegefootballdata.com/logos-dark/256/33.png', 'https://cdn.collegefootballdata.com/logos/128/33.png', 'https://cdn.collegefootballdata.com/logos-dark/128/33.png', 'https://cdn.collegefootballdata.com/logos/96/33.png', 'https://cdn.collegefootballdata.com/logos-dark/96/33.png', 'https://cdn.collegefootballdata.com/logos/64/33.png', 'https://cdn.collegefootballdata.com/logos-dark/64/33.png', 'https://cdn.collegefootballdata.com/logos/48/33.png', 'https://cdn.collegefootballdata.com/logos-dark/48/33.png', 'https://cdn.collegefootballdata.com/logos/32/33.png', 'https://cdn.collegefootballdata.com/logos-dark/32/33.png', 'https://cdn.collegefootballdata.com/logos/16/33.png', 'https://cdn.collegefootballdata.com/logos-dark/16/33.png']",,5689.0,Seaverns Field At Harold Alfond Stadium,Waterville,ME,,US,,44.5520105,-69.6317121,,2000.0,,,False
3210,Cole College,Jaguars,COLE,"['COLE', 'Cole']",,,,#null,#null,,,,,,,,,,,,,,,,
2142,Colgate,Raiders,COLG,"['COLG', 'Colgate']",Patriot,,fcs,#821019,#ffffff,"['https://cdn.collegefootballdata.com/logos/500/2142.png', 'https://cdn.collegefootballdata.com/logos-dark/500/2142.png', 'https://cdn.collegefootballdata.com/logos/256/2142.png', 'https://cdn.collegefootballdata.com/logos-dark/256/2142.png', 'https://cdn.collegefootballdata.com/logos/128/2142.png', 'https://cdn.collegefootballdata.com/logos-dark/128/2142.png', 'https://cdn.collegefootballdata.com/logos/96/2142.png', 'https://cdn.collegefootballdata.com/logos-dark/96/2142.png', 'https://cdn.collegefootballdata.com/logos/64/2142.png', 'https://cdn.collegefootballdata.com/logos-dark/64/2142.png', 'https://cdn.collegefootballdata.com/logos/48/2142.png', 'https://cdn.collegefootballdata.com/logos-dark/48/2142.png', 'https://cdn.collegefootballdata.com/logos/32/2142.png', 'https://cdn.collegefootballdata.com/logos-dark/32/2142.png', 'https://cdn.collegefootballdata.com/logos/16/2142.png', 'https://cdn.collegefootballdata.com/logos-dark/16/2142.png']",@ColgateFB,3617.0,Andy Kerr Stadium,Hamilton,NY,13346,US,America/New_York,42.8168991,-75.5452721,337.1443787,10221.0,1966.0,False,False
1000960,College of Charleston,,,[],,,,#null,#null,,,,,,,,,,,,,,,,
108382,College of Idaho,Yotes,COI,"['COI', 'Coll. of Idaho']",,,,#null,#null,,,,,,,,,,,,,,,,
1001038,College of San Mateo,,,[],,,,#null,#null,,,,,,,,,,,,,,,,
1000952,College of the Canyons,,,[],,,,#null,#null,,,,,,,,,,,,,,,,
1001072,College of the Sequoias,,,[],,,,#null,#null,,,,,,,,,,,,,,,,
38,Colorado,Buffaloes,COLO,"['COLO', 'Colorado']",Big 12,,fbs,#cfb87c,#000000,"['https://cdn.collegefootballdata.com/logos/500/38.png', 'https://cdn.collegefootballdata.com/logos-dark/500/38.png', 'https://cdn.collegefootballdata.com/logos/256/38.png', 'https://cdn.collegefootballdata.com/logos-dark/256/38.png', 'https://cdn.collegefootballdata.com/logos/128/38.png', 'https://cdn.collegefootballdata.com/logos-dark/128/38.png', 'https://cdn.collegefootballdata.com/logos/96/38.png', 'https://cdn.collegefootballdata.com/logos-dark/96/38.png', 'https://cdn.collegefootballdata.com/logos/64/38.png', 'https://cdn.collegefootballdata.com/logos-dark/64/38.png', 'https://cdn.collegefootballdata.com/logos/48/38.png', 'https://cdn.collegefootballdata.com/logos-dark/48/38.png', 'https://cdn.collegefootballdata.com/logos/32/38.png', 'https://cdn.collegefootballdata.com/logos-dark/32/38.png', 'https://cdn.collegefootballdata.com/logos/16/38.png', 'https://cdn.collegefootballdata.com/logos-dark/16/38.png']",@CUBuffsFootball,3726.0,Folsom Field,Boulder,CO,80309,US,America/Denver,40.0094746,-105.266905,1634.041138,50183.0,1924.0,True,False
2144,Colorado College,Tigers,COL,"['COL', 'Colorado College']",,,,#000000,#null,[],,,,,,,,,,,,,,,
11,Colorado Mesa,Mavericks,COMU,"['COMU', 'Colorado Mesa']",Rocky Mountain,,ii,#000000,#null,"['https://cdn.collegefootballdata.com/logos/500/11.png', 'https://cdn.collegefootballdata.com/logos-dark/500/11.png', 'https://cdn.collegefootballdata.com/logos/256/11.png', 'https://cdn.collegefootballdata.com/logos-dark/256/11.png', 'https://cdn.collegefootballdata.com/logos/128/11.png', 'https://cdn.collegefootballdata.com/logos-dark/128/11.png', 'https://cdn.collegefootballdata.com/logos/96/11.png', 'https://cdn.collegefootballdata.com/logos-dark/96/11.png', 'https://cdn.collegefootballdata.com/logos/64/11.png', 'https://cdn.collegefootballdata.com/logos-dark/64/11.png', 'https://cdn.collegefootballdata.com/logos/48/11.png', 'https://cdn.collegefootballdata.com/logos-dark/48/11.png', 'https://cdn.collegefootballdata.com/logos/32/11.png', 'https://cdn.collegefootballdata.com/logos-dark/32/11.png', 'https://cdn.collegefootballdata.com/logos/16/11.png', 'https://cdn.collegefootballdata.com/logos-dark/16/11.png']",,5882.0,Ralph Stocker Stadium,Grand Junction,CO,50107,US,,39.063956,-108.5507317,,8000.0,,,False
2146,Colorado School of Mines,Orediggers,CMIN,"['Colorado School of Mines', 'CMIN', 'Colorado Mines']",Rocky Mountain,,ii,#000000,#null,"['https://cdn.collegefootballdata.com/logos/500/2146.png', 'https://cdn.collegefootballdata.com/logos-dark/500/2146.png', 'https://cdn.collegefootballdata.com/logos/256/2146.png', 'https://cdn.collegefootballdata.com/logos-dark/256/2146.png', 'https://cdn.collegefootballdata.com/logos/128/2146.png', 'https://cdn.collegefootballdata.com/logos-dark/128/2146.png', 'https://cdn.collegefootballdata.com/logos/96/2146.png', 'https://cdn.collegefootballdata.com/logos-dark/96/2146.png', 'https://cdn.collegefootballdata.com/logos/64/2146.png', 'https://cdn.collegefootballdata.com/logos-dark/64/2146.png', 'https://cdn.collegefootballdata.com/logos/48/2146.png', 'https://cdn.collegefootballdata.com/logos-dark/48/2146.png', 'https://cdn.collegefootballdata.com/logos/32/2146.png', 'https://cdn.collegefootballdata.com/logos-dark/32/2146.png', 'https://cdn.collegefootballdata.com/logos/16/2146.png', 'https://cdn.collegefootballdata.com/logos-dark/16/2146.png']",,5883.0,Marv Kay Stadium at Campbell Field,Golden,CO,62339,US,,39.7546349,-105.2205809,,4000.0,,,False
36,Colorado State,Rams,CSU,"['CSU', 'Colorado St']",Pac-12,,fbs,#1e4d2b,#c8c372,"['https://cdn.collegefootballdata.com/logos/500/36.png', 'https://cdn.collegefootballdata.com/logos-dark/500/36.png', 'https://cdn.collegefootballdata.com/logos/256/36.png', 'https://cdn.collegefootballdata.com/logos-dark/256/36.png', 'https://cdn.collegefootballdata.com/logos/128/36.png', 'https://cdn.collegefootballdata.com/logos-dark/128/36.png', 'https://cdn.collegefootballdata.com/logos/96/36.png', 'https://cdn.collegefootballdata.com/logos-dark/96/36.png', 'https://cdn.collegefootballdata.com/logos/64/36.png', 'https://cdn.collegefootballdata.com/logos-dark/64/36.png', 'https://cdn.collegefootballdata.com/logos/48/36.png', 'https://cdn.collegefootballdata.com/logos-dark/48/36.png', 'https://cdn.collegefootballdata.com/logos/32/36.png', 'https://cdn.collegefootballdata.com/logos-dark/32/36.png', 'https://cdn.collegefootballdata.com/logos/16/36.png', 'https://cdn.collegefootballdata.com/logos-dark/16/36.png']",@CSUFootball,5388.0,Canvas Stadium,Fort Collins,CO,80521,US,America/Denver,40.570015,-105.088435,1528.4,36500.0,2017.0,False,False
171,Columbia,Lions,COLU,"['COLU', 'Columbia']",Ivy,,fcs,#7ba4db,#183863,"['https://cdn.collegefootballdata.com/logos/500/171.png', 'https://cdn.collegefootballdata.com/logos-dark/500/171.png', 'https://cdn.collegefootballdata.com/logos/256/171.png', 'https://cdn.collegefootballdata.com/logos-dark/256/171.png', 'https://cdn.collegefootballdata.com/logos/128/171.png', 'https://cdn.collegefootballdata.com/logos-dark/128/171.png', 'https://cdn.collegefootballdata.com/logos/96/171.png', 'https://cdn.collegefootballdata.com/logos-dark/96/171.png', 'https://cdn.collegefootballdata.com/logos/64/171.png', 'https://cdn.collegefootballdata.com/logos-dark/64/171.png', 'https://cdn.collegefootballdata.com/logos/48/171.png', 'https://cdn.collegefootballdata.com/logos-dark/48/171.png', 'https://cdn.collegefootballdata.com/logos/32/171.png', 'https://cdn.collegefootballdata.com/logos-dark/32/171.png', 'https://cdn.collegefootballdata.com/logos/16/171.png', 'https://cdn.collegefootballdata.com/logos-dark/16/171.png']",@ColumbiaLionsFB,3802.0,Lawrence A. Wien Stadium,Manhattan,NY,10034,US,America/New_York,40.8732697,-73.9164594,10.95070267,17000.0,1984.0,False,False
127946,Columbus State,Colust,,['Columbus State'],,,,#null,#null,,,,,,,,,,,,,,,,
2148,Concord,Mountain Lions,CONC,"['CONC', 'Concord']",Mountain East,,ii,#000000,#null,"['https://cdn.collegefootballdata.com/logos/500/2148.png', 'https://cdn.collegefootballdata.com/logos-dark/500/2148.png', 'https://cdn.collegefootballdata.com/logos/256/2148.png', 'https://cdn.collegefootballdata.com/logos-dark/256/2148.png', 'https://cdn.collegefootballdata.com/logos/128/2148.png', 'https://cdn.collegefootballdata.com/logos-dark/128/2148.png', 'https://cdn.collegefootballdata.com/logos/96/2148.png', 'https://cdn.collegefootballdata.com/logos-dark/96/2148.png', 'https://cdn.collegefootballdata.com/logos/64/2148.png', 'https://cdn.collegefootballdata.com/logos-dark/64/2148.png', 'https://cdn.collegefootballdata.com/logos/48/2148.png', 'https://cdn.collegefootballdata.com/logos-dark/48/2148.png', 'https://cdn.collegefootballdata.com/logos/32/2148.png', 'https://cdn.collegefootballdata.com/logos-dark/32/2148.png', 'https://cdn.collegefootballdata.com/logos/16/2148.png', 'https://cdn.collegefootballdata.com/logos-dark/16/2148.png']",,3667.0,Callaghan Stadium,Princeton,WV,24740,US,,37.366328,-81.1026607,,2000.0,,,False
130322,Concordia,,,[],,,,#null,#null,,,,,,,,,,,,,,,,
3099,Concordia (AL),Hornets,CON,"['CON', 'Concordia Col.']",,,,#null,#null,[],,,,,,,,,,,,,,,
2151,Concordia Chicago,Cougars,CUC,"['CUC', 'Concordia Chi']",NACC,,iii,#572a31,#ffc72e,"['https://cdn.collegefootballdata.com/logos/500/2151.png', 'https://cdn.collegefootballdata.com/logos-dark/500/2151.png', 'https://cdn.collegefootballdata.com/logos/256/2151.png', 'https://cdn.collegefootballdata.com/logos-dark/256/2151.png', 'https://cdn.collegefootballdata.com/logos/128/2151.png', 'https://cdn.collegefootballdata.com/logos-dark/128/2151.png', 'https://cdn.collegefootballdata.com/logos/96/2151.png', 'https://cdn.collegefootballdata.com/logos-dark/96/2151.png', 'https://cdn.collegefootballdata.com/logos/64/2151.png', 'https://cdn.collegefootballdata.com/logos-dark/64/2151.png', 'https://cdn.collegefootballdata.com/logos/48/2151.png', 'https://cdn.collegefootballdata.com/logos-dark/48/2151.png', 'https://cdn.collegefootballdata.com/logos/32/2151.png', 'https://cdn.collegefootballdata.com/logos-dark/32/2151.png', 'https://cdn.collegefootballdata.com/logos/16/2151.png', 'https://cdn.collegefootballdata.com/logos-dark/16/2151.png']",,5826.0,Concordia Stadium,River Forest,IL,60305,US,America/Chicago,41.8978091,-87.8139483,197,1500.0,,,False
2985,Concordia-Michigan,Cardinals,CONCMI,"['CONCMI', 'Cncrdia MI']",,,,#000000,#null,[],,,,,,,,,,,,,,,
2152,Concordia (MN),Cobbers,CCMN,"['CCMN', 'Concordia (MN)']",Minnesota,,iii,#701d45,#ffffff,"['https://cdn.collegefootballdata.com/logos/500/2152.png', 'https://cdn.collegefootballdata.com/logos-dark/500/2152.png', 'https://cdn.collegefootballdata.com/logos/256/2152.png', 'https://cdn.collegefootballdata.com/logos-dark/256/2152.png', 'https://cdn.collegefootballdata.com/logos/128/2152.png', 'https://cdn.collegefootballdata.com/logos-dark/128/2152.png', 'https://cdn.collegefootballdata.com/logos/96/2152.png', 'https://cdn.collegefootballdata.com/logos-dark/96/2152.png', 'https://cdn.collegefootballdata.com/logos/64/2152.png', 'https://cdn.collegefootballdata.com/logos-dark/64/2152.png', 'https://cdn.collegefootballdata.com/logos/48/2152.png', 'https://cdn.collegefootballdata.com/logos-dark/48/2152.png', 'https://cdn.collegefootballdata.com/logos/32/2152.png', 'https://cdn.collegefootballdata.com/logos-dark/32/2152.png', 'https://cdn.collegefootballdata.com/logos/16/2152.png', 'https://cdn.collegefootballdata.com/logos-dark/16/2152.png']",,5825.0,Jake Christiansen Stadium,Moorhead,MN,,US,,46.8739081,-96.7538674,,7000.0,,,False
3066,Concordia St. Paul,Golden Bears,CSP,"['CSP', 'Concordia St P']",Northern Sun,,ii,#000000,#null,"['https://cdn.collegefootballdata.com/logos/500/3066.png', 'https://cdn.collegefootballdata.com/logos-dark/500/3066.png', 'https://cdn.collegefootballdata.com/logos/256/3066.png', 'https://cdn.collegefootballdata.com/logos-dark/256/3066.png', 'https://cdn.collegefootballdata.com/logos/128/3066.png', 'https://cdn.collegefootballdata.com/logos-dark/128/3066.png', 'https://cdn.collegefootballdata.com/logos/96/3066.png', 'https://cdn.collegefootballdata.com/logos-dark/96/3066.png', 'https://cdn.collegefootballdata.com/logos/64/3066.png', 'https://cdn.collegefootballdata.com/logos-dark/64/3066.png', 'https://cdn.collegefootballdata.com/logos/48/3066.png', 'https://cdn.collegefootballdata.com/logos-dark/48/3066.png', 'https://cdn.collegefootballdata.com/logos/32/3066.png', 'https://cdn.collegefootballdata.com/logos-dark/32/3066.png', 'https://cdn.collegefootballdata.com/logos/16/3066.png', 'https://cdn.collegefootballdata.com/logos-dark/16/3066.png']",,5933.0,Sea Foam Stadium,Saint Paul,MN,,US,,44.9497487,-93.0931028,,3500.0,,,False
1000978,Concordia University,,,[],,,,#null,#null,,,,,,,,,,,,,,,,
507,Concordia University Nebraska,Clippers,CONCONE,"['CONCONE', 'Cncrdia NE']",,,,#null,#null,,,,,,,,,,,,,,,,
1001066,"Concordia University, St. Paul",,,[],,,,#null,#null,,,,,,,,,,,,,,,,
409,Concordia (WI),Falcons,CUW,"['CUW', 'Concordia (WI)']",NACC,,iii,#245699,#b1b3b3,"['https://cdn.collegefootballdata.com/logos/500/409.png', 'https://cdn.collegefootballdata.com/logos-dark/500/409.png', 'https://cdn.collegefootballdata.com/logos/256/409.png', 'https://cdn.collegefootballdata.com/logos-dark/256/409.png', 'https://cdn.collegefootballdata.com/logos/128/409.png', 'https://cdn.collegefootballdata.com/logos-dark/128/409.png', 'https://cdn.collegefootballdata.com/logos/96/409.png', 'https://cdn.collegefootballdata.com/logos-dark/96/409.png', 'https://cdn.collegefootballdata.com/logos/64/409.png', 'https://cdn.collegefootballdata.com/logos-dark/64/409.png', 'https://cdn.collegefootballdata.com/logos/48/409.png', 'https://cdn.collegefootballdata.com/logos-dark/48/409.png', 'https://cdn.collegefootballdata.com/logos/32/409.png', 'https://cdn.collegefootballdata.com/logos-dark/32/409.png', 'https://cdn.collegefootballdata.com/logos/16/409.png', 'https://cdn.collegefootballdata.com/logos-dark/16/409.png']",,5827.0,Tomasini Stadium,Mequon,WI,54537,US,,43.2219088,-87.9822969,,800.0,,,False
1000985,Copiah-Lincoln C.C.,,,[],,,,#null,#null,,,,,,,,,,,,,,,,
172,Cornell,Big Red,COR,"['COR', 'Cornell']",Ivy,,fcs,#b31b1b,#ffffff,"['https://cdn.collegefootballdata.com/logos/500/172.png', 'https://cdn.collegefootballdata.com/logos-dark/500/172.png', 'https://cdn.collegefootballdata.com/logos/256/172.png', 'https://cdn.collegefootballdata.com/logos-dark/256/172.png', 'https://cdn.collegefootballdata.com/logos/128/172.png', 'https://cdn.collegefootballdata.com/logos-dark/128/172.png', 'https://cdn.collegefootballdata.com/logos/96/172.png', 'https://cdn.collegefootballdata.com/logos-dark/96/172.png', 'https://cdn.collegefootballdata.com/logos/64/172.png', 'https://cdn.collegefootballdata.com/logos-dark/64/172.png', 'https://cdn.collegefootballdata.com/logos/48/172.png', 'https://cdn.collegefootballdata.com/logos-dark/48/172.png', 'https://cdn.collegefootballdata.com/logos/32/172.png', 'https://cdn.collegefootballdata.com/logos-dark/32/172.png', 'https://cdn.collegefootballdata.com/logos/16/172.png', 'https://cdn.collegefootballdata.com/logos-dark/16/172.png']",@BigRed_Football,3921.0,Schoellkopf Field,Ithaca,NY,14850,US,America/New_York,42.4439016,-76.4785398,257.3187561,21500.0,1915.0,False,False
2155,Cornell (IA),Rams,CNIA,"['Cornell College', 'CNIA', 'Cornell (IA)']",Midwest,,iii,#000000,#null,"['https://cdn.collegefootballdata.com/logos/500/2155.png', 'https://cdn.collegefootballdata.com/logos-dark/500/2155.png', 'https://cdn.collegefootballdata.com/logos/256/2155.png', 'https://cdn.collegefootballdata.com/logos-dark/256/2155.png', 'https://cdn.collegefootballdata.com/logos/128/2155.png', 'https://cdn.collegefootballdata.com/logos-dark/128/2155.png', 'https://cdn.collegefootballdata.com/logos/96/2155.png', 'https://cdn.collegefootballdata.com/logos-dark/96/2155.png', 'https://cdn.collegefootballdata.com/logos/64/2155.png', 'https://cdn.collegefootballdata.com/logos-dark/64/2155.png', 'https://cdn.collegefootballdata.com/logos/48/2155.png', 'https://cdn.collegefootballdata.com/logos-dark/48/2155.png', 'https://cdn.collegefootballdata.com/logos/32/2155.png', 'https://cdn.collegefootballdata.com/logos-dark/32/2155.png', 'https://cdn.collegefootballdata.com/logos/16/2155.png', 'https://cdn.collegefootballdata.com/logos-dark/16/2155.png']",,5828.0,Van Metre Field at Ash Park,Mount Vernon,IA,,US,,41.9222443,-91.4171209,,1100.0,,,False
509,Crown,Polars,CRWN,"['CRWN', 'Crown']",Upper Midwest,,iii,#5c2f92,#ffffff,"['https://cdn.collegefootballdata.com/logos/500/509.png', 'https://cdn.collegefootballdata.com/logos-dark/500/509.png', 'https://cdn.collegefootballdata.com/logos/256/509.png', 'https://cdn.collegefootballdata.com/logos-dark/256/509.png', 'https://cdn.collegefootballdata.com/logos/128/509.png', 'https://cdn.collegefootballdata.com/logos-dark/128/509.png', 'https://cdn.collegefootballdata.com/logos/96/509.png', 'https://cdn.collegefootballdata.com/logos-dark/96/509.png', 'https://cdn.collegefootballdata.com/logos/64/509.png', 'https://cdn.collegefootballdata.com/logos-dark/64/509.png', 'https://cdn.collegefootballdata.com/logos/48/509.png', 'https://cdn.collegefootballdata.com/logos-dark/48/509.png', 'https://cdn.collegefootballdata.com/logos/32/509.png', 'https://cdn.collegefootballdata.com/logos-dark/32/509.png', 'https://cdn.collegefootballdata.com/logos/16/509.png', 'https://cdn.collegefootballdata.com/logos-dark/16/509.png']",,5829.0,Old National Bank Stadium,Saint Bonifacius,MN,,US,,,,,1400.0,,,False
2570,CSU Pueblo,ThunderWolves,CSUP,"['CSUP', 'CSU Pueblo']",Rocky Mountain,,ii,#000000,#null,"['https://cdn.collegefootballdata.com/logos/500/2570.png', 'https://cdn.collegefootballdata.com/logos-dark/500/2570.png', 'https://cdn.collegefootballdata.com/logos/256/2570.png', 'https://cdn.collegefootballdata.com/logos-dark/256/2570.png', 'https://cdn.collegefootballdata.com/logos/128/2570.png', 'https://cdn.collegefootballdata.com/logos-dark/128/2570.png', 'https://cdn.collegefootballdata.com/logos/96/2570.png', 'https://cdn.collegefootballdata.com/logos-dark/96/2570.png', 'https://cdn.collegefootballdata.com/logos/64/2570.png', 'https://cdn.collegefootballdata.com/logos-dark/64/2570.png', 'https://cdn.collegefootballdata.com/logos/48/2570.png', 'https://cdn.collegefootballdata.com/logos-dark/48/2570.png', 'https://cdn.collegefootballdata.com/logos/32/2570.png', 'https://cdn.collegefootballdata.com/logos-dark/32/2570.png', 'https://cdn.collegefootballdata.com/logos/16/2570.png', 'https://cdn.collegefootballdata.com/logos-dark/16/2570.png']",,4852.0,Neta and Eddie DeRose ThunderBowl,Pueblo,CO,81003,US,,38.2544472,-104.609141,,6500.0,,,False
1001011,CSU-Pueblo,,,[],,,,#null,#null,,,,,,,,,,,,,,,,
510,Culver-Stockton College,Wildcats,CULVE,"['CULVE', 'Culvr-Stck']",,,,#null,#null,[],,,,,,,,,,,,,,,
511,Cumberlands,Indians,CMBS,"['CMBS', 'Cumberlands']",,,,#000000,#null,[],,,,,,,,,,,,,,,
2161,Cumberland (TN),Bulldogs,CUMBTN,"['CUMBTN', 'Cmbrlnd TN']",,,,#null,#null,[],,,,,,,,,,,,,,,
40,Curry,Colonels,CC,"['CC', 'Curry']",Commonwealth Coast,,iii,#65448b,#ffffff,"['https://cdn.collegefootballdata.com/logos/500/40.png', 'https://cdn.collegefootballdata.com/logos-dark/500/40.png', 'https://cdn.collegefootballdata.com/logos/256/40.png', 'https://cdn.collegefootballdata.com/logos-dark/256/40.png', 'https://cdn.collegefootballdata.com/logos/128/40.png', 'https://cdn.collegefootballdata.com/logos-dark/128/40.png', 'https://cdn.collegefootballdata.com/logos/96/40.png', 'https://cdn.collegefootballdata.com/logos-dark/96/40.png', 'https://cdn.collegefootballdata.com/logos/64/40.png', 'https://cdn.collegefootballdata.com/logos-dark/64/40.png', 'https://cdn.collegefootballdata.com/logos/48/40.png', 'https://cdn.collegefootballdata.com/logos-dark/48/40.png', 'https://cdn.collegefootballdata.com/logos/32/40.png', 'https://cdn.collegefootballdata.com/logos-dark/32/40.png', 'https://cdn.collegefootballdata.com/logos/16/40.png', 'https://cdn.collegefootballdata.com/logos-dark/16/40.png']",,5830.0,Walter M. Katz Field,Milton,MA,12547,US,,42.2501425,-71.065573,,1600.0,,,False
512,Dakota State University,Trojans,DAKOT,"['DAKOT', 'Dakota St']",,,,#000000,#null,[],,,,,,,,,,,,,,,
513,Dakota Wesleyan,Tigers,DWU,"['DWU', 'Dakota Wes']",,,,#null,#null,[],,,,,,,,,,,,,,,
159,Dartmouth,Big Green,DART,"['DART', 'Dartmouth']",Ivy,,fcs,#005730,#000000,"['https://cdn.collegefootballdata.com/logos/500/159.png', 'https://cdn.collegefootballdata.com/logos-dark/500/159.png', 'https://cdn.collegefootballdata.com/logos/256/159.png', 'https://cdn.collegefootballdata.com/logos-dark/256/159.png', 'https://cdn.collegefootballdata.com/logos/128/159.png', 'https://cdn.collegefootballdata.com/logos-dark/128/159.png', 'https://cdn.collegefootballdata.com/logos/96/159.png', 'https://cdn.collegefootballdata.com/logos-dark/96/159.png', 'https://cdn.collegefootballdata.com/logos/64/159.png', 'https://cdn.collegefootballdata.com/logos-dark/64/159.png', 'https://cdn.collegefootballdata.com/logos/48/159.png', 'https://cdn.collegefootballdata.com/logos-dark/48/159.png', 'https://cdn.collegefootballdata.com/logos/32/159.png', 'https://cdn.collegefootballdata.com/logos-dark/32/159.png', 'https://cdn.collegefootballdata.com/logos/16/159.png', 'https://cdn.collegefootballdata.com/logos-dark/16/159.png']",@DartFootball,3826.0,Memorial Field,Hanover,NH,3755 ,US,America/New_York,43.701302,-72.2842781,152.3080139,11000.0,1923.0,False,False
110254,Davenport,Panthers,DU,"['DU', 'Davenport']",GLIAC,,ii,#null,#null,,,5934.0,Farmers Insurance Athletic Complex,Caledonia,MI,63631,US,,37.763382,-90.7729061,,2000.0,,,False
2166,Davidson,Wildcats,DAV,"['DAV', 'Davidson']",Pioneer,,fcs,#000000,#e51837,"['https://cdn.collegefootballdata.com/logos/500/2166.png', 'https://cdn.collegefootballdata.com/logos-dark/500/2166.png', 'https://cdn.collegefootballdata.com/logos/256/2166.png', 'https://cdn.collegefootballdata.com/logos-dark/256/2166.png', 'https://cdn.collegefootballdata.com/logos/128/2166.png', 'https://cdn.collegefootballdata.com/logos-dark/128/2166.png', 'https://cdn.collegefootballdata.com/logos/96/2166.png', 'https://cdn.collegefootballdata.com/logos-dark/96/2166.png', 'https://cdn.collegefootballdata.com/logos/64/2166.png', 'https://cdn.collegefootballdata.com/logos-dark/64/2166.png', 'https://cdn.collegefootballdata.com/logos/48/2166.png', 'https://cdn.collegefootballdata.com/logos-dark/48/2166.png', 'https://cdn.collegefootballdata.com/logos/32/2166.png', 'https://cdn.collegefootballdata.com/logos-dark/32/2166.png', 'https://cdn.collegefootballdata.com/logos/16/2166.png', 'https://cdn.collegefootballdata.com/logos-dark/16/2166.png']",@DavidsonFB,3897.0,Richardson Stadium,Davidson,NC,28036,US,America/New_York,35.4995744,-80.8428419,249.4658203,6000.0,1923.0,False,False
2168,Dayton,Flyers,DAY,"['DAY', 'Dayton']",Pioneer,,fcs,#004B8D,#ffffff,"['https://cdn.collegefootballdata.com/logos/500/2168.png', 'https://cdn.collegefootballdata.com/logos-dark/500/2168.png', 'https://cdn.collegefootballdata.com/logos/256/2168.png', 'https://cdn.collegefootballdata.com/logos-dark/256/2168.png', 'https://cdn.collegefootballdata.com/logos/128/2168.png', 'https://cdn.collegefootballdata.com/logos-dark/128/2168.png', 'https://cdn.collegefootballdata.com/logos/96/2168.png', 'https://cdn.collegefootballdata.com/logos-dark/96/2168.png', 'https://cdn.collegefootballdata.com/logos/64/2168.png', 'https://cdn.collegefootballdata.com/logos-dark/64/2168.png', 'https://cdn.collegefootballdata.com/logos/48/2168.png', 'https://cdn.collegefootballdata.com/logos-dark/48/2168.png', 'https://cdn.collegefootballdata.com/logos/32/2168.png', 'https://cdn.collegefootballdata.com/logos-dark/32/2168.png', 'https://cdn.collegefootballdata.com/logos/16/2168.png', 'https://cdn.collegefootballdata.com/logos-dark/16/2168.png']",@DaytonFootball,3988.0,Welcome Stadium,Dayton,OH,45417,US,America/New_York,39.7369239,-84.1981068,222.4020081,11000.0,1949.0,False,False
110438,Dean,Bulldogs,DEAN,"['DEAN', 'Dean']",MSCAC,,iii,#null,#null,,,5831.0,Dale Lippert Field,Franklin,MA,03235,US,,34.440962,-87.8339064,,1500.0,,,False
1000986,De Anza College,,,[],,,,#null,#null,,,,,,,,,,,,,,,,
190,Defiance College,Yellow Jackets,DEF,"['DEF', 'Defiance']",,,,#4e2d8a,#ded27c,[],,5832.0,Justin F. Coressel Stadium,Defiance,OH,43512,US,,41.2844933,-84.3557802,,4000.0,,,False
48,Delaware,Blue Hens,DEL,"['DEL', 'Delaware']",Conference USA,,fbs,#00539f,#ffd200,"['https://cdn.collegefootballdata.com/logos/500/48.png', 'https://cdn.collegefootballdata.com/logos-dark/500/48.png', 'https://cdn.collegefootballdata.com/logos/256/48.png', 'https://cdn.collegefootballdata.com/logos-dark/256/48.png', 'https://cdn.collegefootballdata.com/logos/128/48.png', 'https://cdn.collegefootballdata.com/logos-dark/128/48.png', 'https://cdn.collegefootballdata.com/logos/96/48.png', 'https://cdn.collegefootballdata.com/logos-dark/96/48.png', 'https://cdn.collegefootballdata.com/logos/64/48.png', 'https://cdn.collegefootballdata.com/logos-dark/64/48.png', 'https://cdn.collegefootballdata.com/logos/48/48.png', 'https://cdn.collegefootballdata.com/logos-dark/48/48.png', 'https://cdn.collegefootballdata.com/logos/32/48.png', 'https://cdn.collegefootballdata.com/logos-dark/32/48.png', 'https://cdn.collegefootballdata.com/logos/16/48.png', 'https://cdn.collegefootballdata.com/logos-dark/16/48.png']",@DelawareFB,3695.0,Delaware Stadium,Newark,DE,19713,US,America/New_York,39.6617428,-75.7488224,28.74350357,22000.0,1952.0,False,False
2169,Delaware State,Hornets,DSU,"['DSU', 'Delaware St']",MEAC,,fcs,#009cdb,#d51c28,"['https://cdn.collegefootballdata.com/logos/500/2169.png', 'https://cdn.collegefootballdata.com/logos-dark/500/2169.png', 'https://cdn.collegefootballdata.com/logos/256/2169.png', 'https://cdn.collegefootballdata.com/logos-dark/256/2169.png', 'https://cdn.collegefootballdata.com/logos/128/2169.png', 'https://cdn.collegefootballdata.com/logos-dark/128/2169.png', 'https://cdn.collegefootballdata.com/logos/96/2169.png', 'https://cdn.collegefootballdata.com/logos-dark/96/2169.png', 'https://cdn.collegefootballdata.com/logos/64/2169.png', 'https://cdn.collegefootballdata.com/logos-dark/64/2169.png', 'https://cdn.collegefootballdata.com/logos/48/2169.png', 'https://cdn.collegefootballdata.com/logos-dark/48/2169.png', 'https://cdn.collegefootballdata.com/logos/32/2169.png', 'https://cdn.collegefootballdata.com/logos-dark/32/2169.png', 'https://cdn.collegefootballdata.com/logos/16/2169.png', 'https://cdn.collegefootballdata.com/logos-dark/16/2169.png']",@DelSt_Football,3613.0,Alumni Stadium,Dover,DE,19901,US,America/New_York,39.189375,-75.5433185,10.95275307,7193.0,1980.0,False,False
2808,Delaware Valley,Aggies,DVU,"['DVU', 'Del Val']",Mid Atlantic,,iii,#004c23,#e6b71b,"['https://cdn.collegefootballdata.com/logos/500/2808.png', 'https://cdn.collegefootballdata.com/logos-dark/500/2808.png', 'https://cdn.collegefootballdata.com/logos/256/2808.png', 'https://cdn.collegefootballdata.com/logos-dark/256/2808.png', 'https://cdn.collegefootballdata.com/logos/128/2808.png', 'https://cdn.collegefootballdata.com/logos-dark/128/2808.png', 'https://cdn.collegefootballdata.com/logos/96/2808.png', 'https://cdn.collegefootballdata.com/logos-dark/96/2808.png', 'https://cdn.collegefootballdata.com/logos/64/2808.png', 'https://cdn.collegefootballdata.com/logos-dark/64/2808.png', 'https://cdn.collegefootballdata.com/logos/48/2808.png', 'https://cdn.collegefootballdata.com/logos-dark/48/2808.png', 'https://cdn.collegefootballdata.com/logos/32/2808.png', 'https://cdn.collegefootballdata.com/logos-dark/32/2808.png', 'https://cdn.collegefootballdata.com/logos/16/2808.png', 'https://cdn.collegefootballdata.com/logos-dark/16/2808.png']",,5833.0,Robert A. Lipinski Field at James Work Memorial Stadium,New Britain,PA,18901,US,,40.30815835,-75.2164370939226,,2000.0,,,False
2170,Delta State,Statesmen,DLST,"['DLST', 'Delta St']",Gulf South,,ii,#00753e,#000000,"['https://cdn.collegefootballdata.com/logos/500/2170.png', 'https://cdn.collegefootballdata.com/logos-dark/500/2170.png', 'https://cdn.collegefootballdata.com/logos/256/2170.png', 'https://cdn.collegefootballdata.com/logos-dark/256/2170.png', 'https://cdn.collegefootballdata.com/logos/128/2170.png', 'https://cdn.collegefootballdata.com/logos-dark/128/2170.png', 'https://cdn.collegefootballdata.com/logos/96/2170.png', 'https://cdn.collegefootballdata.com/logos-dark/96/2170.png', 'https://cdn.collegefootballdata.com/logos/64/2170.png', 'https://cdn.collegefootballdata.com/logos-dark/64/2170.png', 'https://cdn.collegefootballdata.com/logos/48/2170.png', 'https://cdn.collegefootballdata.com/logos-dark/48/2170.png', 'https://cdn.collegefootballdata.com/logos/32/2170.png', 'https://cdn.collegefootballdata.com/logos-dark/32/2170.png', 'https://cdn.collegefootballdata.com/logos/16/2170.png', 'https://cdn.collegefootballdata.com/logos-dark/16/2170.png']",,5935.0,Parker Field at McCool Stadium,Cleveland,MS,38732,US,,33.7440023,-90.7248187,,8125.0,,,False
2171,Denison,Big Red,DSN,"['DSN', 'Denison']",North Coast,,iii,#000000,#null,"['https://cdn.collegefootballdata.com/logos/500/2171.png', 'https://cdn.collegefootballdata.com/logos-dark/500/2171.png', 'https://cdn.collegefootballdata.com/logos/256/2171.png', 'https://cdn.collegefootballdata.com/logos-dark/256/2171.png', 'https://cdn.collegefootballdata.com/logos/128/2171.png', 'https://cdn.collegefootballdata.com/logos-dark/128/2171.png', 'https://cdn.collegefootballdata.com/logos/96/2171.png', 'https://cdn.collegefootballdata.com/logos-dark/96/2171.png', 'https://cdn.collegefootballdata.com/logos/64/2171.png', 'https://cdn.collegefootballdata.com/logos-dark/64/2171.png', 'https://cdn.collegefootballdata.com/logos/48/2171.png', 'https://cdn.collegefootballdata.com/logos-dark/48/2171.png', 'https://cdn.collegefootballdata.com/logos/32/2171.png', 'https://cdn.collegefootballdata.com/logos-dark/32/2171.png', 'https://cdn.collegefootballdata.com/logos/16/2171.png', 'https://cdn.collegefootballdata.com/logos-dark/16/2171.png']",,5834.0,Deeds Field-Piper Stadium,Granville,OH,43023,US,,40.0681192,-82.5196037,,3000.0,,,False
83,DePauw,Tigers,DPU,"['DPU', 'DePauw']",North Coast,,iii,#000000,#null,"['https://cdn.collegefootballdata.com/logos/500/83.png', 'https://cdn.collegefootballdata.com/logos-dark/500/83.png', 'https://cdn.collegefootballdata.com/logos/256/83.png', 'https://cdn.collegefootballdata.com/logos-dark/256/83.png', 'https://cdn.collegefootballdata.com/logos/128/83.png', 'https://cdn.collegefootballdata.com/logos-dark/128/83.png', 'https://cdn.collegefootballdata.com/logos/96/83.png', 'https://cdn.collegefootballdata.com/logos-dark/96/83.png', 'https://cdn.collegefootballdata.com/logos/64/83.png', 'https://cdn.collegefootballdata.com/logos-dark/64/83.png', 'https://cdn.collegefootballdata.com/logos/48/83.png', 'https://cdn.collegefootballdata.com/logos-dark/48/83.png', 'https://cdn.collegefootballdata.com/logos/32/83.png', 'https://cdn.collegefootballdata.com/logos-dark/32/83.png', 'https://cdn.collegefootballdata.com/logos/16/83.png', 'https://cdn.collegefootballdata.com/logos-dark/16/83.png']",,3640.0,Blackstock Stadium,Greencastle,IN,46135,US,,39.6444898,-86.8647316,,3000.0,,,False
2254,Des Moines,Vikings,GRANDVIEW,"['GRANDVIEW', 'Grand View']",,,,#null,#null,,,,,,,,,,,,,,,,
2175,Dickinson,Red Devils,DKSN,"['DKSN', 'Dickinson']",Centennial,,iii,#ed192d,#000000,"['https://cdn.collegefootballdata.com/logos/500/2175.png', 'https://cdn.collegefootballdata.com/logos-dark/500/2175.png', 'https://cdn.collegefootballdata.com/logos/256/2175.png', 'https://cdn.collegefootballdata.com/logos-dark/256/2175.png', 'https://cdn.collegefootballdata.com/logos/128/2175.png', 'https://cdn.collegefootballdata.com/logos-dark/128/2175.png', 'https://cdn.collegefootballdata.com/logos/96/2175.png', 'https://cdn.collegefootballdata.com/logos-dark/96/2175.png', 'https://cdn.collegefootballdata.com/logos/64/2175.png', 'https://cdn.collegefootballdata.com/logos-dark/64/2175.png', 'https://cdn.collegefootballdata.com/logos/48/2175.png', 'https://cdn.collegefootballdata.com/logos-dark/48/2175.png', 'https://cdn.collegefootballdata.com/logos/32/2175.png', 'https://cdn.collegefootballdata.com/logos-dark/32/2175.png', 'https://cdn.collegefootballdata.com/logos/16/2175.png', 'https://cdn.collegefootballdata.com/logos-dark/16/2175.png']",,5835.0,Biddle Field,Carlisle,PA,35956,US,,40.201499,-77.1890783,,2577.0,,,False
316,Dickinson State University,Blue Hawks,DIC,"['DIC', 'Dicknsn St']",,,,#000000,#null,[],,,,,,,,,,,,,,,
5829,Doane College,Doane,,['Doane College'],,,,#null,#null,,,,,,,,,,,,,,,,
2181,Drake,Bulldogs,DRKE,"['DRKE', 'Drake']",Pioneer,,fcs,#005596,#bec0c2,"['https://cdn.collegefootballdata.com/logos/500/2181.png', 'https://cdn.collegefootballdata.com/logos-dark/500/2181.png', 'https://cdn.collegefootballdata.com/logos/256/2181.png', 'https://cdn.collegefootballdata.com/logos-dark/256/2181.png', 'https://cdn.collegefootballdata.com/logos/128/2181.png', 'https://cdn.collegefootballdata.com/logos-dark/128/2181.png', 'https://cdn.collegefootballdata.com/logos/96/2181.png', 'https://cdn.collegefootballdata.com/logos-dark/96/2181.png', 'https://cdn.collegefootballdata.com/logos/64/2181.png', 'https://cdn.collegefootballdata.com/logos-dark/64/2181.png', 'https://cdn.collegefootballdata.com/logos/48/2181.png', 'https://cdn.collegefootballdata.com/logos-dark/48/2181.png', 'https://cdn.collegefootballdata.com/logos/32/2181.png', 'https://cdn.collegefootballdata.com/logos-dark/32/2181.png', 'https://cdn.collegefootballdata.com/logos/16/2181.png', 'https://cdn.collegefootballdata.com/logos-dark/16/2181.png']",@DrakeBulldogsFB,3701.0,Drake Stadium,Des Moines,IA,50311,US,America/Chicago,41.605,-93.655,277.8869934,14557.0,1925.0,False,False
49,Dubuque,Spartans,DBQ,"['DBQ', 'Dubuque']",American Rivers,,iii,#000000,#null,"['https://cdn.collegefootballdata.com/logos/500/49.png', 'https://cdn.collegefootballdata.com/logos-dark/500/49.png', 'https://cdn.collegefootballdata.com/logos/256/49.png', 'https://cdn.collegefootballdata.com/logos-dark/256/49.png', 'https://cdn.collegefootballdata.com/logos/128/49.png', 'https://cdn.collegefootballdata.com/logos-dark/128/49.png', 'https://cdn.collegefootballdata.com/logos/96/49.png', 'https://cdn.collegefootballdata.com/logos-dark/96/49.png', 'https://cdn.collegefootballdata.com/logos/64/49.png', 'https://cdn.collegefootballdata.com/logos-dark/64/49.png', 'https://cdn.collegefootballdata.com/logos/48/49.png', 'https://cdn.collegefootballdata.com/logos-dark/48/49.png', 'https://cdn.collegefootballdata.com/logos/32/49.png', 'https://cdn.collegefootballdata.com/logos-dark/32/49.png', 'https://cdn.collegefootballdata.com/logos/16/49.png', 'https://cdn.collegefootballdata.com/logos-dark/16/49.png']",,5836.0,Chalmers Field,Dubuque,IA,50118,US,,42.5006243,-90.6647985,,4000.0,,,False
150,Duke,Blue Devils,DUKE,"['DUKE', 'Duke']",ACC,,fbs,#00539b,#ffffff,"['https://cdn.collegefootballdata.com/logos/500/150.png', 'https://cdn.collegefootballdata.com/logos-dark/500/150.png', 'https://cdn.collegefootballdata.com/logos/256/150.png', 'https://cdn.collegefootballdata.com/logos-dark/256/150.png', 'https://cdn.collegefootballdata.com/logos/128/150.png', 'https://cdn.collegefootballdata.com/logos-dark/128/150.png', 'https://cdn.collegefootballdata.com/logos/96/150.png', 'https://cdn.collegefootballdata.com/logos-dark/96/150.png', 'https://cdn.collegefootballdata.com/logos/64/150.png', 'https://cdn.collegefootballdata.com/logos-dark/64/150.png', 'https://cdn.collegefootballdata.com/logos/48/150.png', 'https://cdn.collegefootballdata.com/logos-dark/48/150.png', 'https://cdn.collegefootballdata.com/logos/32/150.png', 'https://cdn.collegefootballdata.com/logos-dark/32/150.png', 'https://cdn.collegefootballdata.com/logos/16/150.png', 'https://cdn.collegefootballdata.com/logos-dark/16/150.png']",@DukeFootball,3982.0,Wallace Wade Stadium,Durham,NC,27708,US,America/New_York,35.9953688,-78.9417564,103.0028152,40004.0,1929.0,True,False
2184,Duquesne,Dukes,DUQ,"['DUQ', 'Duquesne']",NEC,,fcs,#002D62,#b90b2e,"['https://cdn.collegefootballdata.com/logos/500/2184.png', 'https://cdn.collegefootballdata.com/logos-dark/500/2184.png', 'https://cdn.collegefootballdata.com/logos/256/2184.png', 'https://cdn.collegefootballdata.com/logos-dark/256/2184.png', 'https://cdn.collegefootballdata.com/logos/128/2184.png', 'https://cdn.collegefootballdata.com/logos-dark/128/2184.png', 'https://cdn.collegefootballdata.com/logos/96/2184.png', 'https://cdn.collegefootballdata.com/logos-dark/96/2184.png', 'https://cdn.collegefootballdata.com/logos/64/2184.png', 'https://cdn.collegefootballdata.com/logos-dark/64/2184.png', 'https://cdn.collegefootballdata.com/logos/48/2184.png', 'https://cdn.collegefootballdata.com/logos-dark/48/2184.png', 'https://cdn.collegefootballdata.com/logos/32/2184.png', 'https://cdn.collegefootballdata.com/logos-dark/32/2184.png', 'https://cdn.collegefootballdata.com/logos/16/2184.png', 'https://cdn.collegefootballdata.com/logos-dark/16/2184.png']",@DuqFB,3623.0,Arthur J. Rooney Athletic Field,Pittsburgh,PA,15282,US,America/New_York,40.4355808,-79.9900263,269.4302979,2200.0,1993.0,False,False
2189,Earlham,Quakers,EAR,"['EAR', 'Earlham']",,,,#000000,#null,[],,,,,,,,,,,,,,,
3146,East,All-Stars,EAST,"['EAST', 'East']",,,,#000000,#null,,,,,,,,,,,,,,,,
151,East Carolina,Pirates,ECU,"['ECU', 'East Carolina']",American Athletic,,fbs,#592a8a,#fdc82f,"['https://cdn.collegefootballdata.com/logos/500/151.png', 'https://cdn.collegefootballdata.com/logos-dark/500/151.png', 'https://cdn.collegefootballdata.com/logos/256/151.png', 'https://cdn.collegefootballdata.com/logos-dark/256/151.png', 'https://cdn.collegefootballdata.com/logos/128/151.png', 'https://cdn.collegefootballdata.com/logos-dark/128/151.png', 'https://cdn.collegefootballdata.com/logos/96/151.png', 'https://cdn.collegefootballdata.com/logos-dark/96/151.png', 'https://cdn.collegefootballdata.com/logos/64/151.png', 'https://cdn.collegefootballdata.com/logos-dark/64/151.png', 'https://cdn.collegefootballdata.com/logos/48/151.png', 'https://cdn.collegefootballdata.com/logos-dark/48/151.png', 'https://cdn.collegefootballdata.com/logos/32/151.png', 'https://cdn.collegefootballdata.com/logos-dark/32/151.png', 'https://cdn.collegefootballdata.com/logos/16/151.png', 'https://cdn.collegefootballdata.com/logos-dark/16/151.png']",@ECUPiratesFB,3699.0,Dowdy-Ficklen Stadium,Greenville,NC,27858,US,America/New_York,35.5968486,-77.364564,19.0564537,50000.0,1963.0,True,False
2191,East Central,Tigers,ECNU,"['East Central University', 'ECNU', 'East Central']",Great American,,ii,#000000,#null,"['https://cdn.collegefootballdata.com/logos/500/2191.png', 'https://cdn.collegefootballdata.com/logos-dark/500/2191.png', 'https://cdn.collegefootballdata.com/logos/256/2191.png', 'https://cdn.collegefootballdata.com/logos-dark/256/2191.png', 'https://cdn.collegefootballdata.com/logos/128/2191.png', 'https://cdn.collegefootballdata.com/logos-dark/128/2191.png', 'https://cdn.collegefootballdata.com/logos/96/2191.png', 'https://cdn.collegefootballdata.com/logos-dark/96/2191.png', 'https://cdn.collegefootballdata.com/logos/64/2191.png', 'https://cdn.collegefootballdata.com/logos-dark/64/2191.png', 'https://cdn.collegefootballdata.com/logos/48/2191.png', 'https://cdn.collegefootballdata.com/logos-dark/48/2191.png', 'https://cdn.collegefootballdata.com/logos/32/2191.png', 'https://cdn.collegefootballdata.com/logos-dark/32/2191.png', 'https://cdn.collegefootballdata.com/logos/16/2191.png', 'https://cdn.collegefootballdata.com/logos-dark/16/2191.png']",,5936.0,Koi Ishto Stadium,Ada,OK,74820,US,,34.7743383,-96.6783651,,5000.0,,,False
1001039,East Central C.C.,,,[],,,,#null,#null,,,,,,,,,,,,,,,,
127954,Eastern,Eagles,EU,"['EU', 'Eastern']",Mid Atlantic,,iii,#null,#null,,,7513.0,O'Hara Field,Saint Davids,PA,,US,,,,,0.0,,,False
2197,Eastern Illinois,Panthers,EIU,"['EIU', 'E Illinois']",OVC,,fcs,#000000,#bebab9,"['https://cdn.collegefootballdata.com/logos/500/2197.png', 'https://cdn.collegefootballdata.com/logos-dark/500/2197.png', 'https://cdn.collegefootballdata.com/logos/256/2197.png', 'https://cdn.collegefootballdata.com/logos-dark/256/2197.png', 'https://cdn.collegefootballdata.com/logos/128/2197.png', 'https://cdn.collegefootballdata.com/logos-dark/128/2197.png', 'https://cdn.collegefootballdata.com/logos/96/2197.png', 'https://cdn.collegefootballdata.com/logos-dark/96/2197.png', 'https://cdn.collegefootballdata.com/logos/64/2197.png', 'https://cdn.collegefootballdata.com/logos-dark/64/2197.png', 'https://cdn.collegefootballdata.com/logos/48/2197.png', 'https://cdn.collegefootballdata.com/logos-dark/48/2197.png', 'https://cdn.collegefootballdata.com/logos/32/2197.png', 'https://cdn.collegefootballdata.com/logos-dark/32/2197.png', 'https://cdn.collegefootballdata.com/logos/16/2197.png', 'https://cdn.collegefootballdata.com/logos-dark/16/2197.png']",@EIUPantherFB,3858.0,O'Brien Stadium,Charleston,IL,61920,US,America/Chicago,39.4804965,-88.1811618,212.9662933,10000.0,1970.0,False,False
2198,Eastern Kentucky,Colonels,EKU,"['EKU', 'E Kentucky']",UAC,,fcs,#660819,#f0f0f0,"['https://cdn.collegefootballdata.com/logos/500/2198.png', 'https://cdn.collegefootballdata.com/logos-dark/500/2198.png', 'https://cdn.collegefootballdata.com/logos/256/2198.png', 'https://cdn.collegefootballdata.com/logos-dark/256/2198.png', 'https://cdn.collegefootballdata.com/logos/128/2198.png', 'https://cdn.collegefootballdata.com/logos-dark/128/2198.png', 'https://cdn.collegefootballdata.com/logos/96/2198.png', 'https://cdn.collegefootballdata.com/logos-dark/96/2198.png', 'https://cdn.collegefootballdata.com/logos/64/2198.png', 'https://cdn.collegefootballdata.com/logos-dark/64/2198.png', 'https://cdn.collegefootballdata.com/logos/48/2198.png', 'https://cdn.collegefootballdata.com/logos-dark/48/2198.png', 'https://cdn.collegefootballdata.com/logos/32/2198.png', 'https://cdn.collegefootballdata.com/logos-dark/32/2198.png', 'https://cdn.collegefootballdata.com/logos/16/2198.png', 'https://cdn.collegefootballdata.com/logos-dark/16/2198.png']",@EKUFootball,3908.0,Roy Kidd Stadium,Richmond,KY,40475,US,America/New_York,37.7344109,-84.2972854,298.1834717,20000.0,1969.0,False,False
2199,Eastern Michigan,Eagles,EMU,"['EMU', 'E Michigan']",Mid-American,,fbs,#046a38,#ffffff,"['https://cdn.collegefootballdata.com/logos/500/2199.png', 'https://cdn.collegefootballdata.com/logos-dark/500/2199.png', 'https://cdn.collegefootballdata.com/logos/256/2199.png', 'https://cdn.collegefootballdata.com/logos-dark/256/2199.png', 'https://cdn.collegefootballdata.com/logos/128/2199.png', 'https://cdn.collegefootballdata.com/logos-dark/128/2199.png', 'https://cdn.collegefootballdata.com/logos/96/2199.png', 'https://cdn.collegefootballdata.com/logos-dark/96/2199.png', 'https://cdn.collegefootballdata.com/logos/64/2199.png', 'https://cdn.collegefootballdata.com/logos-dark/64/2199.png', 'https://cdn.collegefootballdata.com/logos/48/2199.png', 'https://cdn.collegefootballdata.com/logos-dark/48/2199.png', 'https://cdn.collegefootballdata.com/logos/32/2199.png', 'https://cdn.collegefootballdata.com/logos-dark/32/2199.png', 'https://cdn.collegefootballdata.com/logos/16/2199.png', 'https://cdn.collegefootballdata.com/logos-dark/16/2199.png']",@EMUFB,3912.0,Rynearson Stadium,Ypsilanti,MI,48197,US,America/Detroit,42.256126,-83.647285,241.248764,30200.0,1969.0,False,False
2201,Eastern New Mexico,Greyhounds,ENMU,"['ENMU', 'Eastern NM']",Lone Star,,ii,#000000,#null,"['https://cdn.collegefootballdata.com/logos/500/2201.png', 'https://cdn.collegefootballdata.com/logos-dark/500/2201.png', 'https://cdn.collegefootballdata.com/logos/256/2201.png', 'https://cdn.collegefootballdata.com/logos-dark/256/2201.png', 'https://cdn.collegefootballdata.com/logos/128/2201.png', 'https://cdn.collegefootballdata.com/logos-dark/128/2201.png', 'https://cdn.collegefootballdata.com/logos/96/2201.png', 'https://cdn.collegefootballdata.com/logos-dark/96/2201.png', 'https://cdn.collegefootballdata.com/logos/64/2201.png', 'https://cdn.collegefootballdata.com/logos-dark/64/2201.png', 'https://cdn.collegefootballdata.com/logos/48/2201.png', 'https://cdn.collegefootballdata.com/logos-dark/48/2201.png', 'https://cdn.collegefootballdata.com/logos/32/2201.png', 'https://cdn.collegefootballdata.com/logos-dark/32/2201.png', 'https://cdn.collegefootballdata.com/logos/16/2201.png', 'https://cdn.collegefootballdata.com/logos-dark/16/2201.png']",,5938.0,Al Whitehead Field at Greyhound Stadium,Portales,NM,88130,US,,34.1861922,-103.334397,,4000.0,,,False
2202,Eastern Oregon,Eastern Oregon,EORE,"['EORE', 'E Oregon']",,,,#null,#null,[],,,,,,,,,,,,,,,
331,Eastern Washington,Eagles,EWU,"['EWU', 'E Washington']",Big Sky,,fcs,#a10022,#abb4bc,"['https://cdn.collegefootballdata.com/logos/500/331.png', 'https://cdn.collegefootballdata.com/logos-dark/500/331.png', 'https://cdn.collegefootballdata.com/logos/256/331.png', 'https://cdn.collegefootballdata.com/logos-dark/256/331.png', 'https://cdn.collegefootballdata.com/logos/128/331.png', 'https://cdn.collegefootballdata.com/logos-dark/128/331.png', 'https://cdn.collegefootballdata.com/logos/96/331.png', 'https://cdn.collegefootballdata.com/logos-dark/96/331.png', 'https://cdn.collegefootballdata.com/logos/64/331.png', 'https://cdn.collegefootballdata.com/logos-dark/64/331.png', 'https://cdn.collegefootballdata.com/logos/48/331.png', 'https://cdn.collegefootballdata.com/logos-dark/48/331.png', 'https://cdn.collegefootballdata.com/logos/32/331.png', 'https://cdn.collegefootballdata.com/logos-dark/32/331.png', 'https://cdn.collegefootballdata.com/logos/16/331.png', 'https://cdn.collegefootballdata.com/logos-dark/16/331.png']",@EWUFootball,3906.0,Roos Field,Cheney,WA,99004,US,America/Los_Angeles,47.49278,-117.587353,750.2774658,8500.0,1967.0,False,False
1000997,East Mississippi C.C.,,,[],,,,#null,#null,,,,,,,,,,,,,,,,
2188,East Stroudsburg,Warriors,ESU,"['ESU', 'E Stroudsburg']",Pennsylvania State Athletic,Eastern,ii,#000000,#null,"['https://cdn.collegefootballdata.com/logos/500/2188.png', 'https://cdn.collegefootballdata.com/logos-dark/500/2188.png', 'https://cdn.collegefootballdata.com/logos/256/2188.png', 'https://cdn.collegefootballdata.com/logos-dark/256/2188.png', 'https://cdn.collegefootballdata.com/logos/128/2188.png', 'https://cdn.collegefootballdata.com/logos-dark/128/2188.png', 'https://cdn.collegefootballdata.com/logos/96/2188.png', 'https://cdn.collegefootballdata.com/logos-dark/96/2188.png', 'https://cdn.collegefootballdata.com/logos/64/2188.png', 'https://cdn.collegefootballdata.com/logos-dark/64/2188.png', 'https://cdn.collegefootballdata.com/logos/48/2188.png', 'https://cdn.collegefootballdata.com/logos-dark/48/2188.png', 'https://cdn.collegefootballdata.com/logos/32/2188.png', 'https://cdn.collegefootballdata.com/logos-dark/32/2188.png', 'https://cdn.collegefootballdata.com/logos/16/2188.png', 'https://cdn.collegefootballdata.com/logos-dark/16/2188.png']",,4439.0,Eiler-Martin Stadium,East Stroudsburg,PA,18301,US,,40.9995386,-75.1812913,,6000.0,,,False
2193,East Tennessee State,Buccaneers,ETSU,"['ETSU', 'ETSU']",Southern,,fcs,#002d61,#ffc423,"['https://cdn.collegefootballdata.com/logos/500/2193.png', 'https://cdn.collegefootballdata.com/logos-dark/500/2193.png', 'https://cdn.collegefootballdata.com/logos/256/2193.png', 'https://cdn.collegefootballdata.com/logos-dark/256/2193.png', 'https://cdn.collegefootballdata.com/logos/128/2193.png', 'https://cdn.collegefootballdata.com/logos-dark/128/2193.png', 'https://cdn.collegefootballdata.com/logos/96/2193.png', 'https://cdn.collegefootballdata.com/logos-dark/96/2193.png', 'https://cdn.collegefootballdata.com/logos/64/2193.png', 'https://cdn.collegefootballdata.com/logos-dark/64/2193.png', 'https://cdn.collegefootballdata.com/logos/48/2193.png', 'https://cdn.collegefootballdata.com/logos-dark/48/2193.png', 'https://cdn.collegefootballdata.com/logos/32/2193.png', 'https://cdn.collegefootballdata.com/logos-dark/32/2193.png', 'https://cdn.collegefootballdata.com/logos/16/2193.png', 'https://cdn.collegefootballdata.com/logos-dark/16/2193.png']",@ETSUFootball,5400.0,William B. Greene Jr. Stadium,Johnson City,TN,37604,US,America/New_York,36.299084,-82.374117,512.5,7694.0,2017.0,False,False
2837,East Texas A&M,Lions,ETAM,"['Texas A&M-Commerce', 'ETAM', 'East Texas A&M']",Southland,,fcs,#000000,#null,"['https://cdn.collegefootballdata.com/logos/500/2837.png', 'https://cdn.collegefootballdata.com/logos-dark/500/2837.png', 'https://cdn.collegefootballdata.com/logos/256/2837.png', 'https://cdn.collegefootballdata.com/logos-dark/256/2837.png', 'https://cdn.collegefootballdata.com/logos/128/2837.png', 'https://cdn.collegefootballdata.com/logos-dark/128/2837.png', 'https://cdn.collegefootballdata.com/logos/96/2837.png', 'https://cdn.collegefootballdata.com/logos-dark/96/2837.png', 'https://cdn.collegefootballdata.com/logos/64/2837.png', 'https://cdn.collegefootballdata.com/logos-dark/64/2837.png', 'https://cdn.collegefootballdata.com/logos/48/2837.png', 'https://cdn.collegefootballdata.com/logos-dark/48/2837.png', 'https://cdn.collegefootballdata.com/logos/32/2837.png', 'https://cdn.collegefootballdata.com/logos-dark/32/2837.png', 'https://cdn.collegefootballdata.com/logos/16/2837.png', 'https://cdn.collegefootballdata.com/logos-dark/16/2837.png']",,4762.0,Memorial Stadium (Commerce TX),Commerce,TX,75428,US,America/Chicago,33.2442615,-95.9006353,171,11582.0,1950.0,False,False
2194,East Texas Baptist,Tigers,ETBU,"['ETBU', 'E TX Baptist']",American Southwest,,iii,#002b44,#e0ad13,"['https://cdn.collegefootballdata.com/logos/500/2194.png', 'https://cdn.collegefootballdata.com/logos-dark/500/2194.png', 'https://cdn.collegefootballdata.com/logos/256/2194.png', 'https://cdn.collegefootballdata.com/logos-dark/256/2194.png', 'https://cdn.collegefootballdata.com/logos/128/2194.png', 'https://cdn.collegefootballdata.com/logos-dark/128/2194.png', 'https://cdn.collegefootballdata.com/logos/96/2194.png', 'https://cdn.collegefootballdata.com/logos-dark/96/2194.png', 'https://cdn.collegefootballdata.com/logos/64/2194.png', 'https://cdn.collegefootballdata.com/logos-dark/64/2194.png', 'https://cdn.collegefootballdata.com/logos/48/2194.png', 'https://cdn.collegefootballdata.com/logos-dark/48/2194.png', 'https://cdn.collegefootballdata.com/logos/32/2194.png', 'https://cdn.collegefootballdata.com/logos-dark/32/2194.png', 'https://cdn.collegefootballdata.com/logos/16/2194.png', 'https://cdn.collegefootballdata.com/logos-dark/16/2194.png']",,5838.0,Ornelas Stadium,Marshall,TX,75670,US,,32.5447756,-94.3661004,,2046.0,,,False
2205,Edinboro,Fighting Scots,EDBR,"['EDBR', 'Edinboro']",Pennsylvania State Athletic,Western,ii,#000000,#null,"['https://cdn.collegefootballdata.com/logos/500/2205.png', 'https://cdn.collegefootballdata.com/logos-dark/500/2205.png', 'https://cdn.collegefootballdata.com/logos/256/2205.png', 'https://cdn.collegefootballdata.com/logos-dark/256/2205.png', 'https://cdn.collegefootballdata.com/logos/128/2205.png', 'https://cdn.collegefootballdata.com/logos-dark/128/2205.png', 'https://cdn.collegefootballdata.com/logos/96/2205.png', 'https://cdn.collegefootballdata.com/logos-dark/96/2205.png', 'https://cdn.collegefootballdata.com/logos/64/2205.png', 'https://cdn.collegefootballdata.com/logos-dark/64/2205.png', 'https://cdn.collegefootballdata.com/logos/48/2205.png', 'https://cdn.collegefootballdata.com/logos-dark/48/2205.png', 'https://cdn.collegefootballdata.com/logos/32/2205.png', 'https://cdn.collegefootballdata.com/logos-dark/32/2205.png', 'https://cdn.collegefootballdata.com/logos/16/2205.png', 'https://cdn.collegefootballdata.com/logos-dark/16/2205.png']",,4440.0,Sox Harrison Stadium,Edinboro,PA,,US,,41.8742225,-80.1317236,,6000.0,,,False
1001018,Edinboro University,,,[],,,,#null,#null,,,,,,,,,,,,,,,,
2206,Edward Waters,Tigers,EDW,"['EDW', 'Edward Waters']",SIAC,,ii,#null,#null,,,3705.0,Earl Kitchings Stadium,Jacksonville,FL,32209,US,,30.3321838,-81.655651,,8000.0,,,False
1001017,El Camino College,,,[],,,,#null,#null,,,,,,,,,,,,,,,,
122775,Elgin,Eagles,JUDSO,"['JUDSO', 'JUDSON']",,,,#null,#null,,,,,,,,,,,,,,,,
2207,Elizabeth City State,Vikings,ECSU,"['ECSU', 'Elizabeth City']",CIAA,Northern,ii,#000000,#null,"['https://cdn.collegefootballdata.com/logos/500/2207.png', 'https://cdn.collegefootballdata.com/logos-dark/500/2207.png', 'https://cdn.collegefootballdata.com/logos/256/2207.png', 'https://cdn.collegefootballdata.com/logos-dark/256/2207.png', 'https://cdn.collegefootballdata.com/logos/128/2207.png', 'https://cdn.collegefootballdata.com/logos-dark/128/2207.png', 'https://cdn.collegefootballdata.com/logos/96/2207.png', 'https://cdn.collegefootballdata.com/logos-dark/96/2207.png', 'https://cdn.collegefootballdata.com/logos/64/2207.png', 'https://cdn.collegefootballdata.com/logos-dark/64/2207.png', 'https://cdn.collegefootballdata.com/logos/48/2207.png', 'https://cdn.collegefootballdata.com/logos-dark/48/2207.png', 'https://cdn.collegefootballdata.com/logos/32/2207.png', 'https://cdn.collegefootballdata.com/logos-dark/32/2207.png', 'https://cdn.collegefootballdata.com/logos/16/2207.png', 'https://cdn.collegefootballdata.com/logos-dark/16/2207.png']",,5941.0,Roebuck Stadium,Elizabeth City,NC,28051,US,,36.2956836,-76.2247697,,3500.0,,,False
72,Elmhurst,Bluejays,ELMH,"['ELMH', 'Elmhurst']",CCIW,,iii,#000000,#null,"['https://cdn.collegefootballdata.com/logos/500/72.png', 'https://cdn.collegefootballdata.com/logos-dark/500/72.png', 'https://cdn.collegefootballdata.com/logos/256/72.png', 'https://cdn.collegefootballdata.com/logos-dark/256/72.png', 'https://cdn.collegefootballdata.com/logos/128/72.png', 'https://cdn.collegefootballdata.com/logos-dark/128/72.png', 'https://cdn.collegefootballdata.com/logos/96/72.png', 'https://cdn.collegefootballdata.com/logos-dark/96/72.png', 'https://cdn.collegefootballdata.com/logos/64/72.png', 'https://cdn.collegefootballdata.com/logos-dark/64/72.png', 'https://cdn.collegefootballdata.com/logos/48/72.png', 'https://cdn.collegefootballdata.com/logos-dark/48/72.png', 'https://cdn.collegefootballdata.com/logos/32/72.png', 'https://cdn.collegefootballdata.com/logos-dark/32/72.png', 'https://cdn.collegefootballdata.com/logos/16/72.png', 'https://cdn.collegefootballdata.com/logos-dark/16/72.png']",,5839.0,Langhorst Field,Elmhurst,IL,60126,US,,41.8994745,-87.9403418,,2500.0,,,False
2210,Elon,Phoenix,ELON,"['ELON', 'Elon']",Coastal Athletic,,fcs,#020303,#b59a57,"['https://cdn.collegefootballdata.com/logos/500/2210.png', 'https://cdn.collegefootballdata.com/logos-dark/500/2210.png', 'https://cdn.collegefootballdata.com/logos/256/2210.png', 'https://cdn.collegefootballdata.com/logos-dark/256/2210.png', 'https://cdn.collegefootballdata.com/logos/128/2210.png', 'https://cdn.collegefootballdata.com/logos-dark/128/2210.png', 'https://cdn.collegefootballdata.com/logos/96/2210.png', 'https://cdn.collegefootballdata.com/logos-dark/96/2210.png', 'https://cdn.collegefootballdata.com/logos/64/2210.png', 'https://cdn.collegefootballdata.com/logos-dark/64/2210.png', 'https://cdn.collegefootballdata.com/logos/48/2210.png', 'https://cdn.collegefootballdata.com/logos-dark/48/2210.png', 'https://cdn.collegefootballdata.com/logos/32/2210.png', 'https://cdn.collegefootballdata.com/logos-dark/32/2210.png', 'https://cdn.collegefootballdata.com/logos/16/2210.png', 'https://cdn.collegefootballdata.com/logos-dark/16/2210.png']",@ElonFootball,3894.0,Rhodes Stadium,Elon,NC,77493,US,America/New_York,36.1101269,-79.5079979,204.2487793,14000.0,2001.0,True,False
2213,Emory & Henry,Wasps,EHC,"['EHC', 'Emory & Henry']",South Atlantic,,ii,#1e376d,#daad27,"['https://cdn.collegefootballdata.com/logos/500/2213.png', 'https://cdn.collegefootballdata.com/logos-dark/500/2213.png', 'https://cdn.collegefootballdata.com/logos/256/2213.png', 'https://cdn.collegefootballdata.com/logos-dark/256/2213.png', 'https://cdn.collegefootballdata.com/logos/128/2213.png', 'https://cdn.collegefootballdata.com/logos-dark/128/2213.png', 'https://cdn.collegefootballdata.com/logos/96/2213.png', 'https://cdn.collegefootballdata.com/logos-dark/96/2213.png', 'https://cdn.collegefootballdata.com/logos/64/2213.png', 'https://cdn.collegefootballdata.com/logos-dark/64/2213.png', 'https://cdn.collegefootballdata.com/logos/48/2213.png', 'https://cdn.collegefootballdata.com/logos-dark/48/2213.png', 'https://cdn.collegefootballdata.com/logos/32/2213.png', 'https://cdn.collegefootballdata.com/logos-dark/32/2213.png', 'https://cdn.collegefootballdata.com/logos/16/2213.png', 'https://cdn.collegefootballdata.com/logos-dark/16/2213.png']",,5840.0,Fred Selfe Stadium at Nicewonder Field,Meadowview,VA,VA 24,US,,37.3065238,-80.0267067,,5500.0,,,False
2214,Emporia State,Hornets,EMSU,"['EMSU', 'Emporia St']",Mid America,,ii,#000000,#null,"['https://cdn.collegefootballdata.com/logos/500/2214.png', 'https://cdn.collegefootballdata.com/logos-dark/500/2214.png', 'https://cdn.collegefootballdata.com/logos/256/2214.png', 'https://cdn.collegefootballdata.com/logos-dark/256/2214.png', 'https://cdn.collegefootballdata.com/logos/128/2214.png', 'https://cdn.collegefootballdata.com/logos-dark/128/2214.png', 'https://cdn.collegefootballdata.com/logos/96/2214.png', 'https://cdn.collegefootballdata.com/logos-dark/96/2214.png', 'https://cdn.collegefootballdata.com/logos/64/2214.png', 'https://cdn.collegefootballdata.com/logos-dark/64/2214.png', 'https://cdn.collegefootballdata.com/logos/48/2214.png', 'https://cdn.collegefootballdata.com/logos-dark/48/2214.png', 'https://cdn.collegefootballdata.com/logos/32/2214.png', 'https://cdn.collegefootballdata.com/logos-dark/32/2214.png', 'https://cdn.collegefootballdata.com/logos/16/2214.png', 'https://cdn.collegefootballdata.com/logos-dark/16/2214.png']",,5942.0,Francis G. Welch Stadium,Emporia,KS,66801,US,,38.4040054,-96.181623,,10000.0,,,False
452,Endicott,Gulls,ENDC,"['ENDC', 'Endicott']",Commonwealth Coast,,iii,#000000,#null,"['https://cdn.collegefootballdata.com/logos/500/452.png', 'https://cdn.collegefootballdata.com/logos-dark/500/452.png', 'https://cdn.collegefootballdata.com/logos/256/452.png', 'https://cdn.collegefootballdata.com/logos-dark/256/452.png', 'https://cdn.collegefootballdata.com/logos/128/452.png', 'https://cdn.collegefootballdata.com/logos-dark/128/452.png', 'https://cdn.collegefootballdata.com/logos/96/452.png', 'https://cdn.collegefootballdata.com/logos-dark/96/452.png', 'https://cdn.collegefootballdata.com/logos/64/452.png', 'https://cdn.collegefootballdata.com/logos-dark/64/452.png', 'https://cdn.collegefootballdata.com/logos/48/452.png', 'https://cdn.collegefootballdata.com/logos-dark/48/452.png', 'https://cdn.collegefootballdata.com/logos/32/452.png', 'https://cdn.collegefootballdata.com/logos-dark/32/452.png', 'https://cdn.collegefootballdata.com/logos/16/452.png', 'https://cdn.collegefootballdata.com/logos-dark/16/452.png']",,3709.0,Hempstead Stadium,Beverly,MA,26253,US,,42.5584284,-70.8800491,,3000.0,,,False
101784,Erskine,Flying Fleet,ERSK,"['ERSK', 'Erskine']",Carolinas,,ii,#000000,#null,,,7076.0,J.W. Babb Stadium,Greenwood,SC,29153,US,,34.1954001,-82.1617883,,4000.0,,,False
1000992,Erskine College,,,[],,,,#null,#null,,,,,,,,,,,,,,,,
101,Eureka,Red Devils,ERKA,"['ERKA', 'Eureka']",NACC,,iii,#960a2c,#c09a05,"['https://cdn.collegefootballdata.com/logos/500/101.png', 'https://cdn.collegefootballdata.com/logos-dark/500/101.png', 'https://cdn.collegefootballdata.com/logos/256/101.png', 'https://cdn.collegefootballdata.com/logos-dark/256/101.png', 'https://cdn.collegefootballdata.com/logos/128/101.png', 'https://cdn.collegefootballdata.com/logos-dark/128/101.png', 'https://cdn.collegefootballdata.com/logos/96/101.png', 'https://cdn.collegefootballdata.com/logos-dark/96/101.png', 'https://cdn.collegefootballdata.com/logos/64/101.png', 'https://cdn.collegefootballdata.com/logos-dark/64/101.png', 'https://cdn.collegefootballdata.com/logos/48/101.png', 'https://cdn.collegefootballdata.com/logos-dark/48/101.png', 'https://cdn.collegefootballdata.com/logos/32/101.png', 'https://cdn.collegefootballdata.com/logos-dark/32/101.png', 'https://cdn.collegefootballdata.com/logos/16/101.png', 'https://cdn.collegefootballdata.com/logos-dark/16/101.png']",,5841.0,Pete FioRito Stadium at McKinzie Field,Eureka,IL,61530,US,America/Chicago,40.7213015,-89.2726708,235,2500.0,,,False
2865,Evangel University,Crusaders,EVA,"['EVA', 'Evangel']",,,,#null,#null,[],,,,,,,,,,,,,,,
2986,Fairmont State,Falcons,FMSU,"['FMSU', 'Fairmont St']",Mountain East,,ii,#000000,#null,"['https://cdn.collegefootballdata.com/logos/500/2986.png', 'https://cdn.collegefootballdata.com/logos-dark/500/2986.png', 'https://cdn.collegefootballdata.com/logos/256/2986.png', 'https://cdn.collegefootballdata.com/logos-dark/256/2986.png', 'https://cdn.collegefootballdata.com/logos/128/2986.png', 'https://cdn.collegefootballdata.com/logos-dark/128/2986.png', 'https://cdn.collegefootballdata.com/logos/96/2986.png', 'https://cdn.collegefootballdata.com/logos-dark/96/2986.png', 'https://cdn.collegefootballdata.com/logos/64/2986.png', 'https://cdn.collegefootballdata.com/logos-dark/64/2986.png', 'https://cdn.collegefootballdata.com/logos/48/2986.png', 'https://cdn.collegefootballdata.com/logos-dark/48/2986.png', 'https://cdn.collegefootballdata.com/logos/32/2986.png', 'https://cdn.collegefootballdata.com/logos-dark/32/2986.png', 'https://cdn.collegefootballdata.com/logos/16/2986.png', 'https://cdn.collegefootballdata.com/logos-dark/16/2986.png']",,5943.0,Duvall-Rosier Field,Fairmont,WV,,US,,39.4850848,-80.1425781,,5000.0,,,False
2219,Faulkner University,Eagles,FAULKNER,"['FAULKNER', 'Faulkner']",,,,#000000,#null,[],,,,,,,,,,,,,,,
2220,Fayetteville State,Broncos,FAYU,"['FAYU', ""Fay'ville St""]",CIAA,Southern,ii,#000000,#null,"['https://cdn.collegefootballdata.com/logos/500/2220.png', 'https://cdn.collegefootballdata.com/logos-dark/500/2220.png', 'https://cdn.collegefootballdata.com/logos/256/2220.png', 'https://cdn.collegefootballdata.com/logos-dark/256/2220.png', 'https://cdn.collegefootballdata.com/logos/128/2220.png', 'https://cdn.collegefootballdata.com/logos-dark/128/2220.png', 'https://cdn.collegefootballdata.com/logos/96/2220.png', 'https://cdn.collegefootballdata.com/logos-dark/96/2220.png', 'https://cdn.collegefootballdata.com/logos/64/2220.png', 'https://cdn.collegefootballdata.com/logos-dark/64/2220.png', 'https://cdn.collegefootballdata.com/logos/48/2220.png', 'https://cdn.collegefootballdata.com/logos-dark/48/2220.png', 'https://cdn.collegefootballdata.com/logos/32/2220.png', 'https://cdn.collegefootballdata.com/logos-dark/32/2220.png', 'https://cdn.collegefootballdata.com/logos/16/2220.png', 'https://cdn.collegefootballdata.com/logos-dark/16/2220.png']",,3813.0,"Luther ""Nick"" Jeralds Stadium",Fayetteville,NC,28304,US,,35.0525759,-78.878292,,5520.0,,,False
2221,FDU Florham,Devils,FDUF,"['FDUF', 'FDU Florham']",Mid Atlantic,,iii,#003f87,#a32638,"['https://cdn.collegefootballdata.com/logos/500/2221.png', 'https://cdn.collegefootballdata.com/logos-dark/500/2221.png', 'https://cdn.collegefootballdata.com/logos/256/2221.png', 'https://cdn.collegefootballdata.com/logos-dark/256/2221.png', 'https://cdn.collegefootballdata.com/logos/128/2221.png', 'https://cdn.collegefootballdata.com/logos-dark/128/2221.png', 'https://cdn.collegefootballdata.com/logos/96/2221.png', 'https://cdn.collegefootballdata.com/logos-dark/96/2221.png', 'https://cdn.collegefootballdata.com/logos/64/2221.png', 'https://cdn.collegefootballdata.com/logos-dark/64/2221.png', 'https://cdn.collegefootballdata.com/logos/48/2221.png', 'https://cdn.collegefootballdata.com/logos-dark/48/2221.png', 'https://cdn.collegefootballdata.com/logos/32/2221.png', 'https://cdn.collegefootballdata.com/logos-dark/32/2221.png', 'https://cdn.collegefootballdata.com/logos/16/2221.png', 'https://cdn.collegefootballdata.com/logos-dark/16/2221.png']",,5842.0,Robert T. Shields Field,Madison,NJ,07940,US,,40.7598227,-74.417097,,1000.0,,,False
2222,Ferris State,Bulldogs,FRST,"['FRST', 'Ferris St']",GLIAC,,ii,#000000,#null,"['https://cdn.collegefootballdata.com/logos/500/2222.png', 'https://cdn.collegefootballdata.com/logos-dark/500/2222.png', 'https://cdn.collegefootballdata.com/logos/256/2222.png', 'https://cdn.collegefootballdata.com/logos-dark/256/2222.png', 'https://cdn.collegefootballdata.com/logos/128/2222.png', 'https://cdn.collegefootballdata.com/logos-dark/128/2222.png', 'https://cdn.collegefootballdata.com/logos/96/2222.png', 'https://cdn.collegefootballdata.com/logos-dark/96/2222.png', 'https://cdn.collegefootballdata.com/logos/64/2222.png', 'https://cdn.collegefootballdata.com/logos-dark/64/2222.png', 'https://cdn.collegefootballdata.com/logos/48/2222.png', 'https://cdn.collegefootballdata.com/logos-dark/48/2222.png', 'https://cdn.collegefootballdata.com/logos/32/2222.png', 'https://cdn.collegefootballdata.com/logos-dark/32/2222.png', 'https://cdn.collegefootballdata.com/logos/16/2222.png', 'https://cdn.collegefootballdata.com/logos-dark/16/2222.png']",,3960.0,Top Taggart Field,Big Rapids,MI,49307,US,,43.698078,-85.483656,,6200.0,,,False
366,Ferrum,Panthers,FC,"['FC', 'Ferrum']",Carolinas,,ii,#000000,#c0a656,"['https://cdn.collegefootballdata.com/logos/500/366.png', 'https://cdn.collegefootballdata.com/logos-dark/500/366.png', 'https://cdn.collegefootballdata.com/logos/256/366.png', 'https://cdn.collegefootballdata.com/logos-dark/256/366.png', 'https://cdn.collegefootballdata.com/logos/128/366.png', 'https://cdn.collegefootballdata.com/logos-dark/128/366.png', 'https://cdn.collegefootballdata.com/logos/96/366.png', 'https://cdn.collegefootballdata.com/logos-dark/96/366.png', 'https://cdn.collegefootballdata.com/logos/64/366.png', 'https://cdn.collegefootballdata.com/logos-dark/64/366.png', 'https://cdn.collegefootballdata.com/logos/48/366.png', 'https://cdn.collegefootballdata.com/logos-dark/48/366.png', 'https://cdn.collegefootballdata.com/logos/32/366.png', 'https://cdn.collegefootballdata.com/logos-dark/32/366.png', 'https://cdn.collegefootballdata.com/logos/16/366.png', 'https://cdn.collegefootballdata.com/logos-dark/16/366.png']",,5843.0,W.B. Adams Stadium,Ferrum,VA,24088,US,,36.937856999999994,-80.01424992208018,,5500.0,,,False
1001061,Ferrum College,,,[],,,,#null,#null,,,,,,,,,,,,,,,,
2224,Findlay,Oilers,UF,"['UF', 'Findlay']",Great Midwest Athletic,,ii,#000000,#null,"['https://cdn.collegefootballdata.com/logos/500/2224.png', 'https://cdn.collegefootballdata.com/logos-dark/500/2224.png', 'https://cdn.collegefootballdata.com/logos/256/2224.png', 'https://cdn.collegefootballdata.com/logos-dark/256/2224.png', 'https://cdn.collegefootballdata.com/logos/128/2224.png', 'https://cdn.collegefootballdata.com/logos-dark/128/2224.png', 'https://cdn.collegefootballdata.com/logos/96/2224.png', 'https://cdn.collegefootballdata.com/logos-dark/96/2224.png', 'https://cdn.collegefootballdata.com/logos/64/2224.png', 'https://cdn.collegefootballdata.com/logos-dark/64/2224.png', 'https://cdn.collegefootballdata.com/logos/48/2224.png', 'https://cdn.collegefootballdata.com/logos-dark/48/2224.png', 'https://cdn.collegefootballdata.com/logos/32/2224.png', 'https://cdn.collegefootballdata.com/logos-dark/32/2224.png', 'https://cdn.collegefootballdata.com/logos/16/2224.png', 'https://cdn.collegefootballdata.com/logos-dark/16/2224.png']",,3698.0,Donnell Stadium,Findlay,OH,45840,US,,41.0413873,-83.6503982,,7500.0,,,False
114,Fitchburg State,Falcons,FBSU,"['FBSU', 'Fitchburg St']",MSCAC,,iii,#024d36,#fbbf16,"['https://cdn.collegefootballdata.com/logos/500/114.png', 'https://cdn.collegefootballdata.com/logos-dark/500/114.png', 'https://cdn.collegefootballdata.com/logos/256/114.png', 'https://cdn.collegefootballdata.com/logos-dark/256/114.png', 'https://cdn.collegefootballdata.com/logos/128/114.png', 'https://cdn.collegefootballdata.com/logos-dark/128/114.png', 'https://cdn.collegefootballdata.com/logos/96/114.png', 'https://cdn.collegefootballdata.com/logos-dark/96/114.png', 'https://cdn.collegefootballdata.com/logos/64/114.png', 'https://cdn.collegefootballdata.com/logos-dark/64/114.png', 'https://cdn.collegefootballdata.com/logos/48/114.png', 'https://cdn.collegefootballdata.com/logos-dark/48/114.png', 'https://cdn.collegefootballdata.com/logos/32/114.png', 'https://cdn.collegefootballdata.com/logos-dark/32/114.png', 'https://cdn.collegefootballdata.com/logos/16/114.png', 'https://cdn.collegefootballdata.com/logos-dark/16/114.png']",,5845.0,Elliot Field Athletic Complex,Fitchburg,MA,01420,US,,42.5903661,-71.8119837,,1200.0,,,False
57,Florida,Gators,FLA,"['FLA', 'Florida']",SEC,,fbs,#0021a5,#fa4616,"['https://cdn.collegefootballdata.com/logos/500/57.png', 'https://cdn.collegefootballdata.com/logos-dark/500/57.png', 'https://cdn.collegefootballdata.com/logos/256/57.png', 'https://cdn.collegefootballdata.com/logos-dark/256/57.png', 'https://cdn.collegefootballdata.com/logos/128/57.png', 'https://cdn.collegefootballdata.com/logos-dark/128/57.png', 'https://cdn.collegefootballdata.com/logos/96/57.png', 'https://cdn.collegefootballdata.com/logos-dark/96/57.png', 'https://cdn.collegefootballdata.com/logos/64/57.png', 'https://cdn.collegefootballdata.com/logos-dark/64/57.png', 'https://cdn.collegefootballdata.com/logos/48/57.png', 'https://cdn.collegefootballdata.com/logos-dark/48/57.png', 'https://cdn.collegefootballdata.com/logos/32/57.png', 'https://cdn.collegefootballdata.com/logos-dark/32/57.png', 'https://cdn.collegefootballdata.com/logos/16/57.png', 'https://cdn.collegefootballdata.com/logos-dark/16/57.png']",@GatorsFB,3634.0,Ben Hill Griffin Stadium,Gainesville,FL,32653,US,America/New_York,29.6499357,-82.3485788,44.97250748,88548.0,1930.0,True,False
50,Florida A&M,Rattlers,FAMU,"['FAMU', 'Florida A&M']",SWAC,East,fcs,#F89728,#00843d,"['https://cdn.collegefootballdata.com/logos/500/50.png', 'https://cdn.collegefootballdata.com/logos-dark/500/50.png', 'https://cdn.collegefootballdata.com/logos/256/50.png', 'https://cdn.collegefootballdata.com/logos-dark/256/50.png', 'https://cdn.collegefootballdata.com/logos/128/50.png', 'https://cdn.collegefootballdata.com/logos-dark/128/50.png', 'https://cdn.collegefootballdata.com/logos/96/50.png', 'https://cdn.collegefootballdata.com/logos-dark/96/50.png', 'https://cdn.collegefootballdata.com/logos/64/50.png', 'https://cdn.collegefootballdata.com/logos-dark/64/50.png', 'https://cdn.collegefootballdata.com/logos/48/50.png', 'https://cdn.collegefootballdata.com/logos-dark/48/50.png', 'https://cdn.collegefootballdata.com/logos/32/50.png', 'https://cdn.collegefootballdata.com/logos-dark/32/50.png', 'https://cdn.collegefootballdata.com/logos/16/50.png', 'https://cdn.collegefootballdata.com/logos-dark/16/50.png']",@FAMUAthletics,3650.0,Bragg Memorial Stadium,Tallahassee,FL,32307,US,America/New_York,30.4261632,-84.2923095,31.18483925,25500.0,1957.0,False,False
2226,Florida Atlantic,Owls,FAU,"['FAU', 'FAU']",American Athletic,,fbs,#003366,#cc0000,"['https://cdn.collegefootballdata.com/logos/500/2226.png', 'https://cdn.collegefootballdata.com/logos-dark/500/2226.png', 'https://cdn.collegefootballdata.com/logos/256/2226.png', 'https://cdn.collegefootballdata.com/logos-dark/256/2226.png', 'https://cdn.collegefootballdata.com/logos/128/2226.png', 'https://cdn.collegefootballdata.com/logos-dark/128/2226.png', 'https://cdn.collegefootballdata.com/logos/96/2226.png', 'https://cdn.collegefootballdata.com/logos-dark/96/2226.png', 'https://cdn.collegefootballdata.com/logos/64/2226.png', 'https://cdn.collegefootballdata.com/logos-dark/64/2226.png', 'https://cdn.collegefootballdata.com/logos/48/2226.png', 'https://cdn.collegefootballdata.com/logos-dark/48/2226.png', 'https://cdn.collegefootballdata.com/logos/32/2226.png', 'https://cdn.collegefootballdata.com/logos-dark/32/2226.png', 'https://cdn.collegefootballdata.com/logos/16/2226.png', 'https://cdn.collegefootballdata.com/logos-dark/16/2226.png']",@FAUFootball,3715.0,FAU Stadium,Boca Raton,FL,33499,US,America/New_York,26.3763763,-80.1015759,3.613628864,29419.0,2011.0,False,False
2229,Florida International,Panthers,FIU,"['Florida Intl', 'FIU', 'FIU']",Conference USA,,fbs,#091f3f,#c3993f,"['https://cdn.collegefootballdata.com/logos/500/2229.png', 'https://cdn.collegefootballdata.com/logos-dark/500/2229.png', 'https://cdn.collegefootballdata.com/logos/256/2229.png', 'https://cdn.collegefootballdata.com/logos-dark/256/2229.png', 'https://cdn.collegefootballdata.com/logos/128/2229.png', 'https://cdn.collegefootballdata.com/logos-dark/128/2229.png', 'https://cdn.collegefootballdata.com/logos/96/2229.png', 'https://cdn.collegefootballdata.com/logos-dark/96/2229.png', 'https://cdn.collegefootballdata.com/logos/64/2229.png', 'https://cdn.collegefootballdata.com/logos-dark/64/2229.png', 'https://cdn.collegefootballdata.com/logos/48/2229.png', 'https://cdn.collegefootballdata.com/logos-dark/48/2229.png', 'https://cdn.collegefootballdata.com/logos/32/2229.png', 'https://cdn.collegefootballdata.com/logos-dark/32/2229.png', 'https://cdn.collegefootballdata.com/logos/16/2229.png', 'https://cdn.collegefootballdata.com/logos-dark/16/2229.png']",@FIUFootball,2031.0,Pitbull Stadium,Miami,FL,33199,US,America/New_York,25.7525,-80.37778,6,20000.0,1995.0,False,False
125762,Florida Memorial University,Lions,FLAMEMRL,"['FLAMEMRL', 'Florida Memori']",,,,#null,#null,,,,,,,,,,,,,,,,
52,Florida State,Seminoles,FSU,"['FSU', 'Florida St']",ACC,,fbs,#782f40,#ceb888,"['https://cdn.collegefootballdata.com/logos/500/52.png', 'https://cdn.collegefootballdata.com/logos-dark/500/52.png', 'https://cdn.collegefootballdata.com/logos/256/52.png', 'https://cdn.collegefootballdata.com/logos-dark/256/52.png', 'https://cdn.collegefootballdata.com/logos/128/52.png', 'https://cdn.collegefootballdata.com/logos-dark/128/52.png', 'https://cdn.collegefootballdata.com/logos/96/52.png', 'https://cdn.collegefootballdata.com/logos-dark/96/52.png', 'https://cdn.collegefootballdata.com/logos/64/52.png', 'https://cdn.collegefootballdata.com/logos-dark/64/52.png', 'https://cdn.collegefootballdata.com/logos/48/52.png', 'https://cdn.collegefootballdata.com/logos-dark/48/52.png', 'https://cdn.collegefootballdata.com/logos/32/52.png', 'https://cdn.collegefootballdata.com/logos-dark/32/52.png', 'https://cdn.collegefootballdata.com/logos/16/52.png', 'https://cdn.collegefootballdata.com/logos-dark/16/52.png']",@FSUFootball,3697.0,Doak Campbell Stadium,Tallahassee,FL,32306,US,America/New_York,30.4381692,-84.3044032,19.55942535,67277.0,1950.0,True,False
53,Florida Tech,Panthers,FLTH,"['FLTH', 'Florida Tech']",,,,#000000,#null,[],,,,,,,,,,,,,,,
2230,Fordham,Rams,FOR,"['FOR', 'Fordham']",Patriot,,fcs,#830032,#909090,"['https://cdn.collegefootballdata.com/logos/500/2230.png', 'https://cdn.collegefootballdata.com/logos-dark/500/2230.png', 'https://cdn.collegefootballdata.com/logos/256/2230.png', 'https://cdn.collegefootballdata.com/logos-dark/256/2230.png', 'https://cdn.collegefootballdata.com/logos/128/2230.png', 'https://cdn.collegefootballdata.com/logos-dark/128/2230.png', 'https://cdn.collegefootballdata.com/logos/96/2230.png', 'https://cdn.collegefootballdata.com/logos-dark/96/2230.png', 'https://cdn.collegefootballdata.com/logos/64/2230.png', 'https://cdn.collegefootballdata.com/logos-dark/64/2230.png', 'https://cdn.collegefootballdata.com/logos/48/2230.png', 'https://cdn.collegefootballdata.com/logos-dark/48/2230.png', 'https://cdn.collegefootballdata.com/logos/32/2230.png', 'https://cdn.collegefootballdata.com/logos-dark/32/2230.png', 'https://cdn.collegefootballdata.com/logos/16/2230.png', 'https://cdn.collegefootballdata.com/logos-dark/16/2230.png']",@FordhamFootball,150.0,Jack Coffey Field,Bronx,NY,10458,US,America/New_York,40.8466508,-73.8785937,22,7000.0,,False,False
109423,Fork Union,Blue Devils,FORK,"['FORK', 'Fork Union']",,,,#null,#null,,,,,,,,,,,,,,,,
2231,Fort Hays,Tigers,FHSU,"['FHSU', 'Fort Hays']",Mid America,,ii,#000000,#null,"['https://cdn.collegefootballdata.com/logos/500/2231.png', 'https://cdn.collegefootballdata.com/logos-dark/500/2231.png', 'https://cdn.collegefootballdata.com/logos/256/2231.png', 'https://cdn.collegefootballdata.com/logos-dark/256/2231.png', 'https://cdn.collegefootballdata.com/logos/128/2231.png', 'https://cdn.collegefootballdata.com/logos-dark/128/2231.png', 'https://cdn.collegefootballdata.com/logos/96/2231.png', 'https://cdn.collegefootballdata.com/logos-dark/96/2231.png', 'https://cdn.collegefootballdata.com/logos/64/2231.png', 'https://cdn.collegefootballdata.com/logos-dark/64/2231.png', 'https://cdn.collegefootballdata.com/logos/48/2231.png', 'https://cdn.collegefootballdata.com/logos-dark/48/2231.png', 'https://cdn.collegefootballdata.com/logos/32/2231.png', 'https://cdn.collegefootballdata.com/logos-dark/32/2231.png', 'https://cdn.collegefootballdata.com/logos/16/2231.png', 'https://cdn.collegefootballdata.com/logos-dark/16/2231.png']",,5890.0,Lewis Field Stadium,Hays,KS,67601,US,,38.8791783,-99.3267702,,6362.0,,,False
2237,Fort Lewis,Skyhawks,FLWC,"['FLWC', 'Fort Lewis']",Rocky Mountain,,ii,#000000,#null,"['https://cdn.collegefootballdata.com/logos/500/2237.png', 'https://cdn.collegefootballdata.com/logos-dark/500/2237.png', 'https://cdn.collegefootballdata.com/logos/256/2237.png', 'https://cdn.collegefootballdata.com/logos-dark/256/2237.png', 'https://cdn.collegefootballdata.com/logos/128/2237.png', 'https://cdn.collegefootballdata.com/logos-dark/128/2237.png', 'https://cdn.collegefootballdata.com/logos/96/2237.png', 'https://cdn.collegefootballdata.com/logos-dark/96/2237.png', 'https://cdn.collegefootballdata.com/logos/64/2237.png', 'https://cdn.collegefootballdata.com/logos-dark/64/2237.png', 'https://cdn.collegefootballdata.com/logos/48/2237.png', 'https://cdn.collegefootballdata.com/logos-dark/48/2237.png', 'https://cdn.collegefootballdata.com/logos/32/2237.png', 'https://cdn.collegefootballdata.com/logos-dark/32/2237.png', 'https://cdn.collegefootballdata.com/logos/16/2237.png', 'https://cdn.collegefootballdata.com/logos-dark/16/2237.png']",,5944.0,Ray Dennison Memorial Field,Durango,CO,81302,US,,37.2395367,-107.82158179169292,,4000.0,,,False
2232,Fort Valley State,Wildcats,FVSU,"['FVSU', 'Fort Valley St']",SIAC,,ii,#f9bd0a,#2a307f,"['https://cdn.collegefootballdata.com/logos/500/2232.png', 'https://cdn.collegefootballdata.com/logos-dark/500/2232.png', 'https://cdn.collegefootballdata.com/logos/256/2232.png', 'https://cdn.collegefootballdata.com/logos-dark/256/2232.png', 'https://cdn.collegefootballdata.com/logos/128/2232.png', 'https://cdn.collegefootballdata.com/logos-dark/128/2232.png', 'https://cdn.collegefootballdata.com/logos/96/2232.png', 'https://cdn.collegefootballdata.com/logos-dark/96/2232.png', 'https://cdn.collegefootballdata.com/logos/64/2232.png', 'https://cdn.collegefootballdata.com/logos-dark/64/2232.png', 'https://cdn.collegefootballdata.com/logos/48/2232.png', 'https://cdn.collegefootballdata.com/logos-dark/48/2232.png', 'https://cdn.collegefootballdata.com/logos/32/2232.png', 'https://cdn.collegefootballdata.com/logos-dark/32/2232.png', 'https://cdn.collegefootballdata.com/logos/16/2232.png', 'https://cdn.collegefootballdata.com/logos-dark/16/2232.png']",,5945.0,Wildcat Stadium (GA),Fort Valley,GA,,US,,32.5537585,-83.8874084,,10000.0,,,False
2967,Framingham State,Rams,FRSU,"['FRSU', 'Framingham St']",MSCAC,,iii,#000000,#null,"['https://cdn.collegefootballdata.com/logos/500/2967.png', 'https://cdn.collegefootballdata.com/logos-dark/500/2967.png', 'https://cdn.collegefootballdata.com/logos/256/2967.png', 'https://cdn.collegefootballdata.com/logos-dark/256/2967.png', 'https://cdn.collegefootballdata.com/logos/128/2967.png', 'https://cdn.collegefootballdata.com/logos-dark/128/2967.png', 'https://cdn.collegefootballdata.com/logos/96/2967.png', 'https://cdn.collegefootballdata.com/logos-dark/96/2967.png', 'https://cdn.collegefootballdata.com/logos/64/2967.png', 'https://cdn.collegefootballdata.com/logos-dark/64/2967.png', 'https://cdn.collegefootballdata.com/logos/48/2967.png', 'https://cdn.collegefootballdata.com/logos-dark/48/2967.png', 'https://cdn.collegefootballdata.com/logos/32/2967.png', 'https://cdn.collegefootballdata.com/logos-dark/32/2967.png', 'https://cdn.collegefootballdata.com/logos/16/2967.png', 'https://cdn.collegefootballdata.com/logos-dark/16/2967.png']",,3819.0,Bowditch Field,Framingham,MA,01702,US,,42.3095704,-71.4413097,,5300.0,,,False
2233,Franklin,Grizzlies,FRKL,"['FRKL', 'Franklin']",Heartland,,iii,#1b295b,#fdd106,"['https://cdn.collegefootballdata.com/logos/500/2233.png', 'https://cdn.collegefootballdata.com/logos-dark/500/2233.png', 'https://cdn.collegefootballdata.com/logos/256/2233.png', 'https://cdn.collegefootballdata.com/logos-dark/256/2233.png', 'https://cdn.collegefootballdata.com/logos/128/2233.png', 'https://cdn.collegefootballdata.com/logos-dark/128/2233.png', 'https://cdn.collegefootballdata.com/logos/96/2233.png', 'https://cdn.collegefootballdata.com/logos-dark/96/2233.png', 'https://cdn.collegefootballdata.com/logos/64/2233.png', 'https://cdn.collegefootballdata.com/logos-dark/64/2233.png', 'https://cdn.collegefootballdata.com/logos/48/2233.png', 'https://cdn.collegefootballdata.com/logos-dark/48/2233.png', 'https://cdn.collegefootballdata.com/logos/32/2233.png', 'https://cdn.collegefootballdata.com/logos-dark/32/2233.png', 'https://cdn.collegefootballdata.com/logos/16/2233.png', 'https://cdn.collegefootballdata.com/logos-dark/16/2233.png']",,3716.0,"Stewart """"Red"""" Faught Stadium",Franklin,IN,92620,US,,33.704156,-117.75109,222.7,4000.0,1999.0,,False
1001005,Franklin College,,,[],,,,#null,#null,,,,,,,,,,,,,,,,
2234,Franklin & Marshall,Diplomats,FMC,"['FMC', 'Franklin Marsh']",Centennial,,iii,#25377d,#6cb3e9,"['https://cdn.collegefootballdata.com/logos/500/2234.png', 'https://cdn.collegefootballdata.com/logos-dark/500/2234.png', 'https://cdn.collegefootballdata.com/logos/256/2234.png', 'https://cdn.collegefootballdata.com/logos-dark/256/2234.png', 'https://cdn.collegefootballdata.com/logos/128/2234.png', 'https://cdn.collegefootballdata.com/logos-dark/128/2234.png', 'https://cdn.collegefootballdata.com/logos/96/2234.png', 'https://cdn.collegefootballdata.com/logos-dark/96/2234.png', 'https://cdn.collegefootballdata.com/logos/64/2234.png', 'https://cdn.collegefootballdata.com/logos-dark/64/2234.png', 'https://cdn.collegefootballdata.com/logos/48/2234.png', 'https://cdn.collegefootballdata.com/logos-dark/48/2234.png', 'https://cdn.collegefootballdata.com/logos/32/2234.png', 'https://cdn.collegefootballdata.com/logos-dark/32/2234.png', 'https://cdn.collegefootballdata.com/logos/16/2234.png', 'https://cdn.collegefootballdata.com/logos-dark/16/2234.png']",,7077.0,Shadek Stadium,Lancaster,PA,17603,US,,40.03813,-76.3056686,,2500.0,,,False
112334,Franklin Pierce,Ravens,FP,"['FP', 'Frnklin Pierce']",Northeast 10,,ii,#null,#null,,,6211.0,Sodexo Field,Rindge,NH,03461,US,,42.7517669,-72.01012902437412,,2000.0,,,False
278,Fresno State,Bulldogs,FRES,"['FRES', 'Fresno St']",Pac-12,,fbs,#c41230,#13284c,"['https://cdn.collegefootballdata.com/logos/500/278.png', 'https://cdn.collegefootballdata.com/logos-dark/500/278.png', 'https://cdn.collegefootballdata.com/logos/256/278.png', 'https://cdn.collegefootballdata.com/logos-dark/256/278.png', 'https://cdn.collegefootballdata.com/logos/128/278.png', 'https://cdn.collegefootballdata.com/logos-dark/128/278.png', 'https://cdn.collegefootballdata.com/logos/96/278.png', 'https://cdn.collegefootballdata.com/logos-dark/96/278.png', 'https://cdn.collegefootballdata.com/logos/64/278.png', 'https://cdn.collegefootballdata.com/logos-dark/64/278.png', 'https://cdn.collegefootballdata.com/logos/48/278.png', 'https://cdn.collegefootballdata.com/logos-dark/48/278.png', 'https://cdn.collegefootballdata.com/logos/32/278.png', 'https://cdn.collegefootballdata.com/logos-dark/32/278.png', 'https://cdn.collegefootballdata.com/logos/16/278.png', 'https://cdn.collegefootballdata.com/logos-dark/16/278.png']",@FresnoStateFB,3660.0,Valley Children's Stadium,Fresno,CA,93740,US,America/Los_Angeles,36.8143527,-119.7580092,102.564064,41031.0,1980.0,False,False
527,Friends University,Friends,FRIE,"['FRIE', 'Friends']",,,,#null,#null,,,,,,,,,,,,,,,,
341,Frostburg State,Bobcats,FSTU,"['FSTU', 'Frostburg St']",Mountain East,,ii,#000000,#null,"['https://cdn.collegefootballdata.com/logos/500/341.png', 'https://cdn.collegefootballdata.com/logos-dark/500/341.png', 'https://cdn.collegefootballdata.com/logos/256/341.png', 'https://cdn.collegefootballdata.com/logos-dark/256/341.png', 'https://cdn.collegefootballdata.com/logos/128/341.png', 'https://cdn.collegefootballdata.com/logos-dark/128/341.png', 'https://cdn.collegefootballdata.com/logos/96/341.png', 'https://cdn.collegefootballdata.com/logos-dark/96/341.png', 'https://cdn.collegefootballdata.com/logos/64/341.png', 'https://cdn.collegefootballdata.com/logos-dark/64/341.png', 'https://cdn.collegefootballdata.com/logos/48/341.png', 'https://cdn.collegefootballdata.com/logos-dark/48/341.png', 'https://cdn.collegefootballdata.com/logos/32/341.png', 'https://cdn.collegefootballdata.com/logos-dark/32/341.png', 'https://cdn.collegefootballdata.com/logos/16/341.png', 'https://cdn.collegefootballdata.com/logos-dark/16/341.png']",,3642.0,Bobcat Stadium (MD),Frostburg,MD,21532,US,,39.6581425,-78.928357,,4000.0,,,False
231,Furman,Paladins,FUR,"['FUR', 'Furman']",Southern,,fcs,#582c83,#ffffff,"['https://cdn.collegefootballdata.com/logos/500/231.png', 'https://cdn.collegefootballdata.com/logos-dark/500/231.png', 'https://cdn.collegefootballdata.com/logos/256/231.png', 'https://cdn.collegefootballdata.com/logos-dark/256/231.png', 'https://cdn.collegefootballdata.com/logos/128/231.png', 'https://cdn.collegefootballdata.com/logos-dark/128/231.png', 'https://cdn.collegefootballdata.com/logos/96/231.png', 'https://cdn.collegefootballdata.com/logos-dark/96/231.png', 'https://cdn.collegefootballdata.com/logos/64/231.png', 'https://cdn.collegefootballdata.com/logos-dark/64/231.png', 'https://cdn.collegefootballdata.com/logos/48/231.png', 'https://cdn.collegefootballdata.com/logos-dark/48/231.png', 'https://cdn.collegefootballdata.com/logos/32/231.png', 'https://cdn.collegefootballdata.com/logos-dark/32/231.png', 'https://cdn.collegefootballdata.com/logos/16/231.png', 'https://cdn.collegefootballdata.com/logos-dark/16/231.png']",@PaladinFootball,3868.0,Paladin Stadium,Greenville,SC,29617,US,America/New_York,34.920192,-82.4370917,303.2829285,16000.0,1981.0,False,False
417,Gallaudet,Bison,GLDT,"['GLDT', 'Gallaudet']",Southern Collegiate Athletic,,iii,#000000,#null,"['https://cdn.collegefootballdata.com/logos/500/417.png', 'https://cdn.collegefootballdata.com/logos-dark/500/417.png', 'https://cdn.collegefootballdata.com/logos/256/417.png', 'https://cdn.collegefootballdata.com/logos-dark/256/417.png', 'https://cdn.collegefootballdata.com/logos/128/417.png', 'https://cdn.collegefootballdata.com/logos-dark/128/417.png', 'https://cdn.collegefootballdata.com/logos/96/417.png', 'https://cdn.collegefootballdata.com/logos-dark/96/417.png', 'https://cdn.collegefootballdata.com/logos/64/417.png', 'https://cdn.collegefootballdata.com/logos-dark/64/417.png', 'https://cdn.collegefootballdata.com/logos/48/417.png', 'https://cdn.collegefootballdata.com/logos-dark/48/417.png', 'https://cdn.collegefootballdata.com/logos/32/417.png', 'https://cdn.collegefootballdata.com/logos-dark/32/417.png', 'https://cdn.collegefootballdata.com/logos/16/417.png', 'https://cdn.collegefootballdata.com/logos-dark/16/417.png']",,5848.0,Hotchkiss Field,Washington,DC,20549,US,,38.8950368,-77.0365427,,1500.0,,,False
367,Gannon,Golden Knights,GANN,"['GANN', 'Gannon']",Pennsylvania State Athletic,Western,ii,#000000,#null,"['https://cdn.collegefootballdata.com/logos/500/367.png', 'https://cdn.collegefootballdata.com/logos-dark/500/367.png', 'https://cdn.collegefootballdata.com/logos/256/367.png', 'https://cdn.collegefootballdata.com/logos-dark/256/367.png', 'https://cdn.collegefootballdata.com/logos/128/367.png', 'https://cdn.collegefootballdata.com/logos-dark/128/367.png', 'https://cdn.collegefootballdata.com/logos/96/367.png', 'https://cdn.collegefootballdata.com/logos-dark/96/367.png', 'https://cdn.collegefootballdata.com/logos/64/367.png', 'https://cdn.collegefootballdata.com/logos-dark/64/367.png', 'https://cdn.collegefootballdata.com/logos/48/367.png', 'https://cdn.collegefootballdata.com/logos-dark/48/367.png', 'https://cdn.collegefootballdata.com/logos/32/367.png', 'https://cdn.collegefootballdata.com/logos-dark/32/367.png', 'https://cdn.collegefootballdata.com/logos/16/367.png', 'https://cdn.collegefootballdata.com/logos-dark/16/367.png']",,4441.0,McConnell Family Stadium,Erie,PA,16530,US,,42.1294712,-80.0852695,,2500.0,,,False
1000957,Garden City C.C. ,,,[],,,,#null,#null,,,,,,,,,,,,,,,,
2241,Gardner-Webb,Runnin' Bulldogs,GWEB,"['Gardner Webb', 'GWEB', 'Gardner-Webb']",OVC,,fcs,#c12535,#909090,"['https://cdn.collegefootballdata.com/logos/500/2241.png', 'https://cdn.collegefootballdata.com/logos-dark/500/2241.png', 'https://cdn.collegefootballdata.com/logos/256/2241.png', 'https://cdn.collegefootballdata.com/logos-dark/256/2241.png', 'https://cdn.collegefootballdata.com/logos/128/2241.png', 'https://cdn.collegefootballdata.com/logos-dark/128/2241.png', 'https://cdn.collegefootballdata.com/logos/96/2241.png', 'https://cdn.collegefootballdata.com/logos-dark/96/2241.png', 'https://cdn.collegefootballdata.com/logos/64/2241.png', 'https://cdn.collegefootballdata.com/logos-dark/64/2241.png', 'https://cdn.collegefootballdata.com/logos/48/2241.png', 'https://cdn.collegefootballdata.com/logos-dark/48/2241.png', 'https://cdn.collegefootballdata.com/logos/32/2241.png', 'https://cdn.collegefootballdata.com/logos-dark/32/2241.png', 'https://cdn.collegefootballdata.com/logos/16/2241.png', 'https://cdn.collegefootballdata.com/logos-dark/16/2241.png']",@GWUFootball,3710.0,Ernest W. Spangler Stadium,Boiling Springs,NC,28152,US,America/New_York,35.2457593,-81.6739887,253.207016,9000.0,1969.0,False,False
2242,Geneva,Golden Tornadoes,GEN,"['GEN', 'Geneva']",Presidents',,iii,#000000,#null,"['https://cdn.collegefootballdata.com/logos/500/2242.png', 'https://cdn.collegefootballdata.com/logos-dark/500/2242.png', 'https://cdn.collegefootballdata.com/logos/256/2242.png', 'https://cdn.collegefootballdata.com/logos-dark/256/2242.png', 'https://cdn.collegefootballdata.com/logos/128/2242.png', 'https://cdn.collegefootballdata.com/logos-dark/128/2242.png', 'https://cdn.collegefootballdata.com/logos/96/2242.png', 'https://cdn.collegefootballdata.com/logos-dark/96/2242.png', 'https://cdn.collegefootballdata.com/logos/64/2242.png', 'https://cdn.collegefootballdata.com/logos-dark/64/2242.png', 'https://cdn.collegefootballdata.com/logos/48/2242.png', 'https://cdn.collegefootballdata.com/logos-dark/48/2242.png', 'https://cdn.collegefootballdata.com/logos/32/2242.png', 'https://cdn.collegefootballdata.com/logos-dark/32/2242.png', 'https://cdn.collegefootballdata.com/logos/16/2242.png', 'https://cdn.collegefootballdata.com/logos-dark/16/2242.png']",,5849.0,Reeves Field (PA),Beaver Falls,PA,15010,US,,40.7520097,-80.3192295,,6000.0,,,False
415,George Fox,Bruins,GFU,"['GFU', 'George Fox']",Northwest,,iii,#002d62,#c2a303,"['https://cdn.collegefootballdata.com/logos/500/415.png', 'https://cdn.collegefootballdata.com/logos-dark/500/415.png', 'https://cdn.collegefootballdata.com/logos/256/415.png', 'https://cdn.collegefootballdata.com/logos-dark/256/415.png', 'https://cdn.collegefootballdata.com/logos/128/415.png', 'https://cdn.collegefootballdata.com/logos-dark/128/415.png', 'https://cdn.collegefootballdata.com/logos/96/415.png', 'https://cdn.collegefootballdata.com/logos-dark/96/415.png', 'https://cdn.collegefootballdata.com/logos/64/415.png', 'https://cdn.collegefootballdata.com/logos-dark/64/415.png', 'https://cdn.collegefootballdata.com/logos/48/415.png', 'https://cdn.collegefootballdata.com/logos-dark/48/415.png', 'https://cdn.collegefootballdata.com/logos/32/415.png', 'https://cdn.collegefootballdata.com/logos-dark/32/415.png', 'https://cdn.collegefootballdata.com/logos/16/415.png', 'https://cdn.collegefootballdata.com/logos-dark/16/415.png']",,5850.0,Stoffer Family Stadium,Newberg,OR,,US,,45.300347,-122.972751,,3300.0,,,False
2244,George Mason University,Patriots,GMU,"['GMU', 'George Mason']",,,,#016600,#ecb010,[],,,,,,,,,,,,,,,
46,Georgetown,Hoyas,GTWN,"['GTWN', 'Georgetown']",Patriot,,fcs,#110E42,#001c58,"['https://cdn.collegefootballdata.com/logos/500/46.png', 'https://cdn.collegefootballdata.com/logos-dark/500/46.png', 'https://cdn.collegefootballdata.com/logos/256/46.png', 'https://cdn.collegefootballdata.com/logos-dark/256/46.png', 'https://cdn.collegefootballdata.com/logos/128/46.png', 'https://cdn.collegefootballdata.com/logos-dark/128/46.png', 'https://cdn.collegefootballdata.com/logos/96/46.png', 'https://cdn.collegefootballdata.com/logos-dark/96/46.png', 'https://cdn.collegefootballdata.com/logos/64/46.png', 'https://cdn.collegefootballdata.com/logos-dark/64/46.png', 'https://cdn.collegefootballdata.com/logos/48/46.png', 'https://cdn.collegefootballdata.com/logos-dark/48/46.png', 'https://cdn.collegefootballdata.com/logos/32/46.png', 'https://cdn.collegefootballdata.com/logos-dark/32/46.png', 'https://cdn.collegefootballdata.com/logos/16/46.png', 'https://cdn.collegefootballdata.com/logos-dark/16/46.png']",@HoyasFB,3847.0,Cooper Field,Washington,DC,20007,US,America/New_York,38.9080248,-77.0753144,32.38431549,3750.0,2003.0,False,False
2245,Georgetown College Kentucky,Tigers,GTOWNCOLL,"['GTOWNCOLL', ""G'Town Col""]",,,,#null,#null,,,,,,,,,,,,,,,,
61,Georgia,Bulldogs,UGA,"['UGA', 'Georgia']",SEC,,fbs,#ba0c2f,#2c2a29,"['https://cdn.collegefootballdata.com/logos/500/61.png', 'https://cdn.collegefootballdata.com/logos-dark/500/61.png', 'https://cdn.collegefootballdata.com/logos/256/61.png', 'https://cdn.collegefootballdata.com/logos-dark/256/61.png', 'https://cdn.collegefootballdata.com/logos/128/61.png', 'https://cdn.collegefootballdata.com/logos-dark/128/61.png', 'https://cdn.collegefootballdata.com/logos/96/61.png', 'https://cdn.collegefootballdata.com/logos-dark/96/61.png', 'https://cdn.collegefootballdata.com/logos/64/61.png', 'https://cdn.collegefootballdata.com/logos-dark/64/61.png', 'https://cdn.collegefootballdata.com/logos/48/61.png', 'https://cdn.collegefootballdata.com/logos-dark/48/61.png', 'https://cdn.collegefootballdata.com/logos/32/61.png', 'https://cdn.collegefootballdata.com/logos-dark/32/61.png', 'https://cdn.collegefootballdata.com/logos/16/61.png', 'https://cdn.collegefootballdata.com/logos-dark/16/61.png']",@GeorgiaFootball,3917.0,Sanford Stadium,Athens,GA,30602,US,America/New_York,33.9498197,-83.3733813,186.1120758,92746.0,1929.0,True,False
1001053,Georgia Military,,,[],,,,#null,#null,,,,,,,,,,,,,,,,
1001045,Georgia Military College Prep,,,[],,,,#null,#null,,,,,,,,,,,,,,,,
290,Georgia Southern,Eagles,GASO,"['GASO', 'GA Southern']",Sun Belt,East,fbs,#041e42,#ffffff,"['https://cdn.collegefootballdata.com/logos/500/290.png', 'https://cdn.collegefootballdata.com/logos-dark/500/290.png', 'https://cdn.collegefootballdata.com/logos/256/290.png', 'https://cdn.collegefootballdata.com/logos-dark/256/290.png', 'https://cdn.collegefootballdata.com/logos/128/290.png', 'https://cdn.collegefootballdata.com/logos-dark/128/290.png', 'https://cdn.collegefootballdata.com/logos/96/290.png', 'https://cdn.collegefootballdata.com/logos-dark/96/290.png', 'https://cdn.collegefootballdata.com/logos/64/290.png', 'https://cdn.collegefootballdata.com/logos-dark/64/290.png', 'https://cdn.collegefootballdata.com/logos/48/290.png', 'https://cdn.collegefootballdata.com/logos-dark/48/290.png', 'https://cdn.collegefootballdata.com/logos/32/290.png', 'https://cdn.collegefootballdata.com/logos-dark/32/290.png', 'https://cdn.collegefootballdata.com/logos/16/290.png', 'https://cdn.collegefootballdata.com/logos-dark/16/290.png']",@GSAthletics_FB,3608.0,Allen E. Paulson Stadium,Statesboro,GA,30460,US,America/New_York,32.4122471,-81.7849296,61.25376892,25000.0,1984.0,False,False
2247,Georgia State,Panthers,GAST,"['GAST', 'Georgia St']",Sun Belt,East,fbs,#0039a6,#ffffff,"['https://cdn.collegefootballdata.com/logos/500/2247.png', 'https://cdn.collegefootballdata.com/logos-dark/500/2247.png', 'https://cdn.collegefootballdata.com/logos/256/2247.png', 'https://cdn.collegefootballdata.com/logos-dark/256/2247.png', 'https://cdn.collegefootballdata.com/logos/128/2247.png', 'https://cdn.collegefootballdata.com/logos-dark/128/2247.png', 'https://cdn.collegefootballdata.com/logos/96/2247.png', 'https://cdn.collegefootballdata.com/logos-dark/96/2247.png', 'https://cdn.collegefootballdata.com/logos/64/2247.png', 'https://cdn.collegefootballdata.com/logos-dark/64/2247.png', 'https://cdn.collegefootballdata.com/logos/48/2247.png', 'https://cdn.collegefootballdata.com/logos-dark/48/2247.png', 'https://cdn.collegefootballdata.com/logos/32/2247.png', 'https://cdn.collegefootballdata.com/logos-dark/32/2247.png', 'https://cdn.collegefootballdata.com/logos/16/2247.png', 'https://cdn.collegefootballdata.com/logos-dark/16/2247.png']",@GeorgiaStateFB,4246.0,Center Parc Stadium,Atlanta,GA,30315,US,America/New_York,33.735267,-84.389949,287,25000.0,2017.0,False,False
59,Georgia Tech,Yellow Jackets,GT,"['GT', 'Georgia Tech']",ACC,,fbs,#b3a369,#ffffff,"['https://cdn.collegefootballdata.com/logos/500/59.png', 'https://cdn.collegefootballdata.com/logos-dark/500/59.png', 'https://cdn.collegefootballdata.com/logos/256/59.png', 'https://cdn.collegefootballdata.com/logos-dark/256/59.png', 'https://cdn.collegefootballdata.com/logos/128/59.png', 'https://cdn.collegefootballdata.com/logos-dark/128/59.png', 'https://cdn.collegefootballdata.com/logos/96/59.png', 'https://cdn.collegefootballdata.com/logos-dark/96/59.png', 'https://cdn.collegefootballdata.com/logos/64/59.png', 'https://cdn.collegefootballdata.com/logos-dark/64/59.png', 'https://cdn.collegefootballdata.com/logos/48/59.png', 'https://cdn.collegefootballdata.com/logos-dark/48/59.png', 'https://cdn.collegefootballdata.com/logos/32/59.png', 'https://cdn.collegefootballdata.com/logos-dark/32/59.png', 'https://cdn.collegefootballdata.com/logos/16/59.png', 'https://cdn.collegefootballdata.com/logos-dark/16/59.png']",@GeorgiaTechFB,721.0,Bobby Dodd Stadium,Atlanta,GA,30332,US,America/New_York,33.7724449,-84.3928054,279.300415,55000.0,1913.0,False,False
2248,Gettysburg,Bullets,GTYB,"['GTYB', 'Gettysburg']",Centennial,,iii,#000000,#null,[],,5851.0,Shirk Field at Musselman Stadium,Gettysburg,PA,17325,US,,39.8308973,-77.231012,,6000.0,,,False
2249,Glenville State,Pioneers,GVLS,"['GVLS', 'Glenville St']",Mountain East,,ii,#000000,#null,"['https://cdn.collegefootballdata.com/logos/500/2249.png', 'https://cdn.collegefootballdata.com/logos-dark/500/2249.png', 'https://cdn.collegefootballdata.com/logos/256/2249.png', 'https://cdn.collegefootballdata.com/logos-dark/256/2249.png', 'https://cdn.collegefootballdata.com/logos/128/2249.png', 'https://cdn.collegefootballdata.com/logos-dark/128/2249.png', 'https://cdn.collegefootballdata.com/logos/96/2249.png', 'https://cdn.collegefootballdata.com/logos-dark/96/2249.png', 'https://cdn.collegefootballdata.com/logos/64/2249.png', 'https://cdn.collegefootballdata.com/logos-dark/64/2249.png', 'https://cdn.collegefootballdata.com/logos/48/2249.png', 'https://cdn.collegefootballdata.com/logos-dark/48/2249.png', 'https://cdn.collegefootballdata.com/logos/32/2249.png', 'https://cdn.collegefootballdata.com/logos-dark/32/2249.png', 'https://cdn.collegefootballdata.com/logos/16/2249.png', 'https://cdn.collegefootballdata.com/logos-dark/16/2249.png']",,5887.0,I.L. & Sue Morris Stadium,Glenville,WV,26351,US,,38.9342573,-80.8376033,,2800.0,,,False
1001027,Glenville State ,,,[],,,,#null,#null,,,,,,,,,,,,,,,,
530,Graceland University,Graceland,GRC,"['GRC', 'Graceland']",,,,#000000,#null,[],,,,,,,,,,,,,,,
2755,Grambling,Tigers,GRAM,"['Grambling State', 'GRAM', 'Grambling']",SWAC,West,fcs,#ee8601,#ffd10a,"['https://cdn.collegefootballdata.com/logos/500/2755.png', 'https://cdn.collegefootballdata.com/logos-dark/500/2755.png', 'https://cdn.collegefootballdata.com/logos/256/2755.png', 'https://cdn.collegefootballdata.com/logos-dark/256/2755.png', 'https://cdn.collegefootballdata.com/logos/128/2755.png', 'https://cdn.collegefootballdata.com/logos-dark/128/2755.png', 'https://cdn.collegefootballdata.com/logos/96/2755.png', 'https://cdn.collegefootballdata.com/logos-dark/96/2755.png', 'https://cdn.collegefootballdata.com/logos/64/2755.png', 'https://cdn.collegefootballdata.com/logos-dark/64/2755.png', 'https://cdn.collegefootballdata.com/logos/48/2755.png', 'https://cdn.collegefootballdata.com/logos-dark/48/2755.png', 'https://cdn.collegefootballdata.com/logos/32/2755.png', 'https://cdn.collegefootballdata.com/logos-dark/32/2755.png', 'https://cdn.collegefootballdata.com/logos/16/2755.png', 'https://cdn.collegefootballdata.com/logos-dark/16/2755.png']",@GSU_Tigers,3902.0,Eddie Robinson Stadium,Grambling,LA,71245,US,America/Chicago,32.5258665,-92.7146412,94.58428955,19600.0,1983.0,False,False
125,Grand Valley State,Lakers,GVSU,"['GVSU', 'Grand Val St']",GLIAC,,ii,#000000,#null,"['https://cdn.collegefootballdata.com/logos/500/125.png', 'https://cdn.collegefootballdata.com/logos-dark/500/125.png', 'https://cdn.collegefootballdata.com/logos/256/125.png', 'https://cdn.collegefootballdata.com/logos-dark/256/125.png', 'https://cdn.collegefootballdata.com/logos/128/125.png', 'https://cdn.collegefootballdata.com/logos-dark/128/125.png', 'https://cdn.collegefootballdata.com/logos/96/125.png', 'https://cdn.collegefootballdata.com/logos-dark/96/125.png', 'https://cdn.collegefootballdata.com/logos/64/125.png', 'https://cdn.collegefootballdata.com/logos-dark/64/125.png', 'https://cdn.collegefootballdata.com/logos/48/125.png', 'https://cdn.collegefootballdata.com/logos-dark/48/125.png', 'https://cdn.collegefootballdata.com/logos/32/125.png', 'https://cdn.collegefootballdata.com/logos-dark/32/125.png', 'https://cdn.collegefootballdata.com/logos/16/125.png', 'https://cdn.collegefootballdata.com/logos-dark/16/125.png']",,3811.0,Lubbers Stadium,Allendale,MI,49401,US,America/Detroit,42.968996,-85.894735,205.8,10444.0,1973.0,False,False
2256,Greensboro,Pride,GRNB,"['GRNB', 'Greensboro']",USA South,,iii,#000000,#null,"['https://cdn.collegefootballdata.com/logos/500/2256.png', 'https://cdn.collegefootballdata.com/logos-dark/500/2256.png', 'https://cdn.collegefootballdata.com/logos/256/2256.png', 'https://cdn.collegefootballdata.com/logos-dark/256/2256.png', 'https://cdn.collegefootballdata.com/logos/128/2256.png', 'https://cdn.collegefootballdata.com/logos-dark/128/2256.png', 'https://cdn.collegefootballdata.com/logos/96/2256.png', 'https://cdn.collegefootballdata.com/logos-dark/96/2256.png', 'https://cdn.collegefootballdata.com/logos/64/2256.png', 'https://cdn.collegefootballdata.com/logos-dark/64/2256.png', 'https://cdn.collegefootballdata.com/logos/48/2256.png', 'https://cdn.collegefootballdata.com/logos-dark/48/2256.png', 'https://cdn.collegefootballdata.com/logos/32/2256.png', 'https://cdn.collegefootballdata.com/logos-dark/32/2256.png', 'https://cdn.collegefootballdata.com/logos/16/2256.png', 'https://cdn.collegefootballdata.com/logos-dark/16/2256.png']",,5852.0,Jamieson Stadium,Greensboro,NC,27401,US,,36.0726355,-79.7919754,,10000.0,,,False
2257,Greenville,Panthers,GRNV,"['GRNV', 'Greenville']",Upper Midwest,,iii,#f36917,#000000,"['https://cdn.collegefootballdata.com/logos/500/2257.png', 'https://cdn.collegefootballdata.com/logos-dark/500/2257.png', 'https://cdn.collegefootballdata.com/logos/256/2257.png', 'https://cdn.collegefootballdata.com/logos-dark/256/2257.png', 'https://cdn.collegefootballdata.com/logos/128/2257.png', 'https://cdn.collegefootballdata.com/logos-dark/128/2257.png', 'https://cdn.collegefootballdata.com/logos/96/2257.png', 'https://cdn.collegefootballdata.com/logos-dark/96/2257.png', 'https://cdn.collegefootballdata.com/logos/64/2257.png', 'https://cdn.collegefootballdata.com/logos-dark/64/2257.png', 'https://cdn.collegefootballdata.com/logos/48/2257.png', 'https://cdn.collegefootballdata.com/logos-dark/48/2257.png', 'https://cdn.collegefootballdata.com/logos/32/2257.png', 'https://cdn.collegefootballdata.com/logos-dark/32/2257.png', 'https://cdn.collegefootballdata.com/logos/16/2257.png', 'https://cdn.collegefootballdata.com/logos-dark/16/2257.png']",,5853.0,Francis Field (IL),Greenville,IL,62246,US,,38.8922687,-89.4131356,,2000.0,,,False
65,Grinnell,Pioneers,GRNL,"['GRNL', 'Grinnell']",Midwest,,iii,#000000,#null,"['https://cdn.collegefootballdata.com/logos/500/65.png', 'https://cdn.collegefootballdata.com/logos-dark/500/65.png', 'https://cdn.collegefootballdata.com/logos/256/65.png', 'https://cdn.collegefootballdata.com/logos-dark/256/65.png', 'https://cdn.collegefootballdata.com/logos/128/65.png', 'https://cdn.collegefootballdata.com/logos-dark/128/65.png', 'https://cdn.collegefootballdata.com/logos/96/65.png', 'https://cdn.collegefootballdata.com/logos-dark/96/65.png', 'https://cdn.collegefootballdata.com/logos/64/65.png', 'https://cdn.collegefootballdata.com/logos-dark/64/65.png', 'https://cdn.collegefootballdata.com/logos/48/65.png', 'https://cdn.collegefootballdata.com/logos-dark/48/65.png', 'https://cdn.collegefootballdata.com/logos/32/65.png', 'https://cdn.collegefootballdata.com/logos-dark/32/65.png', 'https://cdn.collegefootballdata.com/logos/16/65.png', 'https://cdn.collegefootballdata.com/logos-dark/16/65.png']",,5861.0,Rosenbloom Field,Grinnell,IA,50112,US,,41.7430237,-92.7239637,,1500.0,,,False
146,Grove City,Wolverines,GRO,"['GRO', 'Grove City']",Presidents',,iii,#000000,#null,"['https://cdn.collegefootballdata.com/logos/500/146.png', 'https://cdn.collegefootballdata.com/logos-dark/500/146.png', 'https://cdn.collegefootballdata.com/logos/256/146.png', 'https://cdn.collegefootballdata.com/logos-dark/256/146.png', 'https://cdn.collegefootballdata.com/logos/128/146.png', 'https://cdn.collegefootballdata.com/logos-dark/128/146.png', 'https://cdn.collegefootballdata.com/logos/96/146.png', 'https://cdn.collegefootballdata.com/logos-dark/96/146.png', 'https://cdn.collegefootballdata.com/logos/64/146.png', 'https://cdn.collegefootballdata.com/logos-dark/64/146.png', 'https://cdn.collegefootballdata.com/logos/48/146.png', 'https://cdn.collegefootballdata.com/logos-dark/48/146.png', 'https://cdn.collegefootballdata.com/logos/32/146.png', 'https://cdn.collegefootballdata.com/logos-dark/32/146.png', 'https://cdn.collegefootballdata.com/logos/16/146.png', 'https://cdn.collegefootballdata.com/logos-dark/16/146.png']",,5864.0,Robert E. Thorn Field,Grove City,PA,,US,,41.1579008,-80.0886631,,3500.0,,,False
2258,Guilford,Quakers,GLFD,"['GLFD', 'Guilford']",Old Dominion,,iii,#910028,#dcddde,"['https://cdn.collegefootballdata.com/logos/500/2258.png', 'https://cdn.collegefootballdata.com/logos-dark/500/2258.png', 'https://cdn.collegefootballdata.com/logos/256/2258.png', 'https://cdn.collegefootballdata.com/logos-dark/256/2258.png', 'https://cdn.collegefootballdata.com/logos/128/2258.png', 'https://cdn.collegefootballdata.com/logos-dark/128/2258.png', 'https://cdn.collegefootballdata.com/logos/96/2258.png', 'https://cdn.collegefootballdata.com/logos-dark/96/2258.png', 'https://cdn.collegefootballdata.com/logos/64/2258.png', 'https://cdn.collegefootballdata.com/logos-dark/64/2258.png', 'https://cdn.collegefootballdata.com/logos/48/2258.png', 'https://cdn.collegefootballdata.com/logos-dark/48/2258.png', 'https://cdn.collegefootballdata.com/logos/32/2258.png', 'https://cdn.collegefootballdata.com/logos-dark/32/2258.png', 'https://cdn.collegefootballdata.com/logos/16/2258.png', 'https://cdn.collegefootballdata.com/logos-dark/16/2258.png']",,5892.0,Armfield Athletic Center,Greensboro,NC,27401,US,,36.0726355,-79.7919754,,2200.0,,,False
2968,Gustavus Adolphus,Golden Gusties,GAC,"['GAC', 'Gustavus']",Minnesota,,iii,#000000,#ebb700,"['https://cdn.collegefootballdata.com/logos/500/2968.png', 'https://cdn.collegefootballdata.com/logos-dark/500/2968.png', 'https://cdn.collegefootballdata.com/logos/256/2968.png', 'https://cdn.collegefootballdata.com/logos-dark/256/2968.png', 'https://cdn.collegefootballdata.com/logos/128/2968.png', 'https://cdn.collegefootballdata.com/logos-dark/128/2968.png', 'https://cdn.collegefootballdata.com/logos/96/2968.png', 'https://cdn.collegefootballdata.com/logos-dark/96/2968.png', 'https://cdn.collegefootballdata.com/logos/64/2968.png', 'https://cdn.collegefootballdata.com/logos-dark/64/2968.png', 'https://cdn.collegefootballdata.com/logos/48/2968.png', 'https://cdn.collegefootballdata.com/logos-dark/48/2968.png', 'https://cdn.collegefootballdata.com/logos/32/2968.png', 'https://cdn.collegefootballdata.com/logos-dark/32/2968.png', 'https://cdn.collegefootballdata.com/logos/16/2968.png', 'https://cdn.collegefootballdata.com/logos-dark/16/2968.png']",,5893.0,Hollingsworth Field,Saint Peter,MN,56082,US,,44.3238384,-93.9585295,,3000.0,,,False
348,Hamilton,Continentals,HAM,"['HAM', 'Hamilton']",NESCAC,,iii,#062f87,#d5b98b,"['https://cdn.collegefootballdata.com/logos/500/348.png', 'https://cdn.collegefootballdata.com/logos-dark/500/348.png', 'https://cdn.collegefootballdata.com/logos/256/348.png', 'https://cdn.collegefootballdata.com/logos-dark/256/348.png', 'https://cdn.collegefootballdata.com/logos/128/348.png', 'https://cdn.collegefootballdata.com/logos-dark/128/348.png', 'https://cdn.collegefootballdata.com/logos/96/348.png', 'https://cdn.collegefootballdata.com/logos-dark/96/348.png', 'https://cdn.collegefootballdata.com/logos/64/348.png', 'https://cdn.collegefootballdata.com/logos-dark/64/348.png', 'https://cdn.collegefootballdata.com/logos/48/348.png', 'https://cdn.collegefootballdata.com/logos-dark/48/348.png', 'https://cdn.collegefootballdata.com/logos/32/348.png', 'https://cdn.collegefootballdata.com/logos-dark/32/348.png', 'https://cdn.collegefootballdata.com/logos/16/348.png', 'https://cdn.collegefootballdata.com/logos-dark/16/348.png']",,5894.0,Steuben Field,Clinton,NY,12923,US,,44.7278943,-73.6686982,,2000.0,,,False
162,Hamline,Pipers,HMLN,"['HMLN', 'Hamline']",Minnesota,,iii,#98012e,#ffffff,"['https://cdn.collegefootballdata.com/logos/500/162.png', 'https://cdn.collegefootballdata.com/logos-dark/500/162.png', 'https://cdn.collegefootballdata.com/logos/256/162.png', 'https://cdn.collegefootballdata.com/logos-dark/256/162.png', 'https://cdn.collegefootballdata.com/logos/128/162.png', 'https://cdn.collegefootballdata.com/logos-dark/128/162.png', 'https://cdn.collegefootballdata.com/logos/96/162.png', 'https://cdn.collegefootballdata.com/logos-dark/96/162.png', 'https://cdn.collegefootballdata.com/logos/64/162.png', 'https://cdn.collegefootballdata.com/logos-dark/64/162.png', 'https://cdn.collegefootballdata.com/logos/48/162.png', 'https://cdn.collegefootballdata.com/logos-dark/48/162.png', 'https://cdn.collegefootballdata.com/logos/32/162.png', 'https://cdn.collegefootballdata.com/logos-dark/32/162.png', 'https://cdn.collegefootballdata.com/logos/16/162.png', 'https://cdn.collegefootballdata.com/logos-dark/16/162.png']",,5895.0,Klas Field,Saint Paul,MN,,US,,44.9497487,-93.0931028,,2000.0,,,False
297,Hampden Sydney,Tigers,HSC,"['HSC', 'Hampden Sydney']",Old Dominion,,iii,#900028,#a8b1b7,"['https://cdn.collegefootballdata.com/logos/500/297.png', 'https://cdn.collegefootballdata.com/logos-dark/500/297.png', 'https://cdn.collegefootballdata.com/logos/256/297.png', 'https://cdn.collegefootballdata.com/logos-dark/256/297.png', 'https://cdn.collegefootballdata.com/logos/128/297.png', 'https://cdn.collegefootballdata.com/logos-dark/128/297.png', 'https://cdn.collegefootballdata.com/logos/96/297.png', 'https://cdn.collegefootballdata.com/logos-dark/96/297.png', 'https://cdn.collegefootballdata.com/logos/64/297.png', 'https://cdn.collegefootballdata.com/logos-dark/64/297.png', 'https://cdn.collegefootballdata.com/logos/48/297.png', 'https://cdn.collegefootballdata.com/logos-dark/48/297.png', 'https://cdn.collegefootballdata.com/logos/32/297.png', 'https://cdn.collegefootballdata.com/logos-dark/32/297.png', 'https://cdn.collegefootballdata.com/logos/16/297.png', 'https://cdn.collegefootballdata.com/logos-dark/16/297.png']",,5896.0,Lewis C. Everett Stadium,Farmville,VA,23901,US,,37.3024713,-78.3923813,,1850.0,,,False
2261,Hampton,Pirates,HAMP,"['HAMP', 'Hampton']",Coastal Athletic,,fcs,#0067AC,#null,"['https://cdn.collegefootballdata.com/logos/500/2261.png', 'https://cdn.collegefootballdata.com/logos-dark/500/2261.png', 'https://cdn.collegefootballdata.com/logos/256/2261.png', 'https://cdn.collegefootballdata.com/logos-dark/256/2261.png', 'https://cdn.collegefootballdata.com/logos/128/2261.png', 'https://cdn.collegefootballdata.com/logos-dark/128/2261.png', 'https://cdn.collegefootballdata.com/logos/96/2261.png', 'https://cdn.collegefootballdata.com/logos-dark/96/2261.png', 'https://cdn.collegefootballdata.com/logos/64/2261.png', 'https://cdn.collegefootballdata.com/logos-dark/64/2261.png', 'https://cdn.collegefootballdata.com/logos/48/2261.png', 'https://cdn.collegefootballdata.com/logos-dark/48/2261.png', 'https://cdn.collegefootballdata.com/logos/32/2261.png', 'https://cdn.collegefootballdata.com/logos-dark/32/2261.png', 'https://cdn.collegefootballdata.com/logos/16/2261.png', 'https://cdn.collegefootballdata.com/logos-dark/16/2261.png']",@Hampton_FB,3620.0,Armstrong Stadium,Hampton,VA,23669,US,America/New_York,37.0200894,-76.3331555,2.574624538,12000.0,1928.0,False,False
2262,Hanover,Panthers,HNVR,"['HNVR', 'Hanover']",Heartland,,iii,#0b486d,#990000,"['https://cdn.collegefootballdata.com/logos/500/2262.png', 'https://cdn.collegefootballdata.com/logos-dark/500/2262.png', 'https://cdn.collegefootballdata.com/logos/256/2262.png', 'https://cdn.collegefootballdata.com/logos-dark/256/2262.png', 'https://cdn.collegefootballdata.com/logos/128/2262.png', 'https://cdn.collegefootballdata.com/logos-dark/128/2262.png', 'https://cdn.collegefootballdata.com/logos/96/2262.png', 'https://cdn.collegefootballdata.com/logos-dark/96/2262.png', 'https://cdn.collegefootballdata.com/logos/64/2262.png', 'https://cdn.collegefootballdata.com/logos-dark/64/2262.png', 'https://cdn.collegefootballdata.com/logos/48/2262.png', 'https://cdn.collegefootballdata.com/logos-dark/48/2262.png', 'https://cdn.collegefootballdata.com/logos/32/2262.png', 'https://cdn.collegefootballdata.com/logos-dark/32/2262.png', 'https://cdn.collegefootballdata.com/logos/16/2262.png', 'https://cdn.collegefootballdata.com/logos-dark/16/2262.png']",,3614.0,Alumni Stadium (IN),Hanover,IN,,US,,38.7142263,-85.4735707,,4000.0,,,False
2264,Harding,Bisons,HARD,"['HARD', 'Harding']",Great American,,ii,#000000,#null,"['https://cdn.collegefootballdata.com/logos/500/2264.png', 'https://cdn.collegefootballdata.com/logos-dark/500/2264.png', 'https://cdn.collegefootballdata.com/logos/256/2264.png', 'https://cdn.collegefootballdata.com/logos-dark/256/2264.png', 'https://cdn.collegefootballdata.com/logos/128/2264.png', 'https://cdn.collegefootballdata.com/logos-dark/128/2264.png', 'https://cdn.collegefootballdata.com/logos/96/2264.png', 'https://cdn.collegefootballdata.com/logos-dark/96/2264.png', 'https://cdn.collegefootballdata.com/logos/64/2264.png', 'https://cdn.collegefootballdata.com/logos-dark/64/2264.png', 'https://cdn.collegefootballdata.com/logos/48/2264.png', 'https://cdn.collegefootballdata.com/logos-dark/48/2264.png', 'https://cdn.collegefootballdata.com/logos/32/2264.png', 'https://cdn.collegefootballdata.com/logos-dark/32/2264.png', 'https://cdn.collegefootballdata.com/logos/16/2264.png', 'https://cdn.collegefootballdata.com/logos-dark/16/2264.png']",,5885.0,First Security Stadium,Searcy,AR,72121,US,,35.9018987,-92.7098744,,5854.0,,,False
2810,Hardin Simmons,Cowboys,HSU,"['HSU', 'Hardin Simmons']",American Southwest,,iii,#5b2d83,#fec52f,"['https://cdn.collegefootballdata.com/logos/500/2810.png', 'https://cdn.collegefootballdata.com/logos-dark/500/2810.png', 'https://cdn.collegefootballdata.com/logos/256/2810.png', 'https://cdn.collegefootballdata.com/logos-dark/256/2810.png', 'https://cdn.collegefootballdata.com/logos/128/2810.png', 'https://cdn.collegefootballdata.com/logos-dark/128/2810.png', 'https://cdn.collegefootballdata.com/logos/96/2810.png', 'https://cdn.collegefootballdata.com/logos-dark/96/2810.png', 'https://cdn.collegefootballdata.com/logos/64/2810.png', 'https://cdn.collegefootballdata.com/logos-dark/64/2810.png', 'https://cdn.collegefootballdata.com/logos/48/2810.png', 'https://cdn.collegefootballdata.com/logos-dark/48/2810.png', 'https://cdn.collegefootballdata.com/logos/32/2810.png', 'https://cdn.collegefootballdata.com/logos-dark/32/2810.png', 'https://cdn.collegefootballdata.com/logos/16/2810.png', 'https://cdn.collegefootballdata.com/logos-dark/16/2810.png']",,5114.0,Shelton Stadium,Abilene,TX,79697,US,,32.44645,-99.7475905,,4000.0,,,False
173,Hartwick,Hawks,HRTW,"['HRTW', 'Hartwick']",Empire 8,,iii,#000000,#null,"['https://cdn.collegefootballdata.com/logos/500/173.png', 'https://cdn.collegefootballdata.com/logos-dark/500/173.png', 'https://cdn.collegefootballdata.com/logos/256/173.png', 'https://cdn.collegefootballdata.com/logos-dark/256/173.png', 'https://cdn.collegefootballdata.com/logos/128/173.png', 'https://cdn.collegefootballdata.com/logos-dark/128/173.png', 'https://cdn.collegefootballdata.com/logos/96/173.png', 'https://cdn.collegefootballdata.com/logos-dark/96/173.png', 'https://cdn.collegefootballdata.com/logos/64/173.png', 'https://cdn.collegefootballdata.com/logos-dark/64/173.png', 'https://cdn.collegefootballdata.com/logos/48/173.png', 'https://cdn.collegefootballdata.com/logos-dark/48/173.png', 'https://cdn.collegefootballdata.com/logos/32/173.png', 'https://cdn.collegefootballdata.com/logos-dark/32/173.png', 'https://cdn.collegefootballdata.com/logos/16/173.png', 'https://cdn.collegefootballdata.com/logos-dark/16/173.png']",,5636.0,Wright Stadium,Oneonta,NY,13820,US,,42.453492,-75.0629531,,1200.0,,,False
108,Harvard,Crimson,HARV,"['HARV', 'Harvard']",Ivy,,fcs,#990000,#dbdbdb,"['https://cdn.collegefootballdata.com/logos/500/108.png', 'https://cdn.collegefootballdata.com/logos-dark/500/108.png', 'https://cdn.collegefootballdata.com/logos/256/108.png', 'https://cdn.collegefootballdata.com/logos-dark/256/108.png', 'https://cdn.collegefootballdata.com/logos/128/108.png', 'https://cdn.collegefootballdata.com/logos-dark/128/108.png', 'https://cdn.collegefootballdata.com/logos/96/108.png', 'https://cdn.collegefootballdata.com/logos-dark/96/108.png', 'https://cdn.collegefootballdata.com/logos/64/108.png', 'https://cdn.collegefootballdata.com/logos-dark/64/108.png', 'https://cdn.collegefootballdata.com/logos/48/108.png', 'https://cdn.collegefootballdata.com/logos-dark/48/108.png', 'https://cdn.collegefootballdata.com/logos/32/108.png', 'https://cdn.collegefootballdata.com/logos-dark/32/108.png', 'https://cdn.collegefootballdata.com/logos/16/108.png', 'https://cdn.collegefootballdata.com/logos-dark/16/108.png']",@HarvardFootball,3750.0,Harvard Stadium,Boston,MA,2134 ,US,America/New_York,42.366704,-71.1267511,1.96428895,30323.0,1903.0,False,False
535,Haskell Indian Nations Univ,Jayhawks,HASKELL,"['Haskell Indian Nations', 'HASKELL', 'Haskell']",,,,#000000,#null,[],,,,,,,,,,,,,,,
62,Hawai'i,Rainbow Warriors,HAW,"['HAW', ""Hawai'i""]",Mountain West,,fbs,#024731,#000000,"['https://cdn.collegefootballdata.com/logos/500/62.png', 'https://cdn.collegefootballdata.com/logos-dark/500/62.png', 'https://cdn.collegefootballdata.com/logos/256/62.png', 'https://cdn.collegefootballdata.com/logos-dark/256/62.png', 'https://cdn.collegefootballdata.com/logos/128/62.png', 'https://cdn.collegefootballdata.com/logos-dark/128/62.png', 'https://cdn.collegefootballdata.com/logos/96/62.png', 'https://cdn.collegefootballdata.com/logos-dark/96/62.png', 'https://cdn.collegefootballdata.com/logos/64/62.png', 'https://cdn.collegefootballdata.com/logos-dark/64/62.png', 'https://cdn.collegefootballdata.com/logos/48/62.png', 'https://cdn.collegefootballdata.com/logos-dark/48/62.png', 'https://cdn.collegefootballdata.com/logos/32/62.png', 'https://cdn.collegefootballdata.com/logos-dark/32/62.png', 'https://cdn.collegefootballdata.com/logos/16/62.png', 'https://cdn.collegefootballdata.com/logos-dark/16/62.png']",@HawaiiFootball,7220.0,Clarence T.C. Ching Athletics Complex,Honolulu,HI,96822,US,Pacific/Honolulu,21.294294,-157.819338,20,15194.0,2015.0,False,False
191,Heidelberg,Student Princes,HDBG,"['HDBG', 'Heidelberg']",Ohio,,iii,#000000,#null,"['https://cdn.collegefootballdata.com/logos/500/191.png', 'https://cdn.collegefootballdata.com/logos-dark/500/191.png', 'https://cdn.collegefootballdata.com/logos/256/191.png', 'https://cdn.collegefootballdata.com/logos-dark/256/191.png', 'https://cdn.collegefootballdata.com/logos/128/191.png', 'https://cdn.collegefootballdata.com/logos-dark/128/191.png', 'https://cdn.collegefootballdata.com/logos/96/191.png', 'https://cdn.collegefootballdata.com/logos-dark/96/191.png', 'https://cdn.collegefootballdata.com/logos/64/191.png', 'https://cdn.collegefootballdata.com/logos-dark/64/191.png', 'https://cdn.collegefootballdata.com/logos/48/191.png', 'https://cdn.collegefootballdata.com/logos-dark/48/191.png', 'https://cdn.collegefootballdata.com/logos/32/191.png', 'https://cdn.collegefootballdata.com/logos-dark/32/191.png', 'https://cdn.collegefootballdata.com/logos/16/191.png', 'https://cdn.collegefootballdata.com/logos-dark/16/191.png']",,5854.0,Hoernemann Stadium,Tiffin,OH,44883,US,,41.114485,-83.1779537,,1300.0,,,False
2271,Henderson State,Reddies,HSTU,"['HSTU', 'Henderson St']",Great American,,ii,#000000,#null,"['https://cdn.collegefootballdata.com/logos/500/2271.png', 'https://cdn.collegefootballdata.com/logos-dark/500/2271.png', 'https://cdn.collegefootballdata.com/logos/256/2271.png', 'https://cdn.collegefootballdata.com/logos-dark/256/2271.png', 'https://cdn.collegefootballdata.com/logos/128/2271.png', 'https://cdn.collegefootballdata.com/logos-dark/128/2271.png', 'https://cdn.collegefootballdata.com/logos/96/2271.png', 'https://cdn.collegefootballdata.com/logos-dark/96/2271.png', 'https://cdn.collegefootballdata.com/logos/64/2271.png', 'https://cdn.collegefootballdata.com/logos-dark/64/2271.png', 'https://cdn.collegefootballdata.com/logos/48/2271.png', 'https://cdn.collegefootballdata.com/logos-dark/48/2271.png', 'https://cdn.collegefootballdata.com/logos/32/2271.png', 'https://cdn.collegefootballdata.com/logos-dark/32/2271.png', 'https://cdn.collegefootballdata.com/logos/16/2271.png', 'https://cdn.collegefootballdata.com/logos-dark/16/2271.png']",,5113.0,Ruggles Field at Carpenter-Haygood Stadium,Arkadelphia,AR,71998,US,,34.1209292,-93.053784,,9600.0,,,False
418,Hendrix,Warriors,HDX,"['HDX', 'Hendrix']",Southern Athletic,,iii,#null,#null,"['https://cdn.collegefootballdata.com/logos/500/418.png', 'https://cdn.collegefootballdata.com/logos-dark/500/418.png', 'https://cdn.collegefootballdata.com/logos/256/418.png', 'https://cdn.collegefootballdata.com/logos-dark/256/418.png', 'https://cdn.collegefootballdata.com/logos/128/418.png', 'https://cdn.collegefootballdata.com/logos-dark/128/418.png', 'https://cdn.collegefootballdata.com/logos/96/418.png', 'https://cdn.collegefootballdata.com/logos-dark/96/418.png', 'https://cdn.collegefootballdata.com/logos/64/418.png', 'https://cdn.collegefootballdata.com/logos-dark/64/418.png', 'https://cdn.collegefootballdata.com/logos/48/418.png', 'https://cdn.collegefootballdata.com/logos-dark/48/418.png', 'https://cdn.collegefootballdata.com/logos/32/418.png', 'https://cdn.collegefootballdata.com/logos-dark/32/418.png', 'https://cdn.collegefootballdata.com/logos/16/418.png', 'https://cdn.collegefootballdata.com/logos-dark/16/418.png']",,4423.0,Young-Wise Memorial Stadium,Conway,AR,72112,US,,35.2521996,-92.6888936,,1500.0,,,False
1001016,Highland C.C.,,,[],,,,#null,#null,,,,,,,,,,,,,,,,
125974,Hilbert,Hawks,HLBT,"['HLBT', 'Hilbert']",Empire 8,,iii,#null,#null,,,7512.0,St. Francis High School,Hamburg,NY,,US,,,,,0.0,,,False
2273,Hillsdale,Chargers,HLDL,"['HLDL', 'Hillsdale']",Great Midwest Athletic,,ii,#000000,#null,"['https://cdn.collegefootballdata.com/logos/500/2273.png', 'https://cdn.collegefootballdata.com/logos-dark/500/2273.png', 'https://cdn.collegefootballdata.com/logos/256/2273.png', 'https://cdn.collegefootballdata.com/logos-dark/256/2273.png', 'https://cdn.collegefootballdata.com/logos/128/2273.png', 'https://cdn.collegefootballdata.com/logos-dark/128/2273.png', 'https://cdn.collegefootballdata.com/logos/96/2273.png', 'https://cdn.collegefootballdata.com/logos-dark/96/2273.png', 'https://cdn.collegefootballdata.com/logos/64/2273.png', 'https://cdn.collegefootballdata.com/logos-dark/64/2273.png', 'https://cdn.collegefootballdata.com/logos/48/2273.png', 'https://cdn.collegefootballdata.com/logos-dark/48/2273.png', 'https://cdn.collegefootballdata.com/logos/32/2273.png', 'https://cdn.collegefootballdata.com/logos-dark/32/2273.png', 'https://cdn.collegefootballdata.com/logos/16/2273.png', 'https://cdn.collegefootballdata.com/logos-dark/16/2273.png']",,3729.0,"Frank ""Muddy"" Waters Stadium",Hillsdale,MI,66036,US,,41.8779105,-84.5984396,,8500.0,,,False
1000984,Hillsdale College,,,[],,,,#null,#null,,,,,,,,,,,,,,,,
1000979,Hinds C.C.,,,[],,,,#null,#null,,,,,,,,,,,,,,,,
2274,Hiram,Terriers,HIRM,"['HIRM', 'Hiram']",Presidents',,iii,#000000,#null,"['https://cdn.collegefootballdata.com/logos/500/2274.png', 'https://cdn.collegefootballdata.com/logos-dark/500/2274.png', 'https://cdn.collegefootballdata.com/logos/256/2274.png', 'https://cdn.collegefootballdata.com/logos-dark/256/2274.png', 'https://cdn.collegefootballdata.com/logos/128/2274.png', 'https://cdn.collegefootballdata.com/logos-dark/128/2274.png', 'https://cdn.collegefootballdata.com/logos/96/2274.png', 'https://cdn.collegefootballdata.com/logos-dark/96/2274.png', 'https://cdn.collegefootballdata.com/logos/64/2274.png', 'https://cdn.collegefootballdata.com/logos-dark/64/2274.png', 'https://cdn.collegefootballdata.com/logos/48/2274.png', 'https://cdn.collegefootballdata.com/logos-dark/48/2274.png', 'https://cdn.collegefootballdata.com/logos/32/2274.png', 'https://cdn.collegefootballdata.com/logos-dark/32/2274.png', 'https://cdn.collegefootballdata.com/logos/16/2274.png', 'https://cdn.collegefootballdata.com/logos-dark/16/2274.png']",,5855.0,Charles A. Henry Field,Hiram,OH,44234,US,,41.312555,-81.14371,,2500.0,,,False
174,Hobart,Statesmen,HBRT,"['HBRT', 'Hobart']",Liberty League,,iii,#000000,#null,"['https://cdn.collegefootballdata.com/logos/500/174.png', 'https://cdn.collegefootballdata.com/logos-dark/500/174.png', 'https://cdn.collegefootballdata.com/logos/256/174.png', 'https://cdn.collegefootballdata.com/logos-dark/256/174.png', 'https://cdn.collegefootballdata.com/logos/128/174.png', 'https://cdn.collegefootballdata.com/logos-dark/128/174.png', 'https://cdn.collegefootballdata.com/logos/96/174.png', 'https://cdn.collegefootballdata.com/logos-dark/96/174.png', 'https://cdn.collegefootballdata.com/logos/64/174.png', 'https://cdn.collegefootballdata.com/logos-dark/64/174.png', 'https://cdn.collegefootballdata.com/logos/48/174.png', 'https://cdn.collegefootballdata.com/logos-dark/48/174.png', 'https://cdn.collegefootballdata.com/logos/32/174.png', 'https://cdn.collegefootballdata.com/logos-dark/32/174.png', 'https://cdn.collegefootballdata.com/logos/16/174.png', 'https://cdn.collegefootballdata.com/logos-dark/16/174.png']",,5856.0,Boswell Field at David J. Urick Stadium,Geneva,NY,14456,US,,42.8690271,-76.9786122,,3000.0,,,False
108354,Holland College,Hurricanes,HOL,"['HOL', 'Holland College']",,,,#null,#null,,,,,,,,,,,,,,,,
1000982,Holmes C.C.,,,[],,,,#null,#null,,,,,,,,,,,,,,,,
107,Holy Cross,Crusaders,HC,"['HC', 'Holy Cross']",Patriot,,fcs,#582c83,#ffffff,"['https://cdn.collegefootballdata.com/logos/500/107.png', 'https://cdn.collegefootballdata.com/logos-dark/500/107.png', 'https://cdn.collegefootballdata.com/logos/256/107.png', 'https://cdn.collegefootballdata.com/logos-dark/256/107.png', 'https://cdn.collegefootballdata.com/logos/128/107.png', 'https://cdn.collegefootballdata.com/logos-dark/128/107.png', 'https://cdn.collegefootballdata.com/logos/96/107.png', 'https://cdn.collegefootballdata.com/logos-dark/96/107.png', 'https://cdn.collegefootballdata.com/logos/64/107.png', 'https://cdn.collegefootballdata.com/logos-dark/64/107.png', 'https://cdn.collegefootballdata.com/logos/48/107.png', 'https://cdn.collegefootballdata.com/logos-dark/48/107.png', 'https://cdn.collegefootballdata.com/logos/32/107.png', 'https://cdn.collegefootballdata.com/logos-dark/32/107.png', 'https://cdn.collegefootballdata.com/logos/16/107.png', 'https://cdn.collegefootballdata.com/logos-dark/16/107.png']",@HCrossFB,3722.0,Fitton Field,Worcester,MA,1601 ,US,America/New_York,42.2403564,-71.8111424,137.3915253,23500.0,1924.0,True,False
2812,Hope,Flying Dutchmen,HOPE,"['HOPE', 'Hope']",Michigan,,iii,#000000,#null,"['https://cdn.collegefootballdata.com/logos/500/2812.png', 'https://cdn.collegefootballdata.com/logos-dark/500/2812.png', 'https://cdn.collegefootballdata.com/logos/256/2812.png', 'https://cdn.collegefootballdata.com/logos-dark/256/2812.png', 'https://cdn.collegefootballdata.com/logos/128/2812.png', 'https://cdn.collegefootballdata.com/logos-dark/128/2812.png', 'https://cdn.collegefootballdata.com/logos/96/2812.png', 'https://cdn.collegefootballdata.com/logos-dark/96/2812.png', 'https://cdn.collegefootballdata.com/logos/64/2812.png', 'https://cdn.collegefootballdata.com/logos-dark/64/2812.png', 'https://cdn.collegefootballdata.com/logos/48/2812.png', 'https://cdn.collegefootballdata.com/logos-dark/48/2812.png', 'https://cdn.collegefootballdata.com/logos/32/2812.png', 'https://cdn.collegefootballdata.com/logos-dark/32/2812.png', 'https://cdn.collegefootballdata.com/logos/16/2812.png', 'https://cdn.collegefootballdata.com/logos-dark/16/2812.png']",,3755.0,Ray and Sue Smith Stadium,Holland,MI,49423,US,,42.7876022,-86.1090828,,5300.0,,,False
1001002,Hope ,,,[],,,,#null,#null,,,,,,,,,,,,,,,,
248,Houston,Cougars,HOU,"['HOU', 'Houston']",Big 12,,fbs,#c8102e,#ffffff,"['https://cdn.collegefootballdata.com/logos/500/248.png', 'https://cdn.collegefootballdata.com/logos-dark/500/248.png', 'https://cdn.collegefootballdata.com/logos/256/248.png', 'https://cdn.collegefootballdata.com/logos-dark/256/248.png', 'https://cdn.collegefootballdata.com/logos/128/248.png', 'https://cdn.collegefootballdata.com/logos-dark/128/248.png', 'https://cdn.collegefootballdata.com/logos/96/248.png', 'https://cdn.collegefootballdata.com/logos-dark/96/248.png', 'https://cdn.collegefootballdata.com/logos/64/248.png', 'https://cdn.collegefootballdata.com/logos-dark/64/248.png', 'https://cdn.collegefootballdata.com/logos/48/248.png', 'https://cdn.collegefootballdata.com/logos-dark/48/248.png', 'https://cdn.collegefootballdata.com/logos/32/248.png', 'https://cdn.collegefootballdata.com/logos-dark/32/248.png', 'https://cdn.collegefootballdata.com/logos/16/248.png', 'https://cdn.collegefootballdata.com/logos-dark/16/248.png']",@UHCougarFB,4728.0,TDECU Stadium,Houston,TX,77004,US,America/Chicago,29.7219885,-95.3491623,9.57440567,40000.0,2014.0,False,False
2277,Houston Christian,Huskies,HCU,"['Houston Baptist', 'HCU', 'Hou Christian']",Southland,,fcs,#00539c,#null,"['https://cdn.collegefootballdata.com/logos/500/2277.png', 'https://cdn.collegefootballdata.com/logos-dark/500/2277.png', 'https://cdn.collegefootballdata.com/logos/256/2277.png', 'https://cdn.collegefootballdata.com/logos-dark/256/2277.png', 'https://cdn.collegefootballdata.com/logos/128/2277.png', 'https://cdn.collegefootballdata.com/logos-dark/128/2277.png', 'https://cdn.collegefootballdata.com/logos/96/2277.png', 'https://cdn.collegefootballdata.com/logos-dark/96/2277.png', 'https://cdn.collegefootballdata.com/logos/64/2277.png', 'https://cdn.collegefootballdata.com/logos-dark/64/2277.png', 'https://cdn.collegefootballdata.com/logos/48/2277.png', 'https://cdn.collegefootballdata.com/logos-dark/48/2277.png', 'https://cdn.collegefootballdata.com/logos/32/2277.png', 'https://cdn.collegefootballdata.com/logos-dark/32/2277.png', 'https://cdn.collegefootballdata.com/logos/16/2277.png', 'https://cdn.collegefootballdata.com/logos-dark/16/2277.png']",@HCUFootball,4424.0,Husky Stadium,Houston,TX,77074,US,America/Chicago,29.6949025,-95.5167353,19.87884521,5000.0,2014.0,False,False
47,Howard,Bison,HOW,"['HOW', 'Howard']",MEAC,,fcs,#003a63,#e51937,"['https://cdn.collegefootballdata.com/logos/500/47.png', 'https://cdn.collegefootballdata.com/logos-dark/500/47.png', 'https://cdn.collegefootballdata.com/logos/256/47.png', 'https://cdn.collegefootballdata.com/logos-dark/256/47.png', 'https://cdn.collegefootballdata.com/logos/128/47.png', 'https://cdn.collegefootballdata.com/logos-dark/128/47.png', 'https://cdn.collegefootballdata.com/logos/96/47.png', 'https://cdn.collegefootballdata.com/logos-dark/96/47.png', 'https://cdn.collegefootballdata.com/logos/64/47.png', 'https://cdn.collegefootballdata.com/logos-dark/64/47.png', 'https://cdn.collegefootballdata.com/logos/48/47.png', 'https://cdn.collegefootballdata.com/logos-dark/48/47.png', 'https://cdn.collegefootballdata.com/logos/32/47.png', 'https://cdn.collegefootballdata.com/logos-dark/32/47.png', 'https://cdn.collegefootballdata.com/logos/16/47.png', 'https://cdn.collegefootballdata.com/logos-dark/16/47.png']",@HUBisonFootball,3990.0,William H. Greene Stadium,Washington,DC,20059,US,America/New_York,38.925487,-77.021047,53.46718979,10000.0,1926.0,False,False
2758,Howard Payne,Yellow Jackets,HWPU,"['HWPU', 'Howard Payne']",American Southwest,,iii,#02215b,#b5985b,"['https://cdn.collegefootballdata.com/logos/500/2758.png', 'https://cdn.collegefootballdata.com/logos-dark/500/2758.png', 'https://cdn.collegefootballdata.com/logos/256/2758.png', 'https://cdn.collegefootballdata.com/logos-dark/256/2758.png', 'https://cdn.collegefootballdata.com/logos/128/2758.png', 'https://cdn.collegefootballdata.com/logos-dark/128/2758.png', 'https://cdn.collegefootballdata.com/logos/96/2758.png', 'https://cdn.collegefootballdata.com/logos-dark/96/2758.png', 'https://cdn.collegefootballdata.com/logos/64/2758.png', 'https://cdn.collegefootballdata.com/logos-dark/64/2758.png', 'https://cdn.collegefootballdata.com/logos/48/2758.png', 'https://cdn.collegefootballdata.com/logos-dark/48/2758.png', 'https://cdn.collegefootballdata.com/logos/32/2758.png', 'https://cdn.collegefootballdata.com/logos-dark/32/2758.png', 'https://cdn.collegefootballdata.com/logos/16/2758.png', 'https://cdn.collegefootballdata.com/logos-dark/16/2758.png']",,5857.0,Gordon Wood Stadium,Brownwood,TX,76801,US,,31.7070026,-98.9831022,,7500.0,,,False
2278,Humboldt State,Lumberjacks,HUM,"['HUM', 'Humboldt St']",,,,#000000,#null,[],,,,,,,,,,,,,,,
2938,Huntingdon,Hawks,HNTC,"['HNTC', 'Huntingdon']",USA South,,iii,#000000,#null,"['https://cdn.collegefootballdata.com/logos/500/2938.png', 'https://cdn.collegefootballdata.com/logos-dark/500/2938.png', 'https://cdn.collegefootballdata.com/logos/256/2938.png', 'https://cdn.collegefootballdata.com/logos-dark/256/2938.png', 'https://cdn.collegefootballdata.com/logos/128/2938.png', 'https://cdn.collegefootballdata.com/logos-dark/128/2938.png', 'https://cdn.collegefootballdata.com/logos/96/2938.png', 'https://cdn.collegefootballdata.com/logos-dark/96/2938.png', 'https://cdn.collegefootballdata.com/logos/64/2938.png', 'https://cdn.collegefootballdata.com/logos-dark/64/2938.png', 'https://cdn.collegefootballdata.com/logos/48/2938.png', 'https://cdn.collegefootballdata.com/logos-dark/48/2938.png', 'https://cdn.collegefootballdata.com/logos/32/2938.png', 'https://cdn.collegefootballdata.com/logos-dark/32/2938.png', 'https://cdn.collegefootballdata.com/logos/16/2938.png', 'https://cdn.collegefootballdata.com/logos-dark/16/2938.png']",,3915.0,Charles Lee Field at Samford Stadium,Montgomery,AL,,US,,32.3669656,-86.3006485,,2500.0,,,False
2280,Husson,Eagles,HUSS,"['HUSS', 'Husson']",Commonwealth Coast,,iii,#004b44,#b09a5f,"['https://cdn.collegefootballdata.com/logos/500/2280.png', 'https://cdn.collegefootballdata.com/logos-dark/500/2280.png', 'https://cdn.collegefootballdata.com/logos/256/2280.png', 'https://cdn.collegefootballdata.com/logos-dark/256/2280.png', 'https://cdn.collegefootballdata.com/logos/128/2280.png', 'https://cdn.collegefootballdata.com/logos-dark/128/2280.png', 'https://cdn.collegefootballdata.com/logos/96/2280.png', 'https://cdn.collegefootballdata.com/logos-dark/96/2280.png', 'https://cdn.collegefootballdata.com/logos/64/2280.png', 'https://cdn.collegefootballdata.com/logos-dark/64/2280.png', 'https://cdn.collegefootballdata.com/logos/48/2280.png', 'https://cdn.collegefootballdata.com/logos-dark/48/2280.png', 'https://cdn.collegefootballdata.com/logos/32/2280.png', 'https://cdn.collegefootballdata.com/logos-dark/32/2280.png', 'https://cdn.collegefootballdata.com/logos/16/2280.png', 'https://cdn.collegefootballdata.com/logos-dark/16/2280.png']",,3995.0,Dr. John W. Winkin Sports Complex,Bangor,ME,04401,US,,44.8011821,-68.7778138,,3000.0,,,False
1000940,Hutchinson C.C.,,,[],,,,#null,#null,,,,,,,,,,,,,,,,
1000953,Hutchinson C.C.,,,[],,,,#null,#null,,,,,,,,,,,,,,,,
70,Idaho,Vandals,IDHO,"['IDHO', 'Idaho']",Big Sky,,fcs,#000000,#8c6e4a,"['https://cdn.collegefootballdata.com/logos/500/70.png', 'https://cdn.collegefootballdata.com/logos-dark/500/70.png', 'https://cdn.collegefootballdata.com/logos/256/70.png', 'https://cdn.collegefootballdata.com/logos-dark/256/70.png', 'https://cdn.collegefootballdata.com/logos/128/70.png', 'https://cdn.collegefootballdata.com/logos-dark/128/70.png', 'https://cdn.collegefootballdata.com/logos/96/70.png', 'https://cdn.collegefootballdata.com/logos-dark/96/70.png', 'https://cdn.collegefootballdata.com/logos/64/70.png', 'https://cdn.collegefootballdata.com/logos-dark/64/70.png', 'https://cdn.collegefootballdata.com/logos/48/70.png', 'https://cdn.collegefootballdata.com/logos-dark/48/70.png', 'https://cdn.collegefootballdata.com/logos/32/70.png', 'https://cdn.collegefootballdata.com/logos-dark/32/70.png', 'https://cdn.collegefootballdata.com/logos/16/70.png', 'https://cdn.collegefootballdata.com/logos-dark/16/70.png']",@VandalFootball,3791.0,Kibbie Dome,Moscow,ID,83843,US,America/Los_Angeles,46.7262921,-117.0173713,794.4794922,16000.0,1975.0,False,True
304,Idaho State,Bengals,IDST,"['IDST', 'Idaho St']",Big Sky,,fcs,#ef8c00,#e9a126,"['https://cdn.collegefootballdata.com/logos/500/304.png', 'https://cdn.collegefootballdata.com/logos-dark/500/304.png', 'https://cdn.collegefootballdata.com/logos/256/304.png', 'https://cdn.collegefootballdata.com/logos-dark/256/304.png', 'https://cdn.collegefootballdata.com/logos/128/304.png', 'https://cdn.collegefootballdata.com/logos-dark/128/304.png', 'https://cdn.collegefootballdata.com/logos/96/304.png', 'https://cdn.collegefootballdata.com/logos-dark/96/304.png', 'https://cdn.collegefootballdata.com/logos/64/304.png', 'https://cdn.collegefootballdata.com/logos-dark/64/304.png', 'https://cdn.collegefootballdata.com/logos/48/304.png', 'https://cdn.collegefootballdata.com/logos-dark/48/304.png', 'https://cdn.collegefootballdata.com/logos/32/304.png', 'https://cdn.collegefootballdata.com/logos-dark/32/304.png', 'https://cdn.collegefootballdata.com/logos/16/304.png', 'https://cdn.collegefootballdata.com/logos-dark/16/304.png']",@IdahoStateFB,1930.0,Holt Arena,Pocatello,ID,83201,US,America/Boise,42.8702052,-112.4281274,1390.252441,12000.0,1970.0,False,True
356,Illinois,Fighting Illini,ILL,"['ILL', 'Illinois']",Big Ten,,fbs,#ff5f05,#13294b,"['https://cdn.collegefootballdata.com/logos/500/356.png', 'https://cdn.collegefootballdata.com/logos-dark/500/356.png', 'https://cdn.collegefootballdata.com/logos/256/356.png', 'https://cdn.collegefootballdata.com/logos-dark/256/356.png', 'https://cdn.collegefootballdata.com/logos/128/356.png', 'https://cdn.collegefootballdata.com/logos-dark/128/356.png', 'https://cdn.collegefootballdata.com/logos/96/356.png', 'https://cdn.collegefootballdata.com/logos-dark/96/356.png', 'https://cdn.collegefootballdata.com/logos/64/356.png', 'https://cdn.collegefootballdata.com/logos-dark/64/356.png', 'https://cdn.collegefootballdata.com/logos/48/356.png', 'https://cdn.collegefootballdata.com/logos-dark/48/356.png', 'https://cdn.collegefootballdata.com/logos/32/356.png', 'https://cdn.collegefootballdata.com/logos-dark/32/356.png', 'https://cdn.collegefootballdata.com/logos/16/356.png', 'https://cdn.collegefootballdata.com/logos-dark/16/356.png']",@IlliniFootball,3832.0,"Memorial Stadium (Champaign, IL)",Champaign,IL,61820,US,America/Chicago,40.0993268,-88.2359569,223.2471619,60670.0,1923.0,False,False
2286,Illinois College,Blueboys,ILLC,"['ILLC', 'Illinois Col']",Midwest,,iii,#000000,#null,"['https://cdn.collegefootballdata.com/logos/500/2286.png', 'https://cdn.collegefootballdata.com/logos-dark/500/2286.png', 'https://cdn.collegefootballdata.com/logos/256/2286.png', 'https://cdn.collegefootballdata.com/logos-dark/256/2286.png', 'https://cdn.collegefootballdata.com/logos/128/2286.png', 'https://cdn.collegefootballdata.com/logos-dark/128/2286.png', 'https://cdn.collegefootballdata.com/logos/96/2286.png', 'https://cdn.collegefootballdata.com/logos-dark/96/2286.png', 'https://cdn.collegefootballdata.com/logos/64/2286.png', 'https://cdn.collegefootballdata.com/logos-dark/64/2286.png', 'https://cdn.collegefootballdata.com/logos/48/2286.png', 'https://cdn.collegefootballdata.com/logos-dark/48/2286.png', 'https://cdn.collegefootballdata.com/logos/32/2286.png', 'https://cdn.collegefootballdata.com/logos-dark/32/2286.png', 'https://cdn.collegefootballdata.com/logos/16/2286.png', 'https://cdn.collegefootballdata.com/logos-dark/16/2286.png']",,5858.0,England Stadium,Jacksonville,IL,,US,,39.7343037,-90.2288356,,1468.0,,,False
2287,Illinois State,Redbirds,ILST,"['ILST', 'Illinois St']",MVFC,,fcs,#CE1126,#ffe716,"['https://cdn.collegefootballdata.com/logos/500/2287.png', 'https://cdn.collegefootballdata.com/logos-dark/500/2287.png', 'https://cdn.collegefootballdata.com/logos/256/2287.png', 'https://cdn.collegefootballdata.com/logos-dark/256/2287.png', 'https://cdn.collegefootballdata.com/logos/128/2287.png', 'https://cdn.collegefootballdata.com/logos-dark/128/2287.png', 'https://cdn.collegefootballdata.com/logos/96/2287.png', 'https://cdn.collegefootballdata.com/logos-dark/96/2287.png', 'https://cdn.collegefootballdata.com/logos/64/2287.png', 'https://cdn.collegefootballdata.com/logos-dark/64/2287.png', 'https://cdn.collegefootballdata.com/logos/48/2287.png', 'https://cdn.collegefootballdata.com/logos-dark/48/2287.png', 'https://cdn.collegefootballdata.com/logos/32/2287.png', 'https://cdn.collegefootballdata.com/logos-dark/32/2287.png', 'https://cdn.collegefootballdata.com/logos/16/2287.png', 'https://cdn.collegefootballdata.com/logos-dark/16/2287.png']",@RedbirdFB,3744.0,Hancock Stadium,Normal,IL,61761,US,America/Chicago,40.5125091,-88.9967177,242.8722687,15000.0,1963.0,False,False
306,Illinois Wesleyan,Titans,ILWU,"['ILWU', 'IL Wesleyan']",CCIW,,iii,#000000,#null,"['https://cdn.collegefootballdata.com/logos/500/306.png', 'https://cdn.collegefootballdata.com/logos-dark/500/306.png', 'https://cdn.collegefootballdata.com/logos/256/306.png', 'https://cdn.collegefootballdata.com/logos-dark/256/306.png', 'https://cdn.collegefootballdata.com/logos/128/306.png', 'https://cdn.collegefootballdata.com/logos-dark/128/306.png', 'https://cdn.collegefootballdata.com/logos/96/306.png', 'https://cdn.collegefootballdata.com/logos-dark/96/306.png', 'https://cdn.collegefootballdata.com/logos/64/306.png', 'https://cdn.collegefootballdata.com/logos-dark/64/306.png', 'https://cdn.collegefootballdata.com/logos/48/306.png', 'https://cdn.collegefootballdata.com/logos-dark/48/306.png', 'https://cdn.collegefootballdata.com/logos/32/306.png', 'https://cdn.collegefootballdata.com/logos-dark/32/306.png', 'https://cdn.collegefootballdata.com/logos/16/306.png', 'https://cdn.collegefootballdata.com/logos-dark/16/306.png']",,5859.0,Tucci Stadium,Bloomington,IL,,US,,40.4797828,-88.9939147,,3500.0,,,False
2916,Incarnate Word,Cardinals,UIW,"['UIW', 'Incarnate Word']",Southland,,fcs,#000000,#080808,"['https://cdn.collegefootballdata.com/logos/500/2916.png', 'https://cdn.collegefootballdata.com/logos-dark/500/2916.png', 'https://cdn.collegefootballdata.com/logos/256/2916.png', 'https://cdn.collegefootballdata.com/logos-dark/256/2916.png', 'https://cdn.collegefootballdata.com/logos/128/2916.png', 'https://cdn.collegefootballdata.com/logos-dark/128/2916.png', 'https://cdn.collegefootballdata.com/logos/96/2916.png', 'https://cdn.collegefootballdata.com/logos-dark/96/2916.png', 'https://cdn.collegefootballdata.com/logos/64/2916.png', 'https://cdn.collegefootballdata.com/logos-dark/64/2916.png', 'https://cdn.collegefootballdata.com/logos/48/2916.png', 'https://cdn.collegefootballdata.com/logos-dark/48/2916.png', 'https://cdn.collegefootballdata.com/logos/32/2916.png', 'https://cdn.collegefootballdata.com/logos-dark/32/2916.png', 'https://cdn.collegefootballdata.com/logos/16/2916.png', 'https://cdn.collegefootballdata.com/logos-dark/16/2916.png']",@UIWFootball,3734.0,Gayle and Tom Benson Stadium,San Antonio,TX,78209,US,America/Chicago,29.4674787,-98.470014,208.4659576,6000.0,2008.0,False,False
1000964,Independence C.C.,,,[],,,,#null,#null,,,,,,,,,,,,,,,,
1000963,Independence C.C.,,,[],,,,#null,#null,,,,,,,,,,,,,,,,
1000942,Independence C.C.,,,[],,,,#null,#null,,,,,,,,,,,,,,,,
84,Indiana,Hoosiers,IU,"['IU', 'Indiana']",Big Ten,,fbs,#990000,#ffffff,"['https://cdn.collegefootballdata.com/logos/500/84.png', 'https://cdn.collegefootballdata.com/logos-dark/500/84.png', 'https://cdn.collegefootballdata.com/logos/256/84.png', 'https://cdn.collegefootballdata.com/logos-dark/256/84.png', 'https://cdn.collegefootballdata.com/logos/128/84.png', 'https://cdn.collegefootballdata.com/logos-dark/128/84.png', 'https://cdn.collegefootballdata.com/logos/96/84.png', 'https://cdn.collegefootballdata.com/logos-dark/96/84.png', 'https://cdn.collegefootballdata.com/logos/64/84.png', 'https://cdn.collegefootballdata.com/logos-dark/64/84.png', 'https://cdn.collegefootballdata.com/logos/48/84.png', 'https://cdn.collegefootballdata.com/logos-dark/48/84.png', 'https://cdn.collegefootballdata.com/logos/32/84.png', 'https://cdn.collegefootballdata.com/logos-dark/32/84.png', 'https://cdn.collegefootballdata.com/logos/16/84.png', 'https://cdn.collegefootballdata.com/logos-dark/16/84.png']",@IndianaFootball,3830.0,"Memorial Stadium (Bloomington, IN)",Bloomington,IN,47408,US,America/Indiana/Indianapolis,39.1808959,-86.5256217,231.6500854,52656.0,1960.0,False,False
2292,Indianapolis,Greyhounds,INDY,"['INDY', 'Indianapolis']",Great Lakes,,ii,#000000,#null,"['https://cdn.collegefootballdata.com/logos/500/2292.png', 'https://cdn.collegefootballdata.com/logos-dark/500/2292.png', 'https://cdn.collegefootballdata.com/logos/256/2292.png', 'https://cdn.collegefootballdata.com/logos-dark/256/2292.png', 'https://cdn.collegefootballdata.com/logos/128/2292.png', 'https://cdn.collegefootballdata.com/logos-dark/128/2292.png', 'https://cdn.collegefootballdata.com/logos/96/2292.png', 'https://cdn.collegefootballdata.com/logos-dark/96/2292.png', 'https://cdn.collegefootballdata.com/logos/64/2292.png', 'https://cdn.collegefootballdata.com/logos-dark/64/2292.png', 'https://cdn.collegefootballdata.com/logos/48/2292.png', 'https://cdn.collegefootballdata.com/logos-dark/48/2292.png', 'https://cdn.collegefootballdata.com/logos/32/2292.png', 'https://cdn.collegefootballdata.com/logos-dark/32/2292.png', 'https://cdn.collegefootballdata.com/logos/16/2292.png', 'https://cdn.collegefootballdata.com/logos-dark/16/2292.png']",,6040.0,Key Stadium,Indianapolis,IN,46222,US,,39.7683331,-86.1583502,,5500.0,,,False
282,Indiana State,Sycamores,INST,"['INST', 'Indiana St']",MVFC,,fcs,#00669a,#f0f0f0,"['https://cdn.collegefootballdata.com/logos/500/282.png', 'https://cdn.collegefootballdata.com/logos-dark/500/282.png', 'https://cdn.collegefootballdata.com/logos/256/282.png', 'https://cdn.collegefootballdata.com/logos-dark/256/282.png', 'https://cdn.collegefootballdata.com/logos/128/282.png', 'https://cdn.collegefootballdata.com/logos-dark/128/282.png', 'https://cdn.collegefootballdata.com/logos/96/282.png', 'https://cdn.collegefootballdata.com/logos-dark/96/282.png', 'https://cdn.collegefootballdata.com/logos/64/282.png', 'https://cdn.collegefootballdata.com/logos-dark/64/282.png', 'https://cdn.collegefootballdata.com/logos/48/282.png', 'https://cdn.collegefootballdata.com/logos-dark/48/282.png', 'https://cdn.collegefootballdata.com/logos/32/282.png', 'https://cdn.collegefootballdata.com/logos-dark/32/282.png', 'https://cdn.collegefootballdata.com/logos/16/282.png', 'https://cdn.collegefootballdata.com/logos-dark/16/282.png']",@IndianaStateFB,3829.0,Memorial Stadium,Terre Haute,IN,47809,US,America/Indiana/Indianapolis,39.4746858,-87.3669599,155.5213165,12764.0,1925.0,False,False
111756,Indiana Wesleyan,Wildcats,INWESL,"['INWESL', 'INDWESLYAN']",,,,#null,#null,,,,,,,,,,,,,,,,
314,Iona,Gaels,IONA,"['IONA', 'Iona']",,,,#null,#null,,,,,,,,,,,,,,,,
2294,Iowa,Hawkeyes,IOWA,"['IOWA', 'Iowa']",Big Ten,,fbs,#000000,#ffcd00,"['https://cdn.collegefootballdata.com/logos/500/2294.png', 'https://cdn.collegefootballdata.com/logos-dark/500/2294.png', 'https://cdn.collegefootballdata.com/logos/256/2294.png', 'https://cdn.collegefootballdata.com/logos-dark/256/2294.png', 'https://cdn.collegefootballdata.com/logos/128/2294.png', 'https://cdn.collegefootballdata.com/logos-dark/128/2294.png', 'https://cdn.collegefootballdata.com/logos/96/2294.png', 'https://cdn.collegefootballdata.com/logos-dark/96/2294.png', 'https://cdn.collegefootballdata.com/logos/64/2294.png', 'https://cdn.collegefootballdata.com/logos-dark/64/2294.png', 'https://cdn.collegefootballdata.com/logos/48/2294.png', 'https://cdn.collegefootballdata.com/logos-dark/48/2294.png', 'https://cdn.collegefootballdata.com/logos/32/2294.png', 'https://cdn.collegefootballdata.com/logos-dark/32/2294.png', 'https://cdn.collegefootballdata.com/logos/16/2294.png', 'https://cdn.collegefootballdata.com/logos-dark/16/2294.png']",@HawkeyeFootball,3793.0,Kinnick Stadium,Iowa City,IA,52242,US,America/Chicago,41.6586045,-91.5510829,220.6357727,69250.0,1929.0,False,False
1000943,Iowa Central C.C.,,,[],,,,#null,#null,,,,,,,,,,,,,,,,
66,Iowa State,Cyclones,ISU,"['ISU', 'Iowa State']",Big 12,,fbs,#c8102e,#f1be48,"['https://cdn.collegefootballdata.com/logos/500/66.png', 'https://cdn.collegefootballdata.com/logos-dark/500/66.png', 'https://cdn.collegefootballdata.com/logos/256/66.png', 'https://cdn.collegefootballdata.com/logos-dark/256/66.png', 'https://cdn.collegefootballdata.com/logos/128/66.png', 'https://cdn.collegefootballdata.com/logos-dark/128/66.png', 'https://cdn.collegefootballdata.com/logos/96/66.png', 'https://cdn.collegefootballdata.com/logos-dark/96/66.png', 'https://cdn.collegefootballdata.com/logos/64/66.png', 'https://cdn.collegefootballdata.com/logos-dark/64/66.png', 'https://cdn.collegefootballdata.com/logos/48/66.png', 'https://cdn.collegefootballdata.com/logos-dark/48/66.png', 'https://cdn.collegefootballdata.com/logos/32/66.png', 'https://cdn.collegefootballdata.com/logos-dark/32/66.png', 'https://cdn.collegefootballdata.com/logos/16/66.png', 'https://cdn.collegefootballdata.com/logos-dark/16/66.png']",@CycloneFB,3772.0,Jack Trice Stadium,Ames,IA,50011,US,America/Chicago,42.0139977,-93.6357716,274.9135437,61500.0,1975.0,True,False
2295,Iowa Wesleyan,Tigers,IOW,"['IOW', 'Iowa Wesleyan']",,,,#000000,#null,[],,,,,,,,,,,,,,,
1000973,Iowa Western C.C.,,,[],,,,#null,#null,,,,,,,,,,,,,,,,
1001021,Itawamba C.C.,,,[],,,,#null,#null,,,,,,,,,,,,,,,,
175,Ithaca,Bombers,ITH,"['ITH', 'Ithaca']",Liberty League,,iii,#000000,#null,"['https://cdn.collegefootballdata.com/logos/500/175.png', 'https://cdn.collegefootballdata.com/logos-dark/500/175.png', 'https://cdn.collegefootballdata.com/logos/256/175.png', 'https://cdn.collegefootballdata.com/logos-dark/256/175.png', 'https://cdn.collegefootballdata.com/logos/128/175.png', 'https://cdn.collegefootballdata.com/logos-dark/128/175.png', 'https://cdn.collegefootballdata.com/logos/96/175.png', 'https://cdn.collegefootballdata.com/logos-dark/96/175.png', 'https://cdn.collegefootballdata.com/logos/64/175.png', 'https://cdn.collegefootballdata.com/logos-dark/64/175.png', 'https://cdn.collegefootballdata.com/logos/48/175.png', 'https://cdn.collegefootballdata.com/logos-dark/48/175.png', 'https://cdn.collegefootballdata.com/logos/32/175.png', 'https://cdn.collegefootballdata.com/logos-dark/32/175.png', 'https://cdn.collegefootballdata.com/logos/16/175.png', 'https://cdn.collegefootballdata.com/logos-dark/16/175.png']",,5862.0,Butterfield Stadium,Ithaca,NY,,US,,42.4396039,-76.4968019,,5000.0,,,False
2291,IU Pennsylvania,Crimson Hawks,IUP,"['IUP', 'IUP', 'IU Penn']",Pennsylvania State Athletic,Western,ii,#000000,#null,"['https://cdn.collegefootballdata.com/logos/500/2291.png', 'https://cdn.collegefootballdata.com/logos-dark/500/2291.png', 'https://cdn.collegefootballdata.com/logos/256/2291.png', 'https://cdn.collegefootballdata.com/logos-dark/256/2291.png', 'https://cdn.collegefootballdata.com/logos/128/2291.png', 'https://cdn.collegefootballdata.com/logos-dark/128/2291.png', 'https://cdn.collegefootballdata.com/logos/96/2291.png', 'https://cdn.collegefootballdata.com/logos-dark/96/2291.png', 'https://cdn.collegefootballdata.com/logos/64/2291.png', 'https://cdn.collegefootballdata.com/logos-dark/64/2291.png', 'https://cdn.collegefootballdata.com/logos/48/2291.png', 'https://cdn.collegefootballdata.com/logos-dark/48/2291.png', 'https://cdn.collegefootballdata.com/logos/32/2291.png', 'https://cdn.collegefootballdata.com/logos-dark/32/2291.png', 'https://cdn.collegefootballdata.com/logos/16/2291.png', 'https://cdn.collegefootballdata.com/logos-dark/16/2291.png']",,4433.0,George P. Miller Stadium,Indiana,PA,15102,US,,40.6214551,-79.1525349,,6000.0,,,False
2296,Jackson State,Tigers,JKST,"['JKST', 'Jackson St']",SWAC,East,fcs,#123297,#b5b7ba,"['https://cdn.collegefootballdata.com/logos/500/2296.png', 'https://cdn.collegefootballdata.com/logos-dark/500/2296.png', 'https://cdn.collegefootballdata.com/logos/256/2296.png', 'https://cdn.collegefootballdata.com/logos-dark/256/2296.png', 'https://cdn.collegefootballdata.com/logos/128/2296.png', 'https://cdn.collegefootballdata.com/logos-dark/128/2296.png', 'https://cdn.collegefootballdata.com/logos/96/2296.png', 'https://cdn.collegefootballdata.com/logos-dark/96/2296.png', 'https://cdn.collegefootballdata.com/logos/64/2296.png', 'https://cdn.collegefootballdata.com/logos-dark/64/2296.png', 'https://cdn.collegefootballdata.com/logos/48/2296.png', 'https://cdn.collegefootballdata.com/logos-dark/48/2296.png', 'https://cdn.collegefootballdata.com/logos/32/2296.png', 'https://cdn.collegefootballdata.com/logos-dark/32/2296.png', 'https://cdn.collegefootballdata.com/logos/16/2296.png', 'https://cdn.collegefootballdata.com/logos-dark/16/2296.png']",@GoJSUTigersFB,3976.0,Mississippi Veterans Memorial Stadium,Jackson,MS,39216,US,America/Chicago,32.3300053,-90.1795578,108.4067383,44215.0,1941.0,True,False
294,Jacksonville,Dolphins,JAC,"['JAC', 'Jacksonville']",,,,#00523e,#null,[],,,,,,,,,,,,,,,
55,Jacksonville State,Gamecocks,JXST,"['JXST', 'Jax State']",Conference USA,,fbs,#cc0000,#000000,"['https://cdn.collegefootballdata.com/logos/500/55.png', 'https://cdn.collegefootballdata.com/logos-dark/500/55.png', 'https://cdn.collegefootballdata.com/logos/256/55.png', 'https://cdn.collegefootballdata.com/logos-dark/256/55.png', 'https://cdn.collegefootballdata.com/logos/128/55.png', 'https://cdn.collegefootballdata.com/logos-dark/128/55.png', 'https://cdn.collegefootballdata.com/logos/96/55.png', 'https://cdn.collegefootballdata.com/logos-dark/96/55.png', 'https://cdn.collegefootballdata.com/logos/64/55.png', 'https://cdn.collegefootballdata.com/logos-dark/64/55.png', 'https://cdn.collegefootballdata.com/logos/48/55.png', 'https://cdn.collegefootballdata.com/logos-dark/48/55.png', 'https://cdn.collegefootballdata.com/logos/32/55.png', 'https://cdn.collegefootballdata.com/logos-dark/32/55.png', 'https://cdn.collegefootballdata.com/logos/16/55.png', 'https://cdn.collegefootballdata.com/logos-dark/16/55.png']",@JSUGamecocksFB,3662.0,AmFirst Stadium,Jacksonville,AL,36265,US,America/Chicago,33.8201052,-85.76647,198.0679016,24000.0,1947.0,False,False
256,James Madison,Dukes,JMU,"['JMU', 'James Madison']",Sun Belt,East,fbs,#450084,#cbb677,"['https://cdn.collegefootballdata.com/logos/500/256.png', 'https://cdn.collegefootballdata.com/logos-dark/500/256.png', 'https://cdn.collegefootballdata.com/logos/256/256.png', 'https://cdn.collegefootballdata.com/logos-dark/256/256.png', 'https://cdn.collegefootballdata.com/logos/128/256.png', 'https://cdn.collegefootballdata.com/logos-dark/128/256.png', 'https://cdn.collegefootballdata.com/logos/96/256.png', 'https://cdn.collegefootballdata.com/logos-dark/96/256.png', 'https://cdn.collegefootballdata.com/logos/64/256.png', 'https://cdn.collegefootballdata.com/logos-dark/64/256.png', 'https://cdn.collegefootballdata.com/logos/48/256.png', 'https://cdn.collegefootballdata.com/logos-dark/48/256.png', 'https://cdn.collegefootballdata.com/logos/32/256.png', 'https://cdn.collegefootballdata.com/logos-dark/32/256.png', 'https://cdn.collegefootballdata.com/logos/16/256.png', 'https://cdn.collegefootballdata.com/logos-dark/16/256.png']",@JMUFootball,3651.0,Bridgeforth Stadium,Harrisonburg,VA,22807,US,America/New_York,38.4352919,-78.8729349,399.303009,24877.0,1975.0,False,False
2939,Jamestown,Jimmies,UJ,"['UJ', 'Jamestown']",Northern Sun,,ii,#000000,#null,[],,,,,,,,,,,,,,,
2302,John Carroll,Blue Streaks,JCU,"['JCU', 'John Carroll']",Ohio,,iii,#000000,#null,"['https://cdn.collegefootballdata.com/logos/500/2302.png', 'https://cdn.collegefootballdata.com/logos-dark/500/2302.png', 'https://cdn.collegefootballdata.com/logos/256/2302.png', 'https://cdn.collegefootballdata.com/logos-dark/256/2302.png', 'https://cdn.collegefootballdata.com/logos/128/2302.png', 'https://cdn.collegefootballdata.com/logos-dark/128/2302.png', 'https://cdn.collegefootballdata.com/logos/96/2302.png', 'https://cdn.collegefootballdata.com/logos-dark/96/2302.png', 'https://cdn.collegefootballdata.com/logos/64/2302.png', 'https://cdn.collegefootballdata.com/logos-dark/64/2302.png', 'https://cdn.collegefootballdata.com/logos/48/2302.png', 'https://cdn.collegefootballdata.com/logos-dark/48/2302.png', 'https://cdn.collegefootballdata.com/logos/32/2302.png', 'https://cdn.collegefootballdata.com/logos-dark/32/2302.png', 'https://cdn.collegefootballdata.com/logos/16/2302.png', 'https://cdn.collegefootballdata.com/logos-dark/16/2302.png']",,5863.0,Don Shula Stadium at Wasmer Field,University Heights,OH,45220,US,,41.497831,-81.537346,,5416.0,,,False
118,Johns Hopkins,Blue Jays,JHU,"['JHU', 'Johns Hopkins']",Centennial,,iii,#000000,#null,"['https://cdn.collegefootballdata.com/logos/500/118.png', 'https://cdn.collegefootballdata.com/logos-dark/500/118.png', 'https://cdn.collegefootballdata.com/logos/256/118.png', 'https://cdn.collegefootballdata.com/logos-dark/256/118.png', 'https://cdn.collegefootballdata.com/logos/128/118.png', 'https://cdn.collegefootballdata.com/logos-dark/128/118.png', 'https://cdn.collegefootballdata.com/logos/96/118.png', 'https://cdn.collegefootballdata.com/logos-dark/96/118.png', 'https://cdn.collegefootballdata.com/logos/64/118.png', 'https://cdn.collegefootballdata.com/logos-dark/64/118.png', 'https://cdn.collegefootballdata.com/logos/48/118.png', 'https://cdn.collegefootballdata.com/logos-dark/48/118.png', 'https://cdn.collegefootballdata.com/logos/32/118.png', 'https://cdn.collegefootballdata.com/logos-dark/32/118.png', 'https://cdn.collegefootballdata.com/logos/16/118.png', 'https://cdn.collegefootballdata.com/logos-dark/16/118.png']",,5124.0,Homewood Field,Baltimore,MD,21221,US,,39.2908816,-76.610759,,8500.0,,,False
2304,Johnson C. Smith,Golden Bulls,JCSU,"['Johnson Smith', 'JCSU', 'Johnson C Smth']",CIAA,Southern,ii,#000000,#null,"['https://cdn.collegefootballdata.com/logos/500/2304.png', 'https://cdn.collegefootballdata.com/logos-dark/500/2304.png', 'https://cdn.collegefootballdata.com/logos/256/2304.png', 'https://cdn.collegefootballdata.com/logos-dark/256/2304.png', 'https://cdn.collegefootballdata.com/logos/128/2304.png', 'https://cdn.collegefootballdata.com/logos-dark/128/2304.png', 'https://cdn.collegefootballdata.com/logos/96/2304.png', 'https://cdn.collegefootballdata.com/logos-dark/96/2304.png', 'https://cdn.collegefootballdata.com/logos/64/2304.png', 'https://cdn.collegefootballdata.com/logos-dark/64/2304.png', 'https://cdn.collegefootballdata.com/logos/48/2304.png', 'https://cdn.collegefootballdata.com/logos-dark/48/2304.png', 'https://cdn.collegefootballdata.com/logos/32/2304.png', 'https://cdn.collegefootballdata.com/logos-dark/32/2304.png', 'https://cdn.collegefootballdata.com/logos/16/2304.png', 'https://cdn.collegefootballdata.com/logos-dark/16/2304.png']",,6041.0,Irwin Belk Complex,Charlotte,NC,28206,US,,35.2272086,-80.8430827,,4500.0,,,False
1001009,Johnson C. Smith University,,,[],,,,#null,#null,,,,,,,,,,,,,,,,
246,Juniata,Eagles,JUN,"['JUN', 'Juniata']",Landmark Conference,,iii,#031832,#ac9c66,"['https://cdn.collegefootballdata.com/logos/500/246.png', 'https://cdn.collegefootballdata.com/logos-dark/500/246.png', 'https://cdn.collegefootballdata.com/logos/256/246.png', 'https://cdn.collegefootballdata.com/logos-dark/256/246.png', 'https://cdn.collegefootballdata.com/logos/128/246.png', 'https://cdn.collegefootballdata.com/logos-dark/128/246.png', 'https://cdn.collegefootballdata.com/logos/96/246.png', 'https://cdn.collegefootballdata.com/logos-dark/96/246.png', 'https://cdn.collegefootballdata.com/logos/64/246.png', 'https://cdn.collegefootballdata.com/logos-dark/64/246.png', 'https://cdn.collegefootballdata.com/logos/48/246.png', 'https://cdn.collegefootballdata.com/logos-dark/48/246.png', 'https://cdn.collegefootballdata.com/logos/32/246.png', 'https://cdn.collegefootballdata.com/logos-dark/32/246.png', 'https://cdn.collegefootballdata.com/logos/16/246.png', 'https://cdn.collegefootballdata.com/logos-dark/16/246.png']",,5902.0,Knox Stadium,Huntingdon,PA,16652,US,,40.4847959,-78.0102813,,3000.0,,,False
126,Kalamazoo,Hornets,KALC,"['KALC', 'Kalamazoo']",Michigan,,iii,#000000,#null,"['https://cdn.collegefootballdata.com/logos/500/126.png', 'https://cdn.collegefootballdata.com/logos-dark/500/126.png', 'https://cdn.collegefootballdata.com/logos/256/126.png', 'https://cdn.collegefootballdata.com/logos-dark/256/126.png', 'https://cdn.collegefootballdata.com/logos/128/126.png', 'https://cdn.collegefootballdata.com/logos-dark/128/126.png', 'https://cdn.collegefootballdata.com/logos/96/126.png', 'https://cdn.collegefootballdata.com/logos-dark/96/126.png', 'https://cdn.collegefootballdata.com/logos/64/126.png', 'https://cdn.collegefootballdata.com/logos-dark/64/126.png', 'https://cdn.collegefootballdata.com/logos/48/126.png', 'https://cdn.collegefootballdata.com/logos-dark/48/126.png', 'https://cdn.collegefootballdata.com/logos/32/126.png', 'https://cdn.collegefootballdata.com/logos-dark/32/126.png', 'https://cdn.collegefootballdata.com/logos/16/126.png', 'https://cdn.collegefootballdata.com/logos-dark/16/126.png']",,5904.0,Angell Field,Kalamazoo,MI,49007,US,,42.291707,-85.5872286,,2458.0,,,False
2305,Kansas,Jayhawks,KU,"['KU', 'Kansas']",Big 12,,fbs,#0051ba,#e8000d,"['https://cdn.collegefootballdata.com/logos/500/2305.png', 'https://cdn.collegefootballdata.com/logos-dark/500/2305.png', 'https://cdn.collegefootballdata.com/logos/256/2305.png', 'https://cdn.collegefootballdata.com/logos-dark/256/2305.png', 'https://cdn.collegefootballdata.com/logos/128/2305.png', 'https://cdn.collegefootballdata.com/logos-dark/128/2305.png', 'https://cdn.collegefootballdata.com/logos/96/2305.png', 'https://cdn.collegefootballdata.com/logos-dark/96/2305.png', 'https://cdn.collegefootballdata.com/logos/64/2305.png', 'https://cdn.collegefootballdata.com/logos-dark/64/2305.png', 'https://cdn.collegefootballdata.com/logos/48/2305.png', 'https://cdn.collegefootballdata.com/logos-dark/48/2305.png', 'https://cdn.collegefootballdata.com/logos/32/2305.png', 'https://cdn.collegefootballdata.com/logos-dark/32/2305.png', 'https://cdn.collegefootballdata.com/logos/16/2305.png', 'https://cdn.collegefootballdata.com/logos-dark/16/2305.png']",@KU_Football,3833.0,Memorial Stadium,Lawrence,KS,66045,US,America/Chicago,38.9629418,-95.2463686,274.855957,47000.0,1921.0,False,False
2306,Kansas State,Wildcats,KSU,"['KSU', 'Kansas St']",Big 12,,fbs,#512888,#ffffff,"['https://cdn.collegefootballdata.com/logos/500/2306.png', 'https://cdn.collegefootballdata.com/logos-dark/500/2306.png', 'https://cdn.collegefootballdata.com/logos/256/2306.png', 'https://cdn.collegefootballdata.com/logos-dark/256/2306.png', 'https://cdn.collegefootballdata.com/logos/128/2306.png', 'https://cdn.collegefootballdata.com/logos-dark/128/2306.png', 'https://cdn.collegefootballdata.com/logos/96/2306.png', 'https://cdn.collegefootballdata.com/logos-dark/96/2306.png', 'https://cdn.collegefootballdata.com/logos/64/2306.png', 'https://cdn.collegefootballdata.com/logos-dark/64/2306.png', 'https://cdn.collegefootballdata.com/logos/48/2306.png', 'https://cdn.collegefootballdata.com/logos-dark/48/2306.png', 'https://cdn.collegefootballdata.com/logos/32/2306.png', 'https://cdn.collegefootballdata.com/logos-dark/32/2306.png', 'https://cdn.collegefootballdata.com/logos/16/2306.png', 'https://cdn.collegefootballdata.com/logos-dark/16/2306.png']",@KStateFB,3636.0,Bill Snyder Family Stadium,Manhattan,KS,66502,US,America/Chicago,39.2020096,-96.5938395,328.0574646,50000.0,1968.0,False,False
547,Kansas Wesleyan,Ks Wesleyan,KANSA,"['KANSA', 'KS Weslyan']",,,,#000000,#null,[],,,,,,,,,,,,,,,
2871,Kean,Cougars,KEAN,"['KEAN', 'Kean']",New Jersey,,iii,#092f56,#ffffff,"['https://cdn.collegefootballdata.com/logos/500/2871.png', 'https://cdn.collegefootballdata.com/logos-dark/500/2871.png', 'https://cdn.collegefootballdata.com/logos/256/2871.png', 'https://cdn.collegefootballdata.com/logos-dark/256/2871.png', 'https://cdn.collegefootballdata.com/logos/128/2871.png', 'https://cdn.collegefootballdata.com/logos-dark/128/2871.png', 'https://cdn.collegefootballdata.com/logos/96/2871.png', 'https://cdn.collegefootballdata.com/logos-dark/96/2871.png', 'https://cdn.collegefootballdata.com/logos/64/2871.png', 'https://cdn.collegefootballdata.com/logos-dark/64/2871.png', 'https://cdn.collegefootballdata.com/logos/48/2871.png', 'https://cdn.collegefootballdata.com/logos-dark/48/2871.png', 'https://cdn.collegefootballdata.com/logos/32/2871.png', 'https://cdn.collegefootballdata.com/logos-dark/32/2871.png', 'https://cdn.collegefootballdata.com/logos/16/2871.png', 'https://cdn.collegefootballdata.com/logos-dark/16/2871.png']",,5905.0,Kean Alumni Stadium,Union,NJ,07083,US,America/New_York,40.6976019,-74.2632024,33,5300.0,,False,False
127230,Keiser (Fl),Keiser (Fl),,['Keiser (Fl)'],,,,#null,#null,,,,,,,,,,,,,,,,
126110,Keiser University,Keiser,KEISER,"['KEISER', 'Keiser Univers']",,,,#null,#null,,,,,,,,,,,,,,,,
338,Kennesaw State,Owls,KENN,"['Kennesaw', 'KENN', 'Kennesaw St']",Conference USA,,fbs,#fdbb30,#0b1315,"['https://cdn.collegefootballdata.com/logos/500/338.png', 'https://cdn.collegefootballdata.com/logos-dark/500/338.png', 'https://cdn.collegefootballdata.com/logos/256/338.png', 'https://cdn.collegefootballdata.com/logos-dark/256/338.png', 'https://cdn.collegefootballdata.com/logos/128/338.png', 'https://cdn.collegefootballdata.com/logos-dark/128/338.png', 'https://cdn.collegefootballdata.com/logos/96/338.png', 'https://cdn.collegefootballdata.com/logos-dark/96/338.png', 'https://cdn.collegefootballdata.com/logos/64/338.png', 'https://cdn.collegefootballdata.com/logos-dark/64/338.png', 'https://cdn.collegefootballdata.com/logos/48/338.png', 'https://cdn.collegefootballdata.com/logos-dark/48/338.png', 'https://cdn.collegefootballdata.com/logos/32/338.png', 'https://cdn.collegefootballdata.com/logos-dark/32/338.png', 'https://cdn.collegefootballdata.com/logos/16/338.png', 'https://cdn.collegefootballdata.com/logos-dark/16/338.png']",@KennesawStFB,4899.0,Fifth Third Stadium,Kennesaw,GA,30144,US,America/New_York,34.0289318,-84.5676234,296.9589844,11040.0,2010.0,True,False
2309,Kent State,Golden Flashes,KENT,"['KENT', 'Kent State']",Mid-American,,fbs,#002664,#eaab00,"['https://cdn.collegefootballdata.com/logos/500/2309.png', 'https://cdn.collegefootballdata.com/logos-dark/500/2309.png', 'https://cdn.collegefootballdata.com/logos/256/2309.png', 'https://cdn.collegefootballdata.com/logos-dark/256/2309.png', 'https://cdn.collegefootballdata.com/logos/128/2309.png', 'https://cdn.collegefootballdata.com/logos-dark/128/2309.png', 'https://cdn.collegefootballdata.com/logos/96/2309.png', 'https://cdn.collegefootballdata.com/logos-dark/96/2309.png', 'https://cdn.collegefootballdata.com/logos/64/2309.png', 'https://cdn.collegefootballdata.com/logos-dark/64/2309.png', 'https://cdn.collegefootballdata.com/logos/48/2309.png', 'https://cdn.collegefootballdata.com/logos-dark/48/2309.png', 'https://cdn.collegefootballdata.com/logos/32/2309.png', 'https://cdn.collegefootballdata.com/logos-dark/32/2309.png', 'https://cdn.collegefootballdata.com/logos/16/2309.png', 'https://cdn.collegefootballdata.com/logos-dark/16/2309.png']",@KentStFootball,3696.0,Dix Stadium,Kent,OH,44242,US,America/New_York,41.1390935,-81.31346,321.3641663,25319.0,1969.0,False,False
96,Kentucky,Wildcats,UK,"['UK', 'Kentucky']",SEC,,fbs,#0033a0,#ffffff,"['https://cdn.collegefootballdata.com/logos/500/96.png', 'https://cdn.collegefootballdata.com/logos-dark/500/96.png', 'https://cdn.collegefootballdata.com/logos/256/96.png', 'https://cdn.collegefootballdata.com/logos-dark/256/96.png', 'https://cdn.collegefootballdata.com/logos/128/96.png', 'https://cdn.collegefootballdata.com/logos-dark/128/96.png', 'https://cdn.collegefootballdata.com/logos/96/96.png', 'https://cdn.collegefootballdata.com/logos-dark/96/96.png', 'https://cdn.collegefootballdata.com/logos/64/96.png', 'https://cdn.collegefootballdata.com/logos-dark/64/96.png', 'https://cdn.collegefootballdata.com/logos/48/96.png', 'https://cdn.collegefootballdata.com/logos-dark/48/96.png', 'https://cdn.collegefootballdata.com/logos/32/96.png', 'https://cdn.collegefootballdata.com/logos-dark/32/96.png', 'https://cdn.collegefootballdata.com/logos/16/96.png', 'https://cdn.collegefootballdata.com/logos-dark/16/96.png']",@UKFootball,3683.0,Kroger Field,Lexington,KY,40506,US,America/New_York,38.0220905,-84.5053408,307.4248962,61000.0,1973.0,False,False
3077,Kentucky Christian,Knights,KYCHR,"['KYCHR', 'KCU']",,,,#000000,#null,[],,,,,,,,,,,,,,,
2310,Kentucky State,Thorobreds,KYSU,"['KYSU', 'Kentucky St']",SIAC,,ii,#000000,#null,"['https://cdn.collegefootballdata.com/logos/500/2310.png', 'https://cdn.collegefootballdata.com/logos-dark/500/2310.png', 'https://cdn.collegefootballdata.com/logos/256/2310.png', 'https://cdn.collegefootballdata.com/logos-dark/256/2310.png', 'https://cdn.collegefootballdata.com/logos/128/2310.png', 'https://cdn.collegefootballdata.com/logos-dark/128/2310.png', 'https://cdn.collegefootballdata.com/logos/96/2310.png', 'https://cdn.collegefootballdata.com/logos-dark/96/2310.png', 'https://cdn.collegefootballdata.com/logos/64/2310.png', 'https://cdn.collegefootballdata.com/logos-dark/64/2310.png', 'https://cdn.collegefootballdata.com/logos/48/2310.png', 'https://cdn.collegefootballdata.com/logos-dark/48/2310.png', 'https://cdn.collegefootballdata.com/logos/32/2310.png', 'https://cdn.collegefootballdata.com/logos-dark/32/2310.png', 'https://cdn.collegefootballdata.com/logos/16/2310.png', 'https://cdn.collegefootballdata.com/logos-dark/16/2310.png']",,6042.0,Alumni Stadium (KY),Frankfort,KY,40601,US,,38.2009055,-84.8732836,,6000.0,,,False
2316,Kentucky Wesleyan,Panthers,KWC,"['KWC', 'KY Wesleyan']",Great Midwest Athletic,,ii,#000000,#null,"['https://cdn.collegefootballdata.com/logos/500/2316.png', 'https://cdn.collegefootballdata.com/logos-dark/500/2316.png', 'https://cdn.collegefootballdata.com/logos/256/2316.png', 'https://cdn.collegefootballdata.com/logos-dark/256/2316.png', 'https://cdn.collegefootballdata.com/logos/128/2316.png', 'https://cdn.collegefootballdata.com/logos-dark/128/2316.png', 'https://cdn.collegefootballdata.com/logos/96/2316.png', 'https://cdn.collegefootballdata.com/logos-dark/96/2316.png', 'https://cdn.collegefootballdata.com/logos/64/2316.png', 'https://cdn.collegefootballdata.com/logos-dark/64/2316.png', 'https://cdn.collegefootballdata.com/logos/48/2316.png', 'https://cdn.collegefootballdata.com/logos-dark/48/2316.png', 'https://cdn.collegefootballdata.com/logos/32/2316.png', 'https://cdn.collegefootballdata.com/logos-dark/32/2316.png', 'https://cdn.collegefootballdata.com/logos/16/2316.png', 'https://cdn.collegefootballdata.com/logos-dark/16/2316.png']",,5263.0,Steele Stadium,Owensboro,KY,42   ,US,,37.742297,-87.119976,122.5809097,3000.0,2004.0,,False
352,Kenyon,Owls,KNY,"['KNY', 'Kenyon']",North Coast,,iii,#000000,#null,"['https://cdn.collegefootballdata.com/logos/500/352.png', 'https://cdn.collegefootballdata.com/logos-dark/500/352.png', 'https://cdn.collegefootballdata.com/logos/256/352.png', 'https://cdn.collegefootballdata.com/logos-dark/256/352.png', 'https://cdn.collegefootballdata.com/logos/128/352.png', 'https://cdn.collegefootballdata.com/logos-dark/128/352.png', 'https://cdn.collegefootballdata.com/logos/96/352.png', 'https://cdn.collegefootballdata.com/logos-dark/96/352.png', 'https://cdn.collegefootballdata.com/logos/64/352.png', 'https://cdn.collegefootballdata.com/logos-dark/64/352.png', 'https://cdn.collegefootballdata.com/logos/48/352.png', 'https://cdn.collegefootballdata.com/logos-dark/48/352.png', 'https://cdn.collegefootballdata.com/logos/32/352.png', 'https://cdn.collegefootballdata.com/logos-dark/32/352.png', 'https://cdn.collegefootballdata.com/logos/16/352.png', 'https://cdn.collegefootballdata.com/logos-dark/16/352.png']",,5906.0,McBride Field,Gambier,OH,43022,US,,40.375643,-82.3970994,,1762.0,,,False
122774,Keystone,Giants,KYSN,"['KYSN', 'Keystone']",Independent DIII,,iii,#null,#null,,,7082.0,Athletic Field Complex,La Plume,PA,18440,US,,41.5565738,-75.7551655,,1250.0,,,False
1001043,Kilgore College,,,[],,,,#null,#null,,,,,,,,,,,,,,,,
1000954,Kilgore J.C.,,,[],,,,#null,#null,,,,,,,,,,,,,,,,
247,King's,Monarchs,KNGS,"['KNGS', ""King's""]",Mid Atlantic,,iii,#c41230,#000000,"['https://cdn.collegefootballdata.com/logos/500/247.png', 'https://cdn.collegefootballdata.com/logos-dark/500/247.png', 'https://cdn.collegefootballdata.com/logos/256/247.png', 'https://cdn.collegefootballdata.com/logos-dark/256/247.png', 'https://cdn.collegefootballdata.com/logos/128/247.png', 'https://cdn.collegefootballdata.com/logos-dark/128/247.png', 'https://cdn.collegefootballdata.com/logos/96/247.png', 'https://cdn.collegefootballdata.com/logos-dark/96/247.png', 'https://cdn.collegefootballdata.com/logos/64/247.png', 'https://cdn.collegefootballdata.com/logos-dark/64/247.png', 'https://cdn.collegefootballdata.com/logos/48/247.png', 'https://cdn.collegefootballdata.com/logos-dark/48/247.png', 'https://cdn.collegefootballdata.com/logos/32/247.png', 'https://cdn.collegefootballdata.com/logos-dark/32/247.png', 'https://cdn.collegefootballdata.com/logos/16/247.png', 'https://cdn.collegefootballdata.com/logos-dark/16/247.png']",,5907.0,McCarthy Stadium (Wilkes Barre),Wilkes Barre Township,PA,18702,US,,41.23369915,-75.85364178943517,,3000.0,,,False
1001044,King's College,,,[],,,,#null,#null,,,,,,,,,,,,,,,,
255,Knox,Prairie Fire,KNOX,"['Knox', 'KNOX', 'Knox']",Midwest,,iii,#000000,#null,"['https://cdn.collegefootballdata.com/logos/500/255.png', 'https://cdn.collegefootballdata.com/logos-dark/500/255.png', 'https://cdn.collegefootballdata.com/logos/256/255.png', 'https://cdn.collegefootballdata.com/logos-dark/256/255.png', 'https://cdn.collegefootballdata.com/logos/128/255.png', 'https://cdn.collegefootballdata.com/logos-dark/128/255.png', 'https://cdn.collegefootballdata.com/logos/96/255.png', 'https://cdn.collegefootballdata.com/logos-dark/96/255.png', 'https://cdn.collegefootballdata.com/logos/64/255.png', 'https://cdn.collegefootballdata.com/logos-dark/64/255.png', 'https://cdn.collegefootballdata.com/logos/48/255.png', 'https://cdn.collegefootballdata.com/logos-dark/48/255.png', 'https://cdn.collegefootballdata.com/logos/32/255.png', 'https://cdn.collegefootballdata.com/logos-dark/32/255.png', 'https://cdn.collegefootballdata.com/logos/16/255.png', 'https://cdn.collegefootballdata.com/logos-dark/16/255.png']",,5908.0,Harley Knosher Bowl,Galesburg,IL,61401,US,,40.9475652,-90.3712169,,6000.0,,,False
2315,Kutztown,Golden Bears,KUTZ,"['KUTZ', 'Kutztown']",Pennsylvania State Athletic,Eastern,ii,#000000,#null,"['https://cdn.collegefootballdata.com/logos/500/2315.png', 'https://cdn.collegefootballdata.com/logos-dark/500/2315.png', 'https://cdn.collegefootballdata.com/logos/256/2315.png', 'https://cdn.collegefootballdata.com/logos-dark/256/2315.png', 'https://cdn.collegefootballdata.com/logos/128/2315.png', 'https://cdn.collegefootballdata.com/logos-dark/128/2315.png', 'https://cdn.collegefootballdata.com/logos/96/2315.png', 'https://cdn.collegefootballdata.com/logos-dark/96/2315.png', 'https://cdn.collegefootballdata.com/logos/64/2315.png', 'https://cdn.collegefootballdata.com/logos-dark/64/2315.png', 'https://cdn.collegefootballdata.com/logos/48/2315.png', 'https://cdn.collegefootballdata.com/logos-dark/48/2315.png', 'https://cdn.collegefootballdata.com/logos/32/2315.png', 'https://cdn.collegefootballdata.com/logos-dark/32/2315.png', 'https://cdn.collegefootballdata.com/logos/16/2315.png', 'https://cdn.collegefootballdata.com/logos-dark/16/2315.png']",,4432.0,Andre Reed Stadium,Kutztown,PA,17067,US,,40.5173165,-75.7774177,,5600.0,,,False
132714,Lackawanna,,LAC,['LAC'],,,,#null,#null,,,,,,,,,,,,,,,,
1000990,Lackawanna C.C.,,,[],,,,#null,#null,,,,,,,,,,,,,,,,
1000993,Lackawanna College,,,[],,,,#null,#null,,,,,,,,,,,,,,,,
322,Lafayette,Leopards,LAF,"['LAF', 'Lafayette']",Patriot,,fcs,#790000,#a59474,"['https://cdn.collegefootballdata.com/logos/500/322.png', 'https://cdn.collegefootballdata.com/logos-dark/500/322.png', 'https://cdn.collegefootballdata.com/logos/256/322.png', 'https://cdn.collegefootballdata.com/logos-dark/256/322.png', 'https://cdn.collegefootballdata.com/logos/128/322.png', 'https://cdn.collegefootballdata.com/logos-dark/128/322.png', 'https://cdn.collegefootballdata.com/logos/96/322.png', 'https://cdn.collegefootballdata.com/logos-dark/96/322.png', 'https://cdn.collegefootballdata.com/logos/64/322.png', 'https://cdn.collegefootballdata.com/logos-dark/64/322.png', 'https://cdn.collegefootballdata.com/logos/48/322.png', 'https://cdn.collegefootballdata.com/logos-dark/48/322.png', 'https://cdn.collegefootballdata.com/logos/32/322.png', 'https://cdn.collegefootballdata.com/logos-dark/32/322.png', 'https://cdn.collegefootballdata.com/logos/16/322.png', 'https://cdn.collegefootballdata.com/logos-dark/16/322.png']",@LafColFootball,3721.0,Fisher Field,Easton,PA,18042,US,America/New_York,40.7009796,-75.2106499,81.43208313,13132.0,1926.0,False,False
548,LaGrange,Panthers,LGC,"['LGC', 'LaGrange']",USA South,,iii,#000000,#null,"['https://cdn.collegefootballdata.com/logos/500/548.png', 'https://cdn.collegefootballdata.com/logos-dark/500/548.png', 'https://cdn.collegefootballdata.com/logos/256/548.png', 'https://cdn.collegefootballdata.com/logos-dark/256/548.png', 'https://cdn.collegefootballdata.com/logos/128/548.png', 'https://cdn.collegefootballdata.com/logos-dark/128/548.png', 'https://cdn.collegefootballdata.com/logos/96/548.png', 'https://cdn.collegefootballdata.com/logos-dark/96/548.png', 'https://cdn.collegefootballdata.com/logos/64/548.png', 'https://cdn.collegefootballdata.com/logos-dark/64/548.png', 'https://cdn.collegefootballdata.com/logos/48/548.png', 'https://cdn.collegefootballdata.com/logos-dark/48/548.png', 'https://cdn.collegefootballdata.com/logos/32/548.png', 'https://cdn.collegefootballdata.com/logos-dark/32/548.png', 'https://cdn.collegefootballdata.com/logos/16/548.png', 'https://cdn.collegefootballdata.com/logos-dark/16/548.png']",,5910.0,Callaway Stadium,Lagrange,GA,,US,,33.039291,-85.0313269,,5000.0,,,False
437,Lake Erie,Storm,LKER,"['LKER', 'Lake Erie']",Great Midwest Athletic,,ii,#000000,#null,"['https://cdn.collegefootballdata.com/logos/500/437.png', 'https://cdn.collegefootballdata.com/logos-dark/500/437.png', 'https://cdn.collegefootballdata.com/logos/256/437.png', 'https://cdn.collegefootballdata.com/logos-dark/256/437.png', 'https://cdn.collegefootballdata.com/logos/128/437.png', 'https://cdn.collegefootballdata.com/logos-dark/128/437.png', 'https://cdn.collegefootballdata.com/logos/96/437.png', 'https://cdn.collegefootballdata.com/logos-dark/96/437.png', 'https://cdn.collegefootballdata.com/logos/64/437.png', 'https://cdn.collegefootballdata.com/logos-dark/64/437.png', 'https://cdn.collegefootballdata.com/logos/48/437.png', 'https://cdn.collegefootballdata.com/logos-dark/48/437.png', 'https://cdn.collegefootballdata.com/logos/32/437.png', 'https://cdn.collegefootballdata.com/logos-dark/32/437.png', 'https://cdn.collegefootballdata.com/logos/16/437.png', 'https://cdn.collegefootballdata.com/logos-dark/16/437.png']",,3769.0,Jack Britt Memorial Stadium,Painesville,OH,44077,US,,41.7244885,-81.245657,,3000.0,,,False
1001052,Lake Erie College,,,[],,,,#null,#null,,,,,,,,,,,,,,,,
262,Lake Forest,Foresters,LFC,"['LFC', 'Lake Forest']",Midwest,,iii,#000000,#null,"['https://cdn.collegefootballdata.com/logos/500/262.png', 'https://cdn.collegefootballdata.com/logos-dark/500/262.png', 'https://cdn.collegefootballdata.com/logos/256/262.png', 'https://cdn.collegefootballdata.com/logos-dark/256/262.png', 'https://cdn.collegefootballdata.com/logos/128/262.png', 'https://cdn.collegefootballdata.com/logos-dark/128/262.png', 'https://cdn.collegefootballdata.com/logos/96/262.png', 'https://cdn.collegefootballdata.com/logos-dark/96/262.png', 'https://cdn.collegefootballdata.com/logos/64/262.png', 'https://cdn.collegefootballdata.com/logos-dark/64/262.png', 'https://cdn.collegefootballdata.com/logos/48/262.png', 'https://cdn.collegefootballdata.com/logos-dark/48/262.png', 'https://cdn.collegefootballdata.com/logos/32/262.png', 'https://cdn.collegefootballdata.com/logos-dark/32/262.png', 'https://cdn.collegefootballdata.com/logos/16/262.png', 'https://cdn.collegefootballdata.com/logos-dark/16/262.png']",,5915.0,Farwell Field,Lake Forest,IL,60045,US,,42.2586342,-87.840625,,2000.0,,,False
6353,Lakeland,Muskies,LKLD,"['LKLD', 'Lakeland']",NACC,,iii,#null,#null,"['https://cdn.collegefootballdata.com/logos/500/6353.png', 'https://cdn.collegefootballdata.com/logos-dark/500/6353.png', 'https://cdn.collegefootballdata.com/logos/256/6353.png', 'https://cdn.collegefootballdata.com/logos-dark/256/6353.png', 'https://cdn.collegefootballdata.com/logos/128/6353.png', 'https://cdn.collegefootballdata.com/logos-dark/128/6353.png', 'https://cdn.collegefootballdata.com/logos/96/6353.png', 'https://cdn.collegefootballdata.com/logos-dark/96/6353.png', 'https://cdn.collegefootballdata.com/logos/64/6353.png', 'https://cdn.collegefootballdata.com/logos-dark/64/6353.png', 'https://cdn.collegefootballdata.com/logos/48/6353.png', 'https://cdn.collegefootballdata.com/logos-dark/48/6353.png', 'https://cdn.collegefootballdata.com/logos/32/6353.png', 'https://cdn.collegefootballdata.com/logos-dark/32/6353.png', 'https://cdn.collegefootballdata.com/logos/16/6353.png', 'https://cdn.collegefootballdata.com/logos-dark/16/6353.png']",,5918.0,Taylor Field,Plymouth,WI,53073,US,America/Chicago,43.7486054,-87.977038,260,1000.0,2017.0,False,False
2320,Lamar,Cardinals,LAM,"['LAM', 'Lamar']",Southland,,fcs,#000000,#ebebeb,"['https://cdn.collegefootballdata.com/logos/500/2320.png', 'https://cdn.collegefootballdata.com/logos-dark/500/2320.png', 'https://cdn.collegefootballdata.com/logos/256/2320.png', 'https://cdn.collegefootballdata.com/logos-dark/256/2320.png', 'https://cdn.collegefootballdata.com/logos/128/2320.png', 'https://cdn.collegefootballdata.com/logos-dark/128/2320.png', 'https://cdn.collegefootballdata.com/logos/96/2320.png', 'https://cdn.collegefootballdata.com/logos-dark/96/2320.png', 'https://cdn.collegefootballdata.com/logos/64/2320.png', 'https://cdn.collegefootballdata.com/logos-dark/64/2320.png', 'https://cdn.collegefootballdata.com/logos/48/2320.png', 'https://cdn.collegefootballdata.com/logos-dark/48/2320.png', 'https://cdn.collegefootballdata.com/logos/32/2320.png', 'https://cdn.collegefootballdata.com/logos-dark/32/2320.png', 'https://cdn.collegefootballdata.com/logos/16/2320.png', 'https://cdn.collegefootballdata.com/logos-dark/16/2320.png']",@LamarFootball,3882.0,Provost Umphrey Stadium,Beaumont,TX,77705,US,America/Chicago,30.04313,-94.069963,3.981505394,16000.0,1964.0,False,False
1001075,Lamar Christian School,,,[],,,,#null,#null,,,,,,,,,,,,,,,,
2321,Lambuth,Eagles,LAM,"['LAM', 'Lambuth']",,,,#000000,#null,[],,,,,,,,,,,,,,,
2323,Lane College,Dragons,LANE,"['Lane College', 'LANE', 'Lane College']",SIAC,,ii,#000000,#null,"['https://cdn.collegefootballdata.com/logos/500/2323.png', 'https://cdn.collegefootballdata.com/logos-dark/500/2323.png', 'https://cdn.collegefootballdata.com/logos/256/2323.png', 'https://cdn.collegefootballdata.com/logos-dark/256/2323.png', 'https://cdn.collegefootballdata.com/logos/128/2323.png', 'https://cdn.collegefootballdata.com/logos-dark/128/2323.png', 'https://cdn.collegefootballdata.com/logos/96/2323.png', 'https://cdn.collegefootballdata.com/logos-dark/96/2323.png', 'https://cdn.collegefootballdata.com/logos/64/2323.png', 'https://cdn.collegefootballdata.com/logos-dark/64/2323.png', 'https://cdn.collegefootballdata.com/logos/48/2323.png', 'https://cdn.collegefootballdata.com/logos-dark/48/2323.png', 'https://cdn.collegefootballdata.com/logos/32/2323.png', 'https://cdn.collegefootballdata.com/logos-dark/32/2323.png', 'https://cdn.collegefootballdata.com/logos/16/2323.png', 'https://cdn.collegefootballdata.com/logos-dark/16/2323.png']",,6044.0,Lane Field,Jackson,TN,38301,US,,35.6144446,-88.8177418,,2500.0,,,False
1000994,Laney College,,,[],,,,#null,#null,,,,,,,,,,,,,,,,
2324,Langston,Lions,LNGT,"['LNGT', 'Langston']",,,,#null,#null,[],,,,,,,,,,,,,,,
2325,La Salle,Explorers,LAS,"['LAS', 'La Salle']",,,,#null,#null,,,,,,,,,,,,,,,,
1001078,Laurier,,,[],,,,#null,#null,,,,,,,,,,,,,,,,
2318,La Verne,Leopards,ULV,"['ULV', 'La Verne']",So. Cal.,,iii,#004812,#f89828,"['https://cdn.collegefootballdata.com/logos/500/2318.png', 'https://cdn.collegefootballdata.com/logos-dark/500/2318.png', 'https://cdn.collegefootballdata.com/logos/256/2318.png', 'https://cdn.collegefootballdata.com/logos-dark/256/2318.png', 'https://cdn.collegefootballdata.com/logos/128/2318.png', 'https://cdn.collegefootballdata.com/logos-dark/128/2318.png', 'https://cdn.collegefootballdata.com/logos/96/2318.png', 'https://cdn.collegefootballdata.com/logos-dark/96/2318.png', 'https://cdn.collegefootballdata.com/logos/64/2318.png', 'https://cdn.collegefootballdata.com/logos-dark/64/2318.png', 'https://cdn.collegefootballdata.com/logos/48/2318.png', 'https://cdn.collegefootballdata.com/logos-dark/48/2318.png', 'https://cdn.collegefootballdata.com/logos/32/2318.png', 'https://cdn.collegefootballdata.com/logos-dark/32/2318.png', 'https://cdn.collegefootballdata.com/logos/16/2318.png', 'https://cdn.collegefootballdata.com/logos-dark/16/2318.png']",,5909.0,Ortmayer Stadium,La Verne,CA,91750,US,,34.1008426,-117.7678355,,2500.0,,,False
268,Lawrence,Vikings,LAW,"['LAW', 'Lawrence']",Midwest,,iii,#000000,#null,"['https://cdn.collegefootballdata.com/logos/500/268.png', 'https://cdn.collegefootballdata.com/logos-dark/500/268.png', 'https://cdn.collegefootballdata.com/logos/256/268.png', 'https://cdn.collegefootballdata.com/logos-dark/256/268.png', 'https://cdn.collegefootballdata.com/logos/128/268.png', 'https://cdn.collegefootballdata.com/logos-dark/128/268.png', 'https://cdn.collegefootballdata.com/logos/96/268.png', 'https://cdn.collegefootballdata.com/logos-dark/96/268.png', 'https://cdn.collegefootballdata.com/logos/64/268.png', 'https://cdn.collegefootballdata.com/logos-dark/64/268.png', 'https://cdn.collegefootballdata.com/logos/48/268.png', 'https://cdn.collegefootballdata.com/logos-dark/48/268.png', 'https://cdn.collegefootballdata.com/logos/32/268.png', 'https://cdn.collegefootballdata.com/logos-dark/32/268.png', 'https://cdn.collegefootballdata.com/logos/16/268.png', 'https://cdn.collegefootballdata.com/logos-dark/16/268.png']",,5919.0,Ron Roberts Field at the Banta Bowl,Appleton,WI,,US,,44.2613967,-88.4069744,,3634.0,,,False
102071,Lawrence Tech,Blue Devils,LWTC,"['LWTC', 'Lawrence Tech']",,,,#null,#null,,,,,,,,,,,,,,,,
388,Lebanon Valley,Flying Dutchmen,LVC,"['LVC', 'Lebanon Valley']",Mid Atlantic,,iii,#003767,#ffffff,"['https://cdn.collegefootballdata.com/logos/500/388.png', 'https://cdn.collegefootballdata.com/logos-dark/500/388.png', 'https://cdn.collegefootballdata.com/logos/256/388.png', 'https://cdn.collegefootballdata.com/logos-dark/256/388.png', 'https://cdn.collegefootballdata.com/logos/128/388.png', 'https://cdn.collegefootballdata.com/logos-dark/128/388.png', 'https://cdn.collegefootballdata.com/logos/96/388.png', 'https://cdn.collegefootballdata.com/logos-dark/96/388.png', 'https://cdn.collegefootballdata.com/logos/64/388.png', 'https://cdn.collegefootballdata.com/logos-dark/64/388.png', 'https://cdn.collegefootballdata.com/logos/48/388.png', 'https://cdn.collegefootballdata.com/logos-dark/48/388.png', 'https://cdn.collegefootballdata.com/logos/32/388.png', 'https://cdn.collegefootballdata.com/logos-dark/32/388.png', 'https://cdn.collegefootballdata.com/logos/16/388.png', 'https://cdn.collegefootballdata.com/logos-dark/16/388.png']",,3621.0,Arnold Field (PA),Annville,PA,17003,US,,40.3295901,-76.515226,,2000.0,,,False
2329,Lehigh,Mountain Hawks,LEH,"['LEH', 'Lehigh']",Patriot,,fcs,#6c2b2a,#b69e70,"['https://cdn.collegefootballdata.com/logos/500/2329.png', 'https://cdn.collegefootballdata.com/logos-dark/500/2329.png', 'https://cdn.collegefootballdata.com/logos/256/2329.png', 'https://cdn.collegefootballdata.com/logos-dark/256/2329.png', 'https://cdn.collegefootballdata.com/logos/128/2329.png', 'https://cdn.collegefootballdata.com/logos-dark/128/2329.png', 'https://cdn.collegefootballdata.com/logos/96/2329.png', 'https://cdn.collegefootballdata.com/logos-dark/96/2329.png', 'https://cdn.collegefootballdata.com/logos/64/2329.png', 'https://cdn.collegefootballdata.com/logos-dark/64/2329.png', 'https://cdn.collegefootballdata.com/logos/48/2329.png', 'https://cdn.collegefootballdata.com/logos-dark/48/2329.png', 'https://cdn.collegefootballdata.com/logos/32/2329.png', 'https://cdn.collegefootballdata.com/logos-dark/32/2329.png', 'https://cdn.collegefootballdata.com/logos/16/2329.png', 'https://cdn.collegefootballdata.com/logos-dark/16/2329.png']",@LehighFootball,3741.0,Goodman Stadium,Bethlehem,PA,18015,US,America/New_York,40.5890837,-75.3553874,90.32305145,16000.0,1988.0,False,False
1001069,LeMoyne-Owen,,,[],,,,#null,#null,,,,,,,,,,,,,,,,
2331,Lenoir Rhyne,Bears,LENR,"['LENR', 'Lenoir Rhyne']",South Atlantic,,ii,#000000,#ffffff,"['https://cdn.collegefootballdata.com/logos/500/2331.png', 'https://cdn.collegefootballdata.com/logos-dark/500/2331.png', 'https://cdn.collegefootballdata.com/logos/256/2331.png', 'https://cdn.collegefootballdata.com/logos-dark/256/2331.png', 'https://cdn.collegefootballdata.com/logos/128/2331.png', 'https://cdn.collegefootballdata.com/logos-dark/128/2331.png', 'https://cdn.collegefootballdata.com/logos/96/2331.png', 'https://cdn.collegefootballdata.com/logos-dark/96/2331.png', 'https://cdn.collegefootballdata.com/logos/64/2331.png', 'https://cdn.collegefootballdata.com/logos-dark/64/2331.png', 'https://cdn.collegefootballdata.com/logos/48/2331.png', 'https://cdn.collegefootballdata.com/logos-dark/48/2331.png', 'https://cdn.collegefootballdata.com/logos/32/2331.png', 'https://cdn.collegefootballdata.com/logos-dark/32/2331.png', 'https://cdn.collegefootballdata.com/logos/16/2331.png', 'https://cdn.collegefootballdata.com/logos-dark/16/2331.png']",,6553.0,Helen and Leonard Moretz Stadium,Hickory,NC,28602,US,,35.7333312,-81.3442915,,8500.0,,,False
1001092,Lenoir-Rhyne,,,[],,,,#null,#null,,,,,,,,,,,,,,,,
1001093,Lenoir-Rhyne,,,[],,,,#null,#null,,,,,,,,,,,,,,,,
2333,Lewis & Clark,River Otters,LC,"['LC', 'Lewis & Clark']",Northwest,,iii,#f37737,#000000,"['https://cdn.collegefootballdata.com/logos/500/2333.png', 'https://cdn.collegefootballdata.com/logos-dark/500/2333.png', 'https://cdn.collegefootballdata.com/logos/256/2333.png', 'https://cdn.collegefootballdata.com/logos-dark/256/2333.png', 'https://cdn.collegefootballdata.com/logos/128/2333.png', 'https://cdn.collegefootballdata.com/logos-dark/128/2333.png', 'https://cdn.collegefootballdata.com/logos/96/2333.png', 'https://cdn.collegefootballdata.com/logos-dark/96/2333.png', 'https://cdn.collegefootballdata.com/logos/64/2333.png', 'https://cdn.collegefootballdata.com/logos-dark/64/2333.png', 'https://cdn.collegefootballdata.com/logos/48/2333.png', 'https://cdn.collegefootballdata.com/logos-dark/48/2333.png', 'https://cdn.collegefootballdata.com/logos/32/2333.png', 'https://cdn.collegefootballdata.com/logos-dark/32/2333.png', 'https://cdn.collegefootballdata.com/logos/16/2333.png', 'https://cdn.collegefootballdata.com/logos-dark/16/2333.png']",,5920.0,Griswold Stadium,Portland,OR,97201,US,,45.5202471,-122.6741949,,3000.0,,,False
2335,Liberty,Flames,LIB,"['LIB', 'Liberty']",Conference USA,,fbs,#0a254e,#b72025,"['https://cdn.collegefootballdata.com/logos/500/2335.png', 'https://cdn.collegefootballdata.com/logos-dark/500/2335.png', 'https://cdn.collegefootballdata.com/logos/256/2335.png', 'https://cdn.collegefootballdata.com/logos-dark/256/2335.png', 'https://cdn.collegefootballdata.com/logos/128/2335.png', 'https://cdn.collegefootballdata.com/logos-dark/128/2335.png', 'https://cdn.collegefootballdata.com/logos/96/2335.png', 'https://cdn.collegefootballdata.com/logos-dark/96/2335.png', 'https://cdn.collegefootballdata.com/logos/64/2335.png', 'https://cdn.collegefootballdata.com/logos-dark/64/2335.png', 'https://cdn.collegefootballdata.com/logos/48/2335.png', 'https://cdn.collegefootballdata.com/logos-dark/48/2335.png', 'https://cdn.collegefootballdata.com/logos/32/2335.png', 'https://cdn.collegefootballdata.com/logos-dark/32/2335.png', 'https://cdn.collegefootballdata.com/logos/16/2335.png', 'https://cdn.collegefootballdata.com/logos-dark/16/2335.png']",@LibertyFootball,3992.0,Williams Stadium (VA),Lynchburg,VA,24502,US,America/New_York,37.3544305,-79.1750239,272.9237061,25000.0,1989.0,False,False
2336,Limestone,Saints,LIMESTONE,"['LIMESTONE', 'Limestone']",South Atlantic,,ii,#19468d,#fff607,"['https://cdn.collegefootballdata.com/logos/500/2336.png', 'https://cdn.collegefootballdata.com/logos-dark/500/2336.png', 'https://cdn.collegefootballdata.com/logos/256/2336.png', 'https://cdn.collegefootballdata.com/logos-dark/256/2336.png', 'https://cdn.collegefootballdata.com/logos/128/2336.png', 'https://cdn.collegefootballdata.com/logos-dark/128/2336.png', 'https://cdn.collegefootballdata.com/logos/96/2336.png', 'https://cdn.collegefootballdata.com/logos-dark/96/2336.png', 'https://cdn.collegefootballdata.com/logos/64/2336.png', 'https://cdn.collegefootballdata.com/logos-dark/64/2336.png', 'https://cdn.collegefootballdata.com/logos/48/2336.png', 'https://cdn.collegefootballdata.com/logos-dark/48/2336.png', 'https://cdn.collegefootballdata.com/logos/32/2336.png', 'https://cdn.collegefootballdata.com/logos-dark/32/2336.png', 'https://cdn.collegefootballdata.com/logos/16/2336.png', 'https://cdn.collegefootballdata.com/logos-dark/16/2336.png']",,4750.0,The Reservation,Gaffney,SC,29342,US,,35.0717945,-81.6498195,212.4,10000.0,2008.0,,False
1000971,Limestone College,,,[],,,,#null,#null,,,,,,,,,,,,,,,,
1001034,Limestone University,,,[],,,,#null,#null,,,,,,,,,,,,,,,,
124179,Lincoln (CA),Oaklanders,LNCA,"['LNCA', 'Lincoln (CA)']",Independent DII,,ii,#null,#null,,,,,,,,,,,,,,,,
2876,Lincoln (MO),Blue Tigers,LNMO,"['LNMO', 'Lincoln (MO)']",Great Lakes,,ii,#000000,#null,"['https://cdn.collegefootballdata.com/logos/500/2876.png', 'https://cdn.collegefootballdata.com/logos-dark/500/2876.png', 'https://cdn.collegefootballdata.com/logos/256/2876.png', 'https://cdn.collegefootballdata.com/logos-dark/256/2876.png', 'https://cdn.collegefootballdata.com/logos/128/2876.png', 'https://cdn.collegefootballdata.com/logos-dark/128/2876.png', 'https://cdn.collegefootballdata.com/logos/96/2876.png', 'https://cdn.collegefootballdata.com/logos-dark/96/2876.png', 'https://cdn.collegefootballdata.com/logos/64/2876.png', 'https://cdn.collegefootballdata.com/logos-dark/64/2876.png', 'https://cdn.collegefootballdata.com/logos/48/2876.png', 'https://cdn.collegefootballdata.com/logos-dark/48/2876.png', 'https://cdn.collegefootballdata.com/logos/32/2876.png', 'https://cdn.collegefootballdata.com/logos-dark/32/2876.png', 'https://cdn.collegefootballdata.com/logos/16/2876.png', 'https://cdn.collegefootballdata.com/logos-dark/16/2876.png']",,6045.0,Dwight T. Reed Stadium,Jefferson City,MO,65101,US,,38.577359,-92.1724265,,5500.0,,,False
2339,Lincoln (PA),Lions,LNPA,"['LNPA', 'Lincoln (PA)']",CIAA,Northern,ii,#000000,#null,"['https://cdn.collegefootballdata.com/logos/500/2339.png', 'https://cdn.collegefootballdata.com/logos-dark/500/2339.png', 'https://cdn.collegefootballdata.com/logos/256/2339.png', 'https://cdn.collegefootballdata.com/logos-dark/256/2339.png', 'https://cdn.collegefootballdata.com/logos/128/2339.png', 'https://cdn.collegefootballdata.com/logos-dark/128/2339.png', 'https://cdn.collegefootballdata.com/logos/96/2339.png', 'https://cdn.collegefootballdata.com/logos-dark/96/2339.png', 'https://cdn.collegefootballdata.com/logos/64/2339.png', 'https://cdn.collegefootballdata.com/logos-dark/64/2339.png', 'https://cdn.collegefootballdata.com/logos/48/2339.png', 'https://cdn.collegefootballdata.com/logos-dark/48/2339.png', 'https://cdn.collegefootballdata.com/logos/32/2339.png', 'https://cdn.collegefootballdata.com/logos-dark/32/2339.png', 'https://cdn.collegefootballdata.com/logos/16/2339.png', 'https://cdn.collegefootballdata.com/logos-dark/16/2339.png']",,3808.0,Lincoln University Stadium,Lincoln University,PA,19352,US,,39.8065518,-75.92870551247694,,5000.0,,,False
2815,Lindenwood,Lions,LIN,"['LIN', 'Lindenwood']",OVC,,fcs,#000000,#null,"['https://cdn.collegefootballdata.com/logos/500/2815.png', 'https://cdn.collegefootballdata.com/logos-dark/500/2815.png', 'https://cdn.collegefootballdata.com/logos/256/2815.png', 'https://cdn.collegefootballdata.com/logos-dark/256/2815.png', 'https://cdn.collegefootballdata.com/logos/128/2815.png', 'https://cdn.collegefootballdata.com/logos-dark/128/2815.png', 'https://cdn.collegefootballdata.com/logos/96/2815.png', 'https://cdn.collegefootballdata.com/logos-dark/96/2815.png', 'https://cdn.collegefootballdata.com/logos/64/2815.png', 'https://cdn.collegefootballdata.com/logos-dark/64/2815.png', 'https://cdn.collegefootballdata.com/logos/48/2815.png', 'https://cdn.collegefootballdata.com/logos-dark/48/2815.png', 'https://cdn.collegefootballdata.com/logos/32/2815.png', 'https://cdn.collegefootballdata.com/logos-dark/32/2815.png', 'https://cdn.collegefootballdata.com/logos/16/2815.png', 'https://cdn.collegefootballdata.com/logos-dark/16/2815.png']",@LindenwoodFB,3749.0,Hunter Stadium,Saint Charles,MO,63301,US,America/Chicago,38.7946252,-90.519829,159,7450.0,1976.0,False,False
3209,Lindenwood Belleville,Lynx,LINB,"['LINB', 'Lind Bellv']",,,,#null,#null,[],,,,,,,,,,,,,,,
1000955,Lindenwood University,,,[],,,,#null,#null,,,,,,,,,,,,,,,,
2877,Lindsey Wilson,LINDSEY,LWU,"['LWU', 'Lindsey Wilson']",,,,#null,#null,[],,,,,,,,,,,,,,,
203,Linfield,Wildcats,LINF,"['LINF', 'Linfield']",Northwest,,iii,#46256a,#d41e47,"['https://cdn.collegefootballdata.com/logos/500/203.png', 'https://cdn.collegefootballdata.com/logos-dark/500/203.png', 'https://cdn.collegefootballdata.com/logos/256/203.png', 'https://cdn.collegefootballdata.com/logos-dark/256/203.png', 'https://cdn.collegefootballdata.com/logos/128/203.png', 'https://cdn.collegefootballdata.com/logos-dark/128/203.png', 'https://cdn.collegefootballdata.com/logos/96/203.png', 'https://cdn.collegefootballdata.com/logos-dark/96/203.png', 'https://cdn.collegefootballdata.com/logos/64/203.png', 'https://cdn.collegefootballdata.com/logos-dark/64/203.png', 'https://cdn.collegefootballdata.com/logos/48/203.png', 'https://cdn.collegefootballdata.com/logos-dark/48/203.png', 'https://cdn.collegefootballdata.com/logos/32/203.png', 'https://cdn.collegefootballdata.com/logos-dark/32/203.png', 'https://cdn.collegefootballdata.com/logos/16/203.png', 'https://cdn.collegefootballdata.com/logos-dark/16/203.png']",,5119.0,Maxwell Field,Mcminnville,OR,97128,US,America/Los_Angeles,45.2100367,-123.194463,50,4000.0,,,False
2089,LIU Post,Pioneers,LIU,"['LIU-C.W. Post', 'LIU', 'LIU Post']",,,,#000000,#null,[],,,,,,,,,,,,,,,
2940,Livingstone,Blue Bears,LIV,"['LIV', 'Livingstone']",CIAA,Southern,ii,#000000,#null,"['https://cdn.collegefootballdata.com/logos/500/2940.png', 'https://cdn.collegefootballdata.com/logos-dark/500/2940.png', 'https://cdn.collegefootballdata.com/logos/256/2940.png', 'https://cdn.collegefootballdata.com/logos-dark/256/2940.png', 'https://cdn.collegefootballdata.com/logos/128/2940.png', 'https://cdn.collegefootballdata.com/logos-dark/128/2940.png', 'https://cdn.collegefootballdata.com/logos/96/2940.png', 'https://cdn.collegefootballdata.com/logos-dark/96/2940.png', 'https://cdn.collegefootballdata.com/logos/64/2940.png', 'https://cdn.collegefootballdata.com/logos-dark/64/2940.png', 'https://cdn.collegefootballdata.com/logos/48/2940.png', 'https://cdn.collegefootballdata.com/logos-dark/48/2940.png', 'https://cdn.collegefootballdata.com/logos/32/2940.png', 'https://cdn.collegefootballdata.com/logos-dark/32/2940.png', 'https://cdn.collegefootballdata.com/logos/16/2940.png', 'https://cdn.collegefootballdata.com/logos-dark/16/2940.png']",,3612.0,Alumni Memorial Stadium (NC),Salisbury,NC,28144,US,,35.6709727,-80.4742261,,6000.0,,,False
1000972,Livingstone College,,,[],,,,#null,#null,,,,,,,,,,,,,,,,
209,Lock Haven,Bald Eagles,LHU,"['LHU', 'Lock Haven']",Pennsylvania State Athletic,Eastern,ii,#000000,#null,"['https://cdn.collegefootballdata.com/logos/500/209.png', 'https://cdn.collegefootballdata.com/logos-dark/500/209.png', 'https://cdn.collegefootballdata.com/logos/256/209.png', 'https://cdn.collegefootballdata.com/logos-dark/256/209.png', 'https://cdn.collegefootballdata.com/logos/128/209.png', 'https://cdn.collegefootballdata.com/logos-dark/128/209.png', 'https://cdn.collegefootballdata.com/logos/96/209.png', 'https://cdn.collegefootballdata.com/logos-dark/96/209.png', 'https://cdn.collegefootballdata.com/logos/64/209.png', 'https://cdn.collegefootballdata.com/logos-dark/64/209.png', 'https://cdn.collegefootballdata.com/logos/48/209.png', 'https://cdn.collegefootballdata.com/logos-dark/48/209.png', 'https://cdn.collegefootballdata.com/logos/32/209.png', 'https://cdn.collegefootballdata.com/logos-dark/32/209.png', 'https://cdn.collegefootballdata.com/logos/16/209.png', 'https://cdn.collegefootballdata.com/logos-dark/16/209.png']",,3760.0,Hubert Jack Stadium,Lock Haven,PA,,US,,41.1369077,-77.4471641,,3500.0,,,False
1001022,Long Beach City College,,,[],,,,#null,#null,,,,,,,,,,,,,,,,
2341,Long Island University,Sharks,LIU,"['LIU', 'Long Island']",NEC,,fcs,#null,#null,"['https://cdn.collegefootballdata.com/logos/500/2341.png', 'https://cdn.collegefootballdata.com/logos-dark/500/2341.png', 'https://cdn.collegefootballdata.com/logos/256/2341.png', 'https://cdn.collegefootballdata.com/logos-dark/256/2341.png', 'https://cdn.collegefootballdata.com/logos/128/2341.png', 'https://cdn.collegefootballdata.com/logos-dark/128/2341.png', 'https://cdn.collegefootballdata.com/logos/96/2341.png', 'https://cdn.collegefootballdata.com/logos-dark/96/2341.png', 'https://cdn.collegefootballdata.com/logos/64/2341.png', 'https://cdn.collegefootballdata.com/logos-dark/64/2341.png', 'https://cdn.collegefootballdata.com/logos/48/2341.png', 'https://cdn.collegefootballdata.com/logos-dark/48/2341.png', 'https://cdn.collegefootballdata.com/logos/32/2341.png', 'https://cdn.collegefootballdata.com/logos-dark/32/2341.png', 'https://cdn.collegefootballdata.com/logos/16/2341.png', 'https://cdn.collegefootballdata.com/logos-dark/16/2341.png']",,6043.0,Bethpage Federal Credit Union Stadium,Brookville,NY,11545,US,America/New_York,40.816284,-73.589546,236,6000.0,1966.0,False,False
263,Loras,Duhawks,LOR,"['LOR', 'Loras']",American Rivers,,iii,#452d7d,#d2b888,"['https://cdn.collegefootballdata.com/logos/500/263.png', 'https://cdn.collegefootballdata.com/logos-dark/500/263.png', 'https://cdn.collegefootballdata.com/logos/256/263.png', 'https://cdn.collegefootballdata.com/logos-dark/256/263.png', 'https://cdn.collegefootballdata.com/logos/128/263.png', 'https://cdn.collegefootballdata.com/logos-dark/128/263.png', 'https://cdn.collegefootballdata.com/logos/96/263.png', 'https://cdn.collegefootballdata.com/logos-dark/96/263.png', 'https://cdn.collegefootballdata.com/logos/64/263.png', 'https://cdn.collegefootballdata.com/logos-dark/64/263.png', 'https://cdn.collegefootballdata.com/logos/48/263.png', 'https://cdn.collegefootballdata.com/logos-dark/48/263.png', 'https://cdn.collegefootballdata.com/logos/32/263.png', 'https://cdn.collegefootballdata.com/logos-dark/32/263.png', 'https://cdn.collegefootballdata.com/logos/16/263.png', 'https://cdn.collegefootballdata.com/logos-dark/16/263.png']",,5921.0,Rock Bowl,Dubuque,IA,50118,US,,42.5006243,-90.6647985,,10000.0,,,False
102118,Louisburg,Hurricanes,LSBG,"['LSBG', 'Louisburg']",,,,#null,#null,,,,,,,,,,,,,,,,
309,Louisiana,Ragin' Cajuns,UL,"['UL Lafayette', 'UL', 'Louisiana']",Sun Belt,West,fbs,#ce181e,#000000,"['https://cdn.collegefootballdata.com/logos/500/309.png', 'https://cdn.collegefootballdata.com/logos-dark/500/309.png', 'https://cdn.collegefootballdata.com/logos/256/309.png', 'https://cdn.collegefootballdata.com/logos-dark/256/309.png', 'https://cdn.collegefootballdata.com/logos/128/309.png', 'https://cdn.collegefootballdata.com/logos-dark/128/309.png', 'https://cdn.collegefootballdata.com/logos/96/309.png', 'https://cdn.collegefootballdata.com/logos-dark/96/309.png', 'https://cdn.collegefootballdata.com/logos/64/309.png', 'https://cdn.collegefootballdata.com/logos-dark/64/309.png', 'https://cdn.collegefootballdata.com/logos/48/309.png', 'https://cdn.collegefootballdata.com/logos-dark/48/309.png', 'https://cdn.collegefootballdata.com/logos/32/309.png', 'https://cdn.collegefootballdata.com/logos-dark/32/309.png', 'https://cdn.collegefootballdata.com/logos/16/309.png', 'https://cdn.collegefootballdata.com/logos-dark/16/309.png']",@RaginCajunsFB,3666.0,Cajun Field,Lafayette,LA,70506,US,America/Chicago,30.2158434,-92.0417371,3.556508303,41426.0,1971.0,False,False
2347,Louisiana Christian,Wildcats,LCHR,"['LCHR', 'LA Christian']",,,,#000000,#null,[],,,,,,,,,,,,,,,
2348,Louisiana Tech,Bulldogs,LT,"['LT', 'Louisiana Tech']",Sun Belt,West,fbs,#003087,#cb333b,"['https://cdn.collegefootballdata.com/logos/500/2348.png', 'https://cdn.collegefootballdata.com/logos-dark/500/2348.png', 'https://cdn.collegefootballdata.com/logos/256/2348.png', 'https://cdn.collegefootballdata.com/logos-dark/256/2348.png', 'https://cdn.collegefootballdata.com/logos/128/2348.png', 'https://cdn.collegefootballdata.com/logos-dark/128/2348.png', 'https://cdn.collegefootballdata.com/logos/96/2348.png', 'https://cdn.collegefootballdata.com/logos-dark/96/2348.png', 'https://cdn.collegefootballdata.com/logos/64/2348.png', 'https://cdn.collegefootballdata.com/logos-dark/64/2348.png', 'https://cdn.collegefootballdata.com/logos/48/2348.png', 'https://cdn.collegefootballdata.com/logos-dark/48/2348.png', 'https://cdn.collegefootballdata.com/logos/32/2348.png', 'https://cdn.collegefootballdata.com/logos-dark/32/2348.png', 'https://cdn.collegefootballdata.com/logos/16/2348.png', 'https://cdn.collegefootballdata.com/logos-dark/16/2348.png']",@LATechFB,3776.0,Joe Aillet Stadium,Ruston,LA,71272,US,America/Chicago,32.5321487,-92.6560019,72.87982941,28019.0,1968.0,False,False
97,Louisville,Cardinals,LOU,"['LOU', 'Louisville']",ACC,,fbs,#c9001f,#000000,"['https://cdn.collegefootballdata.com/logos/500/97.png', 'https://cdn.collegefootballdata.com/logos-dark/500/97.png', 'https://cdn.collegefootballdata.com/logos/256/97.png', 'https://cdn.collegefootballdata.com/logos-dark/256/97.png', 'https://cdn.collegefootballdata.com/logos/128/97.png', 'https://cdn.collegefootballdata.com/logos-dark/128/97.png', 'https://cdn.collegefootballdata.com/logos/96/97.png', 'https://cdn.collegefootballdata.com/logos-dark/96/97.png', 'https://cdn.collegefootballdata.com/logos/64/97.png', 'https://cdn.collegefootballdata.com/logos-dark/64/97.png', 'https://cdn.collegefootballdata.com/logos/48/97.png', 'https://cdn.collegefootballdata.com/logos-dark/48/97.png', 'https://cdn.collegefootballdata.com/logos/32/97.png', 'https://cdn.collegefootballdata.com/logos-dark/32/97.png', 'https://cdn.collegefootballdata.com/logos/16/97.png', 'https://cdn.collegefootballdata.com/logos-dark/16/97.png']",@LouisvilleFB,3873.0,L&N Federal Credit Union Stadium,Louisville,KY,40292,US,America/Kentucky/Louisville,38.2057621,-85.7588141,138.5615997,60000.0,1998.0,False,False
99,LSU,Tigers,LSU,"['Louisiana State', 'LSU', 'LSU']",SEC,,fbs,#461d7c,#fdd023,"['https://cdn.collegefootballdata.com/logos/500/99.png', 'https://cdn.collegefootballdata.com/logos-dark/500/99.png', 'https://cdn.collegefootballdata.com/logos/256/99.png', 'https://cdn.collegefootballdata.com/logos-dark/256/99.png', 'https://cdn.collegefootballdata.com/logos/128/99.png', 'https://cdn.collegefootballdata.com/logos-dark/128/99.png', 'https://cdn.collegefootballdata.com/logos/96/99.png', 'https://cdn.collegefootballdata.com/logos-dark/96/99.png', 'https://cdn.collegefootballdata.com/logos/64/99.png', 'https://cdn.collegefootballdata.com/logos-dark/64/99.png', 'https://cdn.collegefootballdata.com/logos/48/99.png', 'https://cdn.collegefootballdata.com/logos-dark/48/99.png', 'https://cdn.collegefootballdata.com/logos/32/99.png', 'https://cdn.collegefootballdata.com/logos-dark/32/99.png', 'https://cdn.collegefootballdata.com/logos/16/99.png', 'https://cdn.collegefootballdata.com/logos-dark/16/99.png']",@LSUFootball,3958.0,Tiger Stadium (LA),Baton Rouge,LA,70803,US,America/Chicago,30.412035,-91.1838163,7.640734673,102321.0,1924.0,True,False
67,Luther,Norse,LUTH,"['LUTH', 'Luther']",Midwest,,iii,#015a9c,#a5bbda,"['https://cdn.collegefootballdata.com/logos/500/67.png', 'https://cdn.collegefootballdata.com/logos-dark/500/67.png', 'https://cdn.collegefootballdata.com/logos/256/67.png', 'https://cdn.collegefootballdata.com/logos-dark/256/67.png', 'https://cdn.collegefootballdata.com/logos/128/67.png', 'https://cdn.collegefootballdata.com/logos-dark/128/67.png', 'https://cdn.collegefootballdata.com/logos/96/67.png', 'https://cdn.collegefootballdata.com/logos-dark/96/67.png', 'https://cdn.collegefootballdata.com/logos/64/67.png', 'https://cdn.collegefootballdata.com/logos-dark/64/67.png', 'https://cdn.collegefootballdata.com/logos/48/67.png', 'https://cdn.collegefootballdata.com/logos-dark/48/67.png', 'https://cdn.collegefootballdata.com/logos/32/67.png', 'https://cdn.collegefootballdata.com/logos-dark/32/67.png', 'https://cdn.collegefootballdata.com/logos/16/67.png', 'https://cdn.collegefootballdata.com/logos-dark/16/67.png']",,5923.0,Legacy Field in Carlson Stadium,Decorah,IA,,US,,43.3041609,-91.7859098,,5000.0,,,False
2354,Lycoming,Warriors,LYCO,"['LYCO', 'Lycoming']",Landmark Conference,,iii,#15283f,#eaa22e,"['https://cdn.collegefootballdata.com/logos/500/2354.png', 'https://cdn.collegefootballdata.com/logos-dark/500/2354.png', 'https://cdn.collegefootballdata.com/logos/256/2354.png', 'https://cdn.collegefootballdata.com/logos-dark/256/2354.png', 'https://cdn.collegefootballdata.com/logos/128/2354.png', 'https://cdn.collegefootballdata.com/logos-dark/128/2354.png', 'https://cdn.collegefootballdata.com/logos/96/2354.png', 'https://cdn.collegefootballdata.com/logos-dark/96/2354.png', 'https://cdn.collegefootballdata.com/logos/64/2354.png', 'https://cdn.collegefootballdata.com/logos-dark/64/2354.png', 'https://cdn.collegefootballdata.com/logos/48/2354.png', 'https://cdn.collegefootballdata.com/logos-dark/48/2354.png', 'https://cdn.collegefootballdata.com/logos/32/2354.png', 'https://cdn.collegefootballdata.com/logos-dark/32/2354.png', 'https://cdn.collegefootballdata.com/logos/16/2354.png', 'https://cdn.collegefootballdata.com/logos-dark/16/2354.png']",,5925.0,David Person Field,Williamsport,PA,17701,US,,41.2493292,-77.0027671,,3700.0,,,False
101161,Lyon,Scots,LYON,"['LYON', 'Lyon']",Southern Collegiate Athletic,,iii,#000000,#null,,,3877.0,Pioneer Stadium,Alfred,NY,14802,US,,42.2542334,-77.7906062,,1500.0,,,False
2359,Macalester,Scots,MAC,"['MAC', 'Macalester']",Minnesota,,iii,#000000,#null,"['https://cdn.collegefootballdata.com/logos/500/2359.png', 'https://cdn.collegefootballdata.com/logos-dark/500/2359.png', 'https://cdn.collegefootballdata.com/logos/256/2359.png', 'https://cdn.collegefootballdata.com/logos-dark/256/2359.png', 'https://cdn.collegefootballdata.com/logos/128/2359.png', 'https://cdn.collegefootballdata.com/logos-dark/128/2359.png', 'https://cdn.collegefootballdata.com/logos/96/2359.png', 'https://cdn.collegefootballdata.com/logos-dark/96/2359.png', 'https://cdn.collegefootballdata.com/logos/64/2359.png', 'https://cdn.collegefootballdata.com/logos-dark/64/2359.png', 'https://cdn.collegefootballdata.com/logos/48/2359.png', 'https://cdn.collegefootballdata.com/logos-dark/48/2359.png', 'https://cdn.collegefootballdata.com/logos/32/2359.png', 'https://cdn.collegefootballdata.com/logos-dark/32/2359.png', 'https://cdn.collegefootballdata.com/logos/16/2359.png', 'https://cdn.collegefootballdata.com/logos-dark/16/2359.png']",,5928.0,Macalester Stadium,Saint Paul,MN,,US,,44.9497487,-93.0931028,,4000.0,,,False
273,MacMurray College,Highlanders,MAC,"['MAC', 'MacMurray ']",,,,#000000,#null,[],,,,,,,,,,,,,,,
126146,Madonna,MADONNA,MDNN,"['MDNN', 'Madonna']",,,,#null,#null,,,,,,,,,,,,,,,,
127078,Madonna University (Mich.),Madonna Un,,['Madonna University (Mich.)'],,,,#null,#null,,,,,,,,,,,,,,,,
311,Maine,Black Bears,ME,"['ME', 'Maine']",Coastal Athletic,,fcs,#127dbe,#null,"['https://cdn.collegefootballdata.com/logos/500/311.png', 'https://cdn.collegefootballdata.com/logos-dark/500/311.png', 'https://cdn.collegefootballdata.com/logos/256/311.png', 'https://cdn.collegefootballdata.com/logos-dark/256/311.png', 'https://cdn.collegefootballdata.com/logos/128/311.png', 'https://cdn.collegefootballdata.com/logos-dark/128/311.png', 'https://cdn.collegefootballdata.com/logos/96/311.png', 'https://cdn.collegefootballdata.com/logos-dark/96/311.png', 'https://cdn.collegefootballdata.com/logos/64/311.png', 'https://cdn.collegefootballdata.com/logos-dark/64/311.png', 'https://cdn.collegefootballdata.com/logos/48/311.png', 'https://cdn.collegefootballdata.com/logos-dark/48/311.png', 'https://cdn.collegefootballdata.com/logos/32/311.png', 'https://cdn.collegefootballdata.com/logos-dark/32/311.png', 'https://cdn.collegefootballdata.com/logos/16/311.png', 'https://cdn.collegefootballdata.com/logos-dark/16/311.png']",@BlackBearsFB,3607.0,Alfond Stadium,Orono,ME,4469 ,US,America/New_York,44.905128,-68.6724718,35.4817543,10000.0,1998.0,False,False
274,Maine Maritime,Mariners,UMMA,"['UMMA', 'Maine Maritime']",Commonwealth Coast,,iii,#000000,#null,[],,5929.0,Ritchie Field,Castine,ME,04421,US,,44.388164,-68.79982,,1500.0,,,False
556,Malone,Pioneers,MAL,"['MAL', 'Malone']",,,,#000000,#null,[],,,,,,,,,,,,,,,
2362,Manchester,Spartans,MNCH,"['MNCH', 'Manchester']",Heartland,,iii,#ddac14,#000000,"['https://cdn.collegefootballdata.com/logos/500/2362.png', 'https://cdn.collegefootballdata.com/logos-dark/500/2362.png', 'https://cdn.collegefootballdata.com/logos/256/2362.png', 'https://cdn.collegefootballdata.com/logos-dark/256/2362.png', 'https://cdn.collegefootballdata.com/logos/128/2362.png', 'https://cdn.collegefootballdata.com/logos-dark/128/2362.png', 'https://cdn.collegefootballdata.com/logos/96/2362.png', 'https://cdn.collegefootballdata.com/logos-dark/96/2362.png', 'https://cdn.collegefootballdata.com/logos/64/2362.png', 'https://cdn.collegefootballdata.com/logos-dark/64/2362.png', 'https://cdn.collegefootballdata.com/logos/48/2362.png', 'https://cdn.collegefootballdata.com/logos-dark/48/2362.png', 'https://cdn.collegefootballdata.com/logos/32/2362.png', 'https://cdn.collegefootballdata.com/logos-dark/32/2362.png', 'https://cdn.collegefootballdata.com/logos/16/2362.png', 'https://cdn.collegefootballdata.com/logos-dark/16/2362.png']",,5930.0,Carl W. Burt Memorial Stadium,North Manchester,IN,46962,US,,41.0006005,-85.768597,,4500.0,,,False
2770,Manitoba,MANITOBA,MB,"['MB', 'Manitoba']",,,,#000000,#null,[],,,,,,,,,,,,,,,
2365,Mansfield,Mountaineers,MNFD,"['MNFD', 'Mansfield']",,,,#000000,#null,[],,,,,,,,,,,,,,,
421,Maranatha Baptist College,Crusaders,MAR,"['MAR', 'Maranatha Baptist ']",,,,#000000,#null,[],,,,,,,,,,,,,,,
1001089,Marian,,,[],,,,#null,#null,,,,,,,,,,,,,,,,
1001096,Marian,,,[],,,,#null,#null,,,,,,,,,,,,,,,,
2366,Marian (IN),MARIAN,MUIN,"['MUIN', 'Marian (IN)']",,,,#000000,#null,[],,,,,,,,,,,,,,,
121696,MARIAN (IN,Marian (In,,['MARIAN (IN'],,,,#null,#null,,,,,,,,,,,,,,,,
317,Marietta,Pioneers,MRTT,"['MRTT', 'Marietta']",Ohio,,iii,#000000,#null,"['https://cdn.collegefootballdata.com/logos/500/317.png', 'https://cdn.collegefootballdata.com/logos-dark/500/317.png', 'https://cdn.collegefootballdata.com/logos/256/317.png', 'https://cdn.collegefootballdata.com/logos-dark/256/317.png', 'https://cdn.collegefootballdata.com/logos/128/317.png', 'https://cdn.collegefootballdata.com/logos-dark/128/317.png', 'https://cdn.collegefootballdata.com/logos/96/317.png', 'https://cdn.collegefootballdata.com/logos-dark/96/317.png', 'https://cdn.collegefootballdata.com/logos/64/317.png', 'https://cdn.collegefootballdata.com/logos-dark/64/317.png', 'https://cdn.collegefootballdata.com/logos/48/317.png', 'https://cdn.collegefootballdata.com/logos-dark/48/317.png', 'https://cdn.collegefootballdata.com/logos/32/317.png', 'https://cdn.collegefootballdata.com/logos-dark/32/317.png', 'https://cdn.collegefootballdata.com/logos/16/317.png', 'https://cdn.collegefootballdata.com/logos-dark/16/317.png']",,5931.0,Don Drumm Stadium,Marietta,OH,45750,US,,39.4167742,-81.4548392,,5000.0,,,False
2368,Marist,Red Foxes,MRST,"['MRST', 'Marist']",Pioneer,,fcs,#e53730,#f0f0f0,"['https://cdn.collegefootballdata.com/logos/500/2368.png', 'https://cdn.collegefootballdata.com/logos-dark/500/2368.png', 'https://cdn.collegefootballdata.com/logos/256/2368.png', 'https://cdn.collegefootballdata.com/logos-dark/256/2368.png', 'https://cdn.collegefootballdata.com/logos/128/2368.png', 'https://cdn.collegefootballdata.com/logos-dark/128/2368.png', 'https://cdn.collegefootballdata.com/logos/96/2368.png', 'https://cdn.collegefootballdata.com/logos-dark/96/2368.png', 'https://cdn.collegefootballdata.com/logos/64/2368.png', 'https://cdn.collegefootballdata.com/logos-dark/64/2368.png', 'https://cdn.collegefootballdata.com/logos/48/2368.png', 'https://cdn.collegefootballdata.com/logos-dark/48/2368.png', 'https://cdn.collegefootballdata.com/logos/32/2368.png', 'https://cdn.collegefootballdata.com/logos-dark/32/2368.png', 'https://cdn.collegefootballdata.com/logos/16/2368.png', 'https://cdn.collegefootballdata.com/logos-dark/16/2368.png']",@Marist_Football,36.0,Leonidoff Field,Poughkeepsie,NY,12601,US,America/New_York,41.7191409,-73.9329549,24.94474983,5000.0,1968.0,False,False
276,Marshall,Thundering Herd,MRSH,"['MRSH', 'Marshall']",Sun Belt,East,fbs,#00b140,#000000,"['https://cdn.collegefootballdata.com/logos/500/276.png', 'https://cdn.collegefootballdata.com/logos-dark/500/276.png', 'https://cdn.collegefootballdata.com/logos/256/276.png', 'https://cdn.collegefootballdata.com/logos-dark/256/276.png', 'https://cdn.collegefootballdata.com/logos/128/276.png', 'https://cdn.collegefootballdata.com/logos-dark/128/276.png', 'https://cdn.collegefootballdata.com/logos/96/276.png', 'https://cdn.collegefootballdata.com/logos-dark/96/276.png', 'https://cdn.collegefootballdata.com/logos/64/276.png', 'https://cdn.collegefootballdata.com/logos-dark/64/276.png', 'https://cdn.collegefootballdata.com/logos/48/276.png', 'https://cdn.collegefootballdata.com/logos-dark/48/276.png', 'https://cdn.collegefootballdata.com/logos/32/276.png', 'https://cdn.collegefootballdata.com/logos-dark/32/276.png', 'https://cdn.collegefootballdata.com/logos/16/276.png', 'https://cdn.collegefootballdata.com/logos-dark/16/276.png']",@HerdFB,3775.0,Joan C. Edwards Stadium,Huntington,WV,25755,US,America/New_York,38.4247042,-82.4214412,163.7328186,38016.0,1991.0,False,False
1001036,Marshall Sr.,,,[],,,,#null,#null,,,,,,,,,,,,,,,,
2369,Mars Hill,Lions,MHU,"['MHU', 'Mars Hill']",South Atlantic,,ii,#004b8d,#efc814,"['https://cdn.collegefootballdata.com/logos/500/2369.png', 'https://cdn.collegefootballdata.com/logos-dark/500/2369.png', 'https://cdn.collegefootballdata.com/logos/256/2369.png', 'https://cdn.collegefootballdata.com/logos-dark/256/2369.png', 'https://cdn.collegefootballdata.com/logos/128/2369.png', 'https://cdn.collegefootballdata.com/logos-dark/128/2369.png', 'https://cdn.collegefootballdata.com/logos/96/2369.png', 'https://cdn.collegefootballdata.com/logos-dark/96/2369.png', 'https://cdn.collegefootballdata.com/logos/64/2369.png', 'https://cdn.collegefootballdata.com/logos-dark/64/2369.png', 'https://cdn.collegefootballdata.com/logos/48/2369.png', 'https://cdn.collegefootballdata.com/logos-dark/48/2369.png', 'https://cdn.collegefootballdata.com/logos/32/2369.png', 'https://cdn.collegefootballdata.com/logos-dark/32/2369.png', 'https://cdn.collegefootballdata.com/logos/16/2369.png', 'https://cdn.collegefootballdata.com/logos-dark/16/2369.png']",,6046.0,Meares Stadium,Mars Hill,NC,,US,,35.82685585,-82.55057686987725,,5000.0,,,False
446,Martin Luther,Knights,MLC,"['MLC', 'Martin Luther']",Upper Midwest,,iii,#000000,#null,"['https://cdn.collegefootballdata.com/logos/500/446.png', 'https://cdn.collegefootballdata.com/logos-dark/500/446.png', 'https://cdn.collegefootballdata.com/logos/256/446.png', 'https://cdn.collegefootballdata.com/logos-dark/256/446.png', 'https://cdn.collegefootballdata.com/logos/128/446.png', 'https://cdn.collegefootballdata.com/logos-dark/128/446.png', 'https://cdn.collegefootballdata.com/logos/96/446.png', 'https://cdn.collegefootballdata.com/logos-dark/96/446.png', 'https://cdn.collegefootballdata.com/logos/64/446.png', 'https://cdn.collegefootballdata.com/logos-dark/64/446.png', 'https://cdn.collegefootballdata.com/logos/48/446.png', 'https://cdn.collegefootballdata.com/logos-dark/48/446.png', 'https://cdn.collegefootballdata.com/logos/32/446.png', 'https://cdn.collegefootballdata.com/logos-dark/32/446.png', 'https://cdn.collegefootballdata.com/logos/16/446.png', 'https://cdn.collegefootballdata.com/logos-dark/16/446.png']",,3843.0,MLC Bowl,New Ulm,MN,56073,US,,44.3140261,-94.4614177,,2500.0,,,False
2371,Mary Hardin Baylor,Crusaders,MHB,"['MHB', 'Mary Hardin']",American Southwest,,iii,#492f92,#fece1c,"['https://cdn.collegefootballdata.com/logos/500/2371.png', 'https://cdn.collegefootballdata.com/logos-dark/500/2371.png', 'https://cdn.collegefootballdata.com/logos/256/2371.png', 'https://cdn.collegefootballdata.com/logos-dark/256/2371.png', 'https://cdn.collegefootballdata.com/logos/128/2371.png', 'https://cdn.collegefootballdata.com/logos-dark/128/2371.png', 'https://cdn.collegefootballdata.com/logos/96/2371.png', 'https://cdn.collegefootballdata.com/logos-dark/96/2371.png', 'https://cdn.collegefootballdata.com/logos/64/2371.png', 'https://cdn.collegefootballdata.com/logos-dark/64/2371.png', 'https://cdn.collegefootballdata.com/logos/48/2371.png', 'https://cdn.collegefootballdata.com/logos-dark/48/2371.png', 'https://cdn.collegefootballdata.com/logos/32/2371.png', 'https://cdn.collegefootballdata.com/logos-dark/32/2371.png', 'https://cdn.collegefootballdata.com/logos/16/2371.png', 'https://cdn.collegefootballdata.com/logos-dark/16/2371.png']",,4463.0,Crusader Stadium,Belton,TX,76513,US,,31.0560132,-97.464453,,7671.0,,,False
120,Maryland,Terrapins,MD,"['MD', 'Maryland']",Big Ten,,fbs,#ce1126,#ffffff,"['https://cdn.collegefootballdata.com/logos/500/120.png', 'https://cdn.collegefootballdata.com/logos-dark/500/120.png', 'https://cdn.collegefootballdata.com/logos/256/120.png', 'https://cdn.collegefootballdata.com/logos-dark/256/120.png', 'https://cdn.collegefootballdata.com/logos/128/120.png', 'https://cdn.collegefootballdata.com/logos-dark/128/120.png', 'https://cdn.collegefootballdata.com/logos/96/120.png', 'https://cdn.collegefootballdata.com/logos-dark/96/120.png', 'https://cdn.collegefootballdata.com/logos/64/120.png', 'https://cdn.collegefootballdata.com/logos-dark/64/120.png', 'https://cdn.collegefootballdata.com/logos/48/120.png', 'https://cdn.collegefootballdata.com/logos-dark/48/120.png', 'https://cdn.collegefootballdata.com/logos/32/120.png', 'https://cdn.collegefootballdata.com/logos-dark/32/120.png', 'https://cdn.collegefootballdata.com/logos/16/120.png', 'https://cdn.collegefootballdata.com/logos-dark/16/120.png']",@TerpsFootball,3665.0,SECU Stadium,College Park,MD,20742,US,America/New_York,38.9903332,-76.9473792,32.68748093,51802.0,1950.0,False,False
1001064,Maryville College,,,[],,,,#null,#null,,,,,,,,,,,,,,,,
2373,Maryville (TN),Scots,MCTN,"['Maryville (TN)', 'MCTN', 'Maryville (TN)']",USA South,,iii,#000000,#null,"['https://cdn.collegefootballdata.com/logos/500/2373.png', 'https://cdn.collegefootballdata.com/logos-dark/500/2373.png', 'https://cdn.collegefootballdata.com/logos/256/2373.png', 'https://cdn.collegefootballdata.com/logos-dark/256/2373.png', 'https://cdn.collegefootballdata.com/logos/128/2373.png', 'https://cdn.collegefootballdata.com/logos-dark/128/2373.png', 'https://cdn.collegefootballdata.com/logos/96/2373.png', 'https://cdn.collegefootballdata.com/logos-dark/96/2373.png', 'https://cdn.collegefootballdata.com/logos/64/2373.png', 'https://cdn.collegefootballdata.com/logos-dark/64/2373.png', 'https://cdn.collegefootballdata.com/logos/48/2373.png', 'https://cdn.collegefootballdata.com/logos-dark/48/2373.png', 'https://cdn.collegefootballdata.com/logos/32/2373.png', 'https://cdn.collegefootballdata.com/logos-dark/32/2373.png', 'https://cdn.collegefootballdata.com/logos/16/2373.png', 'https://cdn.collegefootballdata.com/logos-dark/16/2373.png']",,5932.0,Lloyd L. Thornton Stadium,Maryville,TN,37802,US,,35.7564719,-83.9704593,,3000.0,,,False
113,Massachusetts,Minutemen,MASS,"['UMass', 'MASS', 'UMass']",Mid-American,,fbs,#881c1c,#ffffff,"['https://cdn.collegefootballdata.com/logos/500/113.png', 'https://cdn.collegefootballdata.com/logos-dark/500/113.png', 'https://cdn.collegefootballdata.com/logos/256/113.png', 'https://cdn.collegefootballdata.com/logos-dark/256/113.png', 'https://cdn.collegefootballdata.com/logos/128/113.png', 'https://cdn.collegefootballdata.com/logos-dark/128/113.png', 'https://cdn.collegefootballdata.com/logos/96/113.png', 'https://cdn.collegefootballdata.com/logos-dark/96/113.png', 'https://cdn.collegefootballdata.com/logos/64/113.png', 'https://cdn.collegefootballdata.com/logos-dark/64/113.png', 'https://cdn.collegefootballdata.com/logos/48/113.png', 'https://cdn.collegefootballdata.com/logos-dark/48/113.png', 'https://cdn.collegefootballdata.com/logos/32/113.png', 'https://cdn.collegefootballdata.com/logos-dark/32/113.png', 'https://cdn.collegefootballdata.com/logos/16/113.png', 'https://cdn.collegefootballdata.com/logos-dark/16/113.png']",@UMassFootball,3985.0,Warren McGuirk Alumni Stadium,Hadley,MA,1003 ,US,America/New_York,42.3773244,-72.5360595,46.58664703,17000.0,1965.0,False,False
110,Mass Maritime,Buccaneers,MMT,"['MMT', 'Mass Maritime']",MSCAC,,iii,#212c62,#fed523,"['https://cdn.collegefootballdata.com/logos/500/110.png', 'https://cdn.collegefootballdata.com/logos-dark/500/110.png', 'https://cdn.collegefootballdata.com/logos/256/110.png', 'https://cdn.collegefootballdata.com/logos-dark/256/110.png', 'https://cdn.collegefootballdata.com/logos/128/110.png', 'https://cdn.collegefootballdata.com/logos-dark/128/110.png', 'https://cdn.collegefootballdata.com/logos/96/110.png', 'https://cdn.collegefootballdata.com/logos-dark/96/110.png', 'https://cdn.collegefootballdata.com/logos/64/110.png', 'https://cdn.collegefootballdata.com/logos-dark/64/110.png', 'https://cdn.collegefootballdata.com/logos/48/110.png', 'https://cdn.collegefootballdata.com/logos-dark/48/110.png', 'https://cdn.collegefootballdata.com/logos/32/110.png', 'https://cdn.collegefootballdata.com/logos-dark/32/110.png', 'https://cdn.collegefootballdata.com/logos/16/110.png', 'https://cdn.collegefootballdata.com/logos-dark/16/110.png']",,5940.0,Clean Harbors Stadium,Buzzards Bay,MA,02532,US,,41.745383,-70.618087,,2300.0,,,False
561,Mayville State,Comets,MYSU,"['MYSU', 'Mayville St']",,,,#000000,#null,[],,,,,,,,,,,,,,,
2700,McDaniel,Green Terror,MCD,"['MCD', 'McDaniel']",Centennial,,iii,#00674d,#f5cc2e,"['https://cdn.collegefootballdata.com/logos/500/2700.png', 'https://cdn.collegefootballdata.com/logos-dark/500/2700.png', 'https://cdn.collegefootballdata.com/logos/256/2700.png', 'https://cdn.collegefootballdata.com/logos-dark/256/2700.png', 'https://cdn.collegefootballdata.com/logos/128/2700.png', 'https://cdn.collegefootballdata.com/logos-dark/128/2700.png', 'https://cdn.collegefootballdata.com/logos/96/2700.png', 'https://cdn.collegefootballdata.com/logos-dark/96/2700.png', 'https://cdn.collegefootballdata.com/logos/64/2700.png', 'https://cdn.collegefootballdata.com/logos-dark/64/2700.png', 'https://cdn.collegefootballdata.com/logos/48/2700.png', 'https://cdn.collegefootballdata.com/logos-dark/48/2700.png', 'https://cdn.collegefootballdata.com/logos/32/2700.png', 'https://cdn.collegefootballdata.com/logos-dark/32/2700.png', 'https://cdn.collegefootballdata.com/logos/16/2700.png', 'https://cdn.collegefootballdata.com/logos-dark/16/2700.png']",,3922.0,Kenneth R. Gill Stadium,Westminster,MD,,US,,39.5752639,-76.9959277,,1434.0,,,False
2816,McKendree,Bearcats,MCK,"['MCK', 'McKendree']",Great Lakes,,ii,#000000,#null,"['https://cdn.collegefootballdata.com/logos/500/2816.png', 'https://cdn.collegefootballdata.com/logos-dark/500/2816.png', 'https://cdn.collegefootballdata.com/logos/256/2816.png', 'https://cdn.collegefootballdata.com/logos-dark/256/2816.png', 'https://cdn.collegefootballdata.com/logos/128/2816.png', 'https://cdn.collegefootballdata.com/logos-dark/128/2816.png', 'https://cdn.collegefootballdata.com/logos/96/2816.png', 'https://cdn.collegefootballdata.com/logos-dark/96/2816.png', 'https://cdn.collegefootballdata.com/logos/64/2816.png', 'https://cdn.collegefootballdata.com/logos-dark/64/2816.png', 'https://cdn.collegefootballdata.com/logos/48/2816.png', 'https://cdn.collegefootballdata.com/logos-dark/48/2816.png', 'https://cdn.collegefootballdata.com/logos/32/2816.png', 'https://cdn.collegefootballdata.com/logos-dark/32/2816.png', 'https://cdn.collegefootballdata.com/logos/16/2816.png', 'https://cdn.collegefootballdata.com/logos-dark/16/2816.png']",,6047.0,Leemon Field,Lebanon,IL,62254,US,,38.6039375,-89.8073195,,2000.0,,,False
241,McMurry,War Hawks,MCM,"['MCM', 'McMurry']",American Southwest,,iii,#98002e,#000000,"['https://cdn.collegefootballdata.com/logos/500/241.png', 'https://cdn.collegefootballdata.com/logos-dark/500/241.png', 'https://cdn.collegefootballdata.com/logos/256/241.png', 'https://cdn.collegefootballdata.com/logos-dark/256/241.png', 'https://cdn.collegefootballdata.com/logos/128/241.png', 'https://cdn.collegefootballdata.com/logos-dark/128/241.png', 'https://cdn.collegefootballdata.com/logos/96/241.png', 'https://cdn.collegefootballdata.com/logos-dark/96/241.png', 'https://cdn.collegefootballdata.com/logos/64/241.png', 'https://cdn.collegefootballdata.com/logos-dark/64/241.png', 'https://cdn.collegefootballdata.com/logos/48/241.png', 'https://cdn.collegefootballdata.com/logos-dark/48/241.png', 'https://cdn.collegefootballdata.com/logos/32/241.png', 'https://cdn.collegefootballdata.com/logos-dark/32/241.png', 'https://cdn.collegefootballdata.com/logos/16/241.png', 'https://cdn.collegefootballdata.com/logos-dark/16/241.png']",,5996.0,Wilford Moore Stadium,Abilene,TX,79697,US,,32.44645,-99.7475905,,3550.0,,,False
1001067,McMurry University,,,[],,,,#null,#null,,,,,,,,,,,,,,,,
2377,McNeese,Cowboys,MCN,"['MCN', 'McNeese']",Southland,,fcs,#00529C,#null,"['https://cdn.collegefootballdata.com/logos/500/2377.png', 'https://cdn.collegefootballdata.com/logos-dark/500/2377.png', 'https://cdn.collegefootballdata.com/logos/256/2377.png', 'https://cdn.collegefootballdata.com/logos-dark/256/2377.png', 'https://cdn.collegefootballdata.com/logos/128/2377.png', 'https://cdn.collegefootballdata.com/logos-dark/128/2377.png', 'https://cdn.collegefootballdata.com/logos/96/2377.png', 'https://cdn.collegefootballdata.com/logos-dark/96/2377.png', 'https://cdn.collegefootballdata.com/logos/64/2377.png', 'https://cdn.collegefootballdata.com/logos-dark/64/2377.png', 'https://cdn.collegefootballdata.com/logos/48/2377.png', 'https://cdn.collegefootballdata.com/logos-dark/48/2377.png', 'https://cdn.collegefootballdata.com/logos/32/2377.png', 'https://cdn.collegefootballdata.com/logos-dark/32/2377.png', 'https://cdn.collegefootballdata.com/logos/16/2377.png', 'https://cdn.collegefootballdata.com/logos-dark/16/2377.png']",@McNeeseFootball,3686.0,Cowboy Stadium,Lake Charles,LA,70607,US,America/Chicago,30.1804575,-93.2178729,4.168509007,17610.0,1965.0,False,False
6584,Mcpherson College,Mcpherson,,['Mcpherson College'],,,,#null,#null,,,,,,,,,,,,,,,,
235,Memphis,Tigers,MEM,"['MEM', 'Memphis']",American Athletic,,fbs,#00498f,#9c9ea1,"['https://cdn.collegefootballdata.com/logos/500/235.png', 'https://cdn.collegefootballdata.com/logos-dark/500/235.png', 'https://cdn.collegefootballdata.com/logos/256/235.png', 'https://cdn.collegefootballdata.com/logos-dark/256/235.png', 'https://cdn.collegefootballdata.com/logos/128/235.png', 'https://cdn.collegefootballdata.com/logos-dark/128/235.png', 'https://cdn.collegefootballdata.com/logos/96/235.png', 'https://cdn.collegefootballdata.com/logos-dark/96/235.png', 'https://cdn.collegefootballdata.com/logos/64/235.png', 'https://cdn.collegefootballdata.com/logos-dark/64/235.png', 'https://cdn.collegefootballdata.com/logos/48/235.png', 'https://cdn.collegefootballdata.com/logos-dark/48/235.png', 'https://cdn.collegefootballdata.com/logos/32/235.png', 'https://cdn.collegefootballdata.com/logos-dark/32/235.png', 'https://cdn.collegefootballdata.com/logos/16/235.png', 'https://cdn.collegefootballdata.com/logos-dark/16/235.png']",@MemphisFB,3805.0,Simmons Bank Liberty Stadium,Memphis,TN,38152,US,America/Chicago,35.1209429,-89.977147,90.62445831,58325.0,1965.0,False,False
2381,Menlo,Oaks,MEN,"['MEN', 'Menlo']",,,,#000000,#null,[],,,,,,,,,,,,,,,
2382,Mercer,Bears,MER,"['MER', 'Mercer']",Southern,,fcs,#ff7f29,#080808,"['https://cdn.collegefootballdata.com/logos/500/2382.png', 'https://cdn.collegefootballdata.com/logos-dark/500/2382.png', 'https://cdn.collegefootballdata.com/logos/256/2382.png', 'https://cdn.collegefootballdata.com/logos-dark/256/2382.png', 'https://cdn.collegefootballdata.com/logos/128/2382.png', 'https://cdn.collegefootballdata.com/logos-dark/128/2382.png', 'https://cdn.collegefootballdata.com/logos/96/2382.png', 'https://cdn.collegefootballdata.com/logos-dark/96/2382.png', 'https://cdn.collegefootballdata.com/logos/64/2382.png', 'https://cdn.collegefootballdata.com/logos-dark/64/2382.png', 'https://cdn.collegefootballdata.com/logos/48/2382.png', 'https://cdn.collegefootballdata.com/logos-dark/48/2382.png', 'https://cdn.collegefootballdata.com/logos/32/2382.png', 'https://cdn.collegefootballdata.com/logos-dark/32/2382.png', 'https://cdn.collegefootballdata.com/logos/16/2382.png', 'https://cdn.collegefootballdata.com/logos-dark/16/2382.png']",@MercerFootball,4417.0,Five Star Stadium at the Moye Complex,Macon,GA,31207,US,America/New_York,32.8262075,-83.6522485,138.6699677,10200.0,2013.0,False,False
2383,Merchant Marine,Mariners,MMA,"['MMA', 'Merch Marine']",NEWMAC,,iii,#000000,#null,"['https://cdn.collegefootballdata.com/logos/500/2383.png', 'https://cdn.collegefootballdata.com/logos-dark/500/2383.png', 'https://cdn.collegefootballdata.com/logos/256/2383.png', 'https://cdn.collegefootballdata.com/logos-dark/256/2383.png', 'https://cdn.collegefootballdata.com/logos/128/2383.png', 'https://cdn.collegefootballdata.com/logos-dark/128/2383.png', 'https://cdn.collegefootballdata.com/logos/96/2383.png', 'https://cdn.collegefootballdata.com/logos-dark/96/2383.png', 'https://cdn.collegefootballdata.com/logos/64/2383.png', 'https://cdn.collegefootballdata.com/logos-dark/64/2383.png', 'https://cdn.collegefootballdata.com/logos/48/2383.png', 'https://cdn.collegefootballdata.com/logos-dark/48/2383.png', 'https://cdn.collegefootballdata.com/logos/32/2383.png', 'https://cdn.collegefootballdata.com/logos-dark/32/2383.png', 'https://cdn.collegefootballdata.com/logos/16/2383.png', 'https://cdn.collegefootballdata.com/logos-dark/16/2383.png']",,5997.0,Brooks Stadium (NY),Kings Point,NY,11024,US,,40.8197813,-73.7351337,,2000.0,,,False
2385,Mercyhurst,Lakers,MERC,"['MERC', 'Mercyhurst']",NEC,,fcs,#000000,#null,"['https://cdn.collegefootballdata.com/logos/500/2385.png', 'https://cdn.collegefootballdata.com/logos-dark/500/2385.png', 'https://cdn.collegefootballdata.com/logos/256/2385.png', 'https://cdn.collegefootballdata.com/logos-dark/256/2385.png', 'https://cdn.collegefootballdata.com/logos/128/2385.png', 'https://cdn.collegefootballdata.com/logos-dark/128/2385.png', 'https://cdn.collegefootballdata.com/logos/96/2385.png', 'https://cdn.collegefootballdata.com/logos-dark/96/2385.png', 'https://cdn.collegefootballdata.com/logos/64/2385.png', 'https://cdn.collegefootballdata.com/logos-dark/64/2385.png', 'https://cdn.collegefootballdata.com/logos/48/2385.png', 'https://cdn.collegefootballdata.com/logos-dark/48/2385.png', 'https://cdn.collegefootballdata.com/logos/32/2385.png', 'https://cdn.collegefootballdata.com/logos-dark/32/2385.png', 'https://cdn.collegefootballdata.com/logos/16/2385.png', 'https://cdn.collegefootballdata.com/logos-dark/16/2385.png']",,4428.0,Saxon Stadium,Erie,PA,16530,US,America/New_York,42.1294712,-80.0852695,198,2300.0,,,False
1001023,Mercyhurst College,,,[],,,,#null,#null,,,,,,,,,,,,,,,,
2771,Merrimack,Warriors,MRMK,"['MRMK', 'Merrimack']",FCS Independents,,fcs,#000000,#null,"['https://cdn.collegefootballdata.com/logos/500/2771.png', 'https://cdn.collegefootballdata.com/logos-dark/500/2771.png', 'https://cdn.collegefootballdata.com/logos/256/2771.png', 'https://cdn.collegefootballdata.com/logos-dark/256/2771.png', 'https://cdn.collegefootballdata.com/logos/128/2771.png', 'https://cdn.collegefootballdata.com/logos-dark/128/2771.png', 'https://cdn.collegefootballdata.com/logos/96/2771.png', 'https://cdn.collegefootballdata.com/logos-dark/96/2771.png', 'https://cdn.collegefootballdata.com/logos/64/2771.png', 'https://cdn.collegefootballdata.com/logos-dark/64/2771.png', 'https://cdn.collegefootballdata.com/logos/48/2771.png', 'https://cdn.collegefootballdata.com/logos-dark/48/2771.png', 'https://cdn.collegefootballdata.com/logos/32/2771.png', 'https://cdn.collegefootballdata.com/logos-dark/32/2771.png', 'https://cdn.collegefootballdata.com/logos/16/2771.png', 'https://cdn.collegefootballdata.com/logos-dark/16/2771.png']",@MerrimackFB,6048.0,Duane Stadium,North Andover,MA,01845,US,America/New_York,42.6839894,-71.1127065,63,3500.0,2017.0,False,False
291,Methodist,Monarchs,MU,"['MU', 'Methodist']",USA South,,iii,#000000,#null,"['https://cdn.collegefootballdata.com/logos/500/291.png', 'https://cdn.collegefootballdata.com/logos-dark/500/291.png', 'https://cdn.collegefootballdata.com/logos/256/291.png', 'https://cdn.collegefootballdata.com/logos-dark/256/291.png', 'https://cdn.collegefootballdata.com/logos/128/291.png', 'https://cdn.collegefootballdata.com/logos-dark/128/291.png', 'https://cdn.collegefootballdata.com/logos/96/291.png', 'https://cdn.collegefootballdata.com/logos-dark/96/291.png', 'https://cdn.collegefootballdata.com/logos/64/291.png', 'https://cdn.collegefootballdata.com/logos-dark/64/291.png', 'https://cdn.collegefootballdata.com/logos/48/291.png', 'https://cdn.collegefootballdata.com/logos-dark/48/291.png', 'https://cdn.collegefootballdata.com/logos/32/291.png', 'https://cdn.collegefootballdata.com/logos-dark/32/291.png', 'https://cdn.collegefootballdata.com/logos/16/291.png', 'https://cdn.collegefootballdata.com/logos-dark/16/291.png']",,5998.0,Monarch Stadium,Fayetteville,NC,28304,US,,35.0525759,-78.878292,,800.0,,,False
2390,Miami,Hurricanes,MIA,"['Miami (FL)', 'MIA', 'Miami']",ACC,,fbs,#f47321,#005030,"['https://cdn.collegefootballdata.com/logos/500/2390.png', 'https://cdn.collegefootballdata.com/logos-dark/500/2390.png', 'https://cdn.collegefootballdata.com/logos/256/2390.png', 'https://cdn.collegefootballdata.com/logos-dark/256/2390.png', 'https://cdn.collegefootballdata.com/logos/128/2390.png', 'https://cdn.collegefootballdata.com/logos-dark/128/2390.png', 'https://cdn.collegefootballdata.com/logos/96/2390.png', 'https://cdn.collegefootballdata.com/logos-dark/96/2390.png', 'https://cdn.collegefootballdata.com/logos/64/2390.png', 'https://cdn.collegefootballdata.com/logos-dark/64/2390.png', 'https://cdn.collegefootballdata.com/logos/48/2390.png', 'https://cdn.collegefootballdata.com/logos-dark/48/2390.png', 'https://cdn.collegefootballdata.com/logos/32/2390.png', 'https://cdn.collegefootballdata.com/logos-dark/32/2390.png', 'https://cdn.collegefootballdata.com/logos/16/2390.png', 'https://cdn.collegefootballdata.com/logos-dark/16/2390.png']",@CanesFootball,3948.0,Hard Rock Stadium,Miami Gardens,FL,33299,US,America/New_York,25.9579665,-80.2388604,2.624486446,64767.0,1987.0,False,False
193,Miami (OH),RedHawks,M-OH,"['M-OH', 'Miami OH']",Mid-American,,fbs,#c41230,#ffffff,"['https://cdn.collegefootballdata.com/logos/500/193.png', 'https://cdn.collegefootballdata.com/logos-dark/500/193.png', 'https://cdn.collegefootballdata.com/logos/256/193.png', 'https://cdn.collegefootballdata.com/logos-dark/256/193.png', 'https://cdn.collegefootballdata.com/logos/128/193.png', 'https://cdn.collegefootballdata.com/logos-dark/128/193.png', 'https://cdn.collegefootballdata.com/logos/96/193.png', 'https://cdn.collegefootballdata.com/logos-dark/96/193.png', 'https://cdn.collegefootballdata.com/logos/64/193.png', 'https://cdn.collegefootballdata.com/logos-dark/64/193.png', 'https://cdn.collegefootballdata.com/logos/48/193.png', 'https://cdn.collegefootballdata.com/logos-dark/48/193.png', 'https://cdn.collegefootballdata.com/logos/32/193.png', 'https://cdn.collegefootballdata.com/logos-dark/32/193.png', 'https://cdn.collegefootballdata.com/logos/16/193.png', 'https://cdn.collegefootballdata.com/logos-dark/16/193.png']",@MiamiOHFootball,3996.0,Yager Stadium,Oxford,OH,45056,US,America/New_York,39.5197009,-84.7330255,242.2643585,24286.0,1983.0,False,False
130,Michigan,Wolverines,MICH,"['MICH', 'Michigan']",Big Ten,,fbs,#00274c,#ffcb05,"['https://cdn.collegefootballdata.com/logos/500/130.png', 'https://cdn.collegefootballdata.com/logos-dark/500/130.png', 'https://cdn.collegefootballdata.com/logos/256/130.png', 'https://cdn.collegefootballdata.com/logos-dark/256/130.png', 'https://cdn.collegefootballdata.com/logos/128/130.png', 'https://cdn.collegefootballdata.com/logos-dark/128/130.png', 'https://cdn.collegefootballdata.com/logos/96/130.png', 'https://cdn.collegefootballdata.com/logos-dark/96/130.png', 'https://cdn.collegefootballdata.com/logos/64/130.png', 'https://cdn.collegefootballdata.com/logos-dark/64/130.png', 'https://cdn.collegefootballdata.com/logos/48/130.png', 'https://cdn.collegefootballdata.com/logos-dark/48/130.png', 'https://cdn.collegefootballdata.com/logos/32/130.png', 'https://cdn.collegefootballdata.com/logos-dark/32/130.png', 'https://cdn.collegefootballdata.com/logos/16/130.png', 'https://cdn.collegefootballdata.com/logos-dark/16/130.png']",@UMichFootball,3558.0,Michigan Stadium,Ann Arbor,MI,48109,US,America/Detroit,42.2658365,-83.7486956,255.5500031,107601.0,1927.0,False,False
127,Michigan State,Spartans,MSU,"['MSU', 'Michigan St']",Big Ten,,fbs,#173f35,#ffffff,"['https://cdn.collegefootballdata.com/logos/500/127.png', 'https://cdn.collegefootballdata.com/logos-dark/500/127.png', 'https://cdn.collegefootballdata.com/logos/256/127.png', 'https://cdn.collegefootballdata.com/logos-dark/256/127.png', 'https://cdn.collegefootballdata.com/logos/128/127.png', 'https://cdn.collegefootballdata.com/logos-dark/128/127.png', 'https://cdn.collegefootballdata.com/logos/96/127.png', 'https://cdn.collegefootballdata.com/logos-dark/96/127.png', 'https://cdn.collegefootballdata.com/logos/64/127.png', 'https://cdn.collegefootballdata.com/logos-dark/64/127.png', 'https://cdn.collegefootballdata.com/logos/48/127.png', 'https://cdn.collegefootballdata.com/logos-dark/48/127.png', 'https://cdn.collegefootballdata.com/logos/32/127.png', 'https://cdn.collegefootballdata.com/logos-dark/32/127.png', 'https://cdn.collegefootballdata.com/logos/16/127.png', 'https://cdn.collegefootballdata.com/logos-dark/16/127.png']",@MSU_Football,3936.0,Spartan Stadium,East Lansing,MI,48824,US,America/Detroit,42.7281474,-84.4848526,254.8794861,75005.0,1923.0,True,False
2392,Michigan Tech,Huskies,MTU,"['MTU', 'Michigan Tech']",GLIAC,,ii,#000000,#null,"['https://cdn.collegefootballdata.com/logos/500/2392.png', 'https://cdn.collegefootballdata.com/logos-dark/500/2392.png', 'https://cdn.collegefootballdata.com/logos/256/2392.png', 'https://cdn.collegefootballdata.com/logos-dark/256/2392.png', 'https://cdn.collegefootballdata.com/logos/128/2392.png', 'https://cdn.collegefootballdata.com/logos-dark/128/2392.png', 'https://cdn.collegefootballdata.com/logos/96/2392.png', 'https://cdn.collegefootballdata.com/logos-dark/96/2392.png', 'https://cdn.collegefootballdata.com/logos/64/2392.png', 'https://cdn.collegefootballdata.com/logos-dark/64/2392.png', 'https://cdn.collegefootballdata.com/logos/48/2392.png', 'https://cdn.collegefootballdata.com/logos-dark/48/2392.png', 'https://cdn.collegefootballdata.com/logos/32/2392.png', 'https://cdn.collegefootballdata.com/logos-dark/32/2392.png', 'https://cdn.collegefootballdata.com/logos/16/2392.png', 'https://cdn.collegefootballdata.com/logos-dark/16/2392.png']",,3927.0,Sherman Field,Houghton,MI,49931,US,,46.8591287,-88.7774734,,4684.0,,,False
1001087,MidAmerica Nazarene,,,[],,,,#null,#null,,,,,,,,,,,,,,,,
2394,Middlebury,Panthers,MIDB,"['MIDB', 'Middlebury']",NESCAC,,iii,#365a8a,#ffffff,"['https://cdn.collegefootballdata.com/logos/500/2394.png', 'https://cdn.collegefootballdata.com/logos-dark/500/2394.png', 'https://cdn.collegefootballdata.com/logos/256/2394.png', 'https://cdn.collegefootballdata.com/logos-dark/256/2394.png', 'https://cdn.collegefootballdata.com/logos/128/2394.png', 'https://cdn.collegefootballdata.com/logos-dark/128/2394.png', 'https://cdn.collegefootballdata.com/logos/96/2394.png', 'https://cdn.collegefootballdata.com/logos-dark/96/2394.png', 'https://cdn.collegefootballdata.com/logos/64/2394.png', 'https://cdn.collegefootballdata.com/logos-dark/64/2394.png', 'https://cdn.collegefootballdata.com/logos/48/2394.png', 'https://cdn.collegefootballdata.com/logos-dark/48/2394.png', 'https://cdn.collegefootballdata.com/logos/32/2394.png', 'https://cdn.collegefootballdata.com/logos-dark/32/2394.png', 'https://cdn.collegefootballdata.com/logos/16/2394.png', 'https://cdn.collegefootballdata.com/logos-dark/16/2394.png']",,6079.0,Alumni Stadium (VT),Middlebury,VT,05753,US,,44.007273600000005,-73.16330105415423,,3500.0,,,False
111755,Middle Georgia State College,Knights,MGST,"['MGST', 'Middle Georgia State College']",,,,#null,#null,,,,,,,,,,,,,,,,
2393,Middle Tennessee,Blue Raiders,MTSU,"['Middle Tennessee State', 'MTSU', 'MTSU']",Conference USA,,fbs,#036eb7,#ffffff,"['https://cdn.collegefootballdata.com/logos/500/2393.png', 'https://cdn.collegefootballdata.com/logos-dark/500/2393.png', 'https://cdn.collegefootballdata.com/logos/256/2393.png', 'https://cdn.collegefootballdata.com/logos-dark/256/2393.png', 'https://cdn.collegefootballdata.com/logos/128/2393.png', 'https://cdn.collegefootballdata.com/logos-dark/128/2393.png', 'https://cdn.collegefootballdata.com/logos/96/2393.png', 'https://cdn.collegefootballdata.com/logos-dark/96/2393.png', 'https://cdn.collegefootballdata.com/logos/64/2393.png', 'https://cdn.collegefootballdata.com/logos-dark/64/2393.png', 'https://cdn.collegefootballdata.com/logos/48/2393.png', 'https://cdn.collegefootballdata.com/logos-dark/48/2393.png', 'https://cdn.collegefootballdata.com/logos/32/2393.png', 'https://cdn.collegefootballdata.com/logos-dark/32/2393.png', 'https://cdn.collegefootballdata.com/logos/16/2393.png', 'https://cdn.collegefootballdata.com/logos-dark/16/2393.png']",@MT_FB,3725.0,"Johnny ""Red"" Floyd Stadium",Murfreesboro,TN,37132,US,America/Chicago,35.8511463,-86.3681649,191.7279816,30788.0,1933.0,False,False
565,Midland,MIDLAND LUTHERAN,MIDL,"['MIDL', 'Midland']",,,,#000000,#null,[],,,,,,,,,,,,,,,
2395,Midwestern State,Mustangs,MWSU,"['MWSU', 'Midwestern St']",Lone Star,,ii,#000000,#null,[],,6049.0,"Memorial Stadium (Wichita Falls, TX)",Wichita Falls,TX,76307,US,,33.9137085,-98.4933873,,14500.0,,,False
2396,Miles,Golden Bears,MILE,"['MILE', 'Miles']",SIAC,,ii,#000000,#null,"['https://cdn.collegefootballdata.com/logos/500/2396.png', 'https://cdn.collegefootballdata.com/logos-dark/500/2396.png', 'https://cdn.collegefootballdata.com/logos/256/2396.png', 'https://cdn.collegefootballdata.com/logos-dark/256/2396.png', 'https://cdn.collegefootballdata.com/logos/128/2396.png', 'https://cdn.collegefootballdata.com/logos-dark/128/2396.png', 'https://cdn.collegefootballdata.com/logos/96/2396.png', 'https://cdn.collegefootballdata.com/logos-dark/96/2396.png', 'https://cdn.collegefootballdata.com/logos/64/2396.png', 'https://cdn.collegefootballdata.com/logos-dark/64/2396.png', 'https://cdn.collegefootballdata.com/logos/48/2396.png', 'https://cdn.collegefootballdata.com/logos-dark/48/2396.png', 'https://cdn.collegefootballdata.com/logos/32/2396.png', 'https://cdn.collegefootballdata.com/logos-dark/32/2396.png', 'https://cdn.collegefootballdata.com/logos/16/2396.png', 'https://cdn.collegefootballdata.com/logos-dark/16/2396.png']",,6027.0,Albert J. H. Sloan - Alumni Stadium,Fairfield,AL,35421,US,,33.4859402,-86.9119366,,8500.0,,,False
210,Millersville,Marauders,MILL,"['MILL', 'Millersville']",Pennsylvania State Athletic,Eastern,ii,#000000,#null,"['https://cdn.collegefootballdata.com/logos/500/210.png', 'https://cdn.collegefootballdata.com/logos-dark/500/210.png', 'https://cdn.collegefootballdata.com/logos/256/210.png', 'https://cdn.collegefootballdata.com/logos-dark/256/210.png', 'https://cdn.collegefootballdata.com/logos/128/210.png', 'https://cdn.collegefootballdata.com/logos-dark/128/210.png', 'https://cdn.collegefootballdata.com/logos/96/210.png', 'https://cdn.collegefootballdata.com/logos-dark/96/210.png', 'https://cdn.collegefootballdata.com/logos/64/210.png', 'https://cdn.collegefootballdata.com/logos-dark/64/210.png', 'https://cdn.collegefootballdata.com/logos/48/210.png', 'https://cdn.collegefootballdata.com/logos-dark/48/210.png', 'https://cdn.collegefootballdata.com/logos/32/210.png', 'https://cdn.collegefootballdata.com/logos-dark/32/210.png', 'https://cdn.collegefootballdata.com/logos/16/210.png', 'https://cdn.collegefootballdata.com/logos-dark/16/210.png']",,4431.0,Chryst Field at Biemesderfer Stadium,Millersville,PA,17551,US,,39.997998,-76.3545372,,5300.0,,,False
74,Millikin,Big Blue,MILK,"['MILK', 'Millikin']",CCIW,,iii,#000000,#null,"['https://cdn.collegefootballdata.com/logos/500/74.png', 'https://cdn.collegefootballdata.com/logos-dark/500/74.png', 'https://cdn.collegefootballdata.com/logos/256/74.png', 'https://cdn.collegefootballdata.com/logos-dark/256/74.png', 'https://cdn.collegefootballdata.com/logos/128/74.png', 'https://cdn.collegefootballdata.com/logos-dark/128/74.png', 'https://cdn.collegefootballdata.com/logos/96/74.png', 'https://cdn.collegefootballdata.com/logos-dark/96/74.png', 'https://cdn.collegefootballdata.com/logos/64/74.png', 'https://cdn.collegefootballdata.com/logos-dark/64/74.png', 'https://cdn.collegefootballdata.com/logos/48/74.png', 'https://cdn.collegefootballdata.com/logos-dark/48/74.png', 'https://cdn.collegefootballdata.com/logos/32/74.png', 'https://cdn.collegefootballdata.com/logos-dark/32/74.png', 'https://cdn.collegefootballdata.com/logos/16/74.png', 'https://cdn.collegefootballdata.com/logos-dark/16/74.png']",,6080.0,Frank M. Lindsay Field,Decatur,IL,62521,US,,39.8454163,-88.9524151,,4000.0,,,False
2398,Millsaps,Majors,MLSP,"['MLSP', 'Millsaps']",Southern Athletic,,iii,#000000,#null,"['https://cdn.collegefootballdata.com/logos/500/2398.png', 'https://cdn.collegefootballdata.com/logos-dark/500/2398.png', 'https://cdn.collegefootballdata.com/logos/256/2398.png', 'https://cdn.collegefootballdata.com/logos-dark/256/2398.png', 'https://cdn.collegefootballdata.com/logos/128/2398.png', 'https://cdn.collegefootballdata.com/logos-dark/128/2398.png', 'https://cdn.collegefootballdata.com/logos/96/2398.png', 'https://cdn.collegefootballdata.com/logos-dark/96/2398.png', 'https://cdn.collegefootballdata.com/logos/64/2398.png', 'https://cdn.collegefootballdata.com/logos-dark/64/2398.png', 'https://cdn.collegefootballdata.com/logos/48/2398.png', 'https://cdn.collegefootballdata.com/logos-dark/48/2398.png', 'https://cdn.collegefootballdata.com/logos/32/2398.png', 'https://cdn.collegefootballdata.com/logos-dark/32/2398.png', 'https://cdn.collegefootballdata.com/logos/16/2398.png', 'https://cdn.collegefootballdata.com/logos-dark/16/2398.png']",,6081.0,Harper Davis Field,Jackson,MS,39202,US,,32.2990021,-90.1847691,,3000.0,,,False
135,Minnesota,Golden Gophers,MINN,"['MINN', 'Minnesota']",Big Ten,,fbs,#7a0019,#ffcc33,"['https://cdn.collegefootballdata.com/logos/500/135.png', 'https://cdn.collegefootballdata.com/logos-dark/500/135.png', 'https://cdn.collegefootballdata.com/logos/256/135.png', 'https://cdn.collegefootballdata.com/logos-dark/256/135.png', 'https://cdn.collegefootballdata.com/logos/128/135.png', 'https://cdn.collegefootballdata.com/logos-dark/128/135.png', 'https://cdn.collegefootballdata.com/logos/96/135.png', 'https://cdn.collegefootballdata.com/logos-dark/96/135.png', 'https://cdn.collegefootballdata.com/logos/64/135.png', 'https://cdn.collegefootballdata.com/logos-dark/64/135.png', 'https://cdn.collegefootballdata.com/logos/48/135.png', 'https://cdn.collegefootballdata.com/logos-dark/48/135.png', 'https://cdn.collegefootballdata.com/logos/32/135.png', 'https://cdn.collegefootballdata.com/logos-dark/32/135.png', 'https://cdn.collegefootballdata.com/logos/16/135.png', 'https://cdn.collegefootballdata.com/logos-dark/16/135.png']",@GopherFootball,3953.0,Huntington Bank Stadium,Minneapolis,MN,55488,US,America/Chicago,44.976525,-93.2245462,254.3902283,50850.0,2009.0,False,False
2772,Minnesota-Crookston,Golden Eagles,MIN,"['MIN', 'Minnesota-Crookston']",,,,#000000,#null,[],,,,,,,,,,,,,,,
134,Minnesota Duluth,Bulldogs,UMD,"['UMD', 'Minn Duluth']",Northern Sun,,ii,#000000,#null,"['https://cdn.collegefootballdata.com/logos/500/134.png', 'https://cdn.collegefootballdata.com/logos-dark/500/134.png', 'https://cdn.collegefootballdata.com/logos/256/134.png', 'https://cdn.collegefootballdata.com/logos-dark/256/134.png', 'https://cdn.collegefootballdata.com/logos/128/134.png', 'https://cdn.collegefootballdata.com/logos-dark/128/134.png', 'https://cdn.collegefootballdata.com/logos/96/134.png', 'https://cdn.collegefootballdata.com/logos-dark/96/134.png', 'https://cdn.collegefootballdata.com/logos/64/134.png', 'https://cdn.collegefootballdata.com/logos-dark/64/134.png', 'https://cdn.collegefootballdata.com/logos/48/134.png', 'https://cdn.collegefootballdata.com/logos-dark/48/134.png', 'https://cdn.collegefootballdata.com/logos/32/134.png', 'https://cdn.collegefootballdata.com/logos-dark/32/134.png', 'https://cdn.collegefootballdata.com/logos/16/134.png', 'https://cdn.collegefootballdata.com/logos-dark/16/134.png']",,6051.0,James S. Malosky Stadium,Duluth,MN,55811,US,,46.7729322,-92.1251218,,4500.0,,,False
1001020,Minnesota Duluth,,,[],,,,#null,#null,,,,,,,,,,,,,,,,
2399,Minnesota Morris,Cougars,MNMO,"['MNMO', 'Minn Morris']",Upper Midwest,,iii,#8d191b,#e19c25,"['https://cdn.collegefootballdata.com/logos/500/2399.png', 'https://cdn.collegefootballdata.com/logos-dark/500/2399.png', 'https://cdn.collegefootballdata.com/logos/256/2399.png', 'https://cdn.collegefootballdata.com/logos-dark/256/2399.png', 'https://cdn.collegefootballdata.com/logos/128/2399.png', 'https://cdn.collegefootballdata.com/logos-dark/128/2399.png', 'https://cdn.collegefootballdata.com/logos/96/2399.png', 'https://cdn.collegefootballdata.com/logos-dark/96/2399.png', 'https://cdn.collegefootballdata.com/logos/64/2399.png', 'https://cdn.collegefootballdata.com/logos-dark/64/2399.png', 'https://cdn.collegefootballdata.com/logos/48/2399.png', 'https://cdn.collegefootballdata.com/logos-dark/48/2399.png', 'https://cdn.collegefootballdata.com/logos/32/2399.png', 'https://cdn.collegefootballdata.com/logos-dark/32/2399.png', 'https://cdn.collegefootballdata.com/logos/16/2399.png', 'https://cdn.collegefootballdata.com/logos-dark/16/2399.png']",,6082.0,Big Cat Stadium,Morris,MN,56267,US,,45.586072,-95.913941,,1400.0,,,False
2364,Minnesota State,Mavericks,MNST,"['Minnesota State Mankato', 'MNST', 'Minnesota St']",Northern Sun,,ii,#000000,#null,"['https://cdn.collegefootballdata.com/logos/500/2364.png', 'https://cdn.collegefootballdata.com/logos-dark/500/2364.png', 'https://cdn.collegefootballdata.com/logos/256/2364.png', 'https://cdn.collegefootballdata.com/logos-dark/256/2364.png', 'https://cdn.collegefootballdata.com/logos/128/2364.png', 'https://cdn.collegefootballdata.com/logos-dark/128/2364.png', 'https://cdn.collegefootballdata.com/logos/96/2364.png', 'https://cdn.collegefootballdata.com/logos-dark/96/2364.png', 'https://cdn.collegefootballdata.com/logos/64/2364.png', 'https://cdn.collegefootballdata.com/logos-dark/64/2364.png', 'https://cdn.collegefootballdata.com/logos/48/2364.png', 'https://cdn.collegefootballdata.com/logos-dark/48/2364.png', 'https://cdn.collegefootballdata.com/logos/32/2364.png', 'https://cdn.collegefootballdata.com/logos-dark/32/2364.png', 'https://cdn.collegefootballdata.com/logos/16/2364.png', 'https://cdn.collegefootballdata.com/logos-dark/16/2364.png']",,3641.0,Blakeslee Stadium,Mankato,MN,56001,US,,44.1634663,-93.9993505,,7000.0,,,False
2817,Minnesota St Moorhead,Dragons,MSUM,"['MSUM', 'Minn Moorhead']",Northern Sun,,ii,#000000,#null,"['https://cdn.collegefootballdata.com/logos/500/2817.png', 'https://cdn.collegefootballdata.com/logos-dark/500/2817.png', 'https://cdn.collegefootballdata.com/logos/256/2817.png', 'https://cdn.collegefootballdata.com/logos-dark/256/2817.png', 'https://cdn.collegefootballdata.com/logos/128/2817.png', 'https://cdn.collegefootballdata.com/logos-dark/128/2817.png', 'https://cdn.collegefootballdata.com/logos/96/2817.png', 'https://cdn.collegefootballdata.com/logos-dark/96/2817.png', 'https://cdn.collegefootballdata.com/logos/64/2817.png', 'https://cdn.collegefootballdata.com/logos-dark/64/2817.png', 'https://cdn.collegefootballdata.com/logos/48/2817.png', 'https://cdn.collegefootballdata.com/logos-dark/48/2817.png', 'https://cdn.collegefootballdata.com/logos/32/2817.png', 'https://cdn.collegefootballdata.com/logos-dark/32/2817.png', 'https://cdn.collegefootballdata.com/logos/16/2817.png', 'https://cdn.collegefootballdata.com/logos-dark/16/2817.png']",,3606.0,Scheels Field at Nemzek Stadium,Moorhead,MN,,US,,46.8739081,-96.7538674,,5000.0,,,False
568,Minot State,Beavers,MINS,"['MINS', 'Minot St']",Northern Sun,,ii,#000000,#null,"['https://cdn.collegefootballdata.com/logos/500/568.png', 'https://cdn.collegefootballdata.com/logos-dark/500/568.png', 'https://cdn.collegefootballdata.com/logos/256/568.png', 'https://cdn.collegefootballdata.com/logos-dark/256/568.png', 'https://cdn.collegefootballdata.com/logos/128/568.png', 'https://cdn.collegefootballdata.com/logos-dark/128/568.png', 'https://cdn.collegefootballdata.com/logos/96/568.png', 'https://cdn.collegefootballdata.com/logos-dark/96/568.png', 'https://cdn.collegefootballdata.com/logos/64/568.png', 'https://cdn.collegefootballdata.com/logos-dark/64/568.png', 'https://cdn.collegefootballdata.com/logos/48/568.png', 'https://cdn.collegefootballdata.com/logos-dark/48/568.png', 'https://cdn.collegefootballdata.com/logos/32/568.png', 'https://cdn.collegefootballdata.com/logos-dark/32/568.png', 'https://cdn.collegefootballdata.com/logos/16/568.png', 'https://cdn.collegefootballdata.com/logos-dark/16/568.png']",,6052.0,Herb Parker Stadium,Minot,ND,58702,US,,48.23251,-101.296273,,4250.0,,,False
2969,Misericordia,Cougars,MISE,"['MISE', 'Misericordia']",Mid Atlantic,,iii,#000000,#null,"['https://cdn.collegefootballdata.com/logos/500/2969.png', 'https://cdn.collegefootballdata.com/logos-dark/500/2969.png', 'https://cdn.collegefootballdata.com/logos/256/2969.png', 'https://cdn.collegefootballdata.com/logos-dark/256/2969.png', 'https://cdn.collegefootballdata.com/logos/128/2969.png', 'https://cdn.collegefootballdata.com/logos-dark/128/2969.png', 'https://cdn.collegefootballdata.com/logos/96/2969.png', 'https://cdn.collegefootballdata.com/logos-dark/96/2969.png', 'https://cdn.collegefootballdata.com/logos/64/2969.png', 'https://cdn.collegefootballdata.com/logos-dark/64/2969.png', 'https://cdn.collegefootballdata.com/logos/48/2969.png', 'https://cdn.collegefootballdata.com/logos-dark/48/2969.png', 'https://cdn.collegefootballdata.com/logos/32/2969.png', 'https://cdn.collegefootballdata.com/logos-dark/32/2969.png', 'https://cdn.collegefootballdata.com/logos/16/2969.png', 'https://cdn.collegefootballdata.com/logos-dark/16/2969.png']",,6083.0,Mangelsdorf Field,Dallas,PA,18612,US,,32.3117968,-87.1046643,,1500.0,,,False
2401,Mississippi College,Choctaws,MIS,"['MIS', 'Miss Coll']",Gulf South,,ii,#0c2240,#c89700,"['https://cdn.collegefootballdata.com/logos/500/2401.png', 'https://cdn.collegefootballdata.com/logos-dark/500/2401.png', 'https://cdn.collegefootballdata.com/logos/256/2401.png', 'https://cdn.collegefootballdata.com/logos-dark/256/2401.png', 'https://cdn.collegefootballdata.com/logos/128/2401.png', 'https://cdn.collegefootballdata.com/logos-dark/128/2401.png', 'https://cdn.collegefootballdata.com/logos/96/2401.png', 'https://cdn.collegefootballdata.com/logos-dark/96/2401.png', 'https://cdn.collegefootballdata.com/logos/64/2401.png', 'https://cdn.collegefootballdata.com/logos-dark/64/2401.png', 'https://cdn.collegefootballdata.com/logos/48/2401.png', 'https://cdn.collegefootballdata.com/logos-dark/48/2401.png', 'https://cdn.collegefootballdata.com/logos/32/2401.png', 'https://cdn.collegefootballdata.com/logos-dark/32/2401.png', 'https://cdn.collegefootballdata.com/logos/16/2401.png', 'https://cdn.collegefootballdata.com/logos-dark/16/2401.png']",,6053.0,Robinson-Hale Stadium,Clinton,MS,,US,,32.3410552,-90.3215983,,8500.0,,,False
1000937,Mississippi Gulf Coast C.C.,,,[],,,,#null,#null,,,,,,,,,,,,,,,,
344,Mississippi State,Bulldogs,MSST,"['MSST', 'Mississippi St']",SEC,,fbs,#5d1725,#c1c6c8,"['https://cdn.collegefootballdata.com/logos/500/344.png', 'https://cdn.collegefootballdata.com/logos-dark/500/344.png', 'https://cdn.collegefootballdata.com/logos/256/344.png', 'https://cdn.collegefootballdata.com/logos-dark/256/344.png', 'https://cdn.collegefootballdata.com/logos/128/344.png', 'https://cdn.collegefootballdata.com/logos-dark/128/344.png', 'https://cdn.collegefootballdata.com/logos/96/344.png', 'https://cdn.collegefootballdata.com/logos-dark/96/344.png', 'https://cdn.collegefootballdata.com/logos/64/344.png', 'https://cdn.collegefootballdata.com/logos-dark/64/344.png', 'https://cdn.collegefootballdata.com/logos/48/344.png', 'https://cdn.collegefootballdata.com/logos-dark/48/344.png', 'https://cdn.collegefootballdata.com/logos/32/344.png', 'https://cdn.collegefootballdata.com/logos-dark/32/344.png', 'https://cdn.collegefootballdata.com/logos/16/344.png', 'https://cdn.collegefootballdata.com/logos-dark/16/344.png']",@HailStateFB,3693.0,Davis Wade Stadium,Starkville,MS,39762,US,America/Chicago,33.4563403,-88.7933652,110.2742081,61337.0,1914.0,True,False
2400,Mississippi Valley State,Delta Devils,MVSU,"['MVSU', 'Miss Valley St']",SWAC,East,fcs,#005328,#cf2d34,"['https://cdn.collegefootballdata.com/logos/500/2400.png', 'https://cdn.collegefootballdata.com/logos-dark/500/2400.png', 'https://cdn.collegefootballdata.com/logos/256/2400.png', 'https://cdn.collegefootballdata.com/logos-dark/256/2400.png', 'https://cdn.collegefootballdata.com/logos/128/2400.png', 'https://cdn.collegefootballdata.com/logos-dark/128/2400.png', 'https://cdn.collegefootballdata.com/logos/96/2400.png', 'https://cdn.collegefootballdata.com/logos-dark/96/2400.png', 'https://cdn.collegefootballdata.com/logos/64/2400.png', 'https://cdn.collegefootballdata.com/logos-dark/64/2400.png', 'https://cdn.collegefootballdata.com/logos/48/2400.png', 'https://cdn.collegefootballdata.com/logos-dark/48/2400.png', 'https://cdn.collegefootballdata.com/logos/32/2400.png', 'https://cdn.collegefootballdata.com/logos-dark/32/2400.png', 'https://cdn.collegefootballdata.com/logos/16/2400.png', 'https://cdn.collegefootballdata.com/logos-dark/16/2400.png']",@MSValleyFB,3896.0,Rice-Totten Field,Itta Bena,MS,38941,US,America/Chicago,33.5118304,-90.3397718,39.88368607,10000.0,1958.0,True,False
142,Missouri,Tigers,MIZ,"['MIZ', 'Missouri']",SEC,,fbs,#f1b82d,#000000,"['https://cdn.collegefootballdata.com/logos/500/142.png', 'https://cdn.collegefootballdata.com/logos-dark/500/142.png', 'https://cdn.collegefootballdata.com/logos/256/142.png', 'https://cdn.collegefootballdata.com/logos-dark/256/142.png', 'https://cdn.collegefootballdata.com/logos/128/142.png', 'https://cdn.collegefootballdata.com/logos-dark/128/142.png', 'https://cdn.collegefootballdata.com/logos/96/142.png', 'https://cdn.collegefootballdata.com/logos-dark/96/142.png', 'https://cdn.collegefootballdata.com/logos/64/142.png', 'https://cdn.collegefootballdata.com/logos-dark/64/142.png', 'https://cdn.collegefootballdata.com/logos/48/142.png', 'https://cdn.collegefootballdata.com/logos-dark/48/142.png', 'https://cdn.collegefootballdata.com/logos/32/142.png', 'https://cdn.collegefootballdata.com/logos-dark/32/142.png', 'https://cdn.collegefootballdata.com/logos/16/142.png', 'https://cdn.collegefootballdata.com/logos-dark/16/142.png']",@MizzouFootball,3838.0,Memorial Stadium,Columbia,MO,65211,US,America/Chicago,38.9358491,-92.3332009,212.6865692,71168.0,1927.0,False,False
2880,Missouri Baptist,Spartans,MOBU,"['MOBU', 'Missouri Bapt']",,,,#null,#null,[],,,,,,,,,,,,,,,
2403,Missouri Southern State,Lions,MSSU,"['MSSU', 'Missouri So St']",Mid America,,ii,#000000,#null,"['https://cdn.collegefootballdata.com/logos/500/2403.png', 'https://cdn.collegefootballdata.com/logos-dark/500/2403.png', 'https://cdn.collegefootballdata.com/logos/256/2403.png', 'https://cdn.collegefootballdata.com/logos-dark/256/2403.png', 'https://cdn.collegefootballdata.com/logos/128/2403.png', 'https://cdn.collegefootballdata.com/logos-dark/128/2403.png', 'https://cdn.collegefootballdata.com/logos/96/2403.png', 'https://cdn.collegefootballdata.com/logos-dark/96/2403.png', 'https://cdn.collegefootballdata.com/logos/64/2403.png', 'https://cdn.collegefootballdata.com/logos-dark/64/2403.png', 'https://cdn.collegefootballdata.com/logos/48/2403.png', 'https://cdn.collegefootballdata.com/logos-dark/48/2403.png', 'https://cdn.collegefootballdata.com/logos/32/2403.png', 'https://cdn.collegefootballdata.com/logos-dark/32/2403.png', 'https://cdn.collegefootballdata.com/logos/16/2403.png', 'https://cdn.collegefootballdata.com/logos-dark/16/2403.png']",,6054.0,Fred G. Hughes Stadium,Joplin,MO,64801,US,,37.08418,-94.51323,,7000.0,,,False
2402,Missouri S&T,Miners,MS&T,"['MS&T', 'Missouri S&T']",Great Lakes,,ii,#000000,#null,"['https://cdn.collegefootballdata.com/logos/500/2402.png', 'https://cdn.collegefootballdata.com/logos-dark/500/2402.png', 'https://cdn.collegefootballdata.com/logos/256/2402.png', 'https://cdn.collegefootballdata.com/logos-dark/256/2402.png', 'https://cdn.collegefootballdata.com/logos/128/2402.png', 'https://cdn.collegefootballdata.com/logos-dark/128/2402.png', 'https://cdn.collegefootballdata.com/logos/96/2402.png', 'https://cdn.collegefootballdata.com/logos-dark/96/2402.png', 'https://cdn.collegefootballdata.com/logos/64/2402.png', 'https://cdn.collegefootballdata.com/logos-dark/64/2402.png', 'https://cdn.collegefootballdata.com/logos/48/2402.png', 'https://cdn.collegefootballdata.com/logos-dark/48/2402.png', 'https://cdn.collegefootballdata.com/logos/32/2402.png', 'https://cdn.collegefootballdata.com/logos-dark/32/2402.png', 'https://cdn.collegefootballdata.com/logos/16/2402.png', 'https://cdn.collegefootballdata.com/logos-dark/16/2402.png']",,3609.0,Allgood-Bailey Stadium,Rolla,MO,65401,US,America/Chicago,37.95037,-91.780444,336.1,8000.0,1967.0,True,False
2623,Missouri State,Bears,MOST,"['MOST', 'Missouri St']",Conference USA,,fbs,#5e0009,#ffffff,"['https://cdn.collegefootballdata.com/logos/500/2623.png', 'https://cdn.collegefootballdata.com/logos-dark/500/2623.png', 'https://cdn.collegefootballdata.com/logos/256/2623.png', 'https://cdn.collegefootballdata.com/logos-dark/256/2623.png', 'https://cdn.collegefootballdata.com/logos/128/2623.png', 'https://cdn.collegefootballdata.com/logos-dark/128/2623.png', 'https://cdn.collegefootballdata.com/logos/96/2623.png', 'https://cdn.collegefootballdata.com/logos-dark/96/2623.png', 'https://cdn.collegefootballdata.com/logos/64/2623.png', 'https://cdn.collegefootballdata.com/logos-dark/64/2623.png', 'https://cdn.collegefootballdata.com/logos/48/2623.png', 'https://cdn.collegefootballdata.com/logos-dark/48/2623.png', 'https://cdn.collegefootballdata.com/logos/32/2623.png', 'https://cdn.collegefootballdata.com/logos-dark/32/2623.png', 'https://cdn.collegefootballdata.com/logos/16/2623.png', 'https://cdn.collegefootballdata.com/logos-dark/16/2623.png']",@MOStateFootball,3878.0,Plaster Sports Complex,Springfield,MO,65897,US,America/Chicago,37.1976229,-93.2798119,402.368103,17337.0,1941.0,False,False
137,Missouri Western,Griffons,MOWE,"['MOWE', 'MO Western']",Mid America,,ii,#000000,#null,"['https://cdn.collegefootballdata.com/logos/500/137.png', 'https://cdn.collegefootballdata.com/logos-dark/500/137.png', 'https://cdn.collegefootballdata.com/logos/256/137.png', 'https://cdn.collegefootballdata.com/logos-dark/256/137.png', 'https://cdn.collegefootballdata.com/logos/128/137.png', 'https://cdn.collegefootballdata.com/logos-dark/128/137.png', 'https://cdn.collegefootballdata.com/logos/96/137.png', 'https://cdn.collegefootballdata.com/logos-dark/96/137.png', 'https://cdn.collegefootballdata.com/logos/64/137.png', 'https://cdn.collegefootballdata.com/logos-dark/64/137.png', 'https://cdn.collegefootballdata.com/logos/48/137.png', 'https://cdn.collegefootballdata.com/logos-dark/48/137.png', 'https://cdn.collegefootballdata.com/logos/32/137.png', 'https://cdn.collegefootballdata.com/logos-dark/32/137.png', 'https://cdn.collegefootballdata.com/logos/16/137.png', 'https://cdn.collegefootballdata.com/logos-dark/16/137.png']",,6055.0,Craig Field at Spratt Memorial Stadium,Saint Joseph,MO,87554,US,,39.7686055,-94.8466322,,7200.0,,,False
1000934,Missouri Western State,,,[],,,,#null,#null,,,,,,,,,,,,,,,,
109,MIT,Engineers,MIT,"['MIT', 'MIT']",NEWMAC,,iii,#000000,#null,"['https://cdn.collegefootballdata.com/logos/500/109.png', 'https://cdn.collegefootballdata.com/logos-dark/500/109.png', 'https://cdn.collegefootballdata.com/logos/256/109.png', 'https://cdn.collegefootballdata.com/logos-dark/256/109.png', 'https://cdn.collegefootballdata.com/logos/128/109.png', 'https://cdn.collegefootballdata.com/logos-dark/128/109.png', 'https://cdn.collegefootballdata.com/logos/96/109.png', 'https://cdn.collegefootballdata.com/logos-dark/96/109.png', 'https://cdn.collegefootballdata.com/logos/64/109.png', 'https://cdn.collegefootballdata.com/logos-dark/64/109.png', 'https://cdn.collegefootballdata.com/logos/48/109.png', 'https://cdn.collegefootballdata.com/logos-dark/48/109.png', 'https://cdn.collegefootballdata.com/logos/32/109.png', 'https://cdn.collegefootballdata.com/logos-dark/32/109.png', 'https://cdn.collegefootballdata.com/logos/16/109.png', 'https://cdn.collegefootballdata.com/logos-dark/16/109.png']",,5926.0,Henry G. Steinbrenner '27 Stadium,Cambridge,MA,21613,US,,42.3750997,-71.1056157,,1000.0,,,False
1000995,Monash University,,,[],,,,#null,#null,,,,,,,,,,,,,,,,
2405,Monmouth,Hawks,MONM,"['Monmouth NJ', 'MONM', 'Monmouth']",Coastal Athletic,,fcs,#051844,#null,"['https://cdn.collegefootballdata.com/logos/500/2405.png', 'https://cdn.collegefootballdata.com/logos-dark/500/2405.png', 'https://cdn.collegefootballdata.com/logos/256/2405.png', 'https://cdn.collegefootballdata.com/logos-dark/256/2405.png', 'https://cdn.collegefootballdata.com/logos/128/2405.png', 'https://cdn.collegefootballdata.com/logos-dark/128/2405.png', 'https://cdn.collegefootballdata.com/logos/96/2405.png', 'https://cdn.collegefootballdata.com/logos-dark/96/2405.png', 'https://cdn.collegefootballdata.com/logos/64/2405.png', 'https://cdn.collegefootballdata.com/logos-dark/64/2405.png', 'https://cdn.collegefootballdata.com/logos/48/2405.png', 'https://cdn.collegefootballdata.com/logos-dark/48/2405.png', 'https://cdn.collegefootballdata.com/logos/32/2405.png', 'https://cdn.collegefootballdata.com/logos-dark/32/2405.png', 'https://cdn.collegefootballdata.com/logos/16/2405.png', 'https://cdn.collegefootballdata.com/logos-dark/16/2405.png']",@MUHawksFB,5389.0,Kessler Stadium,West Long Branch,NJ,7764 ,US,America/New_York,40.278953,-74.009451,9.9,4200.0,1993.0,False,False
2919,Monmouth (IL),Fighting Scots,MNIL,"['MNIL', 'Monmouth (IL)']",Midwest,,iii,#000000,#null,"['https://cdn.collegefootballdata.com/logos/500/2919.png', 'https://cdn.collegefootballdata.com/logos-dark/500/2919.png', 'https://cdn.collegefootballdata.com/logos/256/2919.png', 'https://cdn.collegefootballdata.com/logos-dark/256/2919.png', 'https://cdn.collegefootballdata.com/logos/128/2919.png', 'https://cdn.collegefootballdata.com/logos-dark/128/2919.png', 'https://cdn.collegefootballdata.com/logos/96/2919.png', 'https://cdn.collegefootballdata.com/logos-dark/96/2919.png', 'https://cdn.collegefootballdata.com/logos/64/2919.png', 'https://cdn.collegefootballdata.com/logos-dark/64/2919.png', 'https://cdn.collegefootballdata.com/logos/48/2919.png', 'https://cdn.collegefootballdata.com/logos-dark/48/2919.png', 'https://cdn.collegefootballdata.com/logos/32/2919.png', 'https://cdn.collegefootballdata.com/logos-dark/32/2919.png', 'https://cdn.collegefootballdata.com/logos/16/2919.png', 'https://cdn.collegefootballdata.com/logos-dark/16/2919.png']",,6084.0,April Zorn Memorial Stadium,Monmouth,IL,61462,US,,40.9127103,-90.6472477,,2600.0,,,False
134001,Monroe,Mustangs,MON,"['MON', 'Monroe']",,,,#null,#null,,,,,,,,,,,,,,,,
149,Montana,Grizzlies,MONT,"['MONT', 'Montana']",Big Sky,,fcs,#751D4A,#666666,"['https://cdn.collegefootballdata.com/logos/500/149.png', 'https://cdn.collegefootballdata.com/logos-dark/500/149.png', 'https://cdn.collegefootballdata.com/logos/256/149.png', 'https://cdn.collegefootballdata.com/logos-dark/256/149.png', 'https://cdn.collegefootballdata.com/logos/128/149.png', 'https://cdn.collegefootballdata.com/logos-dark/128/149.png', 'https://cdn.collegefootballdata.com/logos/96/149.png', 'https://cdn.collegefootballdata.com/logos-dark/96/149.png', 'https://cdn.collegefootballdata.com/logos/64/149.png', 'https://cdn.collegefootballdata.com/logos-dark/64/149.png', 'https://cdn.collegefootballdata.com/logos/48/149.png', 'https://cdn.collegefootballdata.com/logos-dark/48/149.png', 'https://cdn.collegefootballdata.com/logos/32/149.png', 'https://cdn.collegefootballdata.com/logos-dark/32/149.png', 'https://cdn.collegefootballdata.com/logos/16/149.png', 'https://cdn.collegefootballdata.com/logos-dark/16/149.png']",@MontanaGrizFB,3987.0,Washington-Grizzly Stadium,Missoula,MT,59812,US,America/Denver,46.8638753,-113.9815042,970.345459,25217.0,1986.0,False,False
147,Montana State,Bobcats,MTST,"['MTST', 'Montana St']",Big Sky,,fcs,#00205c,#bc955c,"['https://cdn.collegefootballdata.com/logos/500/147.png', 'https://cdn.collegefootballdata.com/logos-dark/500/147.png', 'https://cdn.collegefootballdata.com/logos/256/147.png', 'https://cdn.collegefootballdata.com/logos-dark/256/147.png', 'https://cdn.collegefootballdata.com/logos/128/147.png', 'https://cdn.collegefootballdata.com/logos-dark/128/147.png', 'https://cdn.collegefootballdata.com/logos/96/147.png', 'https://cdn.collegefootballdata.com/logos-dark/96/147.png', 'https://cdn.collegefootballdata.com/logos/64/147.png', 'https://cdn.collegefootballdata.com/logos-dark/64/147.png', 'https://cdn.collegefootballdata.com/logos/48/147.png', 'https://cdn.collegefootballdata.com/logos-dark/48/147.png', 'https://cdn.collegefootballdata.com/logos/32/147.png', 'https://cdn.collegefootballdata.com/logos-dark/32/147.png', 'https://cdn.collegefootballdata.com/logos/16/147.png', 'https://cdn.collegefootballdata.com/logos-dark/16/147.png']",@MSUBobcatsFB,3643.0,Bobcat Stadium,Bozeman,MT,59718,US,America/Denver,45.659048,-111.049547,1507.508667,17000.0,1973.0,False,False
124390,MONTANASTN,Montanastn,,['MONTANASTN'],,,,#null,#null,,,,,,,,,,,,,,,,
148,Montana Tech,Orediggers,MAI,"['MAI', 'Montana Tech']",,,,#null,#null,,,,,,,,,,,,,,,,
2701,Montana Western,Bulldogs,UMW,"['UMW', 'MT Western']",,,,#000000,#null,[],,,,,,,,,,,,,,,
2818,Montclair State,Red Hawks,MCST,"['MCST', 'Montclair']",New Jersey,,iii,#c20f2f,#53585a,"['https://cdn.collegefootballdata.com/logos/500/2818.png', 'https://cdn.collegefootballdata.com/logos-dark/500/2818.png', 'https://cdn.collegefootballdata.com/logos/256/2818.png', 'https://cdn.collegefootballdata.com/logos-dark/256/2818.png', 'https://cdn.collegefootballdata.com/logos/128/2818.png', 'https://cdn.collegefootballdata.com/logos-dark/128/2818.png', 'https://cdn.collegefootballdata.com/logos/96/2818.png', 'https://cdn.collegefootballdata.com/logos-dark/96/2818.png', 'https://cdn.collegefootballdata.com/logos/64/2818.png', 'https://cdn.collegefootballdata.com/logos-dark/64/2818.png', 'https://cdn.collegefootballdata.com/logos/48/2818.png', 'https://cdn.collegefootballdata.com/logos-dark/48/2818.png', 'https://cdn.collegefootballdata.com/logos/32/2818.png', 'https://cdn.collegefootballdata.com/logos-dark/32/2818.png', 'https://cdn.collegefootballdata.com/logos/16/2818.png', 'https://cdn.collegefootballdata.com/logos-dark/16/2818.png']",,6085.0,Sprague Field,Montclair,NJ,07043,US,America/New_York,40.8164458,-74.2210643,100,6000.0,,False,False
3100,Monterrey Tech,Borregos,MITE,"['MITE', 'Monterrey Tech']",,,,#000000,#null,[],,,,,,,,,,,,,,,
323,Moravian,Greyhounds,MOR,"['MOR', 'Moravian']",Landmark Conference,,iii,#1f3361,#a5a6a9,"['https://cdn.collegefootballdata.com/logos/500/323.png', 'https://cdn.collegefootballdata.com/logos-dark/500/323.png', 'https://cdn.collegefootballdata.com/logos/256/323.png', 'https://cdn.collegefootballdata.com/logos-dark/256/323.png', 'https://cdn.collegefootballdata.com/logos/128/323.png', 'https://cdn.collegefootballdata.com/logos-dark/128/323.png', 'https://cdn.collegefootballdata.com/logos/96/323.png', 'https://cdn.collegefootballdata.com/logos-dark/96/323.png', 'https://cdn.collegefootballdata.com/logos/64/323.png', 'https://cdn.collegefootballdata.com/logos-dark/64/323.png', 'https://cdn.collegefootballdata.com/logos/48/323.png', 'https://cdn.collegefootballdata.com/logos-dark/48/323.png', 'https://cdn.collegefootballdata.com/logos/32/323.png', 'https://cdn.collegefootballdata.com/logos-dark/32/323.png', 'https://cdn.collegefootballdata.com/logos/16/323.png', 'https://cdn.collegefootballdata.com/logos-dark/16/323.png']",,6086.0,Rocco Calvo Field,Bethlehem,PA,15757,US,,40.6178915,-75.3786521,,2000.0,,,False
2413,Morehead State,Eagles,MORE,"['MORE', 'Morehead St']",Pioneer,,fcs,#094FA3,#fed91a,"['https://cdn.collegefootballdata.com/logos/500/2413.png', 'https://cdn.collegefootballdata.com/logos-dark/500/2413.png', 'https://cdn.collegefootballdata.com/logos/256/2413.png', 'https://cdn.collegefootballdata.com/logos-dark/256/2413.png', 'https://cdn.collegefootballdata.com/logos/128/2413.png', 'https://cdn.collegefootballdata.com/logos-dark/128/2413.png', 'https://cdn.collegefootballdata.com/logos/96/2413.png', 'https://cdn.collegefootballdata.com/logos-dark/96/2413.png', 'https://cdn.collegefootballdata.com/logos/64/2413.png', 'https://cdn.collegefootballdata.com/logos-dark/64/2413.png', 'https://cdn.collegefootballdata.com/logos/48/2413.png', 'https://cdn.collegefootballdata.com/logos-dark/48/2413.png', 'https://cdn.collegefootballdata.com/logos/32/2413.png', 'https://cdn.collegefootballdata.com/logos-dark/32/2413.png', 'https://cdn.collegefootballdata.com/logos/16/2413.png', 'https://cdn.collegefootballdata.com/logos-dark/16/2413.png']",@MSUEaglesFB,3774.0,Jayne Stadium,Morehead,KY,40351,US,America/New_York,38.1916481,-83.4253315,228.1033936,10000.0,1964.0,False,False
60,Morehouse,Maroon Tigers,MRHO,"['MRHO', 'Morehouse']",SIAC,,ii,#000000,#null,"['https://cdn.collegefootballdata.com/logos/500/60.png', 'https://cdn.collegefootballdata.com/logos-dark/500/60.png', 'https://cdn.collegefootballdata.com/logos/256/60.png', 'https://cdn.collegefootballdata.com/logos-dark/256/60.png', 'https://cdn.collegefootballdata.com/logos/128/60.png', 'https://cdn.collegefootballdata.com/logos-dark/128/60.png', 'https://cdn.collegefootballdata.com/logos/96/60.png', 'https://cdn.collegefootballdata.com/logos-dark/96/60.png', 'https://cdn.collegefootballdata.com/logos/64/60.png', 'https://cdn.collegefootballdata.com/logos-dark/64/60.png', 'https://cdn.collegefootballdata.com/logos/48/60.png', 'https://cdn.collegefootballdata.com/logos-dark/48/60.png', 'https://cdn.collegefootballdata.com/logos/32/60.png', 'https://cdn.collegefootballdata.com/logos-dark/32/60.png', 'https://cdn.collegefootballdata.com/logos/16/60.png', 'https://cdn.collegefootballdata.com/logos-dark/16/60.png']",,6056.0,B.T. Harvey Stadium,Atlanta,GA,30315,US,,33.7489924,-84.3902644,,9000.0,,,False
2415,Morgan State,Bears,MORG,"['MORG', 'Morgan St']",MEAC,,fcs,#014786,#f47937,"['https://cdn.collegefootballdata.com/logos/500/2415.png', 'https://cdn.collegefootballdata.com/logos-dark/500/2415.png', 'https://cdn.collegefootballdata.com/logos/256/2415.png', 'https://cdn.collegefootballdata.com/logos-dark/256/2415.png', 'https://cdn.collegefootballdata.com/logos/128/2415.png', 'https://cdn.collegefootballdata.com/logos-dark/128/2415.png', 'https://cdn.collegefootballdata.com/logos/96/2415.png', 'https://cdn.collegefootballdata.com/logos-dark/96/2415.png', 'https://cdn.collegefootballdata.com/logos/64/2415.png', 'https://cdn.collegefootballdata.com/logos-dark/64/2415.png', 'https://cdn.collegefootballdata.com/logos/48/2415.png', 'https://cdn.collegefootballdata.com/logos-dark/48/2415.png', 'https://cdn.collegefootballdata.com/logos/32/2415.png', 'https://cdn.collegefootballdata.com/logos-dark/32/2415.png', 'https://cdn.collegefootballdata.com/logos/16/2415.png', 'https://cdn.collegefootballdata.com/logos-dark/16/2415.png']",@MorganStateFB,3762.0,Hughes Stadium,Baltimore,MD,80521,US,America/New_York,39.3439778,-76.5829573,67.05336761,10000.0,1949.0,False,False
2416,Morningside,Chiefs,MNGS,"['MNGS', 'Morningside']",,,,#000000,#null,[],,,,,,,,,,,,,,,
110263,Morthland,Patriots,MORTH,"['MORTH', 'Morthland']",,,,#null,#null,,,,,,,,,,,,,,,,
2419,Mount St Joseph,Lions,MSJ,"['MSJ', 'Mt St Joseph']",Heartland,,iii,#002d5d,#f5ce3e,"['https://cdn.collegefootballdata.com/logos/500/2419.png', 'https://cdn.collegefootballdata.com/logos-dark/500/2419.png', 'https://cdn.collegefootballdata.com/logos/256/2419.png', 'https://cdn.collegefootballdata.com/logos-dark/256/2419.png', 'https://cdn.collegefootballdata.com/logos/128/2419.png', 'https://cdn.collegefootballdata.com/logos-dark/128/2419.png', 'https://cdn.collegefootballdata.com/logos/96/2419.png', 'https://cdn.collegefootballdata.com/logos-dark/96/2419.png', 'https://cdn.collegefootballdata.com/logos/64/2419.png', 'https://cdn.collegefootballdata.com/logos-dark/64/2419.png', 'https://cdn.collegefootballdata.com/logos/48/2419.png', 'https://cdn.collegefootballdata.com/logos-dark/48/2419.png', 'https://cdn.collegefootballdata.com/logos/32/2419.png', 'https://cdn.collegefootballdata.com/logos-dark/32/2419.png', 'https://cdn.collegefootballdata.com/logos/16/2419.png', 'https://cdn.collegefootballdata.com/logos-dark/16/2419.png']",,6088.0,Schueler Field,Cincinnati,OH,45050,US,,39.1014537,-84.5124602,,2400.0,,,False
1001095,Mount St. Joseph,,,[],,,,#null,#null,,,,,,,,,,,,,,,,
426,Mount Union,Purple Raiders,UMU,"['UMU', 'Mt Union']",Ohio,,iii,#000000,#null,"['https://cdn.collegefootballdata.com/logos/500/426.png', 'https://cdn.collegefootballdata.com/logos-dark/500/426.png', 'https://cdn.collegefootballdata.com/logos/256/426.png', 'https://cdn.collegefootballdata.com/logos-dark/256/426.png', 'https://cdn.collegefootballdata.com/logos/128/426.png', 'https://cdn.collegefootballdata.com/logos-dark/128/426.png', 'https://cdn.collegefootballdata.com/logos/96/426.png', 'https://cdn.collegefootballdata.com/logos-dark/96/426.png', 'https://cdn.collegefootballdata.com/logos/64/426.png', 'https://cdn.collegefootballdata.com/logos-dark/64/426.png', 'https://cdn.collegefootballdata.com/logos/48/426.png', 'https://cdn.collegefootballdata.com/logos-dark/48/426.png', 'https://cdn.collegefootballdata.com/logos/32/426.png', 'https://cdn.collegefootballdata.com/logos-dark/32/426.png', 'https://cdn.collegefootballdata.com/logos/16/426.png', 'https://cdn.collegefootballdata.com/logos-dark/16/426.png']",,4856.0,Mount Union Stadium,Alliance,OH,44601,US,,40.9153362,-81.1059309,,5600.0,,,False
1001065,Mount Union ,,,[],,,,#null,#null,,,,,,,,,,,,,,,,
1001050,Mt. San Antonio College,,,[],,,,#null,#null,,,,,,,,,,,,,,,,
2422,Muhlenberg,Mules,MUHL,"['MUHL', 'Muhlenberg']",Centennial,,iii,#000000,#null,"['https://cdn.collegefootballdata.com/logos/500/2422.png', 'https://cdn.collegefootballdata.com/logos-dark/500/2422.png', 'https://cdn.collegefootballdata.com/logos/256/2422.png', 'https://cdn.collegefootballdata.com/logos-dark/256/2422.png', 'https://cdn.collegefootballdata.com/logos/128/2422.png', 'https://cdn.collegefootballdata.com/logos-dark/128/2422.png', 'https://cdn.collegefootballdata.com/logos/96/2422.png', 'https://cdn.collegefootballdata.com/logos-dark/96/2422.png', 'https://cdn.collegefootballdata.com/logos/64/2422.png', 'https://cdn.collegefootballdata.com/logos-dark/64/2422.png', 'https://cdn.collegefootballdata.com/logos/48/2422.png', 'https://cdn.collegefootballdata.com/logos-dark/48/2422.png', 'https://cdn.collegefootballdata.com/logos/32/2422.png', 'https://cdn.collegefootballdata.com/logos-dark/32/2422.png', 'https://cdn.collegefootballdata.com/logos/16/2422.png', 'https://cdn.collegefootballdata.com/logos-dark/16/2422.png']",,6089.0,Scotty Wood Stadium,Allentown,PA,,US,,40.6022059,-75.4712794,,3000.0,,,False
93,Murray State,Racers,MUR,"['MUR', 'Murray St']",MVFC,,fcs,#002148,#000e00,"['https://cdn.collegefootballdata.com/logos/500/93.png', 'https://cdn.collegefootballdata.com/logos-dark/500/93.png', 'https://cdn.collegefootballdata.com/logos/256/93.png', 'https://cdn.collegefootballdata.com/logos-dark/256/93.png', 'https://cdn.collegefootballdata.com/logos/128/93.png', 'https://cdn.collegefootballdata.com/logos-dark/128/93.png', 'https://cdn.collegefootballdata.com/logos/96/93.png', 'https://cdn.collegefootballdata.com/logos-dark/96/93.png', 'https://cdn.collegefootballdata.com/logos/64/93.png', 'https://cdn.collegefootballdata.com/logos-dark/64/93.png', 'https://cdn.collegefootballdata.com/logos/48/93.png', 'https://cdn.collegefootballdata.com/logos-dark/48/93.png', 'https://cdn.collegefootballdata.com/logos/32/93.png', 'https://cdn.collegefootballdata.com/logos-dark/32/93.png', 'https://cdn.collegefootballdata.com/logos/16/93.png', 'https://cdn.collegefootballdata.com/logos-dark/16/93.png']",@RacersFootball,3909.0,Roy Stewart Stadium,Murray,KY,42071,US,America/Chicago,36.6215165,-88.3175531,152.6495667,16800.0,1973.0,False,False
332,Muskingum,Fighting Muskies,MSK,"['MSK', 'Muskingum']",Ohio,,iii,#000000,#null,"['https://cdn.collegefootballdata.com/logos/500/332.png', 'https://cdn.collegefootballdata.com/logos-dark/500/332.png', 'https://cdn.collegefootballdata.com/logos/256/332.png', 'https://cdn.collegefootballdata.com/logos-dark/256/332.png', 'https://cdn.collegefootballdata.com/logos/128/332.png', 'https://cdn.collegefootballdata.com/logos-dark/128/332.png', 'https://cdn.collegefootballdata.com/logos/96/332.png', 'https://cdn.collegefootballdata.com/logos-dark/96/332.png', 'https://cdn.collegefootballdata.com/logos/64/332.png', 'https://cdn.collegefootballdata.com/logos-dark/64/332.png', 'https://cdn.collegefootballdata.com/logos/48/332.png', 'https://cdn.collegefootballdata.com/logos-dark/48/332.png', 'https://cdn.collegefootballdata.com/logos/32/332.png', 'https://cdn.collegefootballdata.com/logos-dark/32/332.png', 'https://cdn.collegefootballdata.com/logos/16/332.png', 'https://cdn.collegefootballdata.com/logos-dark/16/332.png']",,6090.0,Sherman Field at McConagha Stadium,New Concord,OH,,US,,39.9934992,-81.7338559,,2500.0,,,False
3194,National,,NAT,"['NAT', 'National']",,,,#000000,#null,,,,,,,,,,,,,,,,
1000977,Navarro College,,,[],,,,#null,#null,,,,,,,,,,,,,,,,
2426,Navy,Midshipmen,NAVY,"['NAVY', 'Navy']",American Athletic,,fbs,#00225b,#b5a67c,"['https://cdn.collegefootballdata.com/logos/500/2426.png', 'https://cdn.collegefootballdata.com/logos-dark/500/2426.png', 'https://cdn.collegefootballdata.com/logos/256/2426.png', 'https://cdn.collegefootballdata.com/logos-dark/256/2426.png', 'https://cdn.collegefootballdata.com/logos/128/2426.png', 'https://cdn.collegefootballdata.com/logos-dark/128/2426.png', 'https://cdn.collegefootballdata.com/logos/96/2426.png', 'https://cdn.collegefootballdata.com/logos-dark/96/2426.png', 'https://cdn.collegefootballdata.com/logos/64/2426.png', 'https://cdn.collegefootballdata.com/logos-dark/64/2426.png', 'https://cdn.collegefootballdata.com/logos/48/2426.png', 'https://cdn.collegefootballdata.com/logos-dark/48/2426.png', 'https://cdn.collegefootballdata.com/logos/32/2426.png', 'https://cdn.collegefootballdata.com/logos-dark/32/2426.png', 'https://cdn.collegefootballdata.com/logos/16/2426.png', 'https://cdn.collegefootballdata.com/logos-dark/16/2426.png']",@NavyFB,3852.0,Navy-Marine Corps Memorial Stadium,Annapolis,MD,21402,US,America/New_York,38.9846985,-76.5076335,10.74990082,34000.0,1959.0,False,False
152,NC State,Wolfpack,NCSU,"['North Carolina St.', 'NCSU', 'NC State']",ACC,,fbs,#cc0000,#ffffff,"['https://cdn.collegefootballdata.com/logos/500/152.png', 'https://cdn.collegefootballdata.com/logos-dark/500/152.png', 'https://cdn.collegefootballdata.com/logos/256/152.png', 'https://cdn.collegefootballdata.com/logos-dark/256/152.png', 'https://cdn.collegefootballdata.com/logos/128/152.png', 'https://cdn.collegefootballdata.com/logos-dark/128/152.png', 'https://cdn.collegefootballdata.com/logos/96/152.png', 'https://cdn.collegefootballdata.com/logos-dark/96/152.png', 'https://cdn.collegefootballdata.com/logos/64/152.png', 'https://cdn.collegefootballdata.com/logos-dark/64/152.png', 'https://cdn.collegefootballdata.com/logos/48/152.png', 'https://cdn.collegefootballdata.com/logos-dark/48/152.png', 'https://cdn.collegefootballdata.com/logos/32/152.png', 'https://cdn.collegefootballdata.com/logos-dark/32/152.png', 'https://cdn.collegefootballdata.com/logos/16/152.png', 'https://cdn.collegefootballdata.com/logos-dark/16/152.png']",@PackFootball,3670.0,Carter-Finley Stadium,Raleigh,NC,27695,US,America/New_York,35.8008001,-78.7195655,117.0089951,58000.0,1966.0,True,False
158,Nebraska,Cornhuskers,NEB,"['NEB', 'Nebraska']",Big Ten,,fbs,#d00000,#ffffff,"['https://cdn.collegefootballdata.com/logos/500/158.png', 'https://cdn.collegefootballdata.com/logos-dark/500/158.png', 'https://cdn.collegefootballdata.com/logos/256/158.png', 'https://cdn.collegefootballdata.com/logos-dark/256/158.png', 'https://cdn.collegefootballdata.com/logos/128/158.png', 'https://cdn.collegefootballdata.com/logos-dark/128/158.png', 'https://cdn.collegefootballdata.com/logos/96/158.png', 'https://cdn.collegefootballdata.com/logos-dark/96/158.png', 'https://cdn.collegefootballdata.com/logos/64/158.png', 'https://cdn.collegefootballdata.com/logos-dark/64/158.png', 'https://cdn.collegefootballdata.com/logos/48/158.png', 'https://cdn.collegefootballdata.com/logos-dark/48/158.png', 'https://cdn.collegefootballdata.com/logos/32/158.png', 'https://cdn.collegefootballdata.com/logos-dark/32/158.png', 'https://cdn.collegefootballdata.com/logos/16/158.png', 'https://cdn.collegefootballdata.com/logos-dark/16/158.png']",@HuskerFBNation,3834.0,"Memorial Stadium (Lincoln, NE)",Lincoln,NE,68588,US,America/Chicago,40.820682,-96.705594,354.9318848,85458.0,1923.0,False,False
2438,Nebraska Kearney,Lopers,NEBK,"['NEBK', 'NE Kearney']",Mid America,,ii,#000000,#null,"['https://cdn.collegefootballdata.com/logos/500/2438.png', 'https://cdn.collegefootballdata.com/logos-dark/500/2438.png', 'https://cdn.collegefootballdata.com/logos/256/2438.png', 'https://cdn.collegefootballdata.com/logos-dark/256/2438.png', 'https://cdn.collegefootballdata.com/logos/128/2438.png', 'https://cdn.collegefootballdata.com/logos-dark/128/2438.png', 'https://cdn.collegefootballdata.com/logos/96/2438.png', 'https://cdn.collegefootballdata.com/logos-dark/96/2438.png', 'https://cdn.collegefootballdata.com/logos/64/2438.png', 'https://cdn.collegefootballdata.com/logos-dark/64/2438.png', 'https://cdn.collegefootballdata.com/logos/48/2438.png', 'https://cdn.collegefootballdata.com/logos-dark/48/2438.png', 'https://cdn.collegefootballdata.com/logos/32/2438.png', 'https://cdn.collegefootballdata.com/logos-dark/32/2438.png', 'https://cdn.collegefootballdata.com/logos/16/2438.png', 'https://cdn.collegefootballdata.com/logos-dark/16/2438.png']",,6057.0,Ron & Carol Cope Stadium at Foster Field,Kearney,NE,68847,US,,40.4906216,-98.9472344,,5250.0,,,False
1001012,Nebraska Kearney,,,[],,,,#null,#null,,,,,,,,,,,,,,,,
1001094,Nebraska-Kearney,,,[],,,,#null,#null,,,,,,,,,,,,,,,,
2437,Nebraska-Omaha,Mavericks,UNO,"['UNO', 'Omaha']",,,,#e3193e,#null,[],,,,,,,,,,,,,,,
6845,Nebraska Wesleyan,Prairie Wolves,NWU,"['NWU', 'NE Wesleyan']",American Rivers,,iii,#null,#null,"['https://cdn.collegefootballdata.com/logos/500/6845.png', 'https://cdn.collegefootballdata.com/logos-dark/500/6845.png', 'https://cdn.collegefootballdata.com/logos/256/6845.png', 'https://cdn.collegefootballdata.com/logos-dark/256/6845.png', 'https://cdn.collegefootballdata.com/logos/128/6845.png', 'https://cdn.collegefootballdata.com/logos-dark/128/6845.png', 'https://cdn.collegefootballdata.com/logos/96/6845.png', 'https://cdn.collegefootballdata.com/logos-dark/96/6845.png', 'https://cdn.collegefootballdata.com/logos/64/6845.png', 'https://cdn.collegefootballdata.com/logos-dark/64/6845.png', 'https://cdn.collegefootballdata.com/logos/48/6845.png', 'https://cdn.collegefootballdata.com/logos-dark/48/6845.png', 'https://cdn.collegefootballdata.com/logos/32/6845.png', 'https://cdn.collegefootballdata.com/logos-dark/32/6845.png', 'https://cdn.collegefootballdata.com/logos/16/6845.png', 'https://cdn.collegefootballdata.com/logos-dark/16/6845.png']",,6091.0,Abel Stadium,Lincoln,NE,68508,US,,40.8088861,-96.7077751,,2500.0,,,False
2904,Nelson (TX),Lions,NEL,"['NEL', 'Nelson']",,,,#000000,#null,[],,,,,,,,,,,,,,,
2440,Nevada,Wolf Pack,NEV,"['NEV', 'Nevada']",Mountain West,,fbs,#041e42,#8a8d8f,"['https://cdn.collegefootballdata.com/logos/500/2440.png', 'https://cdn.collegefootballdata.com/logos-dark/500/2440.png', 'https://cdn.collegefootballdata.com/logos/256/2440.png', 'https://cdn.collegefootballdata.com/logos-dark/256/2440.png', 'https://cdn.collegefootballdata.com/logos/128/2440.png', 'https://cdn.collegefootballdata.com/logos-dark/128/2440.png', 'https://cdn.collegefootballdata.com/logos/96/2440.png', 'https://cdn.collegefootballdata.com/logos-dark/96/2440.png', 'https://cdn.collegefootballdata.com/logos/64/2440.png', 'https://cdn.collegefootballdata.com/logos-dark/64/2440.png', 'https://cdn.collegefootballdata.com/logos/48/2440.png', 'https://cdn.collegefootballdata.com/logos-dark/48/2440.png', 'https://cdn.collegefootballdata.com/logos/32/2440.png', 'https://cdn.collegefootballdata.com/logos-dark/32/2440.png', 'https://cdn.collegefootballdata.com/logos/16/2440.png', 'https://cdn.collegefootballdata.com/logos-dark/16/2440.png']",@NevadaFootball,3816.0,Mackay Stadium,Reno,NV,89557,US,America/Los_Angeles,39.5469459,-119.8175435,1406.57605,27000.0,1966.0,False,False
2444,Newberry,Wolves,NBRY,"['NBRY', 'Newberry']",South Atlantic,,ii,#d02030,#8a8c8f,"['https://cdn.collegefootballdata.com/logos/500/2444.png', 'https://cdn.collegefootballdata.com/logos-dark/500/2444.png', 'https://cdn.collegefootballdata.com/logos/256/2444.png', 'https://cdn.collegefootballdata.com/logos-dark/256/2444.png', 'https://cdn.collegefootballdata.com/logos/128/2444.png', 'https://cdn.collegefootballdata.com/logos-dark/128/2444.png', 'https://cdn.collegefootballdata.com/logos/96/2444.png', 'https://cdn.collegefootballdata.com/logos-dark/96/2444.png', 'https://cdn.collegefootballdata.com/logos/64/2444.png', 'https://cdn.collegefootballdata.com/logos-dark/64/2444.png', 'https://cdn.collegefootballdata.com/logos/48/2444.png', 'https://cdn.collegefootballdata.com/logos-dark/48/2444.png', 'https://cdn.collegefootballdata.com/logos/32/2444.png', 'https://cdn.collegefootballdata.com/logos-dark/32/2444.png', 'https://cdn.collegefootballdata.com/logos/16/2444.png', 'https://cdn.collegefootballdata.com/logos-dark/16/2444.png']",,3926.0,Setzler Field,Newberry,SC,29108,US,,34.286133,-81.622539,160.5950775,4000.0,1922.0,,False
111675,New England,Nor'easters,UNE,"['UNE', 'New England']",Commonwealth Coast,,iii,#null,#null,,,6135.0,Blue Storm Stadium,Portland,ME,04102,US,,43.6610277,-70.2548596,,1600.0,,,False
131108,New England College,Pilgrims,NEW,"['NEW', 'New England Co']",,,,#null,#null,,,,,,,,,,,,,,,,
160,New Hampshire,Wildcats,UNH,"['UNH', 'New Hampshire']",Coastal Athletic,,fcs,#004990,#c3c4c6,"['https://cdn.collegefootballdata.com/logos/500/160.png', 'https://cdn.collegefootballdata.com/logos-dark/500/160.png', 'https://cdn.collegefootballdata.com/logos/256/160.png', 'https://cdn.collegefootballdata.com/logos-dark/256/160.png', 'https://cdn.collegefootballdata.com/logos/128/160.png', 'https://cdn.collegefootballdata.com/logos-dark/128/160.png', 'https://cdn.collegefootballdata.com/logos/96/160.png', 'https://cdn.collegefootballdata.com/logos-dark/96/160.png', 'https://cdn.collegefootballdata.com/logos/64/160.png', 'https://cdn.collegefootballdata.com/logos-dark/64/160.png', 'https://cdn.collegefootballdata.com/logos/48/160.png', 'https://cdn.collegefootballdata.com/logos-dark/48/160.png', 'https://cdn.collegefootballdata.com/logos/32/160.png', 'https://cdn.collegefootballdata.com/logos-dark/32/160.png', 'https://cdn.collegefootballdata.com/logos/16/160.png', 'https://cdn.collegefootballdata.com/logos-dark/16/160.png']",@UNH_Football,3688.0,Wildcat Stadium,Durham,NH,3824 ,US,America/New_York,43.1386231,-70.9393077,19.05943298,11015.0,1936.0,False,False
2441,New Haven,Chargers,NHVN,"['NHVN', 'New Haven']",NEC,,fcs,#041e42,#ffc425,"['https://cdn.collegefootballdata.com/logos/500/2441.png', 'https://cdn.collegefootballdata.com/logos-dark/500/2441.png', 'https://cdn.collegefootballdata.com/logos/256/2441.png', 'https://cdn.collegefootballdata.com/logos-dark/256/2441.png', 'https://cdn.collegefootballdata.com/logos/128/2441.png', 'https://cdn.collegefootballdata.com/logos-dark/128/2441.png', 'https://cdn.collegefootballdata.com/logos/96/2441.png', 'https://cdn.collegefootballdata.com/logos-dark/96/2441.png', 'https://cdn.collegefootballdata.com/logos/64/2441.png', 'https://cdn.collegefootballdata.com/logos-dark/64/2441.png', 'https://cdn.collegefootballdata.com/logos/48/2441.png', 'https://cdn.collegefootballdata.com/logos-dark/48/2441.png', 'https://cdn.collegefootballdata.com/logos/32/2441.png', 'https://cdn.collegefootballdata.com/logos-dark/32/2441.png', 'https://cdn.collegefootballdata.com/logos/16/2441.png', 'https://cdn.collegefootballdata.com/logos-dark/16/2441.png']",,6058.0,Ralph F. DellaCamera Stadium,West Haven,CT,06516,US,America/New_York,41.2706527,-72.9470471,7,5000.0,2009.0,False,False
167,New Mexico,Lobos,UNM,"['UNM', 'New Mexico']",Mountain West,,fbs,#ba0c2f,#a7a8aa,"['https://cdn.collegefootballdata.com/logos/500/167.png', 'https://cdn.collegefootballdata.com/logos-dark/500/167.png', 'https://cdn.collegefootballdata.com/logos/256/167.png', 'https://cdn.collegefootballdata.com/logos-dark/256/167.png', 'https://cdn.collegefootballdata.com/logos/128/167.png', 'https://cdn.collegefootballdata.com/logos-dark/128/167.png', 'https://cdn.collegefootballdata.com/logos/96/167.png', 'https://cdn.collegefootballdata.com/logos-dark/96/167.png', 'https://cdn.collegefootballdata.com/logos/64/167.png', 'https://cdn.collegefootballdata.com/logos-dark/64/167.png', 'https://cdn.collegefootballdata.com/logos/48/167.png', 'https://cdn.collegefootballdata.com/logos-dark/48/167.png', 'https://cdn.collegefootballdata.com/logos/32/167.png', 'https://cdn.collegefootballdata.com/logos-dark/32/167.png', 'https://cdn.collegefootballdata.com/logos/16/167.png', 'https://cdn.collegefootballdata.com/logos-dark/16/167.png']",@UNMLoboFB,3971.0,University Stadium (NM),Albuquerque,NM,87131,US,America/Denver,35.0669479,-106.6283225,1554.471924,39224.0,1960.0,False,False
2424,New Mexico Highlands,Cowboys,NMHU,"['NMHU', 'NM Highlands']",Rocky Mountain,,ii,#000000,#null,"['https://cdn.collegefootballdata.com/logos/500/2424.png', 'https://cdn.collegefootballdata.com/logos-dark/500/2424.png', 'https://cdn.collegefootballdata.com/logos/256/2424.png', 'https://cdn.collegefootballdata.com/logos-dark/256/2424.png', 'https://cdn.collegefootballdata.com/logos/128/2424.png', 'https://cdn.collegefootballdata.com/logos-dark/128/2424.png', 'https://cdn.collegefootballdata.com/logos/96/2424.png', 'https://cdn.collegefootballdata.com/logos-dark/96/2424.png', 'https://cdn.collegefootballdata.com/logos/64/2424.png', 'https://cdn.collegefootballdata.com/logos-dark/64/2424.png', 'https://cdn.collegefootballdata.com/logos/48/2424.png', 'https://cdn.collegefootballdata.com/logos-dark/48/2424.png', 'https://cdn.collegefootballdata.com/logos/32/2424.png', 'https://cdn.collegefootballdata.com/logos-dark/32/2424.png', 'https://cdn.collegefootballdata.com/logos/16/2424.png', 'https://cdn.collegefootballdata.com/logos-dark/16/2424.png']",,6059.0,Sanchez Family Stadium,Las Vegas,NM,87701,US,,35.5939325,-105.2238969,,5000.0,,,False
1000956,New Mexico Military Institute,,,[],,,,#null,#null,,,,,,,,,,,,,,,,
166,New Mexico State,Aggies,NMSU,"['NMSU', 'New Mexico St']",Conference USA,,fbs,#8c0b42,#ffffff,"['https://cdn.collegefootballdata.com/logos/500/166.png', 'https://cdn.collegefootballdata.com/logos-dark/500/166.png', 'https://cdn.collegefootballdata.com/logos/256/166.png', 'https://cdn.collegefootballdata.com/logos-dark/256/166.png', 'https://cdn.collegefootballdata.com/logos/128/166.png', 'https://cdn.collegefootballdata.com/logos-dark/128/166.png', 'https://cdn.collegefootballdata.com/logos/96/166.png', 'https://cdn.collegefootballdata.com/logos-dark/96/166.png', 'https://cdn.collegefootballdata.com/logos/64/166.png', 'https://cdn.collegefootballdata.com/logos-dark/64/166.png', 'https://cdn.collegefootballdata.com/logos/48/166.png', 'https://cdn.collegefootballdata.com/logos-dark/48/166.png', 'https://cdn.collegefootballdata.com/logos/32/166.png', 'https://cdn.collegefootballdata.com/logos-dark/32/166.png', 'https://cdn.collegefootballdata.com/logos/16/166.png', 'https://cdn.collegefootballdata.com/logos-dark/16/166.png']",@NMStateFootball,3601.0,Aggie Memorial Stadium,Las Cruces,NM,88003,US,America/Denver,32.2796202,-106.7411148,1208.201294,28853.0,1978.0,False,False
2447,Nicholls,Colonels,NICH,"['NICH', 'Nicholls']",Southland,,fcs,#C41230,#f0f0f0,"['https://cdn.collegefootballdata.com/logos/500/2447.png', 'https://cdn.collegefootballdata.com/logos-dark/500/2447.png', 'https://cdn.collegefootballdata.com/logos/256/2447.png', 'https://cdn.collegefootballdata.com/logos-dark/256/2447.png', 'https://cdn.collegefootballdata.com/logos/128/2447.png', 'https://cdn.collegefootballdata.com/logos-dark/128/2447.png', 'https://cdn.collegefootballdata.com/logos/96/2447.png', 'https://cdn.collegefootballdata.com/logos-dark/96/2447.png', 'https://cdn.collegefootballdata.com/logos/64/2447.png', 'https://cdn.collegefootballdata.com/logos-dark/64/2447.png', 'https://cdn.collegefootballdata.com/logos/48/2447.png', 'https://cdn.collegefootballdata.com/logos-dark/48/2447.png', 'https://cdn.collegefootballdata.com/logos/32/2447.png', 'https://cdn.collegefootballdata.com/logos-dark/32/2447.png', 'https://cdn.collegefootballdata.com/logos/16/2447.png', 'https://cdn.collegefootballdata.com/logos-dark/16/2447.png']",@Nicholls_FB,3779.0,Manning Field at John L. Guidry Stadium,Thibodaux,LA,70301,US,America/Chicago,29.7867254,-90.80455,3.23726368,10500.0,1972.0,False,False
2884,Nichols,Bison,NICC,"['NICC', 'Nichols']",Commonwealth Coast,,iii,#007b5f,#000000,"['https://cdn.collegefootballdata.com/logos/500/2884.png', 'https://cdn.collegefootballdata.com/logos-dark/500/2884.png', 'https://cdn.collegefootballdata.com/logos/256/2884.png', 'https://cdn.collegefootballdata.com/logos-dark/256/2884.png', 'https://cdn.collegefootballdata.com/logos/128/2884.png', 'https://cdn.collegefootballdata.com/logos-dark/128/2884.png', 'https://cdn.collegefootballdata.com/logos/96/2884.png', 'https://cdn.collegefootballdata.com/logos-dark/96/2884.png', 'https://cdn.collegefootballdata.com/logos/64/2884.png', 'https://cdn.collegefootballdata.com/logos-dark/64/2884.png', 'https://cdn.collegefootballdata.com/logos/48/2884.png', 'https://cdn.collegefootballdata.com/logos-dark/48/2884.png', 'https://cdn.collegefootballdata.com/logos/32/2884.png', 'https://cdn.collegefootballdata.com/logos-dark/32/2884.png', 'https://cdn.collegefootballdata.com/logos/16/2884.png', 'https://cdn.collegefootballdata.com/logos-dark/16/2884.png']",,5637.0,Vendetti Field,Dudley,MA,01571,US,,42.0572744,-71.9396898,,763.0,,,False
1001079,Nigeria,Nigeria,Nigeria,['Nigeria'],,,,#null,#null,,,,,,,,,,,,,,,,
2450,Norfolk State,Spartans,NORF,"['NORF', 'Norfolk St']",MEAC,,fcs,#0c8968,#fdb813,"['https://cdn.collegefootballdata.com/logos/500/2450.png', 'https://cdn.collegefootballdata.com/logos-dark/500/2450.png', 'https://cdn.collegefootballdata.com/logos/256/2450.png', 'https://cdn.collegefootballdata.com/logos-dark/256/2450.png', 'https://cdn.collegefootballdata.com/logos/128/2450.png', 'https://cdn.collegefootballdata.com/logos-dark/128/2450.png', 'https://cdn.collegefootballdata.com/logos/96/2450.png', 'https://cdn.collegefootballdata.com/logos-dark/96/2450.png', 'https://cdn.collegefootballdata.com/logos/64/2450.png', 'https://cdn.collegefootballdata.com/logos-dark/64/2450.png', 'https://cdn.collegefootballdata.com/logos/48/2450.png', 'https://cdn.collegefootballdata.com/logos-dark/48/2450.png', 'https://cdn.collegefootballdata.com/logos/32/2450.png', 'https://cdn.collegefootballdata.com/logos-dark/32/2450.png', 'https://cdn.collegefootballdata.com/logos/16/2450.png', 'https://cdn.collegefootballdata.com/logos-dark/16/2450.png']",@NSU_FB,3991.0,"William Dick"""" Price Stadium""""",Norfolk,VA,23504,US,America/New_York,36.8469442,-76.2600839,4.916433334,30000.0,1997.0,False,False
3145,NORTH,All-Stars,NOR,"['NOR', 'NORTH']",,,,#000000,#null,,,,,,,,,,,,,,,,
2453,North Alabama,Lions,UNA,"['UNA', 'North Alabama']",UAC,,fcs,#000000,#null,"['https://cdn.collegefootballdata.com/logos/500/2453.png', 'https://cdn.collegefootballdata.com/logos-dark/500/2453.png', 'https://cdn.collegefootballdata.com/logos/256/2453.png', 'https://cdn.collegefootballdata.com/logos-dark/256/2453.png', 'https://cdn.collegefootballdata.com/logos/128/2453.png', 'https://cdn.collegefootballdata.com/logos-dark/128/2453.png', 'https://cdn.collegefootballdata.com/logos/96/2453.png', 'https://cdn.collegefootballdata.com/logos-dark/96/2453.png', 'https://cdn.collegefootballdata.com/logos/64/2453.png', 'https://cdn.collegefootballdata.com/logos-dark/64/2453.png', 'https://cdn.collegefootballdata.com/logos/48/2453.png', 'https://cdn.collegefootballdata.com/logos-dark/48/2453.png', 'https://cdn.collegefootballdata.com/logos/32/2453.png', 'https://cdn.collegefootballdata.com/logos-dark/32/2453.png', 'https://cdn.collegefootballdata.com/logos/16/2453.png', 'https://cdn.collegefootballdata.com/logos-dark/16/2453.png']",@UNAFootball,4133.0,Braly Municipal Stadium,Florence,AL,35630,US,America/Chicago,34.810914,-87.670587,172.3,14215.0,1949.0,False,False
123086,North American,Stallions,NAMU,"['North American', 'NAMU', 'N American']",,,,#null,#null,,,,,,,,,,,,,,,,
153,North Carolina,Tar Heels,UNC,"['UNC', 'North Carolina']",ACC,,fbs,#7bafd4,#13294b,"['https://cdn.collegefootballdata.com/logos/500/153.png', 'https://cdn.collegefootballdata.com/logos-dark/500/153.png', 'https://cdn.collegefootballdata.com/logos/256/153.png', 'https://cdn.collegefootballdata.com/logos-dark/256/153.png', 'https://cdn.collegefootballdata.com/logos/128/153.png', 'https://cdn.collegefootballdata.com/logos-dark/128/153.png', 'https://cdn.collegefootballdata.com/logos/96/153.png', 'https://cdn.collegefootballdata.com/logos-dark/96/153.png', 'https://cdn.collegefootballdata.com/logos/64/153.png', 'https://cdn.collegefootballdata.com/logos-dark/64/153.png', 'https://cdn.collegefootballdata.com/logos/48/153.png', 'https://cdn.collegefootballdata.com/logos-dark/48/153.png', 'https://cdn.collegefootballdata.com/logos/32/153.png', 'https://cdn.collegefootballdata.com/logos-dark/32/153.png', 'https://cdn.collegefootballdata.com/logos/16/153.png', 'https://cdn.collegefootballdata.com/logos-dark/16/153.png']",@UNCFootball,3787.0,Kenan Stadium,Chapel Hill,NC,27515,US,America/New_York,35.9069294,-79.0478889,127.7569809,50500.0,1927.0,False,False
2448,North Carolina A&T,Aggies,NCAT,"['NCAT', 'NC A&T']",Coastal Athletic,,fcs,#0505aa,#004684,"['https://cdn.collegefootballdata.com/logos/500/2448.png', 'https://cdn.collegefootballdata.com/logos-dark/500/2448.png', 'https://cdn.collegefootballdata.com/logos/256/2448.png', 'https://cdn.collegefootballdata.com/logos-dark/256/2448.png', 'https://cdn.collegefootballdata.com/logos/128/2448.png', 'https://cdn.collegefootballdata.com/logos-dark/128/2448.png', 'https://cdn.collegefootballdata.com/logos/96/2448.png', 'https://cdn.collegefootballdata.com/logos-dark/96/2448.png', 'https://cdn.collegefootballdata.com/logos/64/2448.png', 'https://cdn.collegefootballdata.com/logos-dark/64/2448.png', 'https://cdn.collegefootballdata.com/logos/48/2448.png', 'https://cdn.collegefootballdata.com/logos-dark/48/2448.png', 'https://cdn.collegefootballdata.com/logos/32/2448.png', 'https://cdn.collegefootballdata.com/logos-dark/32/2448.png', 'https://cdn.collegefootballdata.com/logos/16/2448.png', 'https://cdn.collegefootballdata.com/logos-dark/16/2448.png']",@Football_NCAT,3603.0,Aggie Stadium,Greensboro,NC,27411,US,America/New_York,36.0814337,-79.7700391,235.1224518,21500.0,1981.0,True,False
2428,North Carolina Central,Eagles,NCCU,"['NCCU', 'NC Central']",MEAC,,fcs,#880023,#c2c3c0,"['https://cdn.collegefootballdata.com/logos/500/2428.png', 'https://cdn.collegefootballdata.com/logos-dark/500/2428.png', 'https://cdn.collegefootballdata.com/logos/256/2428.png', 'https://cdn.collegefootballdata.com/logos-dark/256/2428.png', 'https://cdn.collegefootballdata.com/logos/128/2428.png', 'https://cdn.collegefootballdata.com/logos-dark/128/2428.png', 'https://cdn.collegefootballdata.com/logos/96/2428.png', 'https://cdn.collegefootballdata.com/logos-dark/96/2428.png', 'https://cdn.collegefootballdata.com/logos/64/2428.png', 'https://cdn.collegefootballdata.com/logos-dark/64/2428.png', 'https://cdn.collegefootballdata.com/logos/48/2428.png', 'https://cdn.collegefootballdata.com/logos-dark/48/2428.png', 'https://cdn.collegefootballdata.com/logos/32/2428.png', 'https://cdn.collegefootballdata.com/logos-dark/32/2428.png', 'https://cdn.collegefootballdata.com/logos/16/2428.png', 'https://cdn.collegefootballdata.com/logos-dark/16/2428.png']",@NCCU_Football,3862.0,O'Kelly-Riddick Stadium,Durham,NC,27707,US,America/New_York,35.9738646,-78.896969,96.73323059,10000.0,1975.0,False,False
286,North Carolina Wesleyan,Battling Bishops,NCW,"['NCW', 'NC Wesleyan']",USA South,,iii,#000000,#null,"['https://cdn.collegefootballdata.com/logos/500/286.png', 'https://cdn.collegefootballdata.com/logos-dark/500/286.png', 'https://cdn.collegefootballdata.com/logos/256/286.png', 'https://cdn.collegefootballdata.com/logos-dark/256/286.png', 'https://cdn.collegefootballdata.com/logos/128/286.png', 'https://cdn.collegefootballdata.com/logos-dark/128/286.png', 'https://cdn.collegefootballdata.com/logos/96/286.png', 'https://cdn.collegefootballdata.com/logos-dark/96/286.png', 'https://cdn.collegefootballdata.com/logos/64/286.png', 'https://cdn.collegefootballdata.com/logos-dark/64/286.png', 'https://cdn.collegefootballdata.com/logos/48/286.png', 'https://cdn.collegefootballdata.com/logos-dark/48/286.png', 'https://cdn.collegefootballdata.com/logos/32/286.png', 'https://cdn.collegefootballdata.com/logos-dark/32/286.png', 'https://cdn.collegefootballdata.com/logos/16/286.png', 'https://cdn.collegefootballdata.com/logos-dark/16/286.png']",,6092.0,Bishop Stadium,Rocky Mount,NC,27804,US,,35.9423833,-77.7956949,,5000.0,,,False
3071,North Central College,Cardinals,NCC,"['NCC', 'N Central (IL)']",CCIW,,iii,#000000,#null,"['https://cdn.collegefootballdata.com/logos/500/3071.png', 'https://cdn.collegefootballdata.com/logos-dark/500/3071.png', 'https://cdn.collegefootballdata.com/logos/256/3071.png', 'https://cdn.collegefootballdata.com/logos-dark/256/3071.png', 'https://cdn.collegefootballdata.com/logos/128/3071.png', 'https://cdn.collegefootballdata.com/logos-dark/128/3071.png', 'https://cdn.collegefootballdata.com/logos/96/3071.png', 'https://cdn.collegefootballdata.com/logos-dark/96/3071.png', 'https://cdn.collegefootballdata.com/logos/64/3071.png', 'https://cdn.collegefootballdata.com/logos-dark/64/3071.png', 'https://cdn.collegefootballdata.com/logos/48/3071.png', 'https://cdn.collegefootballdata.com/logos-dark/48/3071.png', 'https://cdn.collegefootballdata.com/logos/32/3071.png', 'https://cdn.collegefootballdata.com/logos-dark/32/3071.png', 'https://cdn.collegefootballdata.com/logos/16/3071.png', 'https://cdn.collegefootballdata.com/logos-dark/16/3071.png']",,980.0,Benedetti-Wehrli Stadium,Naperville,IL,60540,US,,41.7728699,-88.1479278,,4839.0,,,False
155,North Dakota,Fighting Hawks,UND,"['UND', 'North Dakota']",MVFC,,fcs,#00A26B,#c2c3c0,"['https://cdn.collegefootballdata.com/logos/500/155.png', 'https://cdn.collegefootballdata.com/logos-dark/500/155.png', 'https://cdn.collegefootballdata.com/logos/256/155.png', 'https://cdn.collegefootballdata.com/logos-dark/256/155.png', 'https://cdn.collegefootballdata.com/logos/128/155.png', 'https://cdn.collegefootballdata.com/logos-dark/128/155.png', 'https://cdn.collegefootballdata.com/logos/96/155.png', 'https://cdn.collegefootballdata.com/logos-dark/96/155.png', 'https://cdn.collegefootballdata.com/logos/64/155.png', 'https://cdn.collegefootballdata.com/logos-dark/64/155.png', 'https://cdn.collegefootballdata.com/logos/48/155.png', 'https://cdn.collegefootballdata.com/logos-dark/48/155.png', 'https://cdn.collegefootballdata.com/logos/32/155.png', 'https://cdn.collegefootballdata.com/logos-dark/32/155.png', 'https://cdn.collegefootballdata.com/logos/16/155.png', 'https://cdn.collegefootballdata.com/logos-dark/16/155.png']",@UNDFootball,3605.0,Alerus Center,Grand Forks,ND,58201,US,America/Chicago,47.910622,-97.090996,255.2472076,12283.0,2001.0,False,True
2449,North Dakota State,Bison,NDSU,"['NDSU', 'N Dakota St']",Mountain West,,fbs,#00583d,#ffc425,"['https://cdn.collegefootballdata.com/logos/500/2449.png', 'https://cdn.collegefootballdata.com/logos-dark/500/2449.png', 'https://cdn.collegefootballdata.com/logos/256/2449.png', 'https://cdn.collegefootballdata.com/logos-dark/256/2449.png', 'https://cdn.collegefootballdata.com/logos/128/2449.png', 'https://cdn.collegefootballdata.com/logos-dark/128/2449.png', 'https://cdn.collegefootballdata.com/logos/96/2449.png', 'https://cdn.collegefootballdata.com/logos-dark/96/2449.png', 'https://cdn.collegefootballdata.com/logos/64/2449.png', 'https://cdn.collegefootballdata.com/logos-dark/64/2449.png', 'https://cdn.collegefootballdata.com/logos/48/2449.png', 'https://cdn.collegefootballdata.com/logos-dark/48/2449.png', 'https://cdn.collegefootballdata.com/logos/32/2449.png', 'https://cdn.collegefootballdata.com/logos-dark/32/2449.png', 'https://cdn.collegefootballdata.com/logos/16/2449.png', 'https://cdn.collegefootballdata.com/logos-dark/16/2449.png']",@NDSUFootball,3714.0,Fargodome,Fargo,ND,51802,US,America/Chicago,46.9029938,-96.8003251,274.4847717,18700.0,1992.0,False,True
1001054,Northeastern Oklahoma A&M,,,[],,,,#null,#null,,,,,,,,,,,,,,,,
196,Northeastern State,RiverHawks,NESU,"['NESU', 'NE State']",Independent DII,,ii,#000000,#null,"['https://cdn.collegefootballdata.com/logos/500/196.png', 'https://cdn.collegefootballdata.com/logos-dark/500/196.png', 'https://cdn.collegefootballdata.com/logos/256/196.png', 'https://cdn.collegefootballdata.com/logos-dark/256/196.png', 'https://cdn.collegefootballdata.com/logos/128/196.png', 'https://cdn.collegefootballdata.com/logos-dark/128/196.png', 'https://cdn.collegefootballdata.com/logos/96/196.png', 'https://cdn.collegefootballdata.com/logos-dark/96/196.png', 'https://cdn.collegefootballdata.com/logos/64/196.png', 'https://cdn.collegefootballdata.com/logos-dark/64/196.png', 'https://cdn.collegefootballdata.com/logos/48/196.png', 'https://cdn.collegefootballdata.com/logos-dark/48/196.png', 'https://cdn.collegefootballdata.com/logos/32/196.png', 'https://cdn.collegefootballdata.com/logos-dark/32/196.png', 'https://cdn.collegefootballdata.com/logos/16/196.png', 'https://cdn.collegefootballdata.com/logos-dark/16/196.png']",,6062.0,Gable Field at Doc Wadley Stadium,Tahlequah,OK,74464,US,,35.91537,-94.969956,,8300.0,,,False
1001055,Northeast Mississippi C.C.,,,[],,,,#null,#null,,,,,,,,,,,,,,,,
2464,Northern Arizona,Lumberjacks,NAU,"['NAU', 'N Arizona']",Big Sky,,fcs,#003976,#1b3069,"['https://cdn.collegefootballdata.com/logos/500/2464.png', 'https://cdn.collegefootballdata.com/logos-dark/500/2464.png', 'https://cdn.collegefootballdata.com/logos/256/2464.png', 'https://cdn.collegefootballdata.com/logos-dark/256/2464.png', 'https://cdn.collegefootballdata.com/logos/128/2464.png', 'https://cdn.collegefootballdata.com/logos-dark/128/2464.png', 'https://cdn.collegefootballdata.com/logos/96/2464.png', 'https://cdn.collegefootballdata.com/logos-dark/96/2464.png', 'https://cdn.collegefootballdata.com/logos/64/2464.png', 'https://cdn.collegefootballdata.com/logos-dark/64/2464.png', 'https://cdn.collegefootballdata.com/logos/48/2464.png', 'https://cdn.collegefootballdata.com/logos-dark/48/2464.png', 'https://cdn.collegefootballdata.com/logos/32/2464.png', 'https://cdn.collegefootballdata.com/logos-dark/32/2464.png', 'https://cdn.collegefootballdata.com/logos/16/2464.png', 'https://cdn.collegefootballdata.com/logos-dark/16/2464.png']",@NAU_Football,2023.0,Walkup Skydome,Flagstaff,AZ,86001,US,America/Phoenix,35.1805483,-111.6528377,2097.884766,10000.0,1977.0,False,True
2458,Northern Colorado,Bears,UNCO,"['UNCO', 'N Colorado']",Big Sky,,fcs,#13558D,#ffc533,"['https://cdn.collegefootballdata.com/logos/500/2458.png', 'https://cdn.collegefootballdata.com/logos-dark/500/2458.png', 'https://cdn.collegefootballdata.com/logos/256/2458.png', 'https://cdn.collegefootballdata.com/logos-dark/256/2458.png', 'https://cdn.collegefootballdata.com/logos/128/2458.png', 'https://cdn.collegefootballdata.com/logos-dark/128/2458.png', 'https://cdn.collegefootballdata.com/logos/96/2458.png', 'https://cdn.collegefootballdata.com/logos-dark/96/2458.png', 'https://cdn.collegefootballdata.com/logos/64/2458.png', 'https://cdn.collegefootballdata.com/logos-dark/64/2458.png', 'https://cdn.collegefootballdata.com/logos/48/2458.png', 'https://cdn.collegefootballdata.com/logos-dark/48/2458.png', 'https://cdn.collegefootballdata.com/logos/32/2458.png', 'https://cdn.collegefootballdata.com/logos-dark/32/2458.png', 'https://cdn.collegefootballdata.com/logos/16/2458.png', 'https://cdn.collegefootballdata.com/logos-dark/16/2458.png']",@UNCBearsFB,3856.0,Nottingham Field,Greeley,CO,80639,US,America/Denver,40.403493,-104.705139,1455.349976,8500.0,1995.0,True,False
2459,Northern Illinois,Huskies,NIU,"['NIU', 'N Illinois']",Mountain West,,fbs,#c8102e,#000000,"['https://cdn.collegefootballdata.com/logos/500/2459.png', 'https://cdn.collegefootballdata.com/logos-dark/500/2459.png', 'https://cdn.collegefootballdata.com/logos/256/2459.png', 'https://cdn.collegefootballdata.com/logos-dark/256/2459.png', 'https://cdn.collegefootballdata.com/logos/128/2459.png', 'https://cdn.collegefootballdata.com/logos-dark/128/2459.png', 'https://cdn.collegefootballdata.com/logos/96/2459.png', 'https://cdn.collegefootballdata.com/logos-dark/96/2459.png', 'https://cdn.collegefootballdata.com/logos/64/2459.png', 'https://cdn.collegefootballdata.com/logos-dark/64/2459.png', 'https://cdn.collegefootballdata.com/logos/48/2459.png', 'https://cdn.collegefootballdata.com/logos-dark/48/2459.png', 'https://cdn.collegefootballdata.com/logos/32/2459.png', 'https://cdn.collegefootballdata.com/logos-dark/32/2459.png', 'https://cdn.collegefootballdata.com/logos/16/2459.png', 'https://cdn.collegefootballdata.com/logos-dark/16/2459.png']",@NIU_Football,3764.0,Huskie Stadium,DeKalb,IL,60115,US,America/Chicago,41.9339586,-88.7778357,267.4530029,23595.0,1965.0,False,False
2460,Northern Iowa,Panthers,UNI,"['UNI', 'Northern Iowa']",MVFC,,fcs,#473282,#ffffff,"['https://cdn.collegefootballdata.com/logos/500/2460.png', 'https://cdn.collegefootballdata.com/logos-dark/500/2460.png', 'https://cdn.collegefootballdata.com/logos/256/2460.png', 'https://cdn.collegefootballdata.com/logos-dark/256/2460.png', 'https://cdn.collegefootballdata.com/logos/128/2460.png', 'https://cdn.collegefootballdata.com/logos-dark/128/2460.png', 'https://cdn.collegefootballdata.com/logos/96/2460.png', 'https://cdn.collegefootballdata.com/logos-dark/96/2460.png', 'https://cdn.collegefootballdata.com/logos/64/2460.png', 'https://cdn.collegefootballdata.com/logos-dark/64/2460.png', 'https://cdn.collegefootballdata.com/logos/48/2460.png', 'https://cdn.collegefootballdata.com/logos-dark/48/2460.png', 'https://cdn.collegefootballdata.com/logos/32/2460.png', 'https://cdn.collegefootballdata.com/logos-dark/32/2460.png', 'https://cdn.collegefootballdata.com/logos/16/2460.png', 'https://cdn.collegefootballdata.com/logos-dark/16/2460.png']",@UNIFootball,3967.0,UNI-Dome,Cedar Falls,IA,50614,US,America/Chicago,42.5156111,-92.4672307,281.8959656,16324.0,1976.0,False,True
128,Northern Michigan,Wildcats,NMI,"['NMI', 'N Michigan']",GLIAC,,ii,#000000,#null,"['https://cdn.collegefootballdata.com/logos/500/128.png', 'https://cdn.collegefootballdata.com/logos-dark/500/128.png', 'https://cdn.collegefootballdata.com/logos/256/128.png', 'https://cdn.collegefootballdata.com/logos-dark/256/128.png', 'https://cdn.collegefootballdata.com/logos/128/128.png', 'https://cdn.collegefootballdata.com/logos-dark/128/128.png', 'https://cdn.collegefootballdata.com/logos/96/128.png', 'https://cdn.collegefootballdata.com/logos-dark/96/128.png', 'https://cdn.collegefootballdata.com/logos/64/128.png', 'https://cdn.collegefootballdata.com/logos-dark/64/128.png', 'https://cdn.collegefootballdata.com/logos/48/128.png', 'https://cdn.collegefootballdata.com/logos-dark/48/128.png', 'https://cdn.collegefootballdata.com/logos/32/128.png', 'https://cdn.collegefootballdata.com/logos-dark/32/128.png', 'https://cdn.collegefootballdata.com/logos/16/128.png', 'https://cdn.collegefootballdata.com/logos-dark/16/128.png']",,3950.0,Superior Dome,Marquette,MI,70118,US,America/Detroit,46.560589,-87.393741,186.4,8000.0,1991.0,False,False
425,Northern State,Wolves,NSU,"['NSU', 'Northern St']",Northern Sun,,ii,#000000,#null,[],,3951.0,Swisher Field,Aberdeen,SD,57401,US,,45.4649805,-98.487813,,6000.0,,,False
3197,NORTH FLORIDA,STARS,UNF,"['UNF', 'NORTH FLORIDA']",,,,#000000,#null,,,,,,,,,,,,,,,,
2822,North Greenville,Trailblazers,NGU,"['NGU', 'N Greenville']",Carolinas,,ii,#d91e39,#000000,"['https://cdn.collegefootballdata.com/logos/500/2822.png', 'https://cdn.collegefootballdata.com/logos-dark/500/2822.png', 'https://cdn.collegefootballdata.com/logos/256/2822.png', 'https://cdn.collegefootballdata.com/logos-dark/256/2822.png', 'https://cdn.collegefootballdata.com/logos/128/2822.png', 'https://cdn.collegefootballdata.com/logos-dark/128/2822.png', 'https://cdn.collegefootballdata.com/logos/96/2822.png', 'https://cdn.collegefootballdata.com/logos-dark/96/2822.png', 'https://cdn.collegefootballdata.com/logos/64/2822.png', 'https://cdn.collegefootballdata.com/logos-dark/64/2822.png', 'https://cdn.collegefootballdata.com/logos/48/2822.png', 'https://cdn.collegefootballdata.com/logos-dark/48/2822.png', 'https://cdn.collegefootballdata.com/logos/32/2822.png', 'https://cdn.collegefootballdata.com/logos-dark/32/2822.png', 'https://cdn.collegefootballdata.com/logos/16/2822.png', 'https://cdn.collegefootballdata.com/logos-dark/16/2822.png']",,6061.0,Younts Stadium,Tigerville,SC,29688,US,,35.0684492,-82.3684509,,4500.0,,,False
75,North Park,Vikings,NPU,"['NPU', 'North Park']",CCIW,,iii,#000000,#null,"['https://cdn.collegefootballdata.com/logos/500/75.png', 'https://cdn.collegefootballdata.com/logos-dark/500/75.png', 'https://cdn.collegefootballdata.com/logos/256/75.png', 'https://cdn.collegefootballdata.com/logos-dark/256/75.png', 'https://cdn.collegefootballdata.com/logos/128/75.png', 'https://cdn.collegefootballdata.com/logos-dark/128/75.png', 'https://cdn.collegefootballdata.com/logos/96/75.png', 'https://cdn.collegefootballdata.com/logos-dark/96/75.png', 'https://cdn.collegefootballdata.com/logos/64/75.png', 'https://cdn.collegefootballdata.com/logos-dark/64/75.png', 'https://cdn.collegefootballdata.com/logos/48/75.png', 'https://cdn.collegefootballdata.com/logos-dark/48/75.png', 'https://cdn.collegefootballdata.com/logos/32/75.png', 'https://cdn.collegefootballdata.com/logos-dark/32/75.png', 'https://cdn.collegefootballdata.com/logos/16/75.png', 'https://cdn.collegefootballdata.com/logos-dark/16/75.png']",,6093.0,Holmgren Athletic Complex,Chicago,IL,60022,US,,41.8755616,-87.6244212,,3000.0,,,False
249,North Texas,Mean Green,UNT,"['UNT', 'North Texas']",American Athletic,,fbs,#00853e,#ffffff,"['https://cdn.collegefootballdata.com/logos/500/249.png', 'https://cdn.collegefootballdata.com/logos-dark/500/249.png', 'https://cdn.collegefootballdata.com/logos/256/249.png', 'https://cdn.collegefootballdata.com/logos-dark/256/249.png', 'https://cdn.collegefootballdata.com/logos/128/249.png', 'https://cdn.collegefootballdata.com/logos-dark/128/249.png', 'https://cdn.collegefootballdata.com/logos/96/249.png', 'https://cdn.collegefootballdata.com/logos-dark/96/249.png', 'https://cdn.collegefootballdata.com/logos/64/249.png', 'https://cdn.collegefootballdata.com/logos-dark/64/249.png', 'https://cdn.collegefootballdata.com/logos/48/249.png', 'https://cdn.collegefootballdata.com/logos-dark/48/249.png', 'https://cdn.collegefootballdata.com/logos/32/249.png', 'https://cdn.collegefootballdata.com/logos-dark/32/249.png', 'https://cdn.collegefootballdata.com/logos/16/249.png', 'https://cdn.collegefootballdata.com/logos-dark/16/249.png']",@MeanGreenFB,3825.0,DATCU Stadium,Denton,TX,76210,US,America/Chicago,33.203899,-97.159245,198.6871948,30850.0,2011.0,False,False
77,Northwestern,Wildcats,NU,"['NU', 'Northwestern']",Big Ten,,fbs,#582c83,#ffffff,"['https://cdn.collegefootballdata.com/logos/500/77.png', 'https://cdn.collegefootballdata.com/logos-dark/500/77.png', 'https://cdn.collegefootballdata.com/logos/256/77.png', 'https://cdn.collegefootballdata.com/logos-dark/256/77.png', 'https://cdn.collegefootballdata.com/logos/128/77.png', 'https://cdn.collegefootballdata.com/logos-dark/128/77.png', 'https://cdn.collegefootballdata.com/logos/96/77.png', 'https://cdn.collegefootballdata.com/logos-dark/96/77.png', 'https://cdn.collegefootballdata.com/logos/64/77.png', 'https://cdn.collegefootballdata.com/logos-dark/64/77.png', 'https://cdn.collegefootballdata.com/logos/48/77.png', 'https://cdn.collegefootballdata.com/logos-dark/48/77.png', 'https://cdn.collegefootballdata.com/logos/32/77.png', 'https://cdn.collegefootballdata.com/logos-dark/32/77.png', 'https://cdn.collegefootballdata.com/logos/16/77.png', 'https://cdn.collegefootballdata.com/logos-dark/16/77.png']",@NUFBFamily,5960.0,Lanny and Sharon Martin Stadium,Evanston,IL,60208,US,America/Chicago,42.058246,-87.670876,179,12023.0,1997.0,False,False
2471,Northwestern (IA),Red Raiders,NAD,"['NAD', 'Northwestern (IA)']",,,,#null,#null,,,,,,,,,,,,,,,,
583,Northwestern (MN),Eagles,UNW,"['UNW', ""N'Western (MN)""]",Upper Midwest,,iii,#000000,#null,"['https://cdn.collegefootballdata.com/logos/500/583.png', 'https://cdn.collegefootballdata.com/logos-dark/500/583.png', 'https://cdn.collegefootballdata.com/logos/256/583.png', 'https://cdn.collegefootballdata.com/logos-dark/256/583.png', 'https://cdn.collegefootballdata.com/logos/128/583.png', 'https://cdn.collegefootballdata.com/logos-dark/128/583.png', 'https://cdn.collegefootballdata.com/logos/96/583.png', 'https://cdn.collegefootballdata.com/logos-dark/96/583.png', 'https://cdn.collegefootballdata.com/logos/64/583.png', 'https://cdn.collegefootballdata.com/logos-dark/64/583.png', 'https://cdn.collegefootballdata.com/logos/48/583.png', 'https://cdn.collegefootballdata.com/logos-dark/48/583.png', 'https://cdn.collegefootballdata.com/logos/32/583.png', 'https://cdn.collegefootballdata.com/logos-dark/32/583.png', 'https://cdn.collegefootballdata.com/logos/16/583.png', 'https://cdn.collegefootballdata.com/logos-dark/16/583.png']",,6094.0,Reynolds Field,Roseville,MN,,US,,45.0060767,-93.1566107,,1800.0,,,False
2823,Northwestern (OK),Rangers,NWOK,"['NWOK', ""N'Western (OK)""]",Great American,,ii,#000000,#null,"['https://cdn.collegefootballdata.com/logos/500/2823.png', 'https://cdn.collegefootballdata.com/logos-dark/500/2823.png', 'https://cdn.collegefootballdata.com/logos/256/2823.png', 'https://cdn.collegefootballdata.com/logos-dark/256/2823.png', 'https://cdn.collegefootballdata.com/logos/128/2823.png', 'https://cdn.collegefootballdata.com/logos-dark/128/2823.png', 'https://cdn.collegefootballdata.com/logos/96/2823.png', 'https://cdn.collegefootballdata.com/logos-dark/96/2823.png', 'https://cdn.collegefootballdata.com/logos/64/2823.png', 'https://cdn.collegefootballdata.com/logos-dark/64/2823.png', 'https://cdn.collegefootballdata.com/logos/48/2823.png', 'https://cdn.collegefootballdata.com/logos-dark/48/2823.png', 'https://cdn.collegefootballdata.com/logos/32/2823.png', 'https://cdn.collegefootballdata.com/logos-dark/32/2823.png', 'https://cdn.collegefootballdata.com/logos/16/2823.png', 'https://cdn.collegefootballdata.com/logos-dark/16/2823.png']",,4763.0,Ranger Field,Alva,OK,73717,US,,36.8030501,-98.6660278,,6000.0,,,False
2466,Northwestern State,Demons,NWST,"['NWST', ""N'Western St""]",Southland,,fcs,#492F91,#ed6118,"['https://cdn.collegefootballdata.com/logos/500/2466.png', 'https://cdn.collegefootballdata.com/logos-dark/500/2466.png', 'https://cdn.collegefootballdata.com/logos/256/2466.png', 'https://cdn.collegefootballdata.com/logos-dark/256/2466.png', 'https://cdn.collegefootballdata.com/logos/128/2466.png', 'https://cdn.collegefootballdata.com/logos-dark/128/2466.png', 'https://cdn.collegefootballdata.com/logos/96/2466.png', 'https://cdn.collegefootballdata.com/logos-dark/96/2466.png', 'https://cdn.collegefootballdata.com/logos/64/2466.png', 'https://cdn.collegefootballdata.com/logos-dark/64/2466.png', 'https://cdn.collegefootballdata.com/logos/48/2466.png', 'https://cdn.collegefootballdata.com/logos-dark/48/2466.png', 'https://cdn.collegefootballdata.com/logos/32/2466.png', 'https://cdn.collegefootballdata.com/logos-dark/32/2466.png', 'https://cdn.collegefootballdata.com/logos/16/2466.png', 'https://cdn.collegefootballdata.com/logos-dark/16/2466.png']",@NSUDemonsFB,3963.0,Harry Turpin Stadium,Natchitoches,LA,71457,US,America/Chicago,31.747259,-93.0961357,36.58879089,15971.0,1976.0,False,False
1001040,Northwest Mississippi C.C.,,,[],,,,#null,#null,,,,,,,,,,,,,,,,
138,Northwest Missouri State,Bearcats,MWMO,"['MWMO', 'NW Missouri St']",Mid America,,ii,#000000,#null,"['https://cdn.collegefootballdata.com/logos/500/138.png', 'https://cdn.collegefootballdata.com/logos-dark/500/138.png', 'https://cdn.collegefootballdata.com/logos/256/138.png', 'https://cdn.collegefootballdata.com/logos-dark/256/138.png', 'https://cdn.collegefootballdata.com/logos/128/138.png', 'https://cdn.collegefootballdata.com/logos-dark/128/138.png', 'https://cdn.collegefootballdata.com/logos/96/138.png', 'https://cdn.collegefootballdata.com/logos-dark/96/138.png', 'https://cdn.collegefootballdata.com/logos/64/138.png', 'https://cdn.collegefootballdata.com/logos-dark/64/138.png', 'https://cdn.collegefootballdata.com/logos/48/138.png', 'https://cdn.collegefootballdata.com/logos-dark/48/138.png', 'https://cdn.collegefootballdata.com/logos/32/138.png', 'https://cdn.collegefootballdata.com/logos-dark/32/138.png', 'https://cdn.collegefootballdata.com/logos/16/138.png', 'https://cdn.collegefootballdata.com/logos-dark/16/138.png']",,5134.0,Bearcat Stadium,Maryville,MO,64468,US,,40.3460468,-94.8723858,,6500.0,,,False
2886,Northwood,Timberwolves,NWD,"['Northwood University', 'NWD', 'Northwood']",Great Midwest Athletic,,ii,#000000,#null,"['https://cdn.collegefootballdata.com/logos/500/2886.png', 'https://cdn.collegefootballdata.com/logos-dark/500/2886.png', 'https://cdn.collegefootballdata.com/logos/256/2886.png', 'https://cdn.collegefootballdata.com/logos-dark/256/2886.png', 'https://cdn.collegefootballdata.com/logos/128/2886.png', 'https://cdn.collegefootballdata.com/logos-dark/128/2886.png', 'https://cdn.collegefootballdata.com/logos/96/2886.png', 'https://cdn.collegefootballdata.com/logos-dark/96/2886.png', 'https://cdn.collegefootballdata.com/logos/64/2886.png', 'https://cdn.collegefootballdata.com/logos-dark/64/2886.png', 'https://cdn.collegefootballdata.com/logos/48/2886.png', 'https://cdn.collegefootballdata.com/logos-dark/48/2886.png', 'https://cdn.collegefootballdata.com/logos/32/2886.png', 'https://cdn.collegefootballdata.com/logos-dark/32/2886.png', 'https://cdn.collegefootballdata.com/logos/16/2886.png', 'https://cdn.collegefootballdata.com/logos-dark/16/2886.png']",,3747.0,Hantz Stadium,Midland,MI,65565,US,,43.6155825,-84.2472117,,2500.0,,,False
2467,Norwich,Cadets,NWCH,"['NWCH', 'Norwich']",NEWMAC,,iii,#000000,#null,"['https://cdn.collegefootballdata.com/logos/500/2467.png', 'https://cdn.collegefootballdata.com/logos-dark/500/2467.png', 'https://cdn.collegefootballdata.com/logos/256/2467.png', 'https://cdn.collegefootballdata.com/logos-dark/256/2467.png', 'https://cdn.collegefootballdata.com/logos/128/2467.png', 'https://cdn.collegefootballdata.com/logos-dark/128/2467.png', 'https://cdn.collegefootballdata.com/logos/96/2467.png', 'https://cdn.collegefootballdata.com/logos-dark/96/2467.png', 'https://cdn.collegefootballdata.com/logos/64/2467.png', 'https://cdn.collegefootballdata.com/logos-dark/64/2467.png', 'https://cdn.collegefootballdata.com/logos/48/2467.png', 'https://cdn.collegefootballdata.com/logos-dark/48/2467.png', 'https://cdn.collegefootballdata.com/logos/32/2467.png', 'https://cdn.collegefootballdata.com/logos-dark/32/2467.png', 'https://cdn.collegefootballdata.com/logos/16/2467.png', 'https://cdn.collegefootballdata.com/logos-dark/16/2467.png']",,6095.0,Sabine Field at Haynes Family Stadium,Northfield,VT,05663,US,,44.153195,-72.65679528850326,,3000.0,,,False
87,Notre Dame,Fighting Irish,ND,"['ND', 'Notre Dame']",FBS Independents,,fbs,#0c2340,#c99700,"['https://cdn.collegefootballdata.com/logos/500/87.png', 'https://cdn.collegefootballdata.com/logos-dark/500/87.png', 'https://cdn.collegefootballdata.com/logos/256/87.png', 'https://cdn.collegefootballdata.com/logos-dark/256/87.png', 'https://cdn.collegefootballdata.com/logos/128/87.png', 'https://cdn.collegefootballdata.com/logos-dark/128/87.png', 'https://cdn.collegefootballdata.com/logos/96/87.png', 'https://cdn.collegefootballdata.com/logos-dark/96/87.png', 'https://cdn.collegefootballdata.com/logos/64/87.png', 'https://cdn.collegefootballdata.com/logos-dark/64/87.png', 'https://cdn.collegefootballdata.com/logos/48/87.png', 'https://cdn.collegefootballdata.com/logos-dark/48/87.png', 'https://cdn.collegefootballdata.com/logos/32/87.png', 'https://cdn.collegefootballdata.com/logos-dark/32/87.png', 'https://cdn.collegefootballdata.com/logos/16/87.png', 'https://cdn.collegefootballdata.com/logos-dark/16/87.png']",@NDFootball,3855.0,Notre Dame Stadium,Notre Dame,IN,46556,US,America/Indiana/Indianapolis,41.698378,-86.2339425,222.645401,80795.0,1930.0,False,False
587,Notre Dame College,Blue Falcons,NOT,"['NOT', 'Notre Dame College']",Mountain East,,ii,#000000,#null,"['https://cdn.collegefootballdata.com/logos/500/587.png', 'https://cdn.collegefootballdata.com/logos-dark/500/587.png', 'https://cdn.collegefootballdata.com/logos/256/587.png', 'https://cdn.collegefootballdata.com/logos-dark/256/587.png', 'https://cdn.collegefootballdata.com/logos/128/587.png', 'https://cdn.collegefootballdata.com/logos-dark/128/587.png', 'https://cdn.collegefootballdata.com/logos/96/587.png', 'https://cdn.collegefootballdata.com/logos-dark/96/587.png', 'https://cdn.collegefootballdata.com/logos/64/587.png', 'https://cdn.collegefootballdata.com/logos-dark/64/587.png', 'https://cdn.collegefootballdata.com/logos/48/587.png', 'https://cdn.collegefootballdata.com/logos-dark/48/587.png', 'https://cdn.collegefootballdata.com/logos/32/587.png', 'https://cdn.collegefootballdata.com/logos-dark/32/587.png', 'https://cdn.collegefootballdata.com/logos/16/587.png', 'https://cdn.collegefootballdata.com/logos-dark/16/587.png']",,6063.0,Mueller Field,South Euclid,OH,44121,US,,41.5231076,-81.5184553,,2000.0,,,False
391,Oberlin,Yeomen,OBE,"['OBE', 'Oberlin']",North Coast,,iii,#000000,#null,"['https://cdn.collegefootballdata.com/logos/500/391.png', 'https://cdn.collegefootballdata.com/logos-dark/500/391.png', 'https://cdn.collegefootballdata.com/logos/256/391.png', 'https://cdn.collegefootballdata.com/logos-dark/256/391.png', 'https://cdn.collegefootballdata.com/logos/128/391.png', 'https://cdn.collegefootballdata.com/logos-dark/128/391.png', 'https://cdn.collegefootballdata.com/logos/96/391.png', 'https://cdn.collegefootballdata.com/logos-dark/96/391.png', 'https://cdn.collegefootballdata.com/logos/64/391.png', 'https://cdn.collegefootballdata.com/logos-dark/64/391.png', 'https://cdn.collegefootballdata.com/logos/48/391.png', 'https://cdn.collegefootballdata.com/logos-dark/48/391.png', 'https://cdn.collegefootballdata.com/logos/32/391.png', 'https://cdn.collegefootballdata.com/logos-dark/32/391.png', 'https://cdn.collegefootballdata.com/logos/16/391.png', 'https://cdn.collegefootballdata.com/logos-dark/16/391.png']",,6096.0,Austin E. Knowlton Athletics Complex,Oberlin,OH,44074,US,,41.2939386,-82.2173786,,3000.0,,,False
2475,Occidental,Tigers,OCC,"['OCC', 'Occidental']",So. Cal.,,iii,#000000,#null,[],,,,,,,,,,,,,,,
195,Ohio,Bobcats,OHIO,"['OHIO', 'Ohio']",Mid-American,,fbs,#024230,#ffffff,"['https://cdn.collegefootballdata.com/logos/500/195.png', 'https://cdn.collegefootballdata.com/logos-dark/500/195.png', 'https://cdn.collegefootballdata.com/logos/256/195.png', 'https://cdn.collegefootballdata.com/logos-dark/256/195.png', 'https://cdn.collegefootballdata.com/logos/128/195.png', 'https://cdn.collegefootballdata.com/logos-dark/128/195.png', 'https://cdn.collegefootballdata.com/logos/96/195.png', 'https://cdn.collegefootballdata.com/logos-dark/96/195.png', 'https://cdn.collegefootballdata.com/logos/64/195.png', 'https://cdn.collegefootballdata.com/logos-dark/64/195.png', 'https://cdn.collegefootballdata.com/logos/48/195.png', 'https://cdn.collegefootballdata.com/logos-dark/48/195.png', 'https://cdn.collegefootballdata.com/logos/32/195.png', 'https://cdn.collegefootballdata.com/logos-dark/32/195.png', 'https://cdn.collegefootballdata.com/logos/16/195.png', 'https://cdn.collegefootballdata.com/logos-dark/16/195.png']",@OhioFootball,3876.0,Peden Stadium,Athens,OH,45701,US,America/New_York,39.3212794,-82.1034315,194.230896,24000.0,1929.0,False,False
2477,Ohio Dominican,Panthers,,['Panthers'],Great Midwest Athletic,,ii,#null,#null,,,3870.0,Panther Stadium (OH),Columbus,OH,43216,US,,39.9622601,-83.0007065,,1750.0,,,False
108398,Ohio Midwestern College,Rams,OMW,"['OMW', 'Ohio Midwestern']",,,,#null,#null,,,,,,,,,,,,,,,,
427,Ohio Northern,Polar Bears,OHNU,"['OHNU', 'Ohio Northern']",Ohio,,iii,#000000,#null,"['https://cdn.collegefootballdata.com/logos/500/427.png', 'https://cdn.collegefootballdata.com/logos-dark/500/427.png', 'https://cdn.collegefootballdata.com/logos/256/427.png', 'https://cdn.collegefootballdata.com/logos-dark/256/427.png', 'https://cdn.collegefootballdata.com/logos/128/427.png', 'https://cdn.collegefootballdata.com/logos-dark/128/427.png', 'https://cdn.collegefootballdata.com/logos/96/427.png', 'https://cdn.collegefootballdata.com/logos-dark/96/427.png', 'https://cdn.collegefootballdata.com/logos/64/427.png', 'https://cdn.collegefootballdata.com/logos-dark/64/427.png', 'https://cdn.collegefootballdata.com/logos/48/427.png', 'https://cdn.collegefootballdata.com/logos-dark/48/427.png', 'https://cdn.collegefootballdata.com/logos/32/427.png', 'https://cdn.collegefootballdata.com/logos-dark/32/427.png', 'https://cdn.collegefootballdata.com/logos/16/427.png', 'https://cdn.collegefootballdata.com/logos-dark/16/427.png']",,6098.0,Dial-Roberson Stadium,Ada,OH,45810,US,,38.8398935,-83.5051704,,3500.0,,,False
194,Ohio State,Buckeyes,OSU,"['OSU', 'Ohio State']",Big Ten,,fbs,#ba0c2f,#a7b1b7,"['https://cdn.collegefootballdata.com/logos/500/194.png', 'https://cdn.collegefootballdata.com/logos-dark/500/194.png', 'https://cdn.collegefootballdata.com/logos/256/194.png', 'https://cdn.collegefootballdata.com/logos-dark/256/194.png', 'https://cdn.collegefootballdata.com/logos/128/194.png', 'https://cdn.collegefootballdata.com/logos-dark/128/194.png', 'https://cdn.collegefootballdata.com/logos/96/194.png', 'https://cdn.collegefootballdata.com/logos-dark/96/194.png', 'https://cdn.collegefootballdata.com/logos/64/194.png', 'https://cdn.collegefootballdata.com/logos-dark/64/194.png', 'https://cdn.collegefootballdata.com/logos/48/194.png', 'https://cdn.collegefootballdata.com/logos-dark/48/194.png', 'https://cdn.collegefootballdata.com/logos/32/194.png', 'https://cdn.collegefootballdata.com/logos-dark/32/194.png', 'https://cdn.collegefootballdata.com/logos/16/194.png', 'https://cdn.collegefootballdata.com/logos-dark/16/194.png']",@OhioStateFB,3861.0,Ohio Stadium,Columbus,OH,43210,US,America/New_York,40.0016447,-83.0197266,216.6770325,102780.0,1922.0,False,False
3161,Ohio State Newark,Titans,OSU,"['OSU', 'Osunewark']",,,,#000000,#null,[],,,,,,,,,,,,,,,
2980,Ohio Wesleyan,Battling Bishops,OWU,"['OWU', 'Ohio Wesleyan']",North Coast,,iii,#000000,#null,"['https://cdn.collegefootballdata.com/logos/500/2980.png', 'https://cdn.collegefootballdata.com/logos-dark/500/2980.png', 'https://cdn.collegefootballdata.com/logos/256/2980.png', 'https://cdn.collegefootballdata.com/logos-dark/256/2980.png', 'https://cdn.collegefootballdata.com/logos/128/2980.png', 'https://cdn.collegefootballdata.com/logos-dark/128/2980.png', 'https://cdn.collegefootballdata.com/logos/96/2980.png', 'https://cdn.collegefootballdata.com/logos-dark/96/2980.png', 'https://cdn.collegefootballdata.com/logos/64/2980.png', 'https://cdn.collegefootballdata.com/logos-dark/64/2980.png', 'https://cdn.collegefootballdata.com/logos/48/2980.png', 'https://cdn.collegefootballdata.com/logos-dark/48/2980.png', 'https://cdn.collegefootballdata.com/logos/32/2980.png', 'https://cdn.collegefootballdata.com/logos-dark/32/2980.png', 'https://cdn.collegefootballdata.com/logos/16/2980.png', 'https://cdn.collegefootballdata.com/logos-dark/16/2980.png']",,6099.0,Selby Stadium,Delaware,OH,43015,US,,40.2986724,-83.067965,,9100.0,,,False
201,Oklahoma,Sooners,OU,"['OU', 'Oklahoma']",SEC,,fbs,#841617,#ffffff,"['https://cdn.collegefootballdata.com/logos/500/201.png', 'https://cdn.collegefootballdata.com/logos-dark/500/201.png', 'https://cdn.collegefootballdata.com/logos/256/201.png', 'https://cdn.collegefootballdata.com/logos-dark/256/201.png', 'https://cdn.collegefootballdata.com/logos/128/201.png', 'https://cdn.collegefootballdata.com/logos-dark/128/201.png', 'https://cdn.collegefootballdata.com/logos/96/201.png', 'https://cdn.collegefootballdata.com/logos-dark/96/201.png', 'https://cdn.collegefootballdata.com/logos/64/201.png', 'https://cdn.collegefootballdata.com/logos-dark/64/201.png', 'https://cdn.collegefootballdata.com/logos/48/201.png', 'https://cdn.collegefootballdata.com/logos-dark/48/201.png', 'https://cdn.collegefootballdata.com/logos/32/201.png', 'https://cdn.collegefootballdata.com/logos-dark/32/201.png', 'https://cdn.collegefootballdata.com/logos/16/201.png', 'https://cdn.collegefootballdata.com/logos-dark/16/201.png']",@OU_Football,3835.0,"Memorial Stadium (Norman, OK)",Norman,OK,73019,US,America/Chicago,35.2058537,-97.4423145,355.0962524,86112.0,1925.0,True,False
319,Oklahoma Baptist,Bison,OKBU,"['OKBU', 'OK Baptist']",Great American,,ii,#null,#null,"['https://cdn.collegefootballdata.com/logos/500/319.png', 'https://cdn.collegefootballdata.com/logos-dark/500/319.png', 'https://cdn.collegefootballdata.com/logos/256/319.png', 'https://cdn.collegefootballdata.com/logos-dark/256/319.png', 'https://cdn.collegefootballdata.com/logos/128/319.png', 'https://cdn.collegefootballdata.com/logos-dark/128/319.png', 'https://cdn.collegefootballdata.com/logos/96/319.png', 'https://cdn.collegefootballdata.com/logos-dark/96/319.png', 'https://cdn.collegefootballdata.com/logos/64/319.png', 'https://cdn.collegefootballdata.com/logos-dark/64/319.png', 'https://cdn.collegefootballdata.com/logos/48/319.png', 'https://cdn.collegefootballdata.com/logos-dark/48/319.png', 'https://cdn.collegefootballdata.com/logos/32/319.png', 'https://cdn.collegefootballdata.com/logos-dark/32/319.png', 'https://cdn.collegefootballdata.com/logos/16/319.png', 'https://cdn.collegefootballdata.com/logos-dark/16/319.png']",,6064.0,Crain Family Stadium,Shawnee,OK,74801,US,,35.3272928,-96.9253004,,4000.0,,,False
2824,Oklahoma Panhandle,OK PANHANDLE ST,OPSU,"['Panhandle State', 'OPSU', 'OK Panhandle']",Independent DII,,ii,#000000,#null,[],,,,,,,,,,,,,,,
197,Oklahoma State,Cowboys,OKST,"['OKST', 'Oklahoma St']",Big 12,,fbs,#fe5c00,#000000,"['https://cdn.collegefootballdata.com/logos/500/197.png', 'https://cdn.collegefootballdata.com/logos-dark/500/197.png', 'https://cdn.collegefootballdata.com/logos/256/197.png', 'https://cdn.collegefootballdata.com/logos-dark/256/197.png', 'https://cdn.collegefootballdata.com/logos/128/197.png', 'https://cdn.collegefootballdata.com/logos-dark/128/197.png', 'https://cdn.collegefootballdata.com/logos/96/197.png', 'https://cdn.collegefootballdata.com/logos-dark/96/197.png', 'https://cdn.collegefootballdata.com/logos/64/197.png', 'https://cdn.collegefootballdata.com/logos-dark/64/197.png', 'https://cdn.collegefootballdata.com/logos/48/197.png', 'https://cdn.collegefootballdata.com/logos-dark/48/197.png', 'https://cdn.collegefootballdata.com/logos/32/197.png', 'https://cdn.collegefootballdata.com/logos-dark/32/197.png', 'https://cdn.collegefootballdata.com/logos/16/197.png', 'https://cdn.collegefootballdata.com/logos-dark/16/197.png']",@CowboyFB,3646.0,Boone Pickens Stadium,Stillwater,OK,74078,US,America/Chicago,36.125673,-97.066513,276.4808655,55509.0,1919.0,False,False
295,Old Dominion,Monarchs,ODU,"['ODU', 'Old Dominion']",Sun Belt,East,fbs,#043657,#98c5ea,"['https://cdn.collegefootballdata.com/logos/500/295.png', 'https://cdn.collegefootballdata.com/logos-dark/500/295.png', 'https://cdn.collegefootballdata.com/logos/256/295.png', 'https://cdn.collegefootballdata.com/logos-dark/256/295.png', 'https://cdn.collegefootballdata.com/logos/128/295.png', 'https://cdn.collegefootballdata.com/logos-dark/128/295.png', 'https://cdn.collegefootballdata.com/logos/96/295.png', 'https://cdn.collegefootballdata.com/logos-dark/96/295.png', 'https://cdn.collegefootballdata.com/logos/64/295.png', 'https://cdn.collegefootballdata.com/logos-dark/64/295.png', 'https://cdn.collegefootballdata.com/logos/48/295.png', 'https://cdn.collegefootballdata.com/logos-dark/48/295.png', 'https://cdn.collegefootballdata.com/logos/32/295.png', 'https://cdn.collegefootballdata.com/logos-dark/32/295.png', 'https://cdn.collegefootballdata.com/logos/16/295.png', 'https://cdn.collegefootballdata.com/logos-dark/16/295.png']",@ODUFootball,3918.0,S.B. Ballard Stadium,Norfolk,VA,23551,US,America/New_York,36.8889533,-76.3049175,3.147987843,20118.0,1936.0,False,False
145,Ole Miss,Rebels,MISS,"['MISS', 'Ole Miss']",SEC,,fbs,#13294b,#cf142b,"['https://cdn.collegefootballdata.com/logos/500/145.png', 'https://cdn.collegefootballdata.com/logos-dark/500/145.png', 'https://cdn.collegefootballdata.com/logos/256/145.png', 'https://cdn.collegefootballdata.com/logos-dark/256/145.png', 'https://cdn.collegefootballdata.com/logos/128/145.png', 'https://cdn.collegefootballdata.com/logos-dark/128/145.png', 'https://cdn.collegefootballdata.com/logos/96/145.png', 'https://cdn.collegefootballdata.com/logos-dark/96/145.png', 'https://cdn.collegefootballdata.com/logos/64/145.png', 'https://cdn.collegefootballdata.com/logos-dark/64/145.png', 'https://cdn.collegefootballdata.com/logos/48/145.png', 'https://cdn.collegefootballdata.com/logos-dark/48/145.png', 'https://cdn.collegefootballdata.com/logos/32/145.png', 'https://cdn.collegefootballdata.com/logos-dark/32/145.png', 'https://cdn.collegefootballdata.com/logos/16/145.png', 'https://cdn.collegefootballdata.com/logos-dark/16/145.png']",@OleMissFB,3974.0,Vaught-Hemingway Stadium,Oxford,MS,38677,US,America/Chicago,34.3619837,-89.5342076,146.8517151,64038.0,1915.0,True,False
354,Olivet,Comets,UOO,"['UOO', 'Olivet']",Michigan,,iii,#000000,#null,"['https://cdn.collegefootballdata.com/logos/500/354.png', 'https://cdn.collegefootballdata.com/logos-dark/500/354.png', 'https://cdn.collegefootballdata.com/logos/256/354.png', 'https://cdn.collegefootballdata.com/logos-dark/256/354.png', 'https://cdn.collegefootballdata.com/logos/128/354.png', 'https://cdn.collegefootballdata.com/logos-dark/128/354.png', 'https://cdn.collegefootballdata.com/logos/96/354.png', 'https://cdn.collegefootballdata.com/logos-dark/96/354.png', 'https://cdn.collegefootballdata.com/logos/64/354.png', 'https://cdn.collegefootballdata.com/logos-dark/64/354.png', 'https://cdn.collegefootballdata.com/logos/48/354.png', 'https://cdn.collegefootballdata.com/logos-dark/48/354.png', 'https://cdn.collegefootballdata.com/logos/32/354.png', 'https://cdn.collegefootballdata.com/logos-dark/32/354.png', 'https://cdn.collegefootballdata.com/logos/16/354.png', 'https://cdn.collegefootballdata.com/logos-dark/16/354.png']",,6100.0,Cutler Field,Olivet,MI,4976 ,US,,42.4414273,-84.9241542,,2200.0,,,False
2483,Oregon,Ducks,ORE,"['ORE', 'Oregon']",Big Ten,,fbs,#007030,#fee11a,"['https://cdn.collegefootballdata.com/logos/500/2483.png', 'https://cdn.collegefootballdata.com/logos-dark/500/2483.png', 'https://cdn.collegefootballdata.com/logos/256/2483.png', 'https://cdn.collegefootballdata.com/logos-dark/256/2483.png', 'https://cdn.collegefootballdata.com/logos/128/2483.png', 'https://cdn.collegefootballdata.com/logos-dark/128/2483.png', 'https://cdn.collegefootballdata.com/logos/96/2483.png', 'https://cdn.collegefootballdata.com/logos-dark/96/2483.png', 'https://cdn.collegefootballdata.com/logos/64/2483.png', 'https://cdn.collegefootballdata.com/logos-dark/64/2483.png', 'https://cdn.collegefootballdata.com/logos/48/2483.png', 'https://cdn.collegefootballdata.com/logos-dark/48/2483.png', 'https://cdn.collegefootballdata.com/logos/32/2483.png', 'https://cdn.collegefootballdata.com/logos-dark/32/2483.png', 'https://cdn.collegefootballdata.com/logos/16/2483.png', 'https://cdn.collegefootballdata.com/logos-dark/16/2483.png']",@OregonFootball,3626.0,Autzen Stadium,Eugene,OR,97401,US,America/Los_Angeles,44.0582712,-123.0684883,127.4198303,54000.0,1967.0,False,False
204,Oregon State,Beavers,ORST,"['ORST', 'Oregon St']",Pac-12,,fbs,#dc4405,#000000,"['https://cdn.collegefootballdata.com/logos/500/204.png', 'https://cdn.collegefootballdata.com/logos-dark/500/204.png', 'https://cdn.collegefootballdata.com/logos/256/204.png', 'https://cdn.collegefootballdata.com/logos-dark/256/204.png', 'https://cdn.collegefootballdata.com/logos/128/204.png', 'https://cdn.collegefootballdata.com/logos-dark/128/204.png', 'https://cdn.collegefootballdata.com/logos/96/204.png', 'https://cdn.collegefootballdata.com/logos-dark/96/204.png', 'https://cdn.collegefootballdata.com/logos/64/204.png', 'https://cdn.collegefootballdata.com/logos-dark/64/204.png', 'https://cdn.collegefootballdata.com/logos/48/204.png', 'https://cdn.collegefootballdata.com/logos-dark/48/204.png', 'https://cdn.collegefootballdata.com/logos/32/204.png', 'https://cdn.collegefootballdata.com/logos-dark/32/204.png', 'https://cdn.collegefootballdata.com/logos/16/204.png', 'https://cdn.collegefootballdata.com/logos-dark/16/204.png']",@BeaverFootball,3893.0,Reser Stadium,Corvallis,OR,97331,US,America/Los_Angeles,44.5594559,-123.2814341,66.90744781,43363.0,1953.0,False,False
112390,Ottawa University Arizona,Spirit,OUAZ,"['OUAZ', 'Ottawa University Arizona']",,,,#null,#null,,,,,,,,,,,,,,,,
359,Otterbein,Cardinals,OTTB,"['OTTB', 'Otterbein']",Ohio,,iii,#000000,#null,"['https://cdn.collegefootballdata.com/logos/500/359.png', 'https://cdn.collegefootballdata.com/logos-dark/500/359.png', 'https://cdn.collegefootballdata.com/logos/256/359.png', 'https://cdn.collegefootballdata.com/logos-dark/256/359.png', 'https://cdn.collegefootballdata.com/logos/128/359.png', 'https://cdn.collegefootballdata.com/logos-dark/128/359.png', 'https://cdn.collegefootballdata.com/logos/96/359.png', 'https://cdn.collegefootballdata.com/logos-dark/96/359.png', 'https://cdn.collegefootballdata.com/logos/64/359.png', 'https://cdn.collegefootballdata.com/logos-dark/64/359.png', 'https://cdn.collegefootballdata.com/logos/48/359.png', 'https://cdn.collegefootballdata.com/logos-dark/48/359.png', 'https://cdn.collegefootballdata.com/logos/32/359.png', 'https://cdn.collegefootballdata.com/logos-dark/32/359.png', 'https://cdn.collegefootballdata.com/logos/16/359.png', 'https://cdn.collegefootballdata.com/logos-dark/16/359.png']",,6101.0,"Memorial Stadium (Westerville, OH)",Westerville,OH,43081,US,,40.126139,-82.9295287,,2400.0,,,False
2888,Ouachita Baptist,Tigers,OBU,"['OBU', 'Oauchita Bapt']",Great American,,ii,#000000,#null,"['https://cdn.collegefootballdata.com/logos/500/2888.png', 'https://cdn.collegefootballdata.com/logos-dark/500/2888.png', 'https://cdn.collegefootballdata.com/logos/256/2888.png', 'https://cdn.collegefootballdata.com/logos-dark/256/2888.png', 'https://cdn.collegefootballdata.com/logos/128/2888.png', 'https://cdn.collegefootballdata.com/logos-dark/128/2888.png', 'https://cdn.collegefootballdata.com/logos/96/2888.png', 'https://cdn.collegefootballdata.com/logos-dark/96/2888.png', 'https://cdn.collegefootballdata.com/logos/64/2888.png', 'https://cdn.collegefootballdata.com/logos-dark/64/2888.png', 'https://cdn.collegefootballdata.com/logos/48/2888.png', 'https://cdn.collegefootballdata.com/logos-dark/48/2888.png', 'https://cdn.collegefootballdata.com/logos/32/2888.png', 'https://cdn.collegefootballdata.com/logos-dark/32/2888.png', 'https://cdn.collegefootballdata.com/logos/16/2888.png', 'https://cdn.collegefootballdata.com/logos-dark/16/2888.png']",,6065.0,Cliff Harris Stadium,Arkadelphia,AR,71998,US,,34.1209292,-93.053784,,3060.0,,,False
1001041,Ouachita Baptist University,,,[],,,,#null,#null,,,,,,,,,,,,,,,,
2487,Pace,Setters,PACE,"['PACE', 'Pace']",Northeast 10,,ii,#000000,#null,"['https://cdn.collegefootballdata.com/logos/500/2487.png', 'https://cdn.collegefootballdata.com/logos-dark/500/2487.png', 'https://cdn.collegefootballdata.com/logos/256/2487.png', 'https://cdn.collegefootballdata.com/logos-dark/256/2487.png', 'https://cdn.collegefootballdata.com/logos/128/2487.png', 'https://cdn.collegefootballdata.com/logos-dark/128/2487.png', 'https://cdn.collegefootballdata.com/logos/96/2487.png', 'https://cdn.collegefootballdata.com/logos-dark/96/2487.png', 'https://cdn.collegefootballdata.com/logos/64/2487.png', 'https://cdn.collegefootballdata.com/logos-dark/64/2487.png', 'https://cdn.collegefootballdata.com/logos/48/2487.png', 'https://cdn.collegefootballdata.com/logos-dark/48/2487.png', 'https://cdn.collegefootballdata.com/logos/32/2487.png', 'https://cdn.collegefootballdata.com/logos-dark/32/2487.png', 'https://cdn.collegefootballdata.com/logos/16/2487.png', 'https://cdn.collegefootballdata.com/logos-dark/16/2487.png']",,6066.0,Pace Stadium,Pleasantville,NY,10570,US,,41.1328736,-73.7926335,,1500.0,,,False
2486,Pacific Lutheran,Lutes,PCLT,"['PCLT', 'Pac Lutheran']",Northwest,,iii,#ffc423,#000000,"['https://cdn.collegefootballdata.com/logos/500/2486.png', 'https://cdn.collegefootballdata.com/logos-dark/500/2486.png', 'https://cdn.collegefootballdata.com/logos/256/2486.png', 'https://cdn.collegefootballdata.com/logos-dark/256/2486.png', 'https://cdn.collegefootballdata.com/logos/128/2486.png', 'https://cdn.collegefootballdata.com/logos-dark/128/2486.png', 'https://cdn.collegefootballdata.com/logos/96/2486.png', 'https://cdn.collegefootballdata.com/logos-dark/96/2486.png', 'https://cdn.collegefootballdata.com/logos/64/2486.png', 'https://cdn.collegefootballdata.com/logos-dark/64/2486.png', 'https://cdn.collegefootballdata.com/logos/48/2486.png', 'https://cdn.collegefootballdata.com/logos-dark/48/2486.png', 'https://cdn.collegefootballdata.com/logos/32/2486.png', 'https://cdn.collegefootballdata.com/logos-dark/32/2486.png', 'https://cdn.collegefootballdata.com/logos/16/2486.png', 'https://cdn.collegefootballdata.com/logos-dark/16/2486.png']",,6102.0,Sparks Stadium,Puyallup,WA,98371,US,America/Los_Angeles,47.1849009,-122.29214,12,4500.0,,,False
205,Pacific (OR),Boxers,PCOR,"['PCOR', 'Pacific (OR)']",Northwest,,iii,#b4183a,#ffffff,"['https://cdn.collegefootballdata.com/logos/500/205.png', 'https://cdn.collegefootballdata.com/logos-dark/500/205.png', 'https://cdn.collegefootballdata.com/logos/256/205.png', 'https://cdn.collegefootballdata.com/logos-dark/256/205.png', 'https://cdn.collegefootballdata.com/logos/128/205.png', 'https://cdn.collegefootballdata.com/logos-dark/128/205.png', 'https://cdn.collegefootballdata.com/logos/96/205.png', 'https://cdn.collegefootballdata.com/logos-dark/96/205.png', 'https://cdn.collegefootballdata.com/logos/64/205.png', 'https://cdn.collegefootballdata.com/logos-dark/64/205.png', 'https://cdn.collegefootballdata.com/logos/48/205.png', 'https://cdn.collegefootballdata.com/logos-dark/48/205.png', 'https://cdn.collegefootballdata.com/logos/32/205.png', 'https://cdn.collegefootballdata.com/logos-dark/32/205.png', 'https://cdn.collegefootballdata.com/logos/16/205.png', 'https://cdn.collegefootballdata.com/logos-dark/16/205.png']",,6153.0,Hanson Stadium,Forest Grove,OR,97116,US,America/Los_Angeles,45.5197452,-123.1114405,66,1100.0,2007.0,False,False
2488,Paine,Lions,PC,"['PC', 'Paine']",,,,#null,#null,,,,,,,,,,,,,,,,
1000988,Palomar College,,,[],,,,#null,#null,,,,,,,,,,,,,,,,
213,Penn State,Nittany Lions,PSU,"['PSU', 'Penn State']",Big Ten,,fbs,#001e44,#ffffff,"['https://cdn.collegefootballdata.com/logos/500/213.png', 'https://cdn.collegefootballdata.com/logos-dark/500/213.png', 'https://cdn.collegefootballdata.com/logos/256/213.png', 'https://cdn.collegefootballdata.com/logos-dark/256/213.png', 'https://cdn.collegefootballdata.com/logos/128/213.png', 'https://cdn.collegefootballdata.com/logos-dark/128/213.png', 'https://cdn.collegefootballdata.com/logos/96/213.png', 'https://cdn.collegefootballdata.com/logos-dark/96/213.png', 'https://cdn.collegefootballdata.com/logos/64/213.png', 'https://cdn.collegefootballdata.com/logos-dark/64/213.png', 'https://cdn.collegefootballdata.com/logos/48/213.png', 'https://cdn.collegefootballdata.com/logos-dark/48/213.png', 'https://cdn.collegefootballdata.com/logos/32/213.png', 'https://cdn.collegefootballdata.com/logos-dark/32/213.png', 'https://cdn.collegefootballdata.com/logos/16/213.png', 'https://cdn.collegefootballdata.com/logos-dark/16/213.png']",@PennStateFball,3632.0,Beaver Stadium,University Park,PA,16802,US,America/New_York,40.8121958,-77.8561023,354.1551514,106572.0,1960.0,True,False
219,Pennsylvania,Quakers,PENN,"['PENN', 'Penn']",Ivy,,fcs,#082A74,#a6163d,"['https://cdn.collegefootballdata.com/logos/500/219.png', 'https://cdn.collegefootballdata.com/logos-dark/500/219.png', 'https://cdn.collegefootballdata.com/logos/256/219.png', 'https://cdn.collegefootballdata.com/logos-dark/256/219.png', 'https://cdn.collegefootballdata.com/logos/128/219.png', 'https://cdn.collegefootballdata.com/logos-dark/128/219.png', 'https://cdn.collegefootballdata.com/logos/96/219.png', 'https://cdn.collegefootballdata.com/logos-dark/96/219.png', 'https://cdn.collegefootballdata.com/logos/64/219.png', 'https://cdn.collegefootballdata.com/logos-dark/64/219.png', 'https://cdn.collegefootballdata.com/logos/48/219.png', 'https://cdn.collegefootballdata.com/logos-dark/48/219.png', 'https://cdn.collegefootballdata.com/logos/32/219.png', 'https://cdn.collegefootballdata.com/logos-dark/32/219.png', 'https://cdn.collegefootballdata.com/logos/16/219.png', 'https://cdn.collegefootballdata.com/logos-dark/16/219.png']",@PENNfb,3730.0,Franklin Field,Philadelphia,PA,19104,US,America/New_York,39.9501475,-75.1901043,11.71361065,52593.0,1895.0,False,False
108358,Phoenix,Firestorm,AZCHR,"['AZCHR', 'AZ Christn']",,,,#null,#null,,,,,,,,,,,,,,,,
95,Pikeville,Bears,PIKEV,"['PIKEV', 'Pikeville']",,,,#null,#null,[],,,,,,,,,,,,,,,
221,Pittsburgh,Panthers,PITT,"['Pitt', 'PITT', 'Pitt']",ACC,,fbs,#003594,#ffb81c,"['https://cdn.collegefootballdata.com/logos/500/221.png', 'https://cdn.collegefootballdata.com/logos-dark/500/221.png', 'https://cdn.collegefootballdata.com/logos/256/221.png', 'https://cdn.collegefootballdata.com/logos-dark/256/221.png', 'https://cdn.collegefootballdata.com/logos/128/221.png', 'https://cdn.collegefootballdata.com/logos-dark/128/221.png', 'https://cdn.collegefootballdata.com/logos/96/221.png', 'https://cdn.collegefootballdata.com/logos-dark/96/221.png', 'https://cdn.collegefootballdata.com/logos/64/221.png', 'https://cdn.collegefootballdata.com/logos-dark/64/221.png', 'https://cdn.collegefootballdata.com/logos/48/221.png', 'https://cdn.collegefootballdata.com/logos-dark/48/221.png', 'https://cdn.collegefootballdata.com/logos/32/221.png', 'https://cdn.collegefootballdata.com/logos-dark/32/221.png', 'https://cdn.collegefootballdata.com/logos/16/221.png', 'https://cdn.collegefootballdata.com/logos-dark/16/221.png']",@Pitt_FB,3752.0,Acrisure Stadium,Pittsburgh,PA,15260,US,America/New_York,40.4467648,-80.0157603,220.5887146,68400.0,2001.0,True,False
90,Pittsburg State,Gorillas,PTSU,"['PTSU', 'Pittsburg St']",Mid America,,ii,#000000,#null,"['https://cdn.collegefootballdata.com/logos/500/90.png', 'https://cdn.collegefootballdata.com/logos-dark/500/90.png', 'https://cdn.collegefootballdata.com/logos/256/90.png', 'https://cdn.collegefootballdata.com/logos-dark/256/90.png', 'https://cdn.collegefootballdata.com/logos/128/90.png', 'https://cdn.collegefootballdata.com/logos-dark/128/90.png', 'https://cdn.collegefootballdata.com/logos/96/90.png', 'https://cdn.collegefootballdata.com/logos-dark/96/90.png', 'https://cdn.collegefootballdata.com/logos/64/90.png', 'https://cdn.collegefootballdata.com/logos-dark/64/90.png', 'https://cdn.collegefootballdata.com/logos/48/90.png', 'https://cdn.collegefootballdata.com/logos-dark/48/90.png', 'https://cdn.collegefootballdata.com/logos/32/90.png', 'https://cdn.collegefootballdata.com/logos-dark/32/90.png', 'https://cdn.collegefootballdata.com/logos/16/90.png', 'https://cdn.collegefootballdata.com/logos-dark/16/90.png']",,6067.0,Carnie Smith Stadium,Pittsburg,KS,66762,US,,37.4108841,-94.70496,,8343.0,,,False
2972,Plymouth State,Panthers,PLYM,"['PLYM', 'Plymouth St']",MSCAC,,iii,#054e39,#000000,"['https://cdn.collegefootballdata.com/logos/500/2972.png', 'https://cdn.collegefootballdata.com/logos-dark/500/2972.png', 'https://cdn.collegefootballdata.com/logos/256/2972.png', 'https://cdn.collegefootballdata.com/logos-dark/256/2972.png', 'https://cdn.collegefootballdata.com/logos/128/2972.png', 'https://cdn.collegefootballdata.com/logos-dark/128/2972.png', 'https://cdn.collegefootballdata.com/logos/96/2972.png', 'https://cdn.collegefootballdata.com/logos-dark/96/2972.png', 'https://cdn.collegefootballdata.com/logos/64/2972.png', 'https://cdn.collegefootballdata.com/logos-dark/64/2972.png', 'https://cdn.collegefootballdata.com/logos/48/2972.png', 'https://cdn.collegefootballdata.com/logos-dark/48/2972.png', 'https://cdn.collegefootballdata.com/logos/32/2972.png', 'https://cdn.collegefootballdata.com/logos-dark/32/2972.png', 'https://cdn.collegefootballdata.com/logos/16/2972.png', 'https://cdn.collegefootballdata.com/logos-dark/16/2972.png']",,3690.0,Charles L. Currier Memorial Field,Plymouth,NH,,US,,43.757209,-71.688538,,3000.0,,,False
3179,Point University,Skyhawks,POINT,"['POINT', 'Point']",,,,#null,#null,[],,,,,,,,,,,,,,,
2923,Pomona Pitzer,Sagehens,POPI,"['POPI', 'Pomona Pitzer']",So. Cal.,,iii,#00549a,#f7941e,"['https://cdn.collegefootballdata.com/logos/500/2923.png', 'https://cdn.collegefootballdata.com/logos-dark/500/2923.png', 'https://cdn.collegefootballdata.com/logos/256/2923.png', 'https://cdn.collegefootballdata.com/logos-dark/256/2923.png', 'https://cdn.collegefootballdata.com/logos/128/2923.png', 'https://cdn.collegefootballdata.com/logos-dark/128/2923.png', 'https://cdn.collegefootballdata.com/logos/96/2923.png', 'https://cdn.collegefootballdata.com/logos-dark/96/2923.png', 'https://cdn.collegefootballdata.com/logos/64/2923.png', 'https://cdn.collegefootballdata.com/logos-dark/64/2923.png', 'https://cdn.collegefootballdata.com/logos/48/2923.png', 'https://cdn.collegefootballdata.com/logos-dark/48/2923.png', 'https://cdn.collegefootballdata.com/logos/32/2923.png', 'https://cdn.collegefootballdata.com/logos-dark/32/2923.png', 'https://cdn.collegefootballdata.com/logos/16/2923.png', 'https://cdn.collegefootballdata.com/logos-dark/16/2923.png']",,6103.0,Merritt Field,Claremont,CA,91711,US,,34.0966764,-117.7197785,,4000.0,,,False
2502,Portland State,Vikings,PRST,"['PRST', 'Portland St']",Big Sky,,fcs,#00311e,#ebebeb,"['https://cdn.collegefootballdata.com/logos/500/2502.png', 'https://cdn.collegefootballdata.com/logos-dark/500/2502.png', 'https://cdn.collegefootballdata.com/logos/256/2502.png', 'https://cdn.collegefootballdata.com/logos-dark/256/2502.png', 'https://cdn.collegefootballdata.com/logos/128/2502.png', 'https://cdn.collegefootballdata.com/logos-dark/128/2502.png', 'https://cdn.collegefootballdata.com/logos/96/2502.png', 'https://cdn.collegefootballdata.com/logos-dark/96/2502.png', 'https://cdn.collegefootballdata.com/logos/64/2502.png', 'https://cdn.collegefootballdata.com/logos-dark/64/2502.png', 'https://cdn.collegefootballdata.com/logos/48/2502.png', 'https://cdn.collegefootballdata.com/logos-dark/48/2502.png', 'https://cdn.collegefootballdata.com/logos/32/2502.png', 'https://cdn.collegefootballdata.com/logos-dark/32/2502.png', 'https://cdn.collegefootballdata.com/logos/16/2502.png', 'https://cdn.collegefootballdata.com/logos-dark/16/2502.png']",@PSUViksFB,4765.0,Hillsboro Stadium,Portland,OR,97124,US,America/Los_Angeles,45.554597,-122.90694,65.4,7600.0,1999.0,False,False
126086,Post,Eagles,POST,"['POST', 'Post']",Northeast 10,,ii,#null,#null,,,7422.0,Municipal Stadium,Waterbury,CT,06708,,,,,,75.0,,True,
2504,Prairie View A&M,Panthers,PV,"['PV', 'Prairie View']",SWAC,West,fcs,#582c83,#eaaa00,"['https://cdn.collegefootballdata.com/logos/500/2504.png', 'https://cdn.collegefootballdata.com/logos-dark/500/2504.png', 'https://cdn.collegefootballdata.com/logos/256/2504.png', 'https://cdn.collegefootballdata.com/logos-dark/256/2504.png', 'https://cdn.collegefootballdata.com/logos/128/2504.png', 'https://cdn.collegefootballdata.com/logos-dark/128/2504.png', 'https://cdn.collegefootballdata.com/logos/96/2504.png', 'https://cdn.collegefootballdata.com/logos-dark/96/2504.png', 'https://cdn.collegefootballdata.com/logos/64/2504.png', 'https://cdn.collegefootballdata.com/logos-dark/64/2504.png', 'https://cdn.collegefootballdata.com/logos/48/2504.png', 'https://cdn.collegefootballdata.com/logos-dark/48/2504.png', 'https://cdn.collegefootballdata.com/logos/32/2504.png', 'https://cdn.collegefootballdata.com/logos-dark/32/2504.png', 'https://cdn.collegefootballdata.com/logos/16/2504.png', 'https://cdn.collegefootballdata.com/logos-dark/16/2504.png']",@PVAMU_Football,5238.0,Panther Stadium,Prairie View,TX,28202,US,America/Chicago,30.0937874,-95.9960913,77.36286926,15000.0,2016.0,True,False
2506,Presbyterian,Blue Hose,PRES,"['PRES', 'Presbyterian']",Pioneer,,fcs,#194896,#990134,"['https://cdn.collegefootballdata.com/logos/500/2506.png', 'https://cdn.collegefootballdata.com/logos-dark/500/2506.png', 'https://cdn.collegefootballdata.com/logos/256/2506.png', 'https://cdn.collegefootballdata.com/logos-dark/256/2506.png', 'https://cdn.collegefootballdata.com/logos/128/2506.png', 'https://cdn.collegefootballdata.com/logos-dark/128/2506.png', 'https://cdn.collegefootballdata.com/logos/96/2506.png', 'https://cdn.collegefootballdata.com/logos-dark/96/2506.png', 'https://cdn.collegefootballdata.com/logos/64/2506.png', 'https://cdn.collegefootballdata.com/logos-dark/64/2506.png', 'https://cdn.collegefootballdata.com/logos/48/2506.png', 'https://cdn.collegefootballdata.com/logos-dark/48/2506.png', 'https://cdn.collegefootballdata.com/logos/32/2506.png', 'https://cdn.collegefootballdata.com/logos-dark/32/2506.png', 'https://cdn.collegefootballdata.com/logos/16/2506.png', 'https://cdn.collegefootballdata.com/logos-dark/16/2506.png']",@BlueHoseFtball,3627.0,Bailey Memorial Stadium,Clinton,SC,29325,US,America/New_York,34.46158,-81.861368,194.1601868,6500.0,2002.0,True,False
597,Presentation,Presentation,PRE,"['PRE', 'Prescoll']",,,,#null,#null,[],,,,,,,,,,,,,,,
163,Princeton,Tigers,PRIN,"['PRIN', 'Princeton']",Ivy,,fcs,#000000,#ff6000,"['https://cdn.collegefootballdata.com/logos/500/163.png', 'https://cdn.collegefootballdata.com/logos-dark/500/163.png', 'https://cdn.collegefootballdata.com/logos/256/163.png', 'https://cdn.collegefootballdata.com/logos-dark/256/163.png', 'https://cdn.collegefootballdata.com/logos/128/163.png', 'https://cdn.collegefootballdata.com/logos-dark/128/163.png', 'https://cdn.collegefootballdata.com/logos/96/163.png', 'https://cdn.collegefootballdata.com/logos-dark/96/163.png', 'https://cdn.collegefootballdata.com/logos/64/163.png', 'https://cdn.collegefootballdata.com/logos-dark/64/163.png', 'https://cdn.collegefootballdata.com/logos/48/163.png', 'https://cdn.collegefootballdata.com/logos-dark/48/163.png', 'https://cdn.collegefootballdata.com/logos/32/163.png', 'https://cdn.collegefootballdata.com/logos-dark/32/163.png', 'https://cdn.collegefootballdata.com/logos/16/163.png', 'https://cdn.collegefootballdata.com/logos-dark/16/163.png']",@PUTigerFootball,3881.0,Princeton University Stadium,Princeton,NJ,8540 ,US,America/New_York,40.3457928,-74.6500047,32.00296402,27800.0,1998.0,False,False
363,Principia College,Panthers,PRI,"['PRI', 'Principia ']",,,,#000000,#null,[],,,,,,,,,,,,,,,
1000951,Professional,,,[],,,,#null,#null,,,,,,,,,,,,,,,,
1000950,Professional,,,[],,,,#null,#null,,,,,,,,,,,,,,,,
2508,Puget Sound,Loggers,PUG,"['PUG', 'Puget Sound']",Northwest,,iii,#680001,#ffffff,"['https://cdn.collegefootballdata.com/logos/500/2508.png', 'https://cdn.collegefootballdata.com/logos-dark/500/2508.png', 'https://cdn.collegefootballdata.com/logos/256/2508.png', 'https://cdn.collegefootballdata.com/logos-dark/256/2508.png', 'https://cdn.collegefootballdata.com/logos/128/2508.png', 'https://cdn.collegefootballdata.com/logos-dark/128/2508.png', 'https://cdn.collegefootballdata.com/logos/96/2508.png', 'https://cdn.collegefootballdata.com/logos-dark/96/2508.png', 'https://cdn.collegefootballdata.com/logos/64/2508.png', 'https://cdn.collegefootballdata.com/logos-dark/64/2508.png', 'https://cdn.collegefootballdata.com/logos/48/2508.png', 'https://cdn.collegefootballdata.com/logos-dark/48/2508.png', 'https://cdn.collegefootballdata.com/logos/32/2508.png', 'https://cdn.collegefootballdata.com/logos-dark/32/2508.png', 'https://cdn.collegefootballdata.com/logos/16/2508.png', 'https://cdn.collegefootballdata.com/logos-dark/16/2508.png']",,6104.0,Baker Stadium,Tacoma,WA,98421,US,America/Los_Angeles,47.2495798,-122.4398746,38,3500.0,1964.0,True,False
2509,Purdue,Boilermakers,PUR,"['PUR', 'Purdue']",Big Ten,,fbs,#ceb888,#000000,"['https://cdn.collegefootballdata.com/logos/500/2509.png', 'https://cdn.collegefootballdata.com/logos-dark/500/2509.png', 'https://cdn.collegefootballdata.com/logos/256/2509.png', 'https://cdn.collegefootballdata.com/logos-dark/256/2509.png', 'https://cdn.collegefootballdata.com/logos/128/2509.png', 'https://cdn.collegefootballdata.com/logos-dark/128/2509.png', 'https://cdn.collegefootballdata.com/logos/96/2509.png', 'https://cdn.collegefootballdata.com/logos-dark/96/2509.png', 'https://cdn.collegefootballdata.com/logos/64/2509.png', 'https://cdn.collegefootballdata.com/logos-dark/64/2509.png', 'https://cdn.collegefootballdata.com/logos/48/2509.png', 'https://cdn.collegefootballdata.com/logos-dark/48/2509.png', 'https://cdn.collegefootballdata.com/logos/32/2509.png', 'https://cdn.collegefootballdata.com/logos-dark/32/2509.png', 'https://cdn.collegefootballdata.com/logos/16/2509.png', 'https://cdn.collegefootballdata.com/logos-dark/16/2509.png']",@BoilerFootball,3907.0,Ross-Ade Stadium,West Lafayette,IN,47907,US,America/Indiana/Indianapolis,40.4352253,-86.9186843,197.5337677,57282.0,1924.0,True,False
2825,Quincy,Hawks,QUI,"['QUI', 'Quincy']",Great Lakes,,ii,#000000,#null,"['https://cdn.collegefootballdata.com/logos/500/2825.png', 'https://cdn.collegefootballdata.com/logos-dark/500/2825.png', 'https://cdn.collegefootballdata.com/logos/256/2825.png', 'https://cdn.collegefootballdata.com/logos-dark/256/2825.png', 'https://cdn.collegefootballdata.com/logos/128/2825.png', 'https://cdn.collegefootballdata.com/logos-dark/128/2825.png', 'https://cdn.collegefootballdata.com/logos/96/2825.png', 'https://cdn.collegefootballdata.com/logos-dark/96/2825.png', 'https://cdn.collegefootballdata.com/logos/64/2825.png', 'https://cdn.collegefootballdata.com/logos-dark/64/2825.png', 'https://cdn.collegefootballdata.com/logos/48/2825.png', 'https://cdn.collegefootballdata.com/logos-dark/48/2825.png', 'https://cdn.collegefootballdata.com/logos/32/2825.png', 'https://cdn.collegefootballdata.com/logos-dark/32/2825.png', 'https://cdn.collegefootballdata.com/logos/16/2825.png', 'https://cdn.collegefootballdata.com/logos-dark/16/2825.png']",,3723.0,QU Stadium,Quincy,IL,62301,US,,39.9356016,-91.4098727,,3000.0,,,False
2516,Randolph Macon,Yellow Jackets,RMC,"['RMC', 'Randolph Macon']",Old Dominion,,iii,#fcdf12,#000000,"['https://cdn.collegefootballdata.com/logos/500/2516.png', 'https://cdn.collegefootballdata.com/logos-dark/500/2516.png', 'https://cdn.collegefootballdata.com/logos/256/2516.png', 'https://cdn.collegefootballdata.com/logos-dark/256/2516.png', 'https://cdn.collegefootballdata.com/logos/128/2516.png', 'https://cdn.collegefootballdata.com/logos-dark/128/2516.png', 'https://cdn.collegefootballdata.com/logos/96/2516.png', 'https://cdn.collegefootballdata.com/logos-dark/96/2516.png', 'https://cdn.collegefootballdata.com/logos/64/2516.png', 'https://cdn.collegefootballdata.com/logos-dark/64/2516.png', 'https://cdn.collegefootballdata.com/logos/48/2516.png', 'https://cdn.collegefootballdata.com/logos-dark/48/2516.png', 'https://cdn.collegefootballdata.com/logos/32/2516.png', 'https://cdn.collegefootballdata.com/logos-dark/32/2516.png', 'https://cdn.collegefootballdata.com/logos/16/2516.png', 'https://cdn.collegefootballdata.com/logos-dark/16/2516.png']",,6105.0,Day Field,Ashland,VA,23005,US,,37.7594012,-77.4806603,,5000.0,,,False
29,Redlands,Bulldogs,REDL,"['REDL', 'Redlands']",So. Cal.,,iii,#751708,#ffffff,"['https://cdn.collegefootballdata.com/logos/500/29.png', 'https://cdn.collegefootballdata.com/logos-dark/500/29.png', 'https://cdn.collegefootballdata.com/logos/256/29.png', 'https://cdn.collegefootballdata.com/logos-dark/256/29.png', 'https://cdn.collegefootballdata.com/logos/128/29.png', 'https://cdn.collegefootballdata.com/logos-dark/128/29.png', 'https://cdn.collegefootballdata.com/logos/96/29.png', 'https://cdn.collegefootballdata.com/logos-dark/96/29.png', 'https://cdn.collegefootballdata.com/logos/64/29.png', 'https://cdn.collegefootballdata.com/logos-dark/64/29.png', 'https://cdn.collegefootballdata.com/logos/48/29.png', 'https://cdn.collegefootballdata.com/logos-dark/48/29.png', 'https://cdn.collegefootballdata.com/logos/32/29.png', 'https://cdn.collegefootballdata.com/logos-dark/32/29.png', 'https://cdn.collegefootballdata.com/logos/16/29.png', 'https://cdn.collegefootballdata.com/logos-dark/16/29.png']",,6106.0,Ted Runner Stadium,Redlands,CA,,US,,34.0550328,-117.1827445,,6750.0,,,False
2890,Reinhardt,Eagles,RHDT,"['RHDT', 'Reinhardt']",,,,#null,#null,[],,,,,,,,,,,,,,,
2528,Rensselaer,Engineers,RPI,"['RPI', 'Rensselaer']",Liberty League,,iii,#000000,#null,"['https://cdn.collegefootballdata.com/logos/500/2528.png', 'https://cdn.collegefootballdata.com/logos-dark/500/2528.png', 'https://cdn.collegefootballdata.com/logos/256/2528.png', 'https://cdn.collegefootballdata.com/logos-dark/256/2528.png', 'https://cdn.collegefootballdata.com/logos/128/2528.png', 'https://cdn.collegefootballdata.com/logos-dark/128/2528.png', 'https://cdn.collegefootballdata.com/logos/96/2528.png', 'https://cdn.collegefootballdata.com/logos-dark/96/2528.png', 'https://cdn.collegefootballdata.com/logos/64/2528.png', 'https://cdn.collegefootballdata.com/logos-dark/64/2528.png', 'https://cdn.collegefootballdata.com/logos/48/2528.png', 'https://cdn.collegefootballdata.com/logos-dark/48/2528.png', 'https://cdn.collegefootballdata.com/logos/32/2528.png', 'https://cdn.collegefootballdata.com/logos-dark/32/2528.png', 'https://cdn.collegefootballdata.com/logos/16/2528.png', 'https://cdn.collegefootballdata.com/logos-dark/16/2528.png']",,6107.0,ECAV Stadium,Troy,NY,10014,US,,42.7284117,-73.6917878,,5200.0,,,False
227,Rhode Island,Rams,URI,"['URI', 'Rhode Island']",Coastal Athletic,,fcs,#091f3f,#5ab3e8,"['https://cdn.collegefootballdata.com/logos/500/227.png', 'https://cdn.collegefootballdata.com/logos-dark/500/227.png', 'https://cdn.collegefootballdata.com/logos/256/227.png', 'https://cdn.collegefootballdata.com/logos-dark/256/227.png', 'https://cdn.collegefootballdata.com/logos/128/227.png', 'https://cdn.collegefootballdata.com/logos-dark/128/227.png', 'https://cdn.collegefootballdata.com/logos/96/227.png', 'https://cdn.collegefootballdata.com/logos-dark/96/227.png', 'https://cdn.collegefootballdata.com/logos/64/227.png', 'https://cdn.collegefootballdata.com/logos-dark/64/227.png', 'https://cdn.collegefootballdata.com/logos/48/227.png', 'https://cdn.collegefootballdata.com/logos-dark/48/227.png', 'https://cdn.collegefootballdata.com/logos/32/227.png', 'https://cdn.collegefootballdata.com/logos-dark/32/227.png', 'https://cdn.collegefootballdata.com/logos/16/227.png', 'https://cdn.collegefootballdata.com/logos-dark/16/227.png']",@RhodyFootball,3824.0,Meade Stadium,Kingston,RI,2881 ,US,America/New_York,41.4879984,-71.5347458,32.68801498,8000.0,1928.0,True,False
2519,Rhodes,Lynx,RHDS,"['RHDS', 'Rhodes']",Southern Athletic,,iii,#000000,#null,"['https://cdn.collegefootballdata.com/logos/500/2519.png', 'https://cdn.collegefootballdata.com/logos-dark/500/2519.png', 'https://cdn.collegefootballdata.com/logos/256/2519.png', 'https://cdn.collegefootballdata.com/logos-dark/256/2519.png', 'https://cdn.collegefootballdata.com/logos/128/2519.png', 'https://cdn.collegefootballdata.com/logos-dark/128/2519.png', 'https://cdn.collegefootballdata.com/logos/96/2519.png', 'https://cdn.collegefootballdata.com/logos-dark/96/2519.png', 'https://cdn.collegefootballdata.com/logos/64/2519.png', 'https://cdn.collegefootballdata.com/logos-dark/64/2519.png', 'https://cdn.collegefootballdata.com/logos/48/2519.png', 'https://cdn.collegefootballdata.com/logos-dark/48/2519.png', 'https://cdn.collegefootballdata.com/logos/32/2519.png', 'https://cdn.collegefootballdata.com/logos-dark/32/2519.png', 'https://cdn.collegefootballdata.com/logos/16/2519.png', 'https://cdn.collegefootballdata.com/logos-dark/16/2519.png']",,6108.0,Crain Field,Memphis,TN,38112,US,,35.1335022,-89.9668758,,4000.0,,,False
242,Rice,Owls,RICE,"['RICE', 'Rice']",American Athletic,,fbs,#00205b,#c1c6c8,"['https://cdn.collegefootballdata.com/logos/500/242.png', 'https://cdn.collegefootballdata.com/logos-dark/500/242.png', 'https://cdn.collegefootballdata.com/logos/256/242.png', 'https://cdn.collegefootballdata.com/logos-dark/256/242.png', 'https://cdn.collegefootballdata.com/logos/128/242.png', 'https://cdn.collegefootballdata.com/logos-dark/128/242.png', 'https://cdn.collegefootballdata.com/logos/96/242.png', 'https://cdn.collegefootballdata.com/logos-dark/96/242.png', 'https://cdn.collegefootballdata.com/logos/64/242.png', 'https://cdn.collegefootballdata.com/logos-dark/64/242.png', 'https://cdn.collegefootballdata.com/logos/48/242.png', 'https://cdn.collegefootballdata.com/logos-dark/48/242.png', 'https://cdn.collegefootballdata.com/logos/32/242.png', 'https://cdn.collegefootballdata.com/logos-dark/32/242.png', 'https://cdn.collegefootballdata.com/logos/16/242.png', 'https://cdn.collegefootballdata.com/logos-dark/16/242.png']",@RiceFootball,3895.0,Rice Stadium,Houston,TX,77251,US,America/Chicago,29.7163297,-95.4093261,7.148301601,47000.0,1950.0,False,False
257,Richmond,Spiders,RICH,"['RICH', 'Richmond']",Patriot,,fcs,#9e0712,#b90b2e,"['https://cdn.collegefootballdata.com/logos/500/257.png', 'https://cdn.collegefootballdata.com/logos-dark/500/257.png', 'https://cdn.collegefootballdata.com/logos/256/257.png', 'https://cdn.collegefootballdata.com/logos-dark/256/257.png', 'https://cdn.collegefootballdata.com/logos/128/257.png', 'https://cdn.collegefootballdata.com/logos-dark/128/257.png', 'https://cdn.collegefootballdata.com/logos/96/257.png', 'https://cdn.collegefootballdata.com/logos-dark/96/257.png', 'https://cdn.collegefootballdata.com/logos/64/257.png', 'https://cdn.collegefootballdata.com/logos-dark/64/257.png', 'https://cdn.collegefootballdata.com/logos/48/257.png', 'https://cdn.collegefootballdata.com/logos-dark/48/257.png', 'https://cdn.collegefootballdata.com/logos/32/257.png', 'https://cdn.collegefootballdata.com/logos-dark/32/257.png', 'https://cdn.collegefootballdata.com/logos/16/257.png', 'https://cdn.collegefootballdata.com/logos-dark/16/257.png']",@SpiderFootball,2068.0,E. Claiborne Robins Stadium,Richmond,VA,23173,US,America/New_York,37.5807765,-77.5372211,60.03879166,8217.0,2010.0,False,False
2891,Ripon,Red Hawks,RIP,"['RIP', 'Ripon']",Midwest,,iii,#000000,#null,"['https://cdn.collegefootballdata.com/logos/500/2891.png', 'https://cdn.collegefootballdata.com/logos-dark/500/2891.png', 'https://cdn.collegefootballdata.com/logos/256/2891.png', 'https://cdn.collegefootballdata.com/logos-dark/256/2891.png', 'https://cdn.collegefootballdata.com/logos/128/2891.png', 'https://cdn.collegefootballdata.com/logos-dark/128/2891.png', 'https://cdn.collegefootballdata.com/logos/96/2891.png', 'https://cdn.collegefootballdata.com/logos-dark/96/2891.png', 'https://cdn.collegefootballdata.com/logos/64/2891.png', 'https://cdn.collegefootballdata.com/logos-dark/64/2891.png', 'https://cdn.collegefootballdata.com/logos/48/2891.png', 'https://cdn.collegefootballdata.com/logos-dark/48/2891.png', 'https://cdn.collegefootballdata.com/logos/32/2891.png', 'https://cdn.collegefootballdata.com/logos-dark/32/2891.png', 'https://cdn.collegefootballdata.com/logos/16/2891.png', 'https://cdn.collegefootballdata.com/logos-dark/16/2891.png']",,6109.0,Ingalls Field,Ripon,WI,54971,US,,43.8424502,-88.8372972,,3500.0,,,False
1000996,Riverside C.C.,,,[],,,,#null,#null,,,,,,,,,,,,,,,,
131109,Roanoke College,Maroons,ROA,"['ROA', 'Roanoke Colleg']",,,,#null,#null,,,,,,,,,,,,,,,,
2523,Robert Morris,Colonials,RMU,"['RMU', 'Robert Morris']",NEC,,fcs,#00214D,#a21d2b,"['https://cdn.collegefootballdata.com/logos/500/2523.png', 'https://cdn.collegefootballdata.com/logos-dark/500/2523.png', 'https://cdn.collegefootballdata.com/logos/256/2523.png', 'https://cdn.collegefootballdata.com/logos-dark/256/2523.png', 'https://cdn.collegefootballdata.com/logos/128/2523.png', 'https://cdn.collegefootballdata.com/logos-dark/128/2523.png', 'https://cdn.collegefootballdata.com/logos/96/2523.png', 'https://cdn.collegefootballdata.com/logos-dark/96/2523.png', 'https://cdn.collegefootballdata.com/logos/64/2523.png', 'https://cdn.collegefootballdata.com/logos-dark/64/2523.png', 'https://cdn.collegefootballdata.com/logos/48/2523.png', 'https://cdn.collegefootballdata.com/logos-dark/48/2523.png', 'https://cdn.collegefootballdata.com/logos/32/2523.png', 'https://cdn.collegefootballdata.com/logos-dark/32/2523.png', 'https://cdn.collegefootballdata.com/logos/16/2523.png', 'https://cdn.collegefootballdata.com/logos-dark/16/2523.png']",@RMUFootball,3777.0,Joe Walton Stadium,Moon Township,PA,15108,US,America/New_York,40.521046,-80.2159227,351.4482422,3000.0,2005.0,False,False
184,Rochester (NY),Yellow Jackets,URNY,"['URNY', 'Rochester (NY)']",Liberty League,,iii,#000000,#null,"['https://cdn.collegefootballdata.com/logos/500/184.png', 'https://cdn.collegefootballdata.com/logos-dark/500/184.png', 'https://cdn.collegefootballdata.com/logos/256/184.png', 'https://cdn.collegefootballdata.com/logos-dark/256/184.png', 'https://cdn.collegefootballdata.com/logos/128/184.png', 'https://cdn.collegefootballdata.com/logos-dark/128/184.png', 'https://cdn.collegefootballdata.com/logos/96/184.png', 'https://cdn.collegefootballdata.com/logos-dark/96/184.png', 'https://cdn.collegefootballdata.com/logos/64/184.png', 'https://cdn.collegefootballdata.com/logos-dark/64/184.png', 'https://cdn.collegefootballdata.com/logos/48/184.png', 'https://cdn.collegefootballdata.com/logos-dark/48/184.png', 'https://cdn.collegefootballdata.com/logos/32/184.png', 'https://cdn.collegefootballdata.com/logos-dark/32/184.png', 'https://cdn.collegefootballdata.com/logos/16/184.png', 'https://cdn.collegefootballdata.com/logos-dark/16/184.png']",,3717.0,Edwin Fauver Stadium,Rochester,NY,14617,US,,43.157285,-77.615214,,5111.0,,,False
2524,Rockford,Regents,RFU,"['RFU', 'Rockford']",NACC,,iii,#5a3f99,#c4c6c8,"['https://cdn.collegefootballdata.com/logos/500/2524.png', 'https://cdn.collegefootballdata.com/logos-dark/500/2524.png', 'https://cdn.collegefootballdata.com/logos/256/2524.png', 'https://cdn.collegefootballdata.com/logos-dark/256/2524.png', 'https://cdn.collegefootballdata.com/logos/128/2524.png', 'https://cdn.collegefootballdata.com/logos-dark/128/2524.png', 'https://cdn.collegefootballdata.com/logos/96/2524.png', 'https://cdn.collegefootballdata.com/logos-dark/96/2524.png', 'https://cdn.collegefootballdata.com/logos/64/2524.png', 'https://cdn.collegefootballdata.com/logos-dark/64/2524.png', 'https://cdn.collegefootballdata.com/logos/48/2524.png', 'https://cdn.collegefootballdata.com/logos-dark/48/2524.png', 'https://cdn.collegefootballdata.com/logos/32/2524.png', 'https://cdn.collegefootballdata.com/logos-dark/32/2524.png', 'https://cdn.collegefootballdata.com/logos/16/2524.png', 'https://cdn.collegefootballdata.com/logos-dark/16/2524.png']",,6110.0,Sam Greeley Field,Rockford,IL,61104,US,America/Chicago,42.2713945,-89.093966,224,1000.0,,,False
2826,Rocky Mountain,,RRK,['RRK'],,,,#null,#null,,,,,,,,,,,,,,,,
127991,Roosevelt,Lakers,RSVT,"['RSVT', 'Roosevelt']",GLIAC,,ii,#000000,#null,,,3844.0,Morris Field,Chicago,IL,,US,,,,,,,,True
599,Roosevelt,Lakers,RSVT,"['RSVT', 'Roosevelt']",,,,#000000,#null,[],,,,,,,,,,,,,,,
86,Rose Hulman,Fightin' Engineers,RHIT,"['RHIT', 'Rose Hulman']",Heartland,,iii,#800000,#b3b2b1,"['https://cdn.collegefootballdata.com/logos/500/86.png', 'https://cdn.collegefootballdata.com/logos-dark/500/86.png', 'https://cdn.collegefootballdata.com/logos/256/86.png', 'https://cdn.collegefootballdata.com/logos-dark/256/86.png', 'https://cdn.collegefootballdata.com/logos/128/86.png', 'https://cdn.collegefootballdata.com/logos-dark/128/86.png', 'https://cdn.collegefootballdata.com/logos/96/86.png', 'https://cdn.collegefootballdata.com/logos-dark/96/86.png', 'https://cdn.collegefootballdata.com/logos/64/86.png', 'https://cdn.collegefootballdata.com/logos-dark/64/86.png', 'https://cdn.collegefootballdata.com/logos/48/86.png', 'https://cdn.collegefootballdata.com/logos-dark/48/86.png', 'https://cdn.collegefootballdata.com/logos/32/86.png', 'https://cdn.collegefootballdata.com/logos-dark/32/86.png', 'https://cdn.collegefootballdata.com/logos/16/86.png', 'https://cdn.collegefootballdata.com/logos-dark/16/86.png']",,6111.0,Cook Stadium,Terre Haute,IN,47809,US,,39.4667025,-87.4139119,,2500.0,,,False
2827,Rowan,Profs,ROW,"['ROW', 'Rowan']",New Jersey,,iii,#571b04,#ffcf06,"['https://cdn.collegefootballdata.com/logos/500/2827.png', 'https://cdn.collegefootballdata.com/logos-dark/500/2827.png', 'https://cdn.collegefootballdata.com/logos/256/2827.png', 'https://cdn.collegefootballdata.com/logos-dark/256/2827.png', 'https://cdn.collegefootballdata.com/logos/128/2827.png', 'https://cdn.collegefootballdata.com/logos-dark/128/2827.png', 'https://cdn.collegefootballdata.com/logos/96/2827.png', 'https://cdn.collegefootballdata.com/logos-dark/96/2827.png', 'https://cdn.collegefootballdata.com/logos/64/2827.png', 'https://cdn.collegefootballdata.com/logos-dark/64/2827.png', 'https://cdn.collegefootballdata.com/logos/48/2827.png', 'https://cdn.collegefootballdata.com/logos-dark/48/2827.png', 'https://cdn.collegefootballdata.com/logos/32/2827.png', 'https://cdn.collegefootballdata.com/logos-dark/32/2827.png', 'https://cdn.collegefootballdata.com/logos/16/2827.png', 'https://cdn.collegefootballdata.com/logos-dark/16/2827.png']",,6112.0,Richard Wackar Stadium,Glassboro,NJ,08028,US,America/New_York,39.7027677,-75.1119434,44,5000.0,1971.0,False,False
164,Rutgers,Scarlet Knights,RUTG,"['RUTG', 'Rutgers']",Big Ten,,fbs,#ce0e2d,#ffffff,"['https://cdn.collegefootballdata.com/logos/500/164.png', 'https://cdn.collegefootballdata.com/logos-dark/500/164.png', 'https://cdn.collegefootballdata.com/logos/256/164.png', 'https://cdn.collegefootballdata.com/logos-dark/256/164.png', 'https://cdn.collegefootballdata.com/logos/128/164.png', 'https://cdn.collegefootballdata.com/logos-dark/128/164.png', 'https://cdn.collegefootballdata.com/logos/96/164.png', 'https://cdn.collegefootballdata.com/logos-dark/96/164.png', 'https://cdn.collegefootballdata.com/logos/64/164.png', 'https://cdn.collegefootballdata.com/logos-dark/64/164.png', 'https://cdn.collegefootballdata.com/logos/48/164.png', 'https://cdn.collegefootballdata.com/logos-dark/48/164.png', 'https://cdn.collegefootballdata.com/logos/32/164.png', 'https://cdn.collegefootballdata.com/logos-dark/32/164.png', 'https://cdn.collegefootballdata.com/logos/16/164.png', 'https://cdn.collegefootballdata.com/logos-dark/16/164.png']",@Rfootball,6577.0,SHI Stadium,Piscataway,NJ,08854,US,America/New_York,40.513611,-74.465278,19,52454.0,1994.0,False,False
16,Sacramento State,Hornets,SAC,"['Cal State Sacramento', 'SAC', 'Sacramento St']",Mid-American,,fbs,#00573c,#cdb97d,"['https://cdn.collegefootballdata.com/logos/500/16.png', 'https://cdn.collegefootballdata.com/logos-dark/500/16.png', 'https://cdn.collegefootballdata.com/logos/256/16.png', 'https://cdn.collegefootballdata.com/logos-dark/256/16.png', 'https://cdn.collegefootballdata.com/logos/128/16.png', 'https://cdn.collegefootballdata.com/logos-dark/128/16.png', 'https://cdn.collegefootballdata.com/logos/96/16.png', 'https://cdn.collegefootballdata.com/logos-dark/96/16.png', 'https://cdn.collegefootballdata.com/logos/64/16.png', 'https://cdn.collegefootballdata.com/logos-dark/64/16.png', 'https://cdn.collegefootballdata.com/logos/48/16.png', 'https://cdn.collegefootballdata.com/logos-dark/48/16.png', 'https://cdn.collegefootballdata.com/logos/32/16.png', 'https://cdn.collegefootballdata.com/logos-dark/32/16.png', 'https://cdn.collegefootballdata.com/logos/16/16.png', 'https://cdn.collegefootballdata.com/logos-dark/16/16.png']",@SacHornetsFB,3757.0,Hornet Stadium,Sacramento,CA,95819,US,America/Los_Angeles,38.5556718,-121.4229607,12.30015659,21195.0,1969.0,False,False
2529,Sacred Heart,Pioneers,SHU,"['SHU', 'Sacred Heart']",Coastal Athletic,,fcs,#a40012,#c29472,"['https://cdn.collegefootballdata.com/logos/500/2529.png', 'https://cdn.collegefootballdata.com/logos-dark/500/2529.png', 'https://cdn.collegefootballdata.com/logos/256/2529.png', 'https://cdn.collegefootballdata.com/logos-dark/256/2529.png', 'https://cdn.collegefootballdata.com/logos/128/2529.png', 'https://cdn.collegefootballdata.com/logos-dark/128/2529.png', 'https://cdn.collegefootballdata.com/logos/96/2529.png', 'https://cdn.collegefootballdata.com/logos-dark/96/2529.png', 'https://cdn.collegefootballdata.com/logos/64/2529.png', 'https://cdn.collegefootballdata.com/logos-dark/64/2529.png', 'https://cdn.collegefootballdata.com/logos/48/2529.png', 'https://cdn.collegefootballdata.com/logos-dark/48/2529.png', 'https://cdn.collegefootballdata.com/logos/32/2529.png', 'https://cdn.collegefootballdata.com/logos-dark/32/2529.png', 'https://cdn.collegefootballdata.com/logos/16/2529.png', 'https://cdn.collegefootballdata.com/logos-dark/16/2529.png']",@SHU__Football,3668.0,Campus Field,Fairfield,CT,6825 ,US,America/New_York,41.2212488,-73.2417431,82.02420044,3334.0,1993.0,False,False
1001047,Saddleback College,,,[],,,,#null,#null,,,,,,,,,,,,,,,,
129,Saginaw Valley State,Cardinals,SVSU,"['Saginaw Valley State', 'SVSU', 'Saginaw Valley']",GLIAC,,ii,#000000,#null,"['https://cdn.collegefootballdata.com/logos/500/129.png', 'https://cdn.collegefootballdata.com/logos-dark/500/129.png', 'https://cdn.collegefootballdata.com/logos/256/129.png', 'https://cdn.collegefootballdata.com/logos-dark/256/129.png', 'https://cdn.collegefootballdata.com/logos/128/129.png', 'https://cdn.collegefootballdata.com/logos-dark/128/129.png', 'https://cdn.collegefootballdata.com/logos/96/129.png', 'https://cdn.collegefootballdata.com/logos-dark/96/129.png', 'https://cdn.collegefootballdata.com/logos/64/129.png', 'https://cdn.collegefootballdata.com/logos-dark/64/129.png', 'https://cdn.collegefootballdata.com/logos/48/129.png', 'https://cdn.collegefootballdata.com/logos-dark/48/129.png', 'https://cdn.collegefootballdata.com/logos/32/129.png', 'https://cdn.collegefootballdata.com/logos-dark/32/129.png', 'https://cdn.collegefootballdata.com/logos/16/129.png', 'https://cdn.collegefootballdata.com/logos-dark/16/129.png']",,3885.0,Harvey Randall Wickes Memorial Stadium,University Center,MI,48915,US,,25.71414555,-80.27640498387049,,6800.0,,,False
1001003,Saint Anselm,,,[],,,,#null,#null,,,,,,,,,,,,,,,,
2830,Saint Anselm,Hawks,SANS,"['SANS', 'Saint Anselm']",Northeast 10,,ii,#000000,#null,"['https://cdn.collegefootballdata.com/logos/500/2830.png', 'https://cdn.collegefootballdata.com/logos-dark/500/2830.png', 'https://cdn.collegefootballdata.com/logos/256/2830.png', 'https://cdn.collegefootballdata.com/logos-dark/256/2830.png', 'https://cdn.collegefootballdata.com/logos/128/2830.png', 'https://cdn.collegefootballdata.com/logos-dark/128/2830.png', 'https://cdn.collegefootballdata.com/logos/96/2830.png', 'https://cdn.collegefootballdata.com/logos-dark/96/2830.png', 'https://cdn.collegefootballdata.com/logos/64/2830.png', 'https://cdn.collegefootballdata.com/logos-dark/64/2830.png', 'https://cdn.collegefootballdata.com/logos/48/2830.png', 'https://cdn.collegefootballdata.com/logos-dark/48/2830.png', 'https://cdn.collegefootballdata.com/logos/32/2830.png', 'https://cdn.collegefootballdata.com/logos-dark/32/2830.png', 'https://cdn.collegefootballdata.com/logos/16/2830.png', 'https://cdn.collegefootballdata.com/logos-dark/16/2830.png']",,6074.0,Grappone Stadium,Manchester,NH,03108,US,,42.9956397,-71.4547891,,4500.0,,,False
1001019,Saint Francis,,,[],,,,#null,#null,,,,,,,,,,,,,,,,
2598,Saint Francis,Red Flash,SFPA,"['St. Francis PA', 'SFPA', 'Saint Francis']",Presidents',,iii,#a20012,#null,"['https://cdn.collegefootballdata.com/logos/500/2598.png', 'https://cdn.collegefootballdata.com/logos-dark/500/2598.png', 'https://cdn.collegefootballdata.com/logos/256/2598.png', 'https://cdn.collegefootballdata.com/logos-dark/256/2598.png', 'https://cdn.collegefootballdata.com/logos/128/2598.png', 'https://cdn.collegefootballdata.com/logos-dark/128/2598.png', 'https://cdn.collegefootballdata.com/logos/96/2598.png', 'https://cdn.collegefootballdata.com/logos-dark/96/2598.png', 'https://cdn.collegefootballdata.com/logos/64/2598.png', 'https://cdn.collegefootballdata.com/logos-dark/64/2598.png', 'https://cdn.collegefootballdata.com/logos/48/2598.png', 'https://cdn.collegefootballdata.com/logos-dark/48/2598.png', 'https://cdn.collegefootballdata.com/logos/32/2598.png', 'https://cdn.collegefootballdata.com/logos-dark/32/2598.png', 'https://cdn.collegefootballdata.com/logos/16/2598.png', 'https://cdn.collegefootballdata.com/logos-dark/16/2598.png']",@RedFlashFB,3694.0,DeGol Field,Loretto,PA,15940,US,America/New_York,40.5063173,-78.637214,586.9408569,3500.0,2006.0,False,False
2831,Saint Francis (IN),Cougars,SFIN,"['SFIN', 'St Francis IN']",,,,#000000,#null,[],,,,,,,,,,,,,,,
1000983,Saint Francis (PA),,,[],,,,#null,#null,,,,,,,,,,,,,,,,
2600,Saint John's (MN),Johnnies,STJM,"[""St. John's"", 'STJM', 'St Johns (MN)']",Minnesota,,iii,#ce153e,#7baed5,"['https://cdn.collegefootballdata.com/logos/500/2600.png', 'https://cdn.collegefootballdata.com/logos-dark/500/2600.png', 'https://cdn.collegefootballdata.com/logos/256/2600.png', 'https://cdn.collegefootballdata.com/logos-dark/256/2600.png', 'https://cdn.collegefootballdata.com/logos/128/2600.png', 'https://cdn.collegefootballdata.com/logos-dark/128/2600.png', 'https://cdn.collegefootballdata.com/logos/96/2600.png', 'https://cdn.collegefootballdata.com/logos-dark/96/2600.png', 'https://cdn.collegefootballdata.com/logos/64/2600.png', 'https://cdn.collegefootballdata.com/logos-dark/64/2600.png', 'https://cdn.collegefootballdata.com/logos/48/2600.png', 'https://cdn.collegefootballdata.com/logos-dark/48/2600.png', 'https://cdn.collegefootballdata.com/logos/32/2600.png', 'https://cdn.collegefootballdata.com/logos-dark/32/2600.png', 'https://cdn.collegefootballdata.com/logos/16/2600.png', 'https://cdn.collegefootballdata.com/logos-dark/16/2600.png']",,5117.0,Clemens Stadium,Collegeville,MN,56321,US,,45.5944117,-94.3622868,,7482.0,,,False
2614,Saint Vincent,Bearcats,SVC,"['SVC', 'Saint Vincent']",Presidents',,iii,#000000,#null,"['https://cdn.collegefootballdata.com/logos/500/2614.png', 'https://cdn.collegefootballdata.com/logos-dark/500/2614.png', 'https://cdn.collegefootballdata.com/logos/256/2614.png', 'https://cdn.collegefootballdata.com/logos-dark/256/2614.png', 'https://cdn.collegefootballdata.com/logos/128/2614.png', 'https://cdn.collegefootballdata.com/logos-dark/128/2614.png', 'https://cdn.collegefootballdata.com/logos/96/2614.png', 'https://cdn.collegefootballdata.com/logos-dark/96/2614.png', 'https://cdn.collegefootballdata.com/logos/64/2614.png', 'https://cdn.collegefootballdata.com/logos-dark/64/2614.png', 'https://cdn.collegefootballdata.com/logos/48/2614.png', 'https://cdn.collegefootballdata.com/logos-dark/48/2614.png', 'https://cdn.collegefootballdata.com/logos/32/2614.png', 'https://cdn.collegefootballdata.com/logos-dark/32/2614.png', 'https://cdn.collegefootballdata.com/logos/16/2614.png', 'https://cdn.collegefootballdata.com/logos-dark/16/2614.png']",,3677.0,Chuck Noll Field,Latrobe,PA,15650,US,,40.317287,-79.3840301,,1050.0,,,False
2615,Saint Xavier,Cougars,STX,"['STX', 'Saint Xavier']",,,,#000000,#null,[],,,,,,,,,,,,,,,
130180,Saint Xavier (IL),Cougars,,[],,,,#null,#null,,,,,,,,,,,,,,,,
2532,Salisbury,Sea Gulls,SAL,"['SAL', 'Salisbury']",New Jersey,,iii,#8b0e04,#fdb913,"['https://cdn.collegefootballdata.com/logos/500/2532.png', 'https://cdn.collegefootballdata.com/logos-dark/500/2532.png', 'https://cdn.collegefootballdata.com/logos/256/2532.png', 'https://cdn.collegefootballdata.com/logos-dark/256/2532.png', 'https://cdn.collegefootballdata.com/logos/128/2532.png', 'https://cdn.collegefootballdata.com/logos-dark/128/2532.png', 'https://cdn.collegefootballdata.com/logos/96/2532.png', 'https://cdn.collegefootballdata.com/logos-dark/96/2532.png', 'https://cdn.collegefootballdata.com/logos/64/2532.png', 'https://cdn.collegefootballdata.com/logos-dark/64/2532.png', 'https://cdn.collegefootballdata.com/logos/48/2532.png', 'https://cdn.collegefootballdata.com/logos-dark/48/2532.png', 'https://cdn.collegefootballdata.com/logos/32/2532.png', 'https://cdn.collegefootballdata.com/logos-dark/32/2532.png', 'https://cdn.collegefootballdata.com/logos/16/2532.png', 'https://cdn.collegefootballdata.com/logos-dark/16/2532.png']",,6114.0,Sea Gull Stadium,Salisbury,MD,21803,US,,38.366027,-75.6009964,,5000.0,,,False
1001071,Salisbury University,,,[],,,,#null,#null,,,,,,,,,,,,,,,,
2776,Salve Regina,Seahawks,SALV,"['SALV', 'Salve Regina']",NEWMAC,,iii,#000000,#null,"['https://cdn.collegefootballdata.com/logos/500/2776.png', 'https://cdn.collegefootballdata.com/logos-dark/500/2776.png', 'https://cdn.collegefootballdata.com/logos/256/2776.png', 'https://cdn.collegefootballdata.com/logos-dark/256/2776.png', 'https://cdn.collegefootballdata.com/logos/128/2776.png', 'https://cdn.collegefootballdata.com/logos-dark/128/2776.png', 'https://cdn.collegefootballdata.com/logos/96/2776.png', 'https://cdn.collegefootballdata.com/logos-dark/96/2776.png', 'https://cdn.collegefootballdata.com/logos/64/2776.png', 'https://cdn.collegefootballdata.com/logos-dark/64/2776.png', 'https://cdn.collegefootballdata.com/logos/48/2776.png', 'https://cdn.collegefootballdata.com/logos-dark/48/2776.png', 'https://cdn.collegefootballdata.com/logos/32/2776.png', 'https://cdn.collegefootballdata.com/logos-dark/32/2776.png', 'https://cdn.collegefootballdata.com/logos/16/2776.png', 'https://cdn.collegefootballdata.com/logos-dark/16/2776.png']",,6115.0,Toppa Field,Newport,RI,,US,,41.4899827,-71.3137707,,2500.0,,,False
2535,Samford,Bulldogs,SAM,"['SAM', 'Samford']",Southern,,fcs,#005485,#bc0023,"['https://cdn.collegefootballdata.com/logos/500/2535.png', 'https://cdn.collegefootballdata.com/logos-dark/500/2535.png', 'https://cdn.collegefootballdata.com/logos/256/2535.png', 'https://cdn.collegefootballdata.com/logos-dark/256/2535.png', 'https://cdn.collegefootballdata.com/logos/128/2535.png', 'https://cdn.collegefootballdata.com/logos-dark/128/2535.png', 'https://cdn.collegefootballdata.com/logos/96/2535.png', 'https://cdn.collegefootballdata.com/logos-dark/96/2535.png', 'https://cdn.collegefootballdata.com/logos/64/2535.png', 'https://cdn.collegefootballdata.com/logos-dark/64/2535.png', 'https://cdn.collegefootballdata.com/logos/48/2535.png', 'https://cdn.collegefootballdata.com/logos-dark/48/2535.png', 'https://cdn.collegefootballdata.com/logos/32/2535.png', 'https://cdn.collegefootballdata.com/logos-dark/32/2535.png', 'https://cdn.collegefootballdata.com/logos/16/2535.png', 'https://cdn.collegefootballdata.com/logos-dark/16/2535.png']",@SamfordFootball,3925.0,Seibert Stadium,Homewood,AL,35229,US,America/Chicago,33.463273,-86.795326,208.0207825,6700.0,1958.0,False,False
2534,Sam Houston,Bearkats,SHSU,"['Sam Houston State', 'SHSU', 'Sam Houston']",Conference USA,,fbs,#f56423,#ffffff,"['https://cdn.collegefootballdata.com/logos/500/2534.png', 'https://cdn.collegefootballdata.com/logos-dark/500/2534.png', 'https://cdn.collegefootballdata.com/logos/256/2534.png', 'https://cdn.collegefootballdata.com/logos-dark/256/2534.png', 'https://cdn.collegefootballdata.com/logos/128/2534.png', 'https://cdn.collegefootballdata.com/logos-dark/128/2534.png', 'https://cdn.collegefootballdata.com/logos/96/2534.png', 'https://cdn.collegefootballdata.com/logos-dark/96/2534.png', 'https://cdn.collegefootballdata.com/logos/64/2534.png', 'https://cdn.collegefootballdata.com/logos-dark/64/2534.png', 'https://cdn.collegefootballdata.com/logos/48/2534.png', 'https://cdn.collegefootballdata.com/logos-dark/48/2534.png', 'https://cdn.collegefootballdata.com/logos/32/2534.png', 'https://cdn.collegefootballdata.com/logos-dark/32/2534.png', 'https://cdn.collegefootballdata.com/logos/16/2534.png', 'https://cdn.collegefootballdata.com/logos-dark/16/2534.png']",@BearkatsFB,3647.0,Elliott T. Bowers Stadium,Huntsville,TX,77340,US,America/Chicago,30.713926,-95.5419802,127.6225204,14000.0,1986.0,False,False
301,San Diego,Toreros,USD,"['USD', 'San Diego']",Pioneer,,fcs,#2f99d4,#2f99d4,"['https://cdn.collegefootballdata.com/logos/500/301.png', 'https://cdn.collegefootballdata.com/logos-dark/500/301.png', 'https://cdn.collegefootballdata.com/logos/256/301.png', 'https://cdn.collegefootballdata.com/logos-dark/256/301.png', 'https://cdn.collegefootballdata.com/logos/128/301.png', 'https://cdn.collegefootballdata.com/logos-dark/128/301.png', 'https://cdn.collegefootballdata.com/logos/96/301.png', 'https://cdn.collegefootballdata.com/logos-dark/96/301.png', 'https://cdn.collegefootballdata.com/logos/64/301.png', 'https://cdn.collegefootballdata.com/logos-dark/64/301.png', 'https://cdn.collegefootballdata.com/logos/48/301.png', 'https://cdn.collegefootballdata.com/logos-dark/48/301.png', 'https://cdn.collegefootballdata.com/logos/32/301.png', 'https://cdn.collegefootballdata.com/logos-dark/32/301.png', 'https://cdn.collegefootballdata.com/logos/16/301.png', 'https://cdn.collegefootballdata.com/logos-dark/16/301.png']",@USDFootball,716.0,Torero Stadium,San Diego,CA,92111,US,America/Los_Angeles,32.7730674,-117.183721,57.95064545,6000.0,1961.0,True,False
21,San Diego State,Aztecs,SDSU,"['SDSU', 'San Diego St']",Pac-12,,fbs,#a6192e,#000000,"['https://cdn.collegefootballdata.com/logos/500/21.png', 'https://cdn.collegefootballdata.com/logos-dark/500/21.png', 'https://cdn.collegefootballdata.com/logos/256/21.png', 'https://cdn.collegefootballdata.com/logos-dark/256/21.png', 'https://cdn.collegefootballdata.com/logos/128/21.png', 'https://cdn.collegefootballdata.com/logos-dark/128/21.png', 'https://cdn.collegefootballdata.com/logos/96/21.png', 'https://cdn.collegefootballdata.com/logos-dark/96/21.png', 'https://cdn.collegefootballdata.com/logos/64/21.png', 'https://cdn.collegefootballdata.com/logos-dark/64/21.png', 'https://cdn.collegefootballdata.com/logos/48/21.png', 'https://cdn.collegefootballdata.com/logos-dark/48/21.png', 'https://cdn.collegefootballdata.com/logos/32/21.png', 'https://cdn.collegefootballdata.com/logos-dark/32/21.png', 'https://cdn.collegefootballdata.com/logos/16/21.png', 'https://cdn.collegefootballdata.com/logos-dark/16/21.png']",@AztecFB,7311.0,Snapdragon Stadium,San Diego,CA,92093,US,America/Los_Angeles,32.784444,-117.122833,62,35000.0,2022.0,True,False
23,San José State,Spartans,SJSU,"['San Jose St.', 'SJSU', 'San José St']",Mountain West,,fbs,#0055a2,#e5a823,"['https://cdn.collegefootballdata.com/logos/500/23.png', 'https://cdn.collegefootballdata.com/logos-dark/500/23.png', 'https://cdn.collegefootballdata.com/logos/256/23.png', 'https://cdn.collegefootballdata.com/logos-dark/256/23.png', 'https://cdn.collegefootballdata.com/logos/128/23.png', 'https://cdn.collegefootballdata.com/logos-dark/128/23.png', 'https://cdn.collegefootballdata.com/logos/96/23.png', 'https://cdn.collegefootballdata.com/logos-dark/96/23.png', 'https://cdn.collegefootballdata.com/logos/64/23.png', 'https://cdn.collegefootballdata.com/logos-dark/64/23.png', 'https://cdn.collegefootballdata.com/logos/48/23.png', 'https://cdn.collegefootballdata.com/logos-dark/48/23.png', 'https://cdn.collegefootballdata.com/logos/32/23.png', 'https://cdn.collegefootballdata.com/logos-dark/32/23.png', 'https://cdn.collegefootballdata.com/logos/16/23.png', 'https://cdn.collegefootballdata.com/logos-dark/16/23.png']",@SanJoseStateFB,3935.0,CEFCU Stadium,San Jose,CA,95112,US,America/Los_Angeles,37.3196675,-121.8682962,28.30708694,30456.0,1933.0,False,False
1000946,Santa Rosa J.C.,,,[],,,,#null,#null,,,,,,,,,,,,,,,,
2542,Savannah State,Tigers,SAV,"['SAV', 'Savannah St']",SIAC,,ii,#280298,#f78f1e,"['https://cdn.collegefootballdata.com/logos/500/2542.png', 'https://cdn.collegefootballdata.com/logos-dark/500/2542.png', 'https://cdn.collegefootballdata.com/logos/256/2542.png', 'https://cdn.collegefootballdata.com/logos-dark/256/2542.png', 'https://cdn.collegefootballdata.com/logos/128/2542.png', 'https://cdn.collegefootballdata.com/logos-dark/128/2542.png', 'https://cdn.collegefootballdata.com/logos/96/2542.png', 'https://cdn.collegefootballdata.com/logos-dark/96/2542.png', 'https://cdn.collegefootballdata.com/logos/64/2542.png', 'https://cdn.collegefootballdata.com/logos-dark/64/2542.png', 'https://cdn.collegefootballdata.com/logos/48/2542.png', 'https://cdn.collegefootballdata.com/logos-dark/48/2542.png', 'https://cdn.collegefootballdata.com/logos/32/2542.png', 'https://cdn.collegefootballdata.com/logos-dark/32/2542.png', 'https://cdn.collegefootballdata.com/logos/16/2542.png', 'https://cdn.collegefootballdata.com/logos-dark/16/2542.png']",,3952.0,Ted Wright Stadium,Savannah,GA,31404,US,America/New_York,32.0274346,-81.0687492,6.564679146,7500.0,1967.0,False,False
1001088,Schreiner,Mountaineers,,[],American Southwest,,iii,#null,#null,,,,,,,,,,,,,,,,
102549,Schreiner,,SCH,['SCH'],,,,#null,#null,,,,,,,,,,,,,,,,
2545,SE Louisiana,Lions,SELA,"['Southeast Louisiana', 'SELA', 'SE Louisiana']",Southland,,fcs,#215732,#ffc72c,"['https://cdn.collegefootballdata.com/logos/500/2545.png', 'https://cdn.collegefootballdata.com/logos-dark/500/2545.png', 'https://cdn.collegefootballdata.com/logos/256/2545.png', 'https://cdn.collegefootballdata.com/logos-dark/256/2545.png', 'https://cdn.collegefootballdata.com/logos/128/2545.png', 'https://cdn.collegefootballdata.com/logos-dark/128/2545.png', 'https://cdn.collegefootballdata.com/logos/96/2545.png', 'https://cdn.collegefootballdata.com/logos-dark/96/2545.png', 'https://cdn.collegefootballdata.com/logos/64/2545.png', 'https://cdn.collegefootballdata.com/logos-dark/64/2545.png', 'https://cdn.collegefootballdata.com/logos/48/2545.png', 'https://cdn.collegefootballdata.com/logos-dark/48/2545.png', 'https://cdn.collegefootballdata.com/logos/32/2545.png', 'https://cdn.collegefootballdata.com/logos-dark/32/2545.png', 'https://cdn.collegefootballdata.com/logos/16/2545.png', 'https://cdn.collegefootballdata.com/logos-dark/16/2545.png']",@SLUFootball,3944.0,Strawberry Stadium,Hammond,LA,70401,US,America/Chicago,30.5110264,-90.4685792,13.7104578,7408.0,1936.0,False,False
611,Seton Hill,Griffins,SEHI,"['SEHI', 'Seton Hill']",Pennsylvania State Athletic,Western,ii,#000000,#null,"['https://cdn.collegefootballdata.com/logos/500/611.png', 'https://cdn.collegefootballdata.com/logos-dark/500/611.png', 'https://cdn.collegefootballdata.com/logos/256/611.png', 'https://cdn.collegefootballdata.com/logos-dark/256/611.png', 'https://cdn.collegefootballdata.com/logos/128/611.png', 'https://cdn.collegefootballdata.com/logos-dark/128/611.png', 'https://cdn.collegefootballdata.com/logos/96/611.png', 'https://cdn.collegefootballdata.com/logos-dark/96/611.png', 'https://cdn.collegefootballdata.com/logos/64/611.png', 'https://cdn.collegefootballdata.com/logos-dark/64/611.png', 'https://cdn.collegefootballdata.com/logos/48/611.png', 'https://cdn.collegefootballdata.com/logos-dark/48/611.png', 'https://cdn.collegefootballdata.com/logos/32/611.png', 'https://cdn.collegefootballdata.com/logos-dark/32/611.png', 'https://cdn.collegefootballdata.com/logos/16/611.png', 'https://cdn.collegefootballdata.com/logos-dark/16/611.png']",,3859.0,Offutt Field,Greensburg,PA,15601,US,,40.3014581,-79.5389289,,5000.0,,,False
2553,Sewanee,Tigers,SEWA,"['Sewanee', 'SEWA', 'Sewanee']",Southern Athletic,,iii,#000000,#null,"['https://cdn.collegefootballdata.com/logos/500/2553.png', 'https://cdn.collegefootballdata.com/logos-dark/500/2553.png', 'https://cdn.collegefootballdata.com/logos/256/2553.png', 'https://cdn.collegefootballdata.com/logos-dark/256/2553.png', 'https://cdn.collegefootballdata.com/logos/128/2553.png', 'https://cdn.collegefootballdata.com/logos-dark/128/2553.png', 'https://cdn.collegefootballdata.com/logos/96/2553.png', 'https://cdn.collegefootballdata.com/logos-dark/96/2553.png', 'https://cdn.collegefootballdata.com/logos/64/2553.png', 'https://cdn.collegefootballdata.com/logos-dark/64/2553.png', 'https://cdn.collegefootballdata.com/logos/48/2553.png', 'https://cdn.collegefootballdata.com/logos-dark/48/2553.png', 'https://cdn.collegefootballdata.com/logos/32/2553.png', 'https://cdn.collegefootballdata.com/logos-dark/32/2553.png', 'https://cdn.collegefootballdata.com/logos/16/2553.png', 'https://cdn.collegefootballdata.com/logos-dark/16/2553.png']",,3823.0,Hardee-McGee Field,Sewanee,TN,37383,US,,35.200644,-85.91952368522726,,3000.0,,,False
2551,Shaw,Bears,SHAW,"['SHAW', 'Shaw']",CIAA,Southern,ii,#000000,#null,"['https://cdn.collegefootballdata.com/logos/500/2551.png', 'https://cdn.collegefootballdata.com/logos-dark/500/2551.png', 'https://cdn.collegefootballdata.com/logos/256/2551.png', 'https://cdn.collegefootballdata.com/logos-dark/256/2551.png', 'https://cdn.collegefootballdata.com/logos/128/2551.png', 'https://cdn.collegefootballdata.com/logos-dark/128/2551.png', 'https://cdn.collegefootballdata.com/logos/96/2551.png', 'https://cdn.collegefootballdata.com/logos-dark/96/2551.png', 'https://cdn.collegefootballdata.com/logos/64/2551.png', 'https://cdn.collegefootballdata.com/logos-dark/64/2551.png', 'https://cdn.collegefootballdata.com/logos/48/2551.png', 'https://cdn.collegefootballdata.com/logos-dark/48/2551.png', 'https://cdn.collegefootballdata.com/logos/32/2551.png', 'https://cdn.collegefootballdata.com/logos-dark/32/2551.png', 'https://cdn.collegefootballdata.com/logos/16/2551.png', 'https://cdn.collegefootballdata.com/logos-dark/16/2551.png']",,6068.0,George Williams Athletic Complex,Raleigh,NC,27601,US,,35.7803977,-78.6390989,,2500.0,,,False
2828,Shenandoah,Hornets,SHEN,"['SHEN', 'Shenandoah']",Old Dominion,,iii,#000000,#null,"['https://cdn.collegefootballdata.com/logos/500/2828.png', 'https://cdn.collegefootballdata.com/logos-dark/500/2828.png', 'https://cdn.collegefootballdata.com/logos/256/2828.png', 'https://cdn.collegefootballdata.com/logos-dark/256/2828.png', 'https://cdn.collegefootballdata.com/logos/128/2828.png', 'https://cdn.collegefootballdata.com/logos-dark/128/2828.png', 'https://cdn.collegefootballdata.com/logos/96/2828.png', 'https://cdn.collegefootballdata.com/logos-dark/96/2828.png', 'https://cdn.collegefootballdata.com/logos/64/2828.png', 'https://cdn.collegefootballdata.com/logos-dark/64/2828.png', 'https://cdn.collegefootballdata.com/logos/48/2828.png', 'https://cdn.collegefootballdata.com/logos-dark/48/2828.png', 'https://cdn.collegefootballdata.com/logos/32/2828.png', 'https://cdn.collegefootballdata.com/logos-dark/32/2828.png', 'https://cdn.collegefootballdata.com/logos/16/2828.png', 'https://cdn.collegefootballdata.com/logos-dark/16/2828.png']",,6116.0,Shentel Stadium,Winchester,VA,22602,US,,39.1852184,-78.1652404,,3000.0,,,False
2974,Shepherd,Rams,SHEP,"['SHEP', 'Shepherd']",Pennsylvania State Athletic,Eastern,ii,#000000,#null,"['https://cdn.collegefootballdata.com/logos/500/2974.png', 'https://cdn.collegefootballdata.com/logos-dark/500/2974.png', 'https://cdn.collegefootballdata.com/logos/256/2974.png', 'https://cdn.collegefootballdata.com/logos-dark/256/2974.png', 'https://cdn.collegefootballdata.com/logos/128/2974.png', 'https://cdn.collegefootballdata.com/logos-dark/128/2974.png', 'https://cdn.collegefootballdata.com/logos/96/2974.png', 'https://cdn.collegefootballdata.com/logos-dark/96/2974.png', 'https://cdn.collegefootballdata.com/logos/64/2974.png', 'https://cdn.collegefootballdata.com/logos-dark/64/2974.png', 'https://cdn.collegefootballdata.com/logos/48/2974.png', 'https://cdn.collegefootballdata.com/logos-dark/48/2974.png', 'https://cdn.collegefootballdata.com/logos/32/2974.png', 'https://cdn.collegefootballdata.com/logos-dark/32/2974.png', 'https://cdn.collegefootballdata.com/logos/16/2974.png', 'https://cdn.collegefootballdata.com/logos-dark/16/2974.png']",,5133.0,Ram Stadium (WV),Shepherdstown,WV,25443,US,,39.4300996,-77.804161,,5000.0,,,False
3181,Shepherd Tech,Eagles,STC,"['STC', 'Shepherd Tech']",,,,#000000,#null,[],,,,,,,,,,,,,,,
1001037,Shepherd University,,,[],,,,#null,#null,,,,,,,,,,,,,,,,
2559,Shippensburg,Raiders,SHIP,"['SHIP', 'Shippensburg']",Pennsylvania State Athletic,Eastern,ii,#000000,#null,"['https://cdn.collegefootballdata.com/logos/500/2559.png', 'https://cdn.collegefootballdata.com/logos-dark/500/2559.png', 'https://cdn.collegefootballdata.com/logos/256/2559.png', 'https://cdn.collegefootballdata.com/logos-dark/256/2559.png', 'https://cdn.collegefootballdata.com/logos/128/2559.png', 'https://cdn.collegefootballdata.com/logos-dark/128/2559.png', 'https://cdn.collegefootballdata.com/logos/96/2559.png', 'https://cdn.collegefootballdata.com/logos-dark/96/2559.png', 'https://cdn.collegefootballdata.com/logos/64/2559.png', 'https://cdn.collegefootballdata.com/logos-dark/64/2559.png', 'https://cdn.collegefootballdata.com/logos/48/2559.png', 'https://cdn.collegefootballdata.com/logos-dark/48/2559.png', 'https://cdn.collegefootballdata.com/logos/32/2559.png', 'https://cdn.collegefootballdata.com/logos-dark/32/2559.png', 'https://cdn.collegefootballdata.com/logos/16/2559.png', 'https://cdn.collegefootballdata.com/logos-dark/16/2559.png']",,4429.0,Seth Grove Stadium,Shippensburg,PA,17257,US,,40.0507198,-77.5205485,,7700.0,,,False
1001001,Shippensburg University,,,[],,,,#null,#null,,,,,,,,,,,,,,,,
2560,Shorter,Hawks,SHOU,"['SHOU', 'Shorter']",Carolinas,,ii,#000000,#null,"['https://cdn.collegefootballdata.com/logos/500/2560.png', 'https://cdn.collegefootballdata.com/logos-dark/500/2560.png', 'https://cdn.collegefootballdata.com/logos/256/2560.png', 'https://cdn.collegefootballdata.com/logos-dark/256/2560.png', 'https://cdn.collegefootballdata.com/logos/128/2560.png', 'https://cdn.collegefootballdata.com/logos-dark/128/2560.png', 'https://cdn.collegefootballdata.com/logos/96/2560.png', 'https://cdn.collegefootballdata.com/logos-dark/96/2560.png', 'https://cdn.collegefootballdata.com/logos/64/2560.png', 'https://cdn.collegefootballdata.com/logos-dark/64/2560.png', 'https://cdn.collegefootballdata.com/logos/48/2560.png', 'https://cdn.collegefootballdata.com/logos-dark/48/2560.png', 'https://cdn.collegefootballdata.com/logos/32/2560.png', 'https://cdn.collegefootballdata.com/logos-dark/32/2560.png', 'https://cdn.collegefootballdata.com/logos/16/2560.png', 'https://cdn.collegefootballdata.com/logos-dark/16/2560.png']",,4015.0,Barron Stadium,Rome,GA,30161,US,,34.257038,-85.1646726,,6500.0,,,False
2561,Siena,Saints,SIE,"['SIE', 'Siena']",,,,#null,#null,,,,,,,,,,,,,,,,
1001063,Siena Heights,,,[],,,,#null,#null,,,,,,,,,,,,,,,,
2562,Siena Heights,Saints,SHTU,"['SHTU', 'Siena Heights']",,,,#000000,#null,[],,,,,,,,,,,,,,,
2829,Simon Fraser,Clansmen,SIM,"['SIM', 'Simon Fraser']",Lone Star,,ii,#000000,#null,"['https://cdn.collegefootballdata.com/logos/500/2829.png', 'https://cdn.collegefootballdata.com/logos-dark/500/2829.png', 'https://cdn.collegefootballdata.com/logos/256/2829.png', 'https://cdn.collegefootballdata.com/logos-dark/256/2829.png', 'https://cdn.collegefootballdata.com/logos/128/2829.png', 'https://cdn.collegefootballdata.com/logos-dark/128/2829.png', 'https://cdn.collegefootballdata.com/logos/96/2829.png', 'https://cdn.collegefootballdata.com/logos-dark/96/2829.png', 'https://cdn.collegefootballdata.com/logos/64/2829.png', 'https://cdn.collegefootballdata.com/logos-dark/64/2829.png', 'https://cdn.collegefootballdata.com/logos/48/2829.png', 'https://cdn.collegefootballdata.com/logos-dark/48/2829.png', 'https://cdn.collegefootballdata.com/logos/32/2829.png', 'https://cdn.collegefootballdata.com/logos-dark/32/2829.png', 'https://cdn.collegefootballdata.com/logos/16/2829.png', 'https://cdn.collegefootballdata.com/logos-dark/16/2829.png']",,3728.0,Terry Fox Field,Burnaby,BC,27616,US,,35.895335,-78.515105,,2500.0,,,False
129758,Simpson (CA),Red Hawks,SUCA,"['SUCA', 'Simpson (CA)']",,,,#null,#null,,,,,,,,,,,,,,,,
1001077,Simpson College,,,[],,,,#null,#null,,,,,,,,,,,,,,,,
2564,Simpson (IA),Storm,SCIA,"['Simpson', 'SCIA', 'Simpson (IA)']",American Rivers,,iii,#b20838,#f0b310,"['https://cdn.collegefootballdata.com/logos/500/2564.png', 'https://cdn.collegefootballdata.com/logos-dark/500/2564.png', 'https://cdn.collegefootballdata.com/logos/256/2564.png', 'https://cdn.collegefootballdata.com/logos-dark/256/2564.png', 'https://cdn.collegefootballdata.com/logos/128/2564.png', 'https://cdn.collegefootballdata.com/logos-dark/128/2564.png', 'https://cdn.collegefootballdata.com/logos/96/2564.png', 'https://cdn.collegefootballdata.com/logos-dark/96/2564.png', 'https://cdn.collegefootballdata.com/logos/64/2564.png', 'https://cdn.collegefootballdata.com/logos-dark/64/2564.png', 'https://cdn.collegefootballdata.com/logos/48/2564.png', 'https://cdn.collegefootballdata.com/logos-dark/48/2564.png', 'https://cdn.collegefootballdata.com/logos/32/2564.png', 'https://cdn.collegefootballdata.com/logos-dark/32/2564.png', 'https://cdn.collegefootballdata.com/logos/16/2564.png', 'https://cdn.collegefootballdata.com/logos-dark/16/2564.png']",,3635.0,Bill Buxton Stadium,Indianola,IA,50125,US,,41.3604966,-93.5613292,,5000.0,,,False
2894,Sioux Falls,Cougars,SFU,"['SFU', 'Sioux Falls']",Northern Sun,,ii,#000000,#null,"['https://cdn.collegefootballdata.com/logos/500/2894.png', 'https://cdn.collegefootballdata.com/logos-dark/500/2894.png', 'https://cdn.collegefootballdata.com/logos/256/2894.png', 'https://cdn.collegefootballdata.com/logos-dark/256/2894.png', 'https://cdn.collegefootballdata.com/logos/128/2894.png', 'https://cdn.collegefootballdata.com/logos-dark/128/2894.png', 'https://cdn.collegefootballdata.com/logos/96/2894.png', 'https://cdn.collegefootballdata.com/logos-dark/96/2894.png', 'https://cdn.collegefootballdata.com/logos/64/2894.png', 'https://cdn.collegefootballdata.com/logos-dark/64/2894.png', 'https://cdn.collegefootballdata.com/logos/48/2894.png', 'https://cdn.collegefootballdata.com/logos-dark/48/2894.png', 'https://cdn.collegefootballdata.com/logos/32/2894.png', 'https://cdn.collegefootballdata.com/logos-dark/32/2894.png', 'https://cdn.collegefootballdata.com/logos/16/2894.png', 'https://cdn.collegefootballdata.com/logos-dark/16/2894.png']",,6070.0,Bob Young Field,Sioux Falls,SD,57117,US,,43.5488256,-96.7307737,,5000.0,,,False
215,Slippery Rock,The Rock,SRU,"['SRU', 'Slippery Rock']",Pennsylvania State Athletic,Western,ii,#000000,#null,"['https://cdn.collegefootballdata.com/logos/500/215.png', 'https://cdn.collegefootballdata.com/logos-dark/500/215.png', 'https://cdn.collegefootballdata.com/logos/256/215.png', 'https://cdn.collegefootballdata.com/logos-dark/256/215.png', 'https://cdn.collegefootballdata.com/logos/128/215.png', 'https://cdn.collegefootballdata.com/logos-dark/128/215.png', 'https://cdn.collegefootballdata.com/logos/96/215.png', 'https://cdn.collegefootballdata.com/logos-dark/96/215.png', 'https://cdn.collegefootballdata.com/logos/64/215.png', 'https://cdn.collegefootballdata.com/logos-dark/64/215.png', 'https://cdn.collegefootballdata.com/logos/48/215.png', 'https://cdn.collegefootballdata.com/logos-dark/48/215.png', 'https://cdn.collegefootballdata.com/logos/32/215.png', 'https://cdn.collegefootballdata.com/logos-dark/32/215.png', 'https://cdn.collegefootballdata.com/logos/16/215.png', 'https://cdn.collegefootballdata.com/logos-dark/16/215.png']",,4430.0,Mihalik-Thompson Stadium,Slippery Rock,PA,,US,,41.0639506,-80.0564468,,10000.0,,,False
2567,SMU,Mustangs,SMU,"['Southern Methodist', 'SMU', 'SMU']",ACC,,fbs,#d70000,#0033a1,"['https://cdn.collegefootballdata.com/logos/500/2567.png', 'https://cdn.collegefootballdata.com/logos-dark/500/2567.png', 'https://cdn.collegefootballdata.com/logos/256/2567.png', 'https://cdn.collegefootballdata.com/logos-dark/256/2567.png', 'https://cdn.collegefootballdata.com/logos/128/2567.png', 'https://cdn.collegefootballdata.com/logos-dark/128/2567.png', 'https://cdn.collegefootballdata.com/logos/96/2567.png', 'https://cdn.collegefootballdata.com/logos-dark/96/2567.png', 'https://cdn.collegefootballdata.com/logos/64/2567.png', 'https://cdn.collegefootballdata.com/logos-dark/64/2567.png', 'https://cdn.collegefootballdata.com/logos/48/2567.png', 'https://cdn.collegefootballdata.com/logos-dark/48/2567.png', 'https://cdn.collegefootballdata.com/logos/32/2567.png', 'https://cdn.collegefootballdata.com/logos-dark/32/2567.png', 'https://cdn.collegefootballdata.com/logos/16/2567.png', 'https://cdn.collegefootballdata.com/logos-dark/16/2567.png']",@SMUFB,3735.0,Gerald J. Ford Stadium,University Park,TX,75275,US,America/Chicago,32.8377223,-96.7827859,169.4058075,32000.0,2000.0,False,False
1000941,Snow College,,,[],,,,#null,#null,,,,,,,,,,,,,,,,
3144,SOUTH,All-Stars,SOU,"['SOU', 'SOUTH']",,,,#000000,#null,,,,,,,,,,,,,,,,
6,South Alabama,Jaguars,USA,"['USA', 'South Alabama']",Sun Belt,West,fbs,#00205b,#bf0d3e,"['https://cdn.collegefootballdata.com/logos/500/6.png', 'https://cdn.collegefootballdata.com/logos-dark/500/6.png', 'https://cdn.collegefootballdata.com/logos/256/6.png', 'https://cdn.collegefootballdata.com/logos-dark/256/6.png', 'https://cdn.collegefootballdata.com/logos/128/6.png', 'https://cdn.collegefootballdata.com/logos-dark/128/6.png', 'https://cdn.collegefootballdata.com/logos/96/6.png', 'https://cdn.collegefootballdata.com/logos-dark/96/6.png', 'https://cdn.collegefootballdata.com/logos/64/6.png', 'https://cdn.collegefootballdata.com/logos-dark/64/6.png', 'https://cdn.collegefootballdata.com/logos/48/6.png', 'https://cdn.collegefootballdata.com/logos-dark/48/6.png', 'https://cdn.collegefootballdata.com/logos/32/6.png', 'https://cdn.collegefootballdata.com/logos-dark/32/6.png', 'https://cdn.collegefootballdata.com/logos/16/6.png', 'https://cdn.collegefootballdata.com/logos-dark/16/6.png']",@SouthAlabamaFB,6526.0,Hancock Whitney Stadium,Mobile,AL,36688,US,America/Chicago,30.696904,-88.192013,45,25450.0,2020.0,False,False
2579,South Carolina,Gamecocks,SC,"['SC', 'South Carolina']",SEC,,fbs,#73000a,#000000,"['https://cdn.collegefootballdata.com/logos/500/2579.png', 'https://cdn.collegefootballdata.com/logos-dark/500/2579.png', 'https://cdn.collegefootballdata.com/logos/256/2579.png', 'https://cdn.collegefootballdata.com/logos-dark/256/2579.png', 'https://cdn.collegefootballdata.com/logos/128/2579.png', 'https://cdn.collegefootballdata.com/logos-dark/128/2579.png', 'https://cdn.collegefootballdata.com/logos/96/2579.png', 'https://cdn.collegefootballdata.com/logos-dark/96/2579.png', 'https://cdn.collegefootballdata.com/logos/64/2579.png', 'https://cdn.collegefootballdata.com/logos-dark/64/2579.png', 'https://cdn.collegefootballdata.com/logos/48/2579.png', 'https://cdn.collegefootballdata.com/logos-dark/48/2579.png', 'https://cdn.collegefootballdata.com/logos/32/2579.png', 'https://cdn.collegefootballdata.com/logos-dark/32/2579.png', 'https://cdn.collegefootballdata.com/logos/16/2579.png', 'https://cdn.collegefootballdata.com/logos-dark/16/2579.png']",@GamecockFB,3994.0,Williams-Brice Stadium,Columbia,SC,29208,US,America/New_York,33.9730239,-81.0191726,60.54548645,80250.0,1934.0,True,False
2569,South Carolina State,Bulldogs,SCST,"['SCST', 'SC State']",MEAC,,fcs,#7d1315,#104897,"['https://cdn.collegefootballdata.com/logos/500/2569.png', 'https://cdn.collegefootballdata.com/logos-dark/500/2569.png', 'https://cdn.collegefootballdata.com/logos/256/2569.png', 'https://cdn.collegefootballdata.com/logos-dark/256/2569.png', 'https://cdn.collegefootballdata.com/logos/128/2569.png', 'https://cdn.collegefootballdata.com/logos-dark/128/2569.png', 'https://cdn.collegefootballdata.com/logos/96/2569.png', 'https://cdn.collegefootballdata.com/logos-dark/96/2569.png', 'https://cdn.collegefootballdata.com/logos/64/2569.png', 'https://cdn.collegefootballdata.com/logos-dark/64/2569.png', 'https://cdn.collegefootballdata.com/logos/48/2569.png', 'https://cdn.collegefootballdata.com/logos-dark/48/2569.png', 'https://cdn.collegefootballdata.com/logos/32/2569.png', 'https://cdn.collegefootballdata.com/logos-dark/32/2569.png', 'https://cdn.collegefootballdata.com/logos/16/2569.png', 'https://cdn.collegefootballdata.com/logos-dark/16/2569.png']",@SCState_FB,3864.0,Oliver C. Dawson Stadium,Orangeburg,SC,29115,US,America/New_York,33.4986313,-80.8446857,67.29846191,22000.0,1955.0,False,False
233,South Dakota,Coyotes,SDAK,"['SDAK', 'South Dakota']",MVFC,,fcs,#CD1241,#f0f0f0,"['https://cdn.collegefootballdata.com/logos/500/233.png', 'https://cdn.collegefootballdata.com/logos-dark/500/233.png', 'https://cdn.collegefootballdata.com/logos/256/233.png', 'https://cdn.collegefootballdata.com/logos-dark/256/233.png', 'https://cdn.collegefootballdata.com/logos/128/233.png', 'https://cdn.collegefootballdata.com/logos-dark/128/233.png', 'https://cdn.collegefootballdata.com/logos/96/233.png', 'https://cdn.collegefootballdata.com/logos-dark/96/233.png', 'https://cdn.collegefootballdata.com/logos/64/233.png', 'https://cdn.collegefootballdata.com/logos-dark/64/233.png', 'https://cdn.collegefootballdata.com/logos/48/233.png', 'https://cdn.collegefootballdata.com/logos-dark/48/233.png', 'https://cdn.collegefootballdata.com/logos/32/233.png', 'https://cdn.collegefootballdata.com/logos-dark/32/233.png', 'https://cdn.collegefootballdata.com/logos/16/233.png', 'https://cdn.collegefootballdata.com/logos-dark/16/233.png']",@SDCoyotesFB,1905.0,DakotaDome,Vermillion,SD,57069,US,America/Chicago,42.7911218,-96.9278427,373.3928833,9100.0,1979.0,False,True
613,South Dakota Mines,Hardrockers,SDMT,"['SDMT', 'SD Mines']",Rocky Mountain,,ii,#000000,#null,"['https://cdn.collegefootballdata.com/logos/500/613.png', 'https://cdn.collegefootballdata.com/logos-dark/500/613.png', 'https://cdn.collegefootballdata.com/logos/256/613.png', 'https://cdn.collegefootballdata.com/logos-dark/256/613.png', 'https://cdn.collegefootballdata.com/logos/128/613.png', 'https://cdn.collegefootballdata.com/logos-dark/128/613.png', 'https://cdn.collegefootballdata.com/logos/96/613.png', 'https://cdn.collegefootballdata.com/logos-dark/96/613.png', 'https://cdn.collegefootballdata.com/logos/64/613.png', 'https://cdn.collegefootballdata.com/logos-dark/64/613.png', 'https://cdn.collegefootballdata.com/logos/48/613.png', 'https://cdn.collegefootballdata.com/logos-dark/48/613.png', 'https://cdn.collegefootballdata.com/logos/32/613.png', 'https://cdn.collegefootballdata.com/logos-dark/32/613.png', 'https://cdn.collegefootballdata.com/logos/16/613.png', 'https://cdn.collegefootballdata.com/logos-dark/16/613.png']",,3860.0,O'Harra Stadium,Rapid City,SD,57701,US,,44.0869329,-103.2274481,,4000.0,,,False
2571,South Dakota State,Jackrabbits,SDST,"['SDST', 'S Dakota St']",MVFC,,fcs,#0033a0,#ffd100,"['https://cdn.collegefootballdata.com/logos/500/2571.png', 'https://cdn.collegefootballdata.com/logos-dark/500/2571.png', 'https://cdn.collegefootballdata.com/logos/256/2571.png', 'https://cdn.collegefootballdata.com/logos-dark/256/2571.png', 'https://cdn.collegefootballdata.com/logos/128/2571.png', 'https://cdn.collegefootballdata.com/logos-dark/128/2571.png', 'https://cdn.collegefootballdata.com/logos/96/2571.png', 'https://cdn.collegefootballdata.com/logos-dark/96/2571.png', 'https://cdn.collegefootballdata.com/logos/64/2571.png', 'https://cdn.collegefootballdata.com/logos-dark/64/2571.png', 'https://cdn.collegefootballdata.com/logos/48/2571.png', 'https://cdn.collegefootballdata.com/logos-dark/48/2571.png', 'https://cdn.collegefootballdata.com/logos/32/2571.png', 'https://cdn.collegefootballdata.com/logos-dark/32/2571.png', 'https://cdn.collegefootballdata.com/logos/16/2571.png', 'https://cdn.collegefootballdata.com/logos-dark/16/2571.png']",@GoJacksFB,5237.0,Dana J. Dykhouse Stadium,Brookings,SD,57006,US,America/Chicago,44.3210182,-96.7801386,495.7769775,19340.0,2016.0,False,False
267,Southeastern,Fires,SEU,"['SEU', 'Southeastern']",,,,#007dc3,#ffc423,[],,,,,,,,,,,,,,,
1001028,Southeastern Louisiana,,,[],,,,#null,#null,,,,,,,,,,,,,,,,
199,Southeastern Oklahoma State,Savage Storm,SEOK,"['Southeastern Oklahoma State', 'SEOK', 'SE Oklahoma St']",Great American,,ii,#000000,#null,"['https://cdn.collegefootballdata.com/logos/500/199.png', 'https://cdn.collegefootballdata.com/logos-dark/500/199.png', 'https://cdn.collegefootballdata.com/logos/256/199.png', 'https://cdn.collegefootballdata.com/logos-dark/256/199.png', 'https://cdn.collegefootballdata.com/logos/128/199.png', 'https://cdn.collegefootballdata.com/logos-dark/128/199.png', 'https://cdn.collegefootballdata.com/logos/96/199.png', 'https://cdn.collegefootballdata.com/logos-dark/96/199.png', 'https://cdn.collegefootballdata.com/logos/64/199.png', 'https://cdn.collegefootballdata.com/logos-dark/64/199.png', 'https://cdn.collegefootballdata.com/logos/48/199.png', 'https://cdn.collegefootballdata.com/logos-dark/48/199.png', 'https://cdn.collegefootballdata.com/logos/32/199.png', 'https://cdn.collegefootballdata.com/logos-dark/32/199.png', 'https://cdn.collegefootballdata.com/logos/16/199.png', 'https://cdn.collegefootballdata.com/logos-dark/16/199.png']",,3875.0,Paul Laird Field,Durant,OK,74701,US,,33.9919761,-96.3776762,,4100.0,,,False
2546,Southeast Missouri State,Redhawks,SEMO,"['Southeast Missouri', 'SEMO', 'SE Missouri']",OVC,,fcs,#c8102e,#000000,"['https://cdn.collegefootballdata.com/logos/500/2546.png', 'https://cdn.collegefootballdata.com/logos-dark/500/2546.png', 'https://cdn.collegefootballdata.com/logos/256/2546.png', 'https://cdn.collegefootballdata.com/logos-dark/256/2546.png', 'https://cdn.collegefootballdata.com/logos/128/2546.png', 'https://cdn.collegefootballdata.com/logos-dark/128/2546.png', 'https://cdn.collegefootballdata.com/logos/96/2546.png', 'https://cdn.collegefootballdata.com/logos-dark/96/2546.png', 'https://cdn.collegefootballdata.com/logos/64/2546.png', 'https://cdn.collegefootballdata.com/logos-dark/64/2546.png', 'https://cdn.collegefootballdata.com/logos/48/2546.png', 'https://cdn.collegefootballdata.com/logos-dark/48/2546.png', 'https://cdn.collegefootballdata.com/logos/32/2546.png', 'https://cdn.collegefootballdata.com/logos-dark/32/2546.png', 'https://cdn.collegefootballdata.com/logos/16/2546.png', 'https://cdn.collegefootballdata.com/logos-dark/16/2546.png']",@SEMOFootball,7003.0,Houck Field,Cape Girardeau,MO,63703,US,America/Chicago,37.3034933,-89.5230357,122,10000.0,1930.0,False,False
1001007,Southeast Oklahoma State,,,[],,,,#null,#null,,,,,,,,,,,,,,,,
2582,Southern,Jaguars,SOU,"['SOU', 'Southern']",SWAC,West,fcs,#004B97,#ffc82d,"['https://cdn.collegefootballdata.com/logos/500/2582.png', 'https://cdn.collegefootballdata.com/logos-dark/500/2582.png', 'https://cdn.collegefootballdata.com/logos/256/2582.png', 'https://cdn.collegefootballdata.com/logos-dark/256/2582.png', 'https://cdn.collegefootballdata.com/logos/128/2582.png', 'https://cdn.collegefootballdata.com/logos-dark/128/2582.png', 'https://cdn.collegefootballdata.com/logos/96/2582.png', 'https://cdn.collegefootballdata.com/logos-dark/96/2582.png', 'https://cdn.collegefootballdata.com/logos/64/2582.png', 'https://cdn.collegefootballdata.com/logos-dark/64/2582.png', 'https://cdn.collegefootballdata.com/logos/48/2582.png', 'https://cdn.collegefootballdata.com/logos-dark/48/2582.png', 'https://cdn.collegefootballdata.com/logos/32/2582.png', 'https://cdn.collegefootballdata.com/logos-dark/32/2582.png', 'https://cdn.collegefootballdata.com/logos/16/2582.png', 'https://cdn.collegefootballdata.com/logos-dark/16/2582.png']",@SouthernUsports,3599.0,Ace W. Mumford Stadium,Baton Rouge,LA,70807,US,America/Chicago,30.5221461,-91.1896087,20.24213219,28500.0,1928.0,False,False
2568,Southern Arkansas,Muleriders,SAR,"['SAR', 'S Arkansas']",Great American,,ii,#000000,#null,"['https://cdn.collegefootballdata.com/logos/500/2568.png', 'https://cdn.collegefootballdata.com/logos-dark/500/2568.png', 'https://cdn.collegefootballdata.com/logos/256/2568.png', 'https://cdn.collegefootballdata.com/logos-dark/256/2568.png', 'https://cdn.collegefootballdata.com/logos/128/2568.png', 'https://cdn.collegefootballdata.com/logos-dark/128/2568.png', 'https://cdn.collegefootballdata.com/logos/96/2568.png', 'https://cdn.collegefootballdata.com/logos-dark/96/2568.png', 'https://cdn.collegefootballdata.com/logos/64/2568.png', 'https://cdn.collegefootballdata.com/logos-dark/64/2568.png', 'https://cdn.collegefootballdata.com/logos/48/2568.png', 'https://cdn.collegefootballdata.com/logos-dark/48/2568.png', 'https://cdn.collegefootballdata.com/logos/32/2568.png', 'https://cdn.collegefootballdata.com/logos-dark/32/2568.png', 'https://cdn.collegefootballdata.com/logos/16/2568.png', 'https://cdn.collegefootballdata.com/logos-dark/16/2568.png']",,5891.0,Wilkins Stadium,Magnolia,AR,71754,US,,33.2670725,-93.2393341,,6000.0,,,False
2583,Southern Connecticut State,Owls,SCTS,"['SCTS', 'S Conn St']",Northeast 10,,ii,#000000,#null,"['https://cdn.collegefootballdata.com/logos/500/2583.png', 'https://cdn.collegefootballdata.com/logos-dark/500/2583.png', 'https://cdn.collegefootballdata.com/logos/256/2583.png', 'https://cdn.collegefootballdata.com/logos-dark/256/2583.png', 'https://cdn.collegefootballdata.com/logos/128/2583.png', 'https://cdn.collegefootballdata.com/logos-dark/128/2583.png', 'https://cdn.collegefootballdata.com/logos/96/2583.png', 'https://cdn.collegefootballdata.com/logos-dark/96/2583.png', 'https://cdn.collegefootballdata.com/logos/64/2583.png', 'https://cdn.collegefootballdata.com/logos-dark/64/2583.png', 'https://cdn.collegefootballdata.com/logos/48/2583.png', 'https://cdn.collegefootballdata.com/logos-dark/48/2583.png', 'https://cdn.collegefootballdata.com/logos/32/2583.png', 'https://cdn.collegefootballdata.com/logos-dark/32/2583.png', 'https://cdn.collegefootballdata.com/logos/16/2583.png', 'https://cdn.collegefootballdata.com/logos-dark/16/2583.png']",,6071.0,Jess Dow Field,New Haven,CT,06473,US,,41.3082138,-72.9250518,,6000.0,,,False
79,Southern Illinois,Salukis,SIU,"['SIU', 'S Illinois']",MVFC,,fcs,#85283D,#c2c3c0,"['https://cdn.collegefootballdata.com/logos/500/79.png', 'https://cdn.collegefootballdata.com/logos-dark/500/79.png', 'https://cdn.collegefootballdata.com/logos/256/79.png', 'https://cdn.collegefootballdata.com/logos-dark/256/79.png', 'https://cdn.collegefootballdata.com/logos/128/79.png', 'https://cdn.collegefootballdata.com/logos-dark/128/79.png', 'https://cdn.collegefootballdata.com/logos/96/79.png', 'https://cdn.collegefootballdata.com/logos-dark/96/79.png', 'https://cdn.collegefootballdata.com/logos/64/79.png', 'https://cdn.collegefootballdata.com/logos-dark/64/79.png', 'https://cdn.collegefootballdata.com/logos/48/79.png', 'https://cdn.collegefootballdata.com/logos-dark/48/79.png', 'https://cdn.collegefootballdata.com/logos/32/79.png', 'https://cdn.collegefootballdata.com/logos-dark/32/79.png', 'https://cdn.collegefootballdata.com/logos/16/79.png', 'https://cdn.collegefootballdata.com/logos-dark/16/79.png']",@SIU_Football,3913.0,Saluki Stadium,Carbondale,IL,62901,US,America/Chicago,37.708637,-89.216212,126.7586365,15000.0,2010.0,False,False
2572,Southern Miss,Golden Eagles,USM,"['Southern Mississippi', 'USM', 'Southern Miss']",Sun Belt,West,fbs,#ffc72c,#231f20,"['https://cdn.collegefootballdata.com/logos/500/2572.png', 'https://cdn.collegefootballdata.com/logos-dark/500/2572.png', 'https://cdn.collegefootballdata.com/logos/256/2572.png', 'https://cdn.collegefootballdata.com/logos-dark/256/2572.png', 'https://cdn.collegefootballdata.com/logos/128/2572.png', 'https://cdn.collegefootballdata.com/logos-dark/128/2572.png', 'https://cdn.collegefootballdata.com/logos/96/2572.png', 'https://cdn.collegefootballdata.com/logos-dark/96/2572.png', 'https://cdn.collegefootballdata.com/logos/64/2572.png', 'https://cdn.collegefootballdata.com/logos-dark/64/2572.png', 'https://cdn.collegefootballdata.com/logos/48/2572.png', 'https://cdn.collegefootballdata.com/logos-dark/48/2572.png', 'https://cdn.collegefootballdata.com/logos/32/2572.png', 'https://cdn.collegefootballdata.com/logos-dark/32/2572.png', 'https://cdn.collegefootballdata.com/logos/16/2572.png', 'https://cdn.collegefootballdata.com/logos-dark/16/2572.png']",@SouthernMissFB,3815.0,M. M. Roberts Stadium,Hattiesburg,MS,39402,US,America/Chicago,31.3289321,-89.3318118,64.52726746,36000.0,1932.0,False,False
200,Southern Nazarene,Crimson Storm,SNU,"['SNU', 'S Nazarene']",Great American,,ii,#000000,#null,"['https://cdn.collegefootballdata.com/logos/500/200.png', 'https://cdn.collegefootballdata.com/logos-dark/500/200.png', 'https://cdn.collegefootballdata.com/logos/256/200.png', 'https://cdn.collegefootballdata.com/logos-dark/256/200.png', 'https://cdn.collegefootballdata.com/logos/128/200.png', 'https://cdn.collegefootballdata.com/logos-dark/128/200.png', 'https://cdn.collegefootballdata.com/logos/96/200.png', 'https://cdn.collegefootballdata.com/logos-dark/96/200.png', 'https://cdn.collegefootballdata.com/logos/64/200.png', 'https://cdn.collegefootballdata.com/logos-dark/64/200.png', 'https://cdn.collegefootballdata.com/logos/48/200.png', 'https://cdn.collegefootballdata.com/logos-dark/48/200.png', 'https://cdn.collegefootballdata.com/logos/32/200.png', 'https://cdn.collegefootballdata.com/logos-dark/32/200.png', 'https://cdn.collegefootballdata.com/logos/16/200.png', 'https://cdn.collegefootballdata.com/logos-dark/16/200.png']",,3934.0,Southern Nazarene University Football Stadium,Bethany,OK,,US,,35.5186728,-97.6322648,,2500.0,,,False
2584,Southern Oregon,Raiders,SOR,"['SOR', 'S Oregon']",,,,#null,#null,[],,,,,,,,,,,,,,,
253,Southern Utah,Thunderbirds,SUU,"['SUU', 'Southern Utah']",Big Sky,,fcs,#c72026,#000000,"['https://cdn.collegefootballdata.com/logos/500/253.png', 'https://cdn.collegefootballdata.com/logos-dark/500/253.png', 'https://cdn.collegefootballdata.com/logos/256/253.png', 'https://cdn.collegefootballdata.com/logos-dark/256/253.png', 'https://cdn.collegefootballdata.com/logos/128/253.png', 'https://cdn.collegefootballdata.com/logos-dark/128/253.png', 'https://cdn.collegefootballdata.com/logos/96/253.png', 'https://cdn.collegefootballdata.com/logos-dark/96/253.png', 'https://cdn.collegefootballdata.com/logos/64/253.png', 'https://cdn.collegefootballdata.com/logos-dark/64/253.png', 'https://cdn.collegefootballdata.com/logos/48/253.png', 'https://cdn.collegefootballdata.com/logos-dark/48/253.png', 'https://cdn.collegefootballdata.com/logos/32/253.png', 'https://cdn.collegefootballdata.com/logos-dark/32/253.png', 'https://cdn.collegefootballdata.com/logos/16/253.png', 'https://cdn.collegefootballdata.com/logos-dark/16/253.png']",@SUUFB,3706.0,Eccles Coliseum,Cedar City,UT,84720,US,America/Denver,37.6757919,-113.0773938,1763.97644,10000.0,1967.0,False,False
2896,Southern Virginia,Knights,SOVA,"['SOVA', 'S Virginia']",USA South,,iii,#000000,#null,"['https://cdn.collegefootballdata.com/logos/500/2896.png', 'https://cdn.collegefootballdata.com/logos-dark/500/2896.png', 'https://cdn.collegefootballdata.com/logos/256/2896.png', 'https://cdn.collegefootballdata.com/logos-dark/256/2896.png', 'https://cdn.collegefootballdata.com/logos/128/2896.png', 'https://cdn.collegefootballdata.com/logos-dark/128/2896.png', 'https://cdn.collegefootballdata.com/logos/96/2896.png', 'https://cdn.collegefootballdata.com/logos-dark/96/2896.png', 'https://cdn.collegefootballdata.com/logos/64/2896.png', 'https://cdn.collegefootballdata.com/logos-dark/64/2896.png', 'https://cdn.collegefootballdata.com/logos/48/2896.png', 'https://cdn.collegefootballdata.com/logos-dark/48/2896.png', 'https://cdn.collegefootballdata.com/logos/32/2896.png', 'https://cdn.collegefootballdata.com/logos-dark/32/2896.png', 'https://cdn.collegefootballdata.com/logos/16/2896.png', 'https://cdn.collegefootballdata.com/logos-dark/16/2896.png']",,6117.0,Knight Stadium,Buena Vista,VA,24416,US,,37.7342962,-79.3539292,,1000.0,,,False
58,South Florida,Bulls,USF,"['USF', 'South Florida']",American Athletic,,fbs,#006747,#cfc493,"['https://cdn.collegefootballdata.com/logos/500/58.png', 'https://cdn.collegefootballdata.com/logos-dark/500/58.png', 'https://cdn.collegefootballdata.com/logos/256/58.png', 'https://cdn.collegefootballdata.com/logos-dark/256/58.png', 'https://cdn.collegefootballdata.com/logos/128/58.png', 'https://cdn.collegefootballdata.com/logos-dark/128/58.png', 'https://cdn.collegefootballdata.com/logos/96/58.png', 'https://cdn.collegefootballdata.com/logos-dark/96/58.png', 'https://cdn.collegefootballdata.com/logos/64/58.png', 'https://cdn.collegefootballdata.com/logos-dark/64/58.png', 'https://cdn.collegefootballdata.com/logos/48/58.png', 'https://cdn.collegefootballdata.com/logos-dark/48/58.png', 'https://cdn.collegefootballdata.com/logos/32/58.png', 'https://cdn.collegefootballdata.com/logos-dark/32/58.png', 'https://cdn.collegefootballdata.com/logos/16/58.png', 'https://cdn.collegefootballdata.com/logos-dark/16/58.png']",@USFFootball,3886.0,Raymond James Stadium,Tampa,FL,33620,US,America/New_York,27.9758691,-82.5033344,11.07972908,65828.0,1998.0,True,False
2586,Southwest Baptist,Bearcats,SWBU,"['SWBU', 'SW Baptist']",Great Lakes,,ii,#000000,#null,"['https://cdn.collegefootballdata.com/logos/500/2586.png', 'https://cdn.collegefootballdata.com/logos-dark/500/2586.png', 'https://cdn.collegefootballdata.com/logos/256/2586.png', 'https://cdn.collegefootballdata.com/logos-dark/256/2586.png', 'https://cdn.collegefootballdata.com/logos/128/2586.png', 'https://cdn.collegefootballdata.com/logos-dark/128/2586.png', 'https://cdn.collegefootballdata.com/logos/96/2586.png', 'https://cdn.collegefootballdata.com/logos-dark/96/2586.png', 'https://cdn.collegefootballdata.com/logos/64/2586.png', 'https://cdn.collegefootballdata.com/logos-dark/64/2586.png', 'https://cdn.collegefootballdata.com/logos/48/2586.png', 'https://cdn.collegefootballdata.com/logos-dark/48/2586.png', 'https://cdn.collegefootballdata.com/logos/32/2586.png', 'https://cdn.collegefootballdata.com/logos-dark/32/2586.png', 'https://cdn.collegefootballdata.com/logos/16/2586.png', 'https://cdn.collegefootballdata.com/logos-dark/16/2586.png']",,3878.0,Plaster Sports Complex,Springfield,MO,65897,US,America/Chicago,37.1976229,-93.2798119,402.368103,17337.0,1941.0,False,False
616,Southwestern (KS),Moundbuilders,SWKS,"['SWKS', 'SW Col (KS)']",,,,#000000,#null,[],,,,,,,,,,,,,,,
2927,Southwestern Oklahoma State,Bulldogs,SOSU,"['Southwestern Oklahoma State', 'SOSU', 'SW Oklahoma St']",Great American,,ii,#000000,#null,"['https://cdn.collegefootballdata.com/logos/500/2927.png', 'https://cdn.collegefootballdata.com/logos-dark/500/2927.png', 'https://cdn.collegefootballdata.com/logos/256/2927.png', 'https://cdn.collegefootballdata.com/logos-dark/256/2927.png', 'https://cdn.collegefootballdata.com/logos/128/2927.png', 'https://cdn.collegefootballdata.com/logos-dark/128/2927.png', 'https://cdn.collegefootballdata.com/logos/96/2927.png', 'https://cdn.collegefootballdata.com/logos-dark/96/2927.png', 'https://cdn.collegefootballdata.com/logos/64/2927.png', 'https://cdn.collegefootballdata.com/logos-dark/64/2927.png', 'https://cdn.collegefootballdata.com/logos/48/2927.png', 'https://cdn.collegefootballdata.com/logos-dark/48/2927.png', 'https://cdn.collegefootballdata.com/logos/32/2927.png', 'https://cdn.collegefootballdata.com/logos-dark/32/2927.png', 'https://cdn.collegefootballdata.com/logos/16/2927.png', 'https://cdn.collegefootballdata.com/logos-dark/16/2927.png']",,6073.0,Milam Stadium,Weatherford,OK,73096,US,,35.5261633,-98.7075744,,8600.0,,,False
2588,Southwestern U,Pirates,SWU,"['Southwestern (TX)', 'SWU', 'Southwestern']",Southern Athletic,,iii,#000000,#ffcd00,"['https://cdn.collegefootballdata.com/logos/500/2588.png', 'https://cdn.collegefootballdata.com/logos-dark/500/2588.png', 'https://cdn.collegefootballdata.com/logos/256/2588.png', 'https://cdn.collegefootballdata.com/logos-dark/256/2588.png', 'https://cdn.collegefootballdata.com/logos/128/2588.png', 'https://cdn.collegefootballdata.com/logos-dark/128/2588.png', 'https://cdn.collegefootballdata.com/logos/96/2588.png', 'https://cdn.collegefootballdata.com/logos-dark/96/2588.png', 'https://cdn.collegefootballdata.com/logos/64/2588.png', 'https://cdn.collegefootballdata.com/logos-dark/64/2588.png', 'https://cdn.collegefootballdata.com/logos/48/2588.png', 'https://cdn.collegefootballdata.com/logos-dark/48/2588.png', 'https://cdn.collegefootballdata.com/logos/32/2588.png', 'https://cdn.collegefootballdata.com/logos-dark/32/2588.png', 'https://cdn.collegefootballdata.com/logos/16/2588.png', 'https://cdn.collegefootballdata.com/logos-dark/16/2588.png']",,6118.0,Birkelbach Field,Georgetown,TX,78633,US,,30.6326942,-97.6772311,,12442.0,,,False
2587,Southwest Minnesota State,Mustangs,SWMS,"['SWMS', 'SW Minn St']",Northern Sun,,ii,#000000,#null,"['https://cdn.collegefootballdata.com/logos/500/2587.png', 'https://cdn.collegefootballdata.com/logos-dark/500/2587.png', 'https://cdn.collegefootballdata.com/logos/256/2587.png', 'https://cdn.collegefootballdata.com/logos-dark/256/2587.png', 'https://cdn.collegefootballdata.com/logos/128/2587.png', 'https://cdn.collegefootballdata.com/logos-dark/128/2587.png', 'https://cdn.collegefootballdata.com/logos/96/2587.png', 'https://cdn.collegefootballdata.com/logos-dark/96/2587.png', 'https://cdn.collegefootballdata.com/logos/64/2587.png', 'https://cdn.collegefootballdata.com/logos-dark/64/2587.png', 'https://cdn.collegefootballdata.com/logos/48/2587.png', 'https://cdn.collegefootballdata.com/logos-dark/48/2587.png', 'https://cdn.collegefootballdata.com/logos/32/2587.png', 'https://cdn.collegefootballdata.com/logos-dark/32/2587.png', 'https://cdn.collegefootballdata.com/logos/16/2587.png', 'https://cdn.collegefootballdata.com/logos-dark/16/2587.png']",,6072.0,Schwan Regional Event Center,Marshall,MN,56258,US,,48.3605336,-96.381968,,2500.0,,,False
1000980,Southwest Mississippi C.C.,,,[],,,,#null,#null,,,,,,,,,,,,,,,,
81,Springfield,Pride,SPR,"['SPR', 'Springfield']",NEWMAC,,iii,#000000,#null,"['https://cdn.collegefootballdata.com/logos/500/81.png', 'https://cdn.collegefootballdata.com/logos-dark/500/81.png', 'https://cdn.collegefootballdata.com/logos/256/81.png', 'https://cdn.collegefootballdata.com/logos-dark/256/81.png', 'https://cdn.collegefootballdata.com/logos/128/81.png', 'https://cdn.collegefootballdata.com/logos-dark/128/81.png', 'https://cdn.collegefootballdata.com/logos/96/81.png', 'https://cdn.collegefootballdata.com/logos-dark/96/81.png', 'https://cdn.collegefootballdata.com/logos/64/81.png', 'https://cdn.collegefootballdata.com/logos-dark/64/81.png', 'https://cdn.collegefootballdata.com/logos/48/81.png', 'https://cdn.collegefootballdata.com/logos-dark/48/81.png', 'https://cdn.collegefootballdata.com/logos/32/81.png', 'https://cdn.collegefootballdata.com/logos-dark/32/81.png', 'https://cdn.collegefootballdata.com/logos/16/81.png', 'https://cdn.collegefootballdata.com/logos-dark/16/81.png']",,6119.0,Stagg Field,Springfield,MA,56087,US,,42.1018764,-72.5886727,,3867.0,,,False
2591,St. Ambrose,Fighting Bees,STAM,"['STAM', 'St Ambrose']",,,,#000000,#null,[],,,,,,,,,,,,,,,
111610,St. Andrews,Knights,STAU,"['STAU', 'St Andrews']",,,,#null,#null,,,,,,,,,,,,,,,,
24,Stanford,Cardinal,STAN,"['STAN', 'Stanford']",ACC,,fbs,#8c1515,#ffffff,"['https://cdn.collegefootballdata.com/logos/500/24.png', 'https://cdn.collegefootballdata.com/logos-dark/500/24.png', 'https://cdn.collegefootballdata.com/logos/256/24.png', 'https://cdn.collegefootballdata.com/logos-dark/256/24.png', 'https://cdn.collegefootballdata.com/logos/128/24.png', 'https://cdn.collegefootballdata.com/logos-dark/128/24.png', 'https://cdn.collegefootballdata.com/logos/96/24.png', 'https://cdn.collegefootballdata.com/logos-dark/96/24.png', 'https://cdn.collegefootballdata.com/logos/64/24.png', 'https://cdn.collegefootballdata.com/logos-dark/64/24.png', 'https://cdn.collegefootballdata.com/logos/48/24.png', 'https://cdn.collegefootballdata.com/logos-dark/48/24.png', 'https://cdn.collegefootballdata.com/logos/32/24.png', 'https://cdn.collegefootballdata.com/logos-dark/32/24.png', 'https://cdn.collegefootballdata.com/logos/16/24.png', 'https://cdn.collegefootballdata.com/logos-dark/16/24.png']",@StanfordFball,3940.0,Stanford Stadium,Stanford,CA,94305,US,America/Los_Angeles,37.4345556,-122.1611271,18.38425636,50424.0,2006.0,True,False
395,St. Augustine's,Falcons,STA,"['STA', ""St. Augustine's""]",CIAA,Southern,ii,#000000,#null,"['https://cdn.collegefootballdata.com/logos/500/395.png', 'https://cdn.collegefootballdata.com/logos-dark/500/395.png', 'https://cdn.collegefootballdata.com/logos/256/395.png', 'https://cdn.collegefootballdata.com/logos-dark/256/395.png', 'https://cdn.collegefootballdata.com/logos/128/395.png', 'https://cdn.collegefootballdata.com/logos-dark/128/395.png', 'https://cdn.collegefootballdata.com/logos/96/395.png', 'https://cdn.collegefootballdata.com/logos-dark/96/395.png', 'https://cdn.collegefootballdata.com/logos/64/395.png', 'https://cdn.collegefootballdata.com/logos-dark/64/395.png', 'https://cdn.collegefootballdata.com/logos/48/395.png', 'https://cdn.collegefootballdata.com/logos-dark/48/395.png', 'https://cdn.collegefootballdata.com/logos/32/395.png', 'https://cdn.collegefootballdata.com/logos-dark/32/395.png', 'https://cdn.collegefootballdata.com/logos/16/395.png', 'https://cdn.collegefootballdata.com/logos-dark/16/395.png']",,6068.0,George Williams Athletic Complex,Raleigh,NC,27601,US,,35.7803977,-78.6390989,,2500.0,,,False
2594,St. Cloud State,Huskies,STC,"['STC', 'St. Cloud St']",,,,#000000,#null,[],,,,,,,,,,,,,,,
2617,Stephen F. Austin,Lumberjacks,SFA,"['Stephen F Austin', 'SFA', 'SF Austin']",Southland,,fcs,#393996,#bec0c2,"['https://cdn.collegefootballdata.com/logos/500/2617.png', 'https://cdn.collegefootballdata.com/logos-dark/500/2617.png', 'https://cdn.collegefootballdata.com/logos/256/2617.png', 'https://cdn.collegefootballdata.com/logos-dark/256/2617.png', 'https://cdn.collegefootballdata.com/logos/128/2617.png', 'https://cdn.collegefootballdata.com/logos-dark/128/2617.png', 'https://cdn.collegefootballdata.com/logos/96/2617.png', 'https://cdn.collegefootballdata.com/logos-dark/96/2617.png', 'https://cdn.collegefootballdata.com/logos/64/2617.png', 'https://cdn.collegefootballdata.com/logos-dark/64/2617.png', 'https://cdn.collegefootballdata.com/logos/48/2617.png', 'https://cdn.collegefootballdata.com/logos-dark/48/2617.png', 'https://cdn.collegefootballdata.com/logos/32/2617.png', 'https://cdn.collegefootballdata.com/logos-dark/32/2617.png', 'https://cdn.collegefootballdata.com/logos/16/2617.png', 'https://cdn.collegefootballdata.com/logos-dark/16/2617.png']",@SFA_Football,3756.0,Homer Bryce Stadium,Nacogdoches,TX,75961,US,America/Chicago,31.625719,-94.6444034,89.99433899,14575.0,1973.0,False,False
618,Sterling,STERLING KS,STLG,"['STLG', 'Sterling']",,,,#000000,#null,[],,,,,,,,,,,,,,,
56,Stetson,Hatters,STET,"['STET', 'Stetson']",Pioneer,,fcs,#0a5640,#56854e,"['https://cdn.collegefootballdata.com/logos/500/56.png', 'https://cdn.collegefootballdata.com/logos-dark/500/56.png', 'https://cdn.collegefootballdata.com/logos/256/56.png', 'https://cdn.collegefootballdata.com/logos-dark/256/56.png', 'https://cdn.collegefootballdata.com/logos/128/56.png', 'https://cdn.collegefootballdata.com/logos-dark/128/56.png', 'https://cdn.collegefootballdata.com/logos/96/56.png', 'https://cdn.collegefootballdata.com/logos-dark/96/56.png', 'https://cdn.collegefootballdata.com/logos/64/56.png', 'https://cdn.collegefootballdata.com/logos-dark/64/56.png', 'https://cdn.collegefootballdata.com/logos/48/56.png', 'https://cdn.collegefootballdata.com/logos-dark/48/56.png', 'https://cdn.collegefootballdata.com/logos/32/56.png', 'https://cdn.collegefootballdata.com/logos-dark/32/56.png', 'https://cdn.collegefootballdata.com/logos/16/56.png', 'https://cdn.collegefootballdata.com/logos-dark/16/56.png']",@StetsonFootball,4416.0,Spec Martin Municipal Stadium,DeLand,FL,32720,US,America/New_York,29.0208575,-81.2993746,14.65544891,6000.0,1941.0,True,False
471,Stevenson,Mustangs,STVS,"['STVS', 'Stevenson']",Mid Atlantic,,iii,#005747,#000000,"['https://cdn.collegefootballdata.com/logos/500/471.png', 'https://cdn.collegefootballdata.com/logos-dark/500/471.png', 'https://cdn.collegefootballdata.com/logos/256/471.png', 'https://cdn.collegefootballdata.com/logos-dark/256/471.png', 'https://cdn.collegefootballdata.com/logos/128/471.png', 'https://cdn.collegefootballdata.com/logos-dark/128/471.png', 'https://cdn.collegefootballdata.com/logos/96/471.png', 'https://cdn.collegefootballdata.com/logos-dark/96/471.png', 'https://cdn.collegefootballdata.com/logos/64/471.png', 'https://cdn.collegefootballdata.com/logos-dark/64/471.png', 'https://cdn.collegefootballdata.com/logos/48/471.png', 'https://cdn.collegefootballdata.com/logos-dark/48/471.png', 'https://cdn.collegefootballdata.com/logos/32/471.png', 'https://cdn.collegefootballdata.com/logos-dark/32/471.png', 'https://cdn.collegefootballdata.com/logos/16/471.png', 'https://cdn.collegefootballdata.com/logos-dark/16/471.png']",,3851.0,Mustang Stadium,Stevenson,MD,21153,US,,39.4102772,-76.7128314,154,3500.0,2012.0,,False
2595,St. Francis (IL),Fighting Saints,SFIL,"['SFIL', 'St Francis IL']",,,,#000000,#null,[],,,,,,,,,,,,,,,
2948,Stillman,Tigers,STI,"['STI', 'Stillman']",,,,#null,#null,,,,,,,,,,,,,,,,
374,St. John Fisher,Cardinals,STJF,"['STJF', 'St John Fisher']",Empire 8,,iii,#000000,#null,"['https://cdn.collegefootballdata.com/logos/500/374.png', 'https://cdn.collegefootballdata.com/logos-dark/500/374.png', 'https://cdn.collegefootballdata.com/logos/256/374.png', 'https://cdn.collegefootballdata.com/logos-dark/256/374.png', 'https://cdn.collegefootballdata.com/logos/128/374.png', 'https://cdn.collegefootballdata.com/logos-dark/128/374.png', 'https://cdn.collegefootballdata.com/logos/96/374.png', 'https://cdn.collegefootballdata.com/logos-dark/96/374.png', 'https://cdn.collegefootballdata.com/logos/64/374.png', 'https://cdn.collegefootballdata.com/logos-dark/64/374.png', 'https://cdn.collegefootballdata.com/logos/48/374.png', 'https://cdn.collegefootballdata.com/logos-dark/48/374.png', 'https://cdn.collegefootballdata.com/logos/32/374.png', 'https://cdn.collegefootballdata.com/logos-dark/32/374.png', 'https://cdn.collegefootballdata.com/logos/16/374.png', 'https://cdn.collegefootballdata.com/logos-dark/16/374.png']",,6120.0,Growney Stadium,Rochester,NY,14617,US,,43.157285,-77.615214,,2500.0,,,False
2601,St. Joseph's (IN),Pumas,ST,"[""St. Joseph's (Indiana)"", 'ST', ""St. Joseph's (IN)""]",Great Lakes,,ii,#000000,#null,,,,,,,,,,,,,,,,
2779,St. Lawrence,Saints,USL,"['USL', 'St Lawrence']",Liberty League,,iii,#000000,#null,"['https://cdn.collegefootballdata.com/logos/500/2779.png', 'https://cdn.collegefootballdata.com/logos-dark/500/2779.png', 'https://cdn.collegefootballdata.com/logos/256/2779.png', 'https://cdn.collegefootballdata.com/logos-dark/256/2779.png', 'https://cdn.collegefootballdata.com/logos/128/2779.png', 'https://cdn.collegefootballdata.com/logos-dark/128/2779.png', 'https://cdn.collegefootballdata.com/logos/96/2779.png', 'https://cdn.collegefootballdata.com/logos-dark/96/2779.png', 'https://cdn.collegefootballdata.com/logos/64/2779.png', 'https://cdn.collegefootballdata.com/logos-dark/64/2779.png', 'https://cdn.collegefootballdata.com/logos/48/2779.png', 'https://cdn.collegefootballdata.com/logos-dark/48/2779.png', 'https://cdn.collegefootballdata.com/logos/32/2779.png', 'https://cdn.collegefootballdata.com/logos-dark/32/2779.png', 'https://cdn.collegefootballdata.com/logos/16/2779.png', 'https://cdn.collegefootballdata.com/logos-dark/16/2779.png']",,6113.0,Leckonby Stadium,Canton,NY,,US,,44.5956163,-75.1690942,,1500.0,,,False
2608,St. Mary's (CA),Gaels,SMC,"[""St. Mary's CA"", 'SMC', ""St. Mary's (CA)""]",,,,#null,#null,,,,,,,,,,,,,,,,
2832,St. Norbert,Green Knights,STNC,"['STNC', 'St Norbert']",NACC,,iii,#000000,#null,"['https://cdn.collegefootballdata.com/logos/500/2832.png', 'https://cdn.collegefootballdata.com/logos-dark/500/2832.png', 'https://cdn.collegefootballdata.com/logos/256/2832.png', 'https://cdn.collegefootballdata.com/logos-dark/256/2832.png', 'https://cdn.collegefootballdata.com/logos/128/2832.png', 'https://cdn.collegefootballdata.com/logos-dark/128/2832.png', 'https://cdn.collegefootballdata.com/logos/96/2832.png', 'https://cdn.collegefootballdata.com/logos-dark/96/2832.png', 'https://cdn.collegefootballdata.com/logos/64/2832.png', 'https://cdn.collegefootballdata.com/logos-dark/64/2832.png', 'https://cdn.collegefootballdata.com/logos/48/2832.png', 'https://cdn.collegefootballdata.com/logos-dark/48/2832.png', 'https://cdn.collegefootballdata.com/logos/32/2832.png', 'https://cdn.collegefootballdata.com/logos-dark/32/2832.png', 'https://cdn.collegefootballdata.com/logos/16/2832.png', 'https://cdn.collegefootballdata.com/logos-dark/16/2832.png']",,6121.0,Donald J. Schneider Stadium,De Pere,WI,,US,,44.4493584,-88.0599986,,2454.0,,,False
133,St. Olaf,Oles,OLAF,"['OLAF', 'St Olaf']",Minnesota,,iii,#000000,#d18c29,"['https://cdn.collegefootballdata.com/logos/500/133.png', 'https://cdn.collegefootballdata.com/logos-dark/500/133.png', 'https://cdn.collegefootballdata.com/logos/256/133.png', 'https://cdn.collegefootballdata.com/logos-dark/256/133.png', 'https://cdn.collegefootballdata.com/logos/128/133.png', 'https://cdn.collegefootballdata.com/logos-dark/128/133.png', 'https://cdn.collegefootballdata.com/logos/96/133.png', 'https://cdn.collegefootballdata.com/logos-dark/96/133.png', 'https://cdn.collegefootballdata.com/logos/64/133.png', 'https://cdn.collegefootballdata.com/logos-dark/64/133.png', 'https://cdn.collegefootballdata.com/logos/48/133.png', 'https://cdn.collegefootballdata.com/logos-dark/48/133.png', 'https://cdn.collegefootballdata.com/logos/32/133.png', 'https://cdn.collegefootballdata.com/logos-dark/32/133.png', 'https://cdn.collegefootballdata.com/logos/16/133.png', 'https://cdn.collegefootballdata.com/logos-dark/16/133.png']",,5813.0,Klein Field at Manitou,Northfield,MN,55057,US,,44.4582041,-93.161159,,3500.0,,,False
284,Stonehill,Skyhawks,STO,"['STO', 'Stonehill']",NEC,,fcs,#000000,#null,"['https://cdn.collegefootballdata.com/logos/500/284.png', 'https://cdn.collegefootballdata.com/logos-dark/500/284.png', 'https://cdn.collegefootballdata.com/logos/256/284.png', 'https://cdn.collegefootballdata.com/logos-dark/256/284.png', 'https://cdn.collegefootballdata.com/logos/128/284.png', 'https://cdn.collegefootballdata.com/logos-dark/128/284.png', 'https://cdn.collegefootballdata.com/logos/96/284.png', 'https://cdn.collegefootballdata.com/logos-dark/96/284.png', 'https://cdn.collegefootballdata.com/logos/64/284.png', 'https://cdn.collegefootballdata.com/logos-dark/64/284.png', 'https://cdn.collegefootballdata.com/logos/48/284.png', 'https://cdn.collegefootballdata.com/logos-dark/48/284.png', 'https://cdn.collegefootballdata.com/logos/32/284.png', 'https://cdn.collegefootballdata.com/logos-dark/32/284.png', 'https://cdn.collegefootballdata.com/logos/16/284.png', 'https://cdn.collegefootballdata.com/logos-dark/16/284.png']",@StonehillFB,6075.0,W.B. Mason Stadium,North Easton,MA,02356,US,America/New_York,42.0667665,-71.1036592,45,2400.0,2005.0,False,False
2619,Stony Brook,Seawolves,STBK,"['STBK', 'Stony Brook']",Coastal Athletic,,fcs,#990000,#null,"['https://cdn.collegefootballdata.com/logos/500/2619.png', 'https://cdn.collegefootballdata.com/logos-dark/500/2619.png', 'https://cdn.collegefootballdata.com/logos/256/2619.png', 'https://cdn.collegefootballdata.com/logos-dark/256/2619.png', 'https://cdn.collegefootballdata.com/logos/128/2619.png', 'https://cdn.collegefootballdata.com/logos-dark/128/2619.png', 'https://cdn.collegefootballdata.com/logos/96/2619.png', 'https://cdn.collegefootballdata.com/logos-dark/96/2619.png', 'https://cdn.collegefootballdata.com/logos/64/2619.png', 'https://cdn.collegefootballdata.com/logos-dark/64/2619.png', 'https://cdn.collegefootballdata.com/logos/48/2619.png', 'https://cdn.collegefootballdata.com/logos-dark/48/2619.png', 'https://cdn.collegefootballdata.com/logos/32/2619.png', 'https://cdn.collegefootballdata.com/logos-dark/32/2619.png', 'https://cdn.collegefootballdata.com/logos/16/2619.png', 'https://cdn.collegefootballdata.com/logos-dark/16/2619.png']",@StonyBrookFB,3788.0,Kenneth P. LaValle Stadium,Stony Brook,NY,11790,US,America/New_York,40.9188829,-73.1242966,32.63183975,12300.0,2002.0,False,False
2611,St. Paul's College,Tigers,STP,"['STP', ""St. Paul's ""]",,,,#000000,#null,[],,,,,,,,,,,,,,,
2612,St. Peter's,Peacocks,SPU,"['SPU', ""St. Peter's""]",,,,#001555,#null,[],,,,,,,,,,,,,,,
3254,St. Petersburg,Glory Eagles,UFFL,"['UFFL', 'U of Faith']",,,,#null,#null,[],,,,,,,,,,,,,,,
375,St. Scholastica,Saints,CSS,"['CSS', 'St Scholastica']",Minnesota,,iii,#000000,#null,"['https://cdn.collegefootballdata.com/logos/500/375.png', 'https://cdn.collegefootballdata.com/logos-dark/500/375.png', 'https://cdn.collegefootballdata.com/logos/256/375.png', 'https://cdn.collegefootballdata.com/logos-dark/256/375.png', 'https://cdn.collegefootballdata.com/logos/128/375.png', 'https://cdn.collegefootballdata.com/logos-dark/128/375.png', 'https://cdn.collegefootballdata.com/logos/96/375.png', 'https://cdn.collegefootballdata.com/logos-dark/96/375.png', 'https://cdn.collegefootballdata.com/logos/64/375.png', 'https://cdn.collegefootballdata.com/logos-dark/64/375.png', 'https://cdn.collegefootballdata.com/logos/48/375.png', 'https://cdn.collegefootballdata.com/logos-dark/48/375.png', 'https://cdn.collegefootballdata.com/logos/32/375.png', 'https://cdn.collegefootballdata.com/logos-dark/32/375.png', 'https://cdn.collegefootballdata.com/logos/16/375.png', 'https://cdn.collegefootballdata.com/logos-dark/16/375.png']",,6122.0,Public Schools Stadium,Duluth,MN,55811,US,,46.7729322,-92.1251218,,4500.0,,,False
2900,St. Thomas (MN),Tommies,STMN,"['St Thomas MN', 'STMN', 'St Thomas']",Pioneer,,fcs,#000000,#null,"['https://cdn.collegefootballdata.com/logos/500/2900.png', 'https://cdn.collegefootballdata.com/logos-dark/500/2900.png', 'https://cdn.collegefootballdata.com/logos/256/2900.png', 'https://cdn.collegefootballdata.com/logos-dark/256/2900.png', 'https://cdn.collegefootballdata.com/logos/128/2900.png', 'https://cdn.collegefootballdata.com/logos-dark/128/2900.png', 'https://cdn.collegefootballdata.com/logos/96/2900.png', 'https://cdn.collegefootballdata.com/logos-dark/96/2900.png', 'https://cdn.collegefootballdata.com/logos/64/2900.png', 'https://cdn.collegefootballdata.com/logos-dark/64/2900.png', 'https://cdn.collegefootballdata.com/logos/48/2900.png', 'https://cdn.collegefootballdata.com/logos-dark/48/2900.png', 'https://cdn.collegefootballdata.com/logos/32/2900.png', 'https://cdn.collegefootballdata.com/logos-dark/32/2900.png', 'https://cdn.collegefootballdata.com/logos/16/2900.png', 'https://cdn.collegefootballdata.com/logos-dark/16/2900.png']",@UST_Football,5116.0,O'Shaughnessy Stadium,Saint Paul,MN,55105,US,America/Chicago,44.9497487,-93.0931028,237,5025.0,1948.0,False,False
1000968,St. Thomas University,,,[],,,,#null,#null,,,,,,,,,,,,,,,,
125730,St. Thomas University (Fl),Stthom,,['St. Thomas University (Fl)'],,,,#null,#null,,,,,,,,,,,,,,,,
1001076,St. Vincent,,,[],,,,#null,#null,,,,,,,,,,,,,,,,
2834,Sul Ross State,Lobos,SRST,"['SRST', 'Sul Ross St']",Lone Star,,ii,#000000,#null,"['https://cdn.collegefootballdata.com/logos/500/2834.png', 'https://cdn.collegefootballdata.com/logos-dark/500/2834.png', 'https://cdn.collegefootballdata.com/logos/256/2834.png', 'https://cdn.collegefootballdata.com/logos-dark/256/2834.png', 'https://cdn.collegefootballdata.com/logos/128/2834.png', 'https://cdn.collegefootballdata.com/logos-dark/128/2834.png', 'https://cdn.collegefootballdata.com/logos/96/2834.png', 'https://cdn.collegefootballdata.com/logos-dark/96/2834.png', 'https://cdn.collegefootballdata.com/logos/64/2834.png', 'https://cdn.collegefootballdata.com/logos-dark/64/2834.png', 'https://cdn.collegefootballdata.com/logos/48/2834.png', 'https://cdn.collegefootballdata.com/logos-dark/48/2834.png', 'https://cdn.collegefootballdata.com/logos/32/2834.png', 'https://cdn.collegefootballdata.com/logos-dark/32/2834.png', 'https://cdn.collegefootballdata.com/logos/16/2834.png', 'https://cdn.collegefootballdata.com/logos-dark/16/2834.png']",,6123.0,Jackson Field,Alpine,TX,79830,US,,30.3573802,-103.6609367,,4000.0,,,False
2782,SUNY Cortland,Red Dragons,NYCL,"['NYCL', 'SUNY Cortland']",Empire 8,,iii,#000000,#null,"['https://cdn.collegefootballdata.com/logos/500/2782.png', 'https://cdn.collegefootballdata.com/logos-dark/500/2782.png', 'https://cdn.collegefootballdata.com/logos/256/2782.png', 'https://cdn.collegefootballdata.com/logos-dark/256/2782.png', 'https://cdn.collegefootballdata.com/logos/128/2782.png', 'https://cdn.collegefootballdata.com/logos-dark/128/2782.png', 'https://cdn.collegefootballdata.com/logos/96/2782.png', 'https://cdn.collegefootballdata.com/logos-dark/96/2782.png', 'https://cdn.collegefootballdata.com/logos/64/2782.png', 'https://cdn.collegefootballdata.com/logos-dark/64/2782.png', 'https://cdn.collegefootballdata.com/logos/48/2782.png', 'https://cdn.collegefootballdata.com/logos-dark/48/2782.png', 'https://cdn.collegefootballdata.com/logos/32/2782.png', 'https://cdn.collegefootballdata.com/logos-dark/32/2782.png', 'https://cdn.collegefootballdata.com/logos/16/2782.png', 'https://cdn.collegefootballdata.com/logos-dark/16/2782.png']",,5125.0,Stadium Red Field,Cortland,NY,,US,,41.2446453,-73.9259559,,6500.0,,,False
3236,SUNY Erie,Kats,NYER,"['NYER', 'SUNY Erie']",,,,#null,#null,[],,,,,,,,,,,,,,,
2951,SUNY Maritime,Privateers,NYMT,"['NYMT', 'SUNY Maritime']",NEWMAC,,iii,#000000,#null,"['https://cdn.collegefootballdata.com/logos/500/2951.png', 'https://cdn.collegefootballdata.com/logos-dark/500/2951.png', 'https://cdn.collegefootballdata.com/logos/256/2951.png', 'https://cdn.collegefootballdata.com/logos-dark/256/2951.png', 'https://cdn.collegefootballdata.com/logos/128/2951.png', 'https://cdn.collegefootballdata.com/logos-dark/128/2951.png', 'https://cdn.collegefootballdata.com/logos/96/2951.png', 'https://cdn.collegefootballdata.com/logos-dark/96/2951.png', 'https://cdn.collegefootballdata.com/logos/64/2951.png', 'https://cdn.collegefootballdata.com/logos-dark/64/2951.png', 'https://cdn.collegefootballdata.com/logos/48/2951.png', 'https://cdn.collegefootballdata.com/logos-dark/48/2951.png', 'https://cdn.collegefootballdata.com/logos/32/2951.png', 'https://cdn.collegefootballdata.com/logos-dark/32/2951.png', 'https://cdn.collegefootballdata.com/logos/16/2951.png', 'https://cdn.collegefootballdata.com/logos-dark/16/2951.png']",,3889.0,Reinhart Field,Bronx,NY,10465,US,America/New_York,40.807528,-73.797744,7,3500.0,2012.0,False,False
3110,SUNY Morrisville,Mustangs,NYMS,"['NYMS', 'SUNY Morrisvle']",Empire 8,,iii,#000000,#null,"['https://cdn.collegefootballdata.com/logos/500/3110.png', 'https://cdn.collegefootballdata.com/logos-dark/500/3110.png', 'https://cdn.collegefootballdata.com/logos/256/3110.png', 'https://cdn.collegefootballdata.com/logos-dark/256/3110.png', 'https://cdn.collegefootballdata.com/logos/128/3110.png', 'https://cdn.collegefootballdata.com/logos-dark/128/3110.png', 'https://cdn.collegefootballdata.com/logos/96/3110.png', 'https://cdn.collegefootballdata.com/logos-dark/96/3110.png', 'https://cdn.collegefootballdata.com/logos/64/3110.png', 'https://cdn.collegefootballdata.com/logos-dark/64/3110.png', 'https://cdn.collegefootballdata.com/logos/48/3110.png', 'https://cdn.collegefootballdata.com/logos-dark/48/3110.png', 'https://cdn.collegefootballdata.com/logos/32/3110.png', 'https://cdn.collegefootballdata.com/logos-dark/32/3110.png', 'https://cdn.collegefootballdata.com/logos/16/3110.png', 'https://cdn.collegefootballdata.com/logos-dark/16/3110.png']",,6087.0,Drake Field (NY),Morrisville,NY,13048,US,,42.8986566,-75.6402204,,1500.0,,,False
216,Susquehanna,River Hawks,SUSQ,"['SUSQ', 'Susquehanna']",Landmark Conference,,iii,#6b1a31,#fd6b0d,"['https://cdn.collegefootballdata.com/logos/500/216.png', 'https://cdn.collegefootballdata.com/logos-dark/500/216.png', 'https://cdn.collegefootballdata.com/logos/256/216.png', 'https://cdn.collegefootballdata.com/logos-dark/256/216.png', 'https://cdn.collegefootballdata.com/logos/128/216.png', 'https://cdn.collegefootballdata.com/logos-dark/128/216.png', 'https://cdn.collegefootballdata.com/logos/96/216.png', 'https://cdn.collegefootballdata.com/logos-dark/96/216.png', 'https://cdn.collegefootballdata.com/logos/64/216.png', 'https://cdn.collegefootballdata.com/logos-dark/64/216.png', 'https://cdn.collegefootballdata.com/logos/48/216.png', 'https://cdn.collegefootballdata.com/logos-dark/48/216.png', 'https://cdn.collegefootballdata.com/logos/32/216.png', 'https://cdn.collegefootballdata.com/logos-dark/32/216.png', 'https://cdn.collegefootballdata.com/logos/16/216.png', 'https://cdn.collegefootballdata.com/logos-dark/16/216.png']",,6124.0,Amos Alonzo Stagg Field (PA),Selinsgrove,PA,,US,,40.8062437,-76.8607084,,3500.0,,,False
183,Syracuse,Orange,SYR,"['SYR', 'Syracuse']",ACC,,fbs,#f76900,#000e54,"['https://cdn.collegefootballdata.com/logos/500/183.png', 'https://cdn.collegefootballdata.com/logos-dark/500/183.png', 'https://cdn.collegefootballdata.com/logos/256/183.png', 'https://cdn.collegefootballdata.com/logos-dark/256/183.png', 'https://cdn.collegefootballdata.com/logos/128/183.png', 'https://cdn.collegefootballdata.com/logos-dark/128/183.png', 'https://cdn.collegefootballdata.com/logos/96/183.png', 'https://cdn.collegefootballdata.com/logos-dark/96/183.png', 'https://cdn.collegefootballdata.com/logos/64/183.png', 'https://cdn.collegefootballdata.com/logos-dark/64/183.png', 'https://cdn.collegefootballdata.com/logos/48/183.png', 'https://cdn.collegefootballdata.com/logos-dark/48/183.png', 'https://cdn.collegefootballdata.com/logos/32/183.png', 'https://cdn.collegefootballdata.com/logos-dark/32/183.png', 'https://cdn.collegefootballdata.com/logos/16/183.png', 'https://cdn.collegefootballdata.com/logos-dark/16/183.png']",@CuseFootball,1964.0,JMA Wireless Dome,Syracuse,NY,13244,US,America/New_York,43.0362269,-76.1363161,162.6989746,49057.0,1980.0,False,True
2627,Tarleton State,Texans,TAR,"['TAR', 'Tarleton St']",UAC,,fcs,#000000,#null,"['https://cdn.collegefootballdata.com/logos/500/2627.png', 'https://cdn.collegefootballdata.com/logos-dark/500/2627.png', 'https://cdn.collegefootballdata.com/logos/256/2627.png', 'https://cdn.collegefootballdata.com/logos-dark/256/2627.png', 'https://cdn.collegefootballdata.com/logos/128/2627.png', 'https://cdn.collegefootballdata.com/logos-dark/128/2627.png', 'https://cdn.collegefootballdata.com/logos/96/2627.png', 'https://cdn.collegefootballdata.com/logos-dark/96/2627.png', 'https://cdn.collegefootballdata.com/logos/64/2627.png', 'https://cdn.collegefootballdata.com/logos-dark/64/2627.png', 'https://cdn.collegefootballdata.com/logos/48/2627.png', 'https://cdn.collegefootballdata.com/logos-dark/48/2627.png', 'https://cdn.collegefootballdata.com/logos/32/2627.png', 'https://cdn.collegefootballdata.com/logos-dark/32/2627.png', 'https://cdn.collegefootballdata.com/logos/16/2627.png', 'https://cdn.collegefootballdata.com/logos-dark/16/2627.png']",@TarletonFB,3827.0,"Memorial Stadium (Stephenville, TX)",Stephenville,TX,76401,US,America/Chicago,32.2191836,-98.2130634,402,24000.0,,False,False
620,Taylor,Trojans,TLRU,"['TLRU', 'Taylor']",,,,#000000,#null,[],,,,,,,,,,,,,,,
2628,TCU,Horned Frogs,TCU,"['Texas Christian', 'TCU', 'TCU']",Big 12,,fbs,#4d1979,#ffffff,"['https://cdn.collegefootballdata.com/logos/500/2628.png', 'https://cdn.collegefootballdata.com/logos-dark/500/2628.png', 'https://cdn.collegefootballdata.com/logos/256/2628.png', 'https://cdn.collegefootballdata.com/logos-dark/256/2628.png', 'https://cdn.collegefootballdata.com/logos/128/2628.png', 'https://cdn.collegefootballdata.com/logos-dark/128/2628.png', 'https://cdn.collegefootballdata.com/logos/96/2628.png', 'https://cdn.collegefootballdata.com/logos-dark/96/2628.png', 'https://cdn.collegefootballdata.com/logos/64/2628.png', 'https://cdn.collegefootballdata.com/logos-dark/64/2628.png', 'https://cdn.collegefootballdata.com/logos/48/2628.png', 'https://cdn.collegefootballdata.com/logos-dark/48/2628.png', 'https://cdn.collegefootballdata.com/logos/32/2628.png', 'https://cdn.collegefootballdata.com/logos-dark/32/2628.png', 'https://cdn.collegefootballdata.com/logos/16/2628.png', 'https://cdn.collegefootballdata.com/logos-dark/16/2628.png']",@TCUFootball,3616.0,Amon G. Carter Stadium,Fort Worth,TX,76129,US,America/Chicago,32.7096604,-97.3680835,185.4387054,46000.0,1929.0,True,False
218,Temple,Owls,TEM,"['TEM', 'Temple']",American Athletic,,fbs,#a41e35,#ffffff,"['https://cdn.collegefootballdata.com/logos/500/218.png', 'https://cdn.collegefootballdata.com/logos-dark/500/218.png', 'https://cdn.collegefootballdata.com/logos/256/218.png', 'https://cdn.collegefootballdata.com/logos-dark/256/218.png', 'https://cdn.collegefootballdata.com/logos/128/218.png', 'https://cdn.collegefootballdata.com/logos-dark/128/218.png', 'https://cdn.collegefootballdata.com/logos/96/218.png', 'https://cdn.collegefootballdata.com/logos-dark/96/218.png', 'https://cdn.collegefootballdata.com/logos/64/218.png', 'https://cdn.collegefootballdata.com/logos-dark/64/218.png', 'https://cdn.collegefootballdata.com/logos/48/218.png', 'https://cdn.collegefootballdata.com/logos-dark/48/218.png', 'https://cdn.collegefootballdata.com/logos/32/218.png', 'https://cdn.collegefootballdata.com/logos-dark/32/218.png', 'https://cdn.collegefootballdata.com/logos/16/218.png', 'https://cdn.collegefootballdata.com/logos-dark/16/218.png']",@Temple_FB,3806.0,Lincoln Financial Field,Philadelphia,PA,19122,US,America/New_York,39.9007995,-75.1675414,3.198706865,69879.0,2003.0,False,False
2633,Tennessee,Volunteers,TENN,"['TENN', 'Tennessee']",SEC,,fbs,#ff8200,#ffffff,"['https://cdn.collegefootballdata.com/logos/500/2633.png', 'https://cdn.collegefootballdata.com/logos-dark/500/2633.png', 'https://cdn.collegefootballdata.com/logos/256/2633.png', 'https://cdn.collegefootballdata.com/logos-dark/256/2633.png', 'https://cdn.collegefootballdata.com/logos/128/2633.png', 'https://cdn.collegefootballdata.com/logos-dark/128/2633.png', 'https://cdn.collegefootballdata.com/logos/96/2633.png', 'https://cdn.collegefootballdata.com/logos-dark/96/2633.png', 'https://cdn.collegefootballdata.com/logos/64/2633.png', 'https://cdn.collegefootballdata.com/logos-dark/64/2633.png', 'https://cdn.collegefootballdata.com/logos/48/2633.png', 'https://cdn.collegefootballdata.com/logos-dark/48/2633.png', 'https://cdn.collegefootballdata.com/logos/32/2633.png', 'https://cdn.collegefootballdata.com/logos-dark/32/2633.png', 'https://cdn.collegefootballdata.com/logos/16/2633.png', 'https://cdn.collegefootballdata.com/logos-dark/16/2633.png']",@Vol_Football,3853.0,Neyland Stadium,Knoxville,TN,37996,US,America/New_York,35.9550131,-83.9250128,271.9517212,102455.0,1921.0,True,False
2634,Tennessee State,Tigers,TNST,"['TNST', 'Tennessee St']",OVC,,fcs,#171796,#f0f0f0,"['https://cdn.collegefootballdata.com/logos/500/2634.png', 'https://cdn.collegefootballdata.com/logos-dark/500/2634.png', 'https://cdn.collegefootballdata.com/logos/256/2634.png', 'https://cdn.collegefootballdata.com/logos-dark/256/2634.png', 'https://cdn.collegefootballdata.com/logos/128/2634.png', 'https://cdn.collegefootballdata.com/logos-dark/128/2634.png', 'https://cdn.collegefootballdata.com/logos/96/2634.png', 'https://cdn.collegefootballdata.com/logos-dark/96/2634.png', 'https://cdn.collegefootballdata.com/logos/64/2634.png', 'https://cdn.collegefootballdata.com/logos-dark/64/2634.png', 'https://cdn.collegefootballdata.com/logos/48/2634.png', 'https://cdn.collegefootballdata.com/logos-dark/48/2634.png', 'https://cdn.collegefootballdata.com/logos/32/2634.png', 'https://cdn.collegefootballdata.com/logos-dark/32/2634.png', 'https://cdn.collegefootballdata.com/logos/16/2634.png', 'https://cdn.collegefootballdata.com/logos-dark/16/2634.png']",@TSU_Football,3810.0,Nissan Stadium,Nashville,TN,37209,US,America/Chicago,36.166479,-86.7712898,121.0412598,69143.0,1999.0,False,False
2635,Tennessee Tech,Golden Eagles,TNTC,"['TNTC', 'Tennessee Tech']",Southern,,fcs,#5A4099,#ffde00,"['https://cdn.collegefootballdata.com/logos/500/2635.png', 'https://cdn.collegefootballdata.com/logos-dark/500/2635.png', 'https://cdn.collegefootballdata.com/logos/256/2635.png', 'https://cdn.collegefootballdata.com/logos-dark/256/2635.png', 'https://cdn.collegefootballdata.com/logos/128/2635.png', 'https://cdn.collegefootballdata.com/logos-dark/128/2635.png', 'https://cdn.collegefootballdata.com/logos/96/2635.png', 'https://cdn.collegefootballdata.com/logos-dark/96/2635.png', 'https://cdn.collegefootballdata.com/logos/64/2635.png', 'https://cdn.collegefootballdata.com/logos-dark/64/2635.png', 'https://cdn.collegefootballdata.com/logos/48/2635.png', 'https://cdn.collegefootballdata.com/logos-dark/48/2635.png', 'https://cdn.collegefootballdata.com/logos/32/2635.png', 'https://cdn.collegefootballdata.com/logos-dark/32/2635.png', 'https://cdn.collegefootballdata.com/logos/16/2635.png', 'https://cdn.collegefootballdata.com/logos-dark/16/2635.png']",@TNTechFootball,3962.0,Tucker Stadium,Cookeville,TN,38501,US,America/Chicago,36.1780555,-85.506183,340.8609314,16500.0,1966.0,False,False
251,Texas,Longhorns,TEX,"['TEX', 'Texas']",SEC,,fbs,#bf5700,#ffffff,"['https://cdn.collegefootballdata.com/logos/500/251.png', 'https://cdn.collegefootballdata.com/logos-dark/500/251.png', 'https://cdn.collegefootballdata.com/logos/256/251.png', 'https://cdn.collegefootballdata.com/logos-dark/256/251.png', 'https://cdn.collegefootballdata.com/logos/128/251.png', 'https://cdn.collegefootballdata.com/logos-dark/128/251.png', 'https://cdn.collegefootballdata.com/logos/96/251.png', 'https://cdn.collegefootballdata.com/logos-dark/96/251.png', 'https://cdn.collegefootballdata.com/logos/64/251.png', 'https://cdn.collegefootballdata.com/logos-dark/64/251.png', 'https://cdn.collegefootballdata.com/logos/48/251.png', 'https://cdn.collegefootballdata.com/logos-dark/48/251.png', 'https://cdn.collegefootballdata.com/logos/32/251.png', 'https://cdn.collegefootballdata.com/logos-dark/32/251.png', 'https://cdn.collegefootballdata.com/logos/16/251.png', 'https://cdn.collegefootballdata.com/logos-dark/16/251.png']",@TexasFootball,3910.0,DKR-Texas Memorial Stadium,Austin,TX,78712,US,America/Chicago,30.2836813,-97.7325345,160.3089447,100119.0,1924.0,False,False
245,Texas A&M,Aggies,TA&M,"['TA&M', 'Texas A&M']",SEC,,fbs,#500000,#ffffff,"['https://cdn.collegefootballdata.com/logos/500/245.png', 'https://cdn.collegefootballdata.com/logos-dark/500/245.png', 'https://cdn.collegefootballdata.com/logos/256/245.png', 'https://cdn.collegefootballdata.com/logos-dark/256/245.png', 'https://cdn.collegefootballdata.com/logos/128/245.png', 'https://cdn.collegefootballdata.com/logos-dark/128/245.png', 'https://cdn.collegefootballdata.com/logos/96/245.png', 'https://cdn.collegefootballdata.com/logos-dark/96/245.png', 'https://cdn.collegefootballdata.com/logos/64/245.png', 'https://cdn.collegefootballdata.com/logos-dark/64/245.png', 'https://cdn.collegefootballdata.com/logos/48/245.png', 'https://cdn.collegefootballdata.com/logos-dark/48/245.png', 'https://cdn.collegefootballdata.com/logos/32/245.png', 'https://cdn.collegefootballdata.com/logos-dark/32/245.png', 'https://cdn.collegefootballdata.com/logos/16/245.png', 'https://cdn.collegefootballdata.com/logos-dark/16/245.png']",@AggieFootball,3795.0,Kyle Field,College Station,TX,77843,US,America/Chicago,30.6098891,-96.3403828,108.824585,102733.0,1927.0,True,False
2658,Texas A&M-Kingsville,Javelinas,TAMK,"['TAMK', 'TAMU-Kingsvlle']",Lone Star,,ii,#000000,#null,"['https://cdn.collegefootballdata.com/logos/500/2658.png', 'https://cdn.collegefootballdata.com/logos-dark/500/2658.png', 'https://cdn.collegefootballdata.com/logos/256/2658.png', 'https://cdn.collegefootballdata.com/logos-dark/256/2658.png', 'https://cdn.collegefootballdata.com/logos/128/2658.png', 'https://cdn.collegefootballdata.com/logos-dark/128/2658.png', 'https://cdn.collegefootballdata.com/logos/96/2658.png', 'https://cdn.collegefootballdata.com/logos-dark/96/2658.png', 'https://cdn.collegefootballdata.com/logos/64/2658.png', 'https://cdn.collegefootballdata.com/logos-dark/64/2658.png', 'https://cdn.collegefootballdata.com/logos/48/2658.png', 'https://cdn.collegefootballdata.com/logos-dark/48/2658.png', 'https://cdn.collegefootballdata.com/logos/32/2658.png', 'https://cdn.collegefootballdata.com/logos-dark/32/2658.png', 'https://cdn.collegefootballdata.com/logos/16/2658.png', 'https://cdn.collegefootballdata.com/logos-dark/16/2658.png']",,6076.0,Javelina Stadium,Kingsville,TX,78363,US,,27.5158689,-97.856109,,15000.0,,,False
2637,Texas College,Steers,TXCL,"['TXCL', 'Texas College']",,,,#null,#null,[],,,,,,,,,,,,,,,
2639,Texas Lutheran,Bulldogs,TXLU,"['TXLU', 'Texas Lutheran']",Southern Collegiate Athletic,,iii,#fdbe10,#000000,"['https://cdn.collegefootballdata.com/logos/500/2639.png', 'https://cdn.collegefootballdata.com/logos-dark/500/2639.png', 'https://cdn.collegefootballdata.com/logos/256/2639.png', 'https://cdn.collegefootballdata.com/logos-dark/256/2639.png', 'https://cdn.collegefootballdata.com/logos/128/2639.png', 'https://cdn.collegefootballdata.com/logos-dark/128/2639.png', 'https://cdn.collegefootballdata.com/logos/96/2639.png', 'https://cdn.collegefootballdata.com/logos-dark/96/2639.png', 'https://cdn.collegefootballdata.com/logos/64/2639.png', 'https://cdn.collegefootballdata.com/logos-dark/64/2639.png', 'https://cdn.collegefootballdata.com/logos/48/2639.png', 'https://cdn.collegefootballdata.com/logos-dark/48/2639.png', 'https://cdn.collegefootballdata.com/logos/32/2639.png', 'https://cdn.collegefootballdata.com/logos-dark/32/2639.png', 'https://cdn.collegefootballdata.com/logos/16/2639.png', 'https://cdn.collegefootballdata.com/logos-dark/16/2639.png']",,6125.0,Bulldog Stadium (TX),Seguin,TX,79765,US,,29.5688411,-97.9647269,,1500.0,,,False
1000938,Texas-Permian Basin,,,[],,,,#null,#null,,,,,,,,,,,,,,,,
1001032,Texas-Rio Grande Valley,,,[],,,,#null,#null,,,,,,,,,,,,,,,,
2640,Texas Southern,Tigers,TXSO,"['TXSO', 'Texas Southern']",SWAC,West,fcs,#860038,#ffffff,"['https://cdn.collegefootballdata.com/logos/500/2640.png', 'https://cdn.collegefootballdata.com/logos-dark/500/2640.png', 'https://cdn.collegefootballdata.com/logos/256/2640.png', 'https://cdn.collegefootballdata.com/logos-dark/256/2640.png', 'https://cdn.collegefootballdata.com/logos/128/2640.png', 'https://cdn.collegefootballdata.com/logos-dark/128/2640.png', 'https://cdn.collegefootballdata.com/logos/96/2640.png', 'https://cdn.collegefootballdata.com/logos-dark/96/2640.png', 'https://cdn.collegefootballdata.com/logos/64/2640.png', 'https://cdn.collegefootballdata.com/logos-dark/64/2640.png', 'https://cdn.collegefootballdata.com/logos/48/2640.png', 'https://cdn.collegefootballdata.com/logos-dark/48/2640.png', 'https://cdn.collegefootballdata.com/logos/32/2640.png', 'https://cdn.collegefootballdata.com/logos-dark/32/2640.png', 'https://cdn.collegefootballdata.com/logos/16/2640.png', 'https://cdn.collegefootballdata.com/logos-dark/16/2640.png']",@TSUFootball,3631.0,BBVA Compass Stadium,Houston,TX,77003,US,America/Chicago,29.7521988,-95.3524146,13.68128395,22000.0,2012.0,True,False
326,Texas State,Bobcats,TXST,"['TXST', 'Texas St']",Pac-12,,fbs,#501214,#6a5638,"['https://cdn.collegefootballdata.com/logos/500/326.png', 'https://cdn.collegefootballdata.com/logos-dark/500/326.png', 'https://cdn.collegefootballdata.com/logos/256/326.png', 'https://cdn.collegefootballdata.com/logos-dark/256/326.png', 'https://cdn.collegefootballdata.com/logos/128/326.png', 'https://cdn.collegefootballdata.com/logos-dark/128/326.png', 'https://cdn.collegefootballdata.com/logos/96/326.png', 'https://cdn.collegefootballdata.com/logos-dark/96/326.png', 'https://cdn.collegefootballdata.com/logos/64/326.png', 'https://cdn.collegefootballdata.com/logos-dark/64/326.png', 'https://cdn.collegefootballdata.com/logos/48/326.png', 'https://cdn.collegefootballdata.com/logos-dark/48/326.png', 'https://cdn.collegefootballdata.com/logos/32/326.png', 'https://cdn.collegefootballdata.com/logos-dark/32/326.png', 'https://cdn.collegefootballdata.com/logos/16/326.png', 'https://cdn.collegefootballdata.com/logos-dark/16/326.png']",@TXStateFootball,3644.0,Bobcat Stadium (TX),San Marcos,TX,78666,US,America/Chicago,29.8910008,-97.9255735,177.8676453,30000.0,1981.0,False,False
2641,Texas Tech,Red Raiders,TTU,"['TTU', 'Texas Tech']",Big 12,,fbs,#c30020,#000000,"['https://cdn.collegefootballdata.com/logos/500/2641.png', 'https://cdn.collegefootballdata.com/logos-dark/500/2641.png', 'https://cdn.collegefootballdata.com/logos/256/2641.png', 'https://cdn.collegefootballdata.com/logos-dark/256/2641.png', 'https://cdn.collegefootballdata.com/logos/128/2641.png', 'https://cdn.collegefootballdata.com/logos-dark/128/2641.png', 'https://cdn.collegefootballdata.com/logos/96/2641.png', 'https://cdn.collegefootballdata.com/logos-dark/96/2641.png', 'https://cdn.collegefootballdata.com/logos/64/2641.png', 'https://cdn.collegefootballdata.com/logos-dark/64/2641.png', 'https://cdn.collegefootballdata.com/logos/48/2641.png', 'https://cdn.collegefootballdata.com/logos-dark/48/2641.png', 'https://cdn.collegefootballdata.com/logos/32/2641.png', 'https://cdn.collegefootballdata.com/logos-dark/32/2641.png', 'https://cdn.collegefootballdata.com/logos/16/2641.png', 'https://cdn.collegefootballdata.com/logos-dark/16/2641.png']",@TexasTechFB,3784.0,Jones AT&T Stadium,Lubbock,TX,79409,US,America/Chicago,33.5910518,-101.8728824,980.7632446,60454.0,1947.0,False,False
102626,Texas Wesleyan,Rams,TXWE,"['TXWE', 'Texas Wesleyan']",,,,#null,#null,,,,,,,,,,,,,,,,
122776,Thaddeus Stevens,Bulldogs,TSCT,"['TSCT', 'Thaddeus Stevens']",,,,#null,#null,,,,,,,,,,,,,,,,
2643,The Citadel,Bulldogs,CIT,"['CIT', 'The Citadel']",Southern,,fcs,#7badd3,#002856,"['https://cdn.collegefootballdata.com/logos/500/2643.png', 'https://cdn.collegefootballdata.com/logos-dark/500/2643.png', 'https://cdn.collegefootballdata.com/logos/256/2643.png', 'https://cdn.collegefootballdata.com/logos-dark/256/2643.png', 'https://cdn.collegefootballdata.com/logos/128/2643.png', 'https://cdn.collegefootballdata.com/logos-dark/128/2643.png', 'https://cdn.collegefootballdata.com/logos/96/2643.png', 'https://cdn.collegefootballdata.com/logos-dark/96/2643.png', 'https://cdn.collegefootballdata.com/logos/64/2643.png', 'https://cdn.collegefootballdata.com/logos-dark/64/2643.png', 'https://cdn.collegefootballdata.com/logos/48/2643.png', 'https://cdn.collegefootballdata.com/logos-dark/48/2643.png', 'https://cdn.collegefootballdata.com/logos/32/2643.png', 'https://cdn.collegefootballdata.com/logos-dark/32/2643.png', 'https://cdn.collegefootballdata.com/logos/16/2643.png', 'https://cdn.collegefootballdata.com/logos-dark/16/2643.png']",@CitadelFootball,3782.0,Johnson Hagood Stadium,Charleston,SC,29403,US,America/New_York,32.7936975,-79.9558183,4.137742996,11427.0,1948.0,True,False
2442,The College of New Jersey,Lions,TCNJ,"['TCNJ', 'College of NJ']",New Jersey,,iii,#154c7d,#fbbc20,"['https://cdn.collegefootballdata.com/logos/500/2442.png', 'https://cdn.collegefootballdata.com/logos-dark/500/2442.png', 'https://cdn.collegefootballdata.com/logos/256/2442.png', 'https://cdn.collegefootballdata.com/logos-dark/256/2442.png', 'https://cdn.collegefootballdata.com/logos/128/2442.png', 'https://cdn.collegefootballdata.com/logos-dark/128/2442.png', 'https://cdn.collegefootballdata.com/logos/96/2442.png', 'https://cdn.collegefootballdata.com/logos-dark/96/2442.png', 'https://cdn.collegefootballdata.com/logos/64/2442.png', 'https://cdn.collegefootballdata.com/logos-dark/64/2442.png', 'https://cdn.collegefootballdata.com/logos/48/2442.png', 'https://cdn.collegefootballdata.com/logos-dark/48/2442.png', 'https://cdn.collegefootballdata.com/logos/32/2442.png', 'https://cdn.collegefootballdata.com/logos-dark/32/2442.png', 'https://cdn.collegefootballdata.com/logos/16/2442.png', 'https://cdn.collegefootballdata.com/logos-dark/16/2442.png']",,5824.0,Lions Stadium,Ewing,NJ,08628,US,America/New_York,40.2688105,-74.8006895,50,6000.0,1984.0,False,False
2644,Thiel,Tomcats,THI,"['THI', 'Thiel']",Presidents',,iii,#000000,#null,"['https://cdn.collegefootballdata.com/logos/500/2644.png', 'https://cdn.collegefootballdata.com/logos-dark/500/2644.png', 'https://cdn.collegefootballdata.com/logos/256/2644.png', 'https://cdn.collegefootballdata.com/logos-dark/256/2644.png', 'https://cdn.collegefootballdata.com/logos/128/2644.png', 'https://cdn.collegefootballdata.com/logos-dark/128/2644.png', 'https://cdn.collegefootballdata.com/logos/96/2644.png', 'https://cdn.collegefootballdata.com/logos-dark/96/2644.png', 'https://cdn.collegefootballdata.com/logos/64/2644.png', 'https://cdn.collegefootballdata.com/logos-dark/64/2644.png', 'https://cdn.collegefootballdata.com/logos/48/2644.png', 'https://cdn.collegefootballdata.com/logos-dark/48/2644.png', 'https://cdn.collegefootballdata.com/logos/32/2644.png', 'https://cdn.collegefootballdata.com/logos-dark/32/2644.png', 'https://cdn.collegefootballdata.com/logos/16/2644.png', 'https://cdn.collegefootballdata.com/logos-dark/16/2644.png']",,6128.0,Alumni Stadium (PA),Greenville,PA,36037,US,,31.8295972,-86.6177517,,1400.0,,,False
134000,Thomas,Night Hawks,THO,"['THO', 'Thomas']",,,,#null,#null,,,,,,,,,,,,,,,,
2646,Thomas More,Saints,TMOR,"['TMOR', 'Thomas More']",Great Midwest Athletic,,ii,#000000,#null,[],,6129.0,BB&T Field at Griffin Plaza,Crestview Hills,KY,,US,,,,,2500.0,,,False
2838,Tiffin,Dragons,TIFF,"['TIFF', 'Tiffin']",Great Midwest Athletic,,ii,#000000,#null,"['https://cdn.collegefootballdata.com/logos/500/2838.png', 'https://cdn.collegefootballdata.com/logos-dark/500/2838.png', 'https://cdn.collegefootballdata.com/logos/256/2838.png', 'https://cdn.collegefootballdata.com/logos-dark/256/2838.png', 'https://cdn.collegefootballdata.com/logos/128/2838.png', 'https://cdn.collegefootballdata.com/logos-dark/128/2838.png', 'https://cdn.collegefootballdata.com/logos/96/2838.png', 'https://cdn.collegefootballdata.com/logos-dark/96/2838.png', 'https://cdn.collegefootballdata.com/logos/64/2838.png', 'https://cdn.collegefootballdata.com/logos-dark/64/2838.png', 'https://cdn.collegefootballdata.com/logos/48/2838.png', 'https://cdn.collegefootballdata.com/logos-dark/48/2838.png', 'https://cdn.collegefootballdata.com/logos/32/2838.png', 'https://cdn.collegefootballdata.com/logos-dark/32/2838.png', 'https://cdn.collegefootballdata.com/logos/16/2838.png', 'https://cdn.collegefootballdata.com/logos-dark/16/2838.png']",,3731.0,Frost-Kalnow Stadium,Tiffin,OH,44883,US,,41.114485,-83.1779537,,4500.0,,,False
625,Tiffin University,Dragons,TIF,"['TIF', 'Tiffin']",Great Midwest Athletic,,ii,#null,#null,,,,,,,,,,,,,,,,
2649,Toledo,Rockets,TOL,"['TOL', 'Toledo']",Mid-American,,fbs,#0b2240,#ffcd00,"['https://cdn.collegefootballdata.com/logos/500/2649.png', 'https://cdn.collegefootballdata.com/logos-dark/500/2649.png', 'https://cdn.collegefootballdata.com/logos/256/2649.png', 'https://cdn.collegefootballdata.com/logos-dark/256/2649.png', 'https://cdn.collegefootballdata.com/logos/128/2649.png', 'https://cdn.collegefootballdata.com/logos-dark/128/2649.png', 'https://cdn.collegefootballdata.com/logos/96/2649.png', 'https://cdn.collegefootballdata.com/logos-dark/96/2649.png', 'https://cdn.collegefootballdata.com/logos/64/2649.png', 'https://cdn.collegefootballdata.com/logos-dark/64/2649.png', 'https://cdn.collegefootballdata.com/logos/48/2649.png', 'https://cdn.collegefootballdata.com/logos-dark/48/2649.png', 'https://cdn.collegefootballdata.com/logos/32/2649.png', 'https://cdn.collegefootballdata.com/logos-dark/32/2649.png', 'https://cdn.collegefootballdata.com/logos/16/2649.png', 'https://cdn.collegefootballdata.com/logos-dark/16/2649.png']",@ToledoFB,3739.0,Glass Bowl,Toledo,OH,43606,US,America/New_York,41.6574777,-83.6135652,181.4839783,26038.0,1937.0,False,False
119,Towson,Tigers,TOW,"['TOW', 'Towson']",Coastal Athletic,,fcs,#FFC229,#null,"['https://cdn.collegefootballdata.com/logos/500/119.png', 'https://cdn.collegefootballdata.com/logos-dark/500/119.png', 'https://cdn.collegefootballdata.com/logos/256/119.png', 'https://cdn.collegefootballdata.com/logos-dark/256/119.png', 'https://cdn.collegefootballdata.com/logos/128/119.png', 'https://cdn.collegefootballdata.com/logos-dark/128/119.png', 'https://cdn.collegefootballdata.com/logos/96/119.png', 'https://cdn.collegefootballdata.com/logos-dark/96/119.png', 'https://cdn.collegefootballdata.com/logos/64/119.png', 'https://cdn.collegefootballdata.com/logos-dark/64/119.png', 'https://cdn.collegefootballdata.com/logos/48/119.png', 'https://cdn.collegefootballdata.com/logos-dark/48/119.png', 'https://cdn.collegefootballdata.com/logos/32/119.png', 'https://cdn.collegefootballdata.com/logos-dark/32/119.png', 'https://cdn.collegefootballdata.com/logos/16/119.png', 'https://cdn.collegefootballdata.com/logos-dark/16/119.png']",@Towson_FB,3781.0,Johnny Unitas Stadium,Towson,MD,21252,US,America/New_York,39.3885683,-76.6159716,117.6974106,11200.0,1978.0,False,False
2651,Trine,Thunder,TRNE,"['TRNE', 'Trine']",Michigan,,iii,#000000,#null,"['https://cdn.collegefootballdata.com/logos/500/2651.png', 'https://cdn.collegefootballdata.com/logos-dark/500/2651.png', 'https://cdn.collegefootballdata.com/logos/256/2651.png', 'https://cdn.collegefootballdata.com/logos-dark/256/2651.png', 'https://cdn.collegefootballdata.com/logos/128/2651.png', 'https://cdn.collegefootballdata.com/logos-dark/128/2651.png', 'https://cdn.collegefootballdata.com/logos/96/2651.png', 'https://cdn.collegefootballdata.com/logos-dark/96/2651.png', 'https://cdn.collegefootballdata.com/logos/64/2651.png', 'https://cdn.collegefootballdata.com/logos-dark/64/2651.png', 'https://cdn.collegefootballdata.com/logos/48/2651.png', 'https://cdn.collegefootballdata.com/logos-dark/48/2651.png', 'https://cdn.collegefootballdata.com/logos/32/2651.png', 'https://cdn.collegefootballdata.com/logos-dark/32/2651.png', 'https://cdn.collegefootballdata.com/logos/16/2651.png', 'https://cdn.collegefootballdata.com/logos-dark/16/2651.png']",,6130.0,Fred Zollner Athletic Stadium,Angola,IN,,US,,41.634874,-84.99928,,5000.0,,,False
1001058,Trinity,,,[],,,,#null,#null,,,,,,,,,,,,,,,,
1001057,Trinity,,,[],,,,#null,#null,,,,,,,,,,,,,,,,
3214,Trinity Bible,Lions,TBIB,"['TBIB', 'Trinity Bible']",,,,#null,#null,[],,,,,,,,,,,,,,,
1001051,Trinity (Conn.),,,[],,,,#null,#null,,,,,,,,,,,,,,,,
2977,Trinity (CT),Bantams,TCCT,"['TCCT', 'Trinity (CT)']",NESCAC,,iii,#032d58,#fecd01,"['https://cdn.collegefootballdata.com/logos/500/2977.png', 'https://cdn.collegefootballdata.com/logos-dark/500/2977.png', 'https://cdn.collegefootballdata.com/logos/256/2977.png', 'https://cdn.collegefootballdata.com/logos-dark/256/2977.png', 'https://cdn.collegefootballdata.com/logos/128/2977.png', 'https://cdn.collegefootballdata.com/logos-dark/128/2977.png', 'https://cdn.collegefootballdata.com/logos/96/2977.png', 'https://cdn.collegefootballdata.com/logos-dark/96/2977.png', 'https://cdn.collegefootballdata.com/logos/64/2977.png', 'https://cdn.collegefootballdata.com/logos-dark/64/2977.png', 'https://cdn.collegefootballdata.com/logos/48/2977.png', 'https://cdn.collegefootballdata.com/logos-dark/48/2977.png', 'https://cdn.collegefootballdata.com/logos/32/2977.png', 'https://cdn.collegefootballdata.com/logos-dark/32/2977.png', 'https://cdn.collegefootballdata.com/logos/16/2977.png', 'https://cdn.collegefootballdata.com/logos-dark/16/2977.png']",,6131.0,Jessee/Miller Field,Hartford,CT,06103,US,,41.764582,-72.6908547,,5500.0,,,False
2652,Trinity (IL),Trojans,TRI,"['TRI', 'Trinity (IL)']",,,,#000000,#null,[],,,,,,,,,,,,,,,
386,Trinity (TX),Tigers,TUTX,"['TUTX', 'Trinity (TX)']",Southern Athletic,,iii,#000000,#null,"['https://cdn.collegefootballdata.com/logos/500/386.png', 'https://cdn.collegefootballdata.com/logos-dark/500/386.png', 'https://cdn.collegefootballdata.com/logos/256/386.png', 'https://cdn.collegefootballdata.com/logos-dark/256/386.png', 'https://cdn.collegefootballdata.com/logos/128/386.png', 'https://cdn.collegefootballdata.com/logos-dark/128/386.png', 'https://cdn.collegefootballdata.com/logos/96/386.png', 'https://cdn.collegefootballdata.com/logos-dark/96/386.png', 'https://cdn.collegefootballdata.com/logos/64/386.png', 'https://cdn.collegefootballdata.com/logos-dark/64/386.png', 'https://cdn.collegefootballdata.com/logos/48/386.png', 'https://cdn.collegefootballdata.com/logos-dark/48/386.png', 'https://cdn.collegefootballdata.com/logos/32/386.png', 'https://cdn.collegefootballdata.com/logos-dark/32/386.png', 'https://cdn.collegefootballdata.com/logos/16/386.png', 'https://cdn.collegefootballdata.com/logos-dark/16/386.png']",,6132.0,Trinity University Stadium,San Antonio,TX,78205,US,,29.4246002,-98.4951405,,3500.0,,,False
1000969,Trinity Valley C.C.,,,[],,,,#null,#null,,,,,,,,,,,,,,,,
3237,Troy,Vikings,HVCC,"['HVCC', 'Hudson']",,,,#null,#null,,,,,,,,,,,,,,,,
2653,Troy,Trojans,TROY,"['TROY', 'Troy']",Sun Belt,West,fbs,#862633,#b1b1b1,"['https://cdn.collegefootballdata.com/logos/500/2653.png', 'https://cdn.collegefootballdata.com/logos-dark/500/2653.png', 'https://cdn.collegefootballdata.com/logos/256/2653.png', 'https://cdn.collegefootballdata.com/logos-dark/256/2653.png', 'https://cdn.collegefootballdata.com/logos/128/2653.png', 'https://cdn.collegefootballdata.com/logos-dark/128/2653.png', 'https://cdn.collegefootballdata.com/logos/96/2653.png', 'https://cdn.collegefootballdata.com/logos-dark/96/2653.png', 'https://cdn.collegefootballdata.com/logos/64/2653.png', 'https://cdn.collegefootballdata.com/logos-dark/64/2653.png', 'https://cdn.collegefootballdata.com/logos/48/2653.png', 'https://cdn.collegefootballdata.com/logos-dark/48/2653.png', 'https://cdn.collegefootballdata.com/logos/32/2653.png', 'https://cdn.collegefootballdata.com/logos-dark/32/2653.png', 'https://cdn.collegefootballdata.com/logos/16/2653.png', 'https://cdn.collegefootballdata.com/logos-dark/16/2653.png']",@TroyTrojansFB,3975.0,Veterans Memorial Stadium (AL),Troy,AL,36082,US,America/Chicago,31.7995565,-85.9518328,154.7746277,30000.0,1950.0,False,False
2654,Truman State,Bulldogs,TRST,"['TRST', 'Truman St']",Great Lakes,,ii,#000000,#null,"['https://cdn.collegefootballdata.com/logos/500/2654.png', 'https://cdn.collegefootballdata.com/logos-dark/500/2654.png', 'https://cdn.collegefootballdata.com/logos/256/2654.png', 'https://cdn.collegefootballdata.com/logos-dark/256/2654.png', 'https://cdn.collegefootballdata.com/logos/128/2654.png', 'https://cdn.collegefootballdata.com/logos-dark/128/2654.png', 'https://cdn.collegefootballdata.com/logos/96/2654.png', 'https://cdn.collegefootballdata.com/logos-dark/96/2654.png', 'https://cdn.collegefootballdata.com/logos/64/2654.png', 'https://cdn.collegefootballdata.com/logos-dark/64/2654.png', 'https://cdn.collegefootballdata.com/logos/48/2654.png', 'https://cdn.collegefootballdata.com/logos-dark/48/2654.png', 'https://cdn.collegefootballdata.com/logos/32/2654.png', 'https://cdn.collegefootballdata.com/logos-dark/32/2654.png', 'https://cdn.collegefootballdata.com/logos/16/2654.png', 'https://cdn.collegefootballdata.com/logos-dark/16/2654.png']",,6077.0,Stokes Stadium,Kirksville,MO,,US,,40.1948848,-92.5833939,,4000.0,,,False
112,Tufts,Jumbos,TUFT,"['TUFT', 'Tufts']",NESCAC,,iii,#3e8ede,#c6beb6,"['https://cdn.collegefootballdata.com/logos/500/112.png', 'https://cdn.collegefootballdata.com/logos-dark/500/112.png', 'https://cdn.collegefootballdata.com/logos/256/112.png', 'https://cdn.collegefootballdata.com/logos-dark/256/112.png', 'https://cdn.collegefootballdata.com/logos/128/112.png', 'https://cdn.collegefootballdata.com/logos-dark/128/112.png', 'https://cdn.collegefootballdata.com/logos/96/112.png', 'https://cdn.collegefootballdata.com/logos-dark/96/112.png', 'https://cdn.collegefootballdata.com/logos/64/112.png', 'https://cdn.collegefootballdata.com/logos-dark/64/112.png', 'https://cdn.collegefootballdata.com/logos/48/112.png', 'https://cdn.collegefootballdata.com/logos-dark/48/112.png', 'https://cdn.collegefootballdata.com/logos/32/112.png', 'https://cdn.collegefootballdata.com/logos-dark/32/112.png', 'https://cdn.collegefootballdata.com/logos/16/112.png', 'https://cdn.collegefootballdata.com/logos-dark/16/112.png']",,6133.0,Ellis Oval at Zimman Field,Medford,MA,02155,US,,42.4184296,-71.1061639,,1000.0,,,False
1000998,Tufts University,,,[],,,,#null,#null,,,,,,,,,,,,,,,,
2655,Tulane,Green Wave,TULN,"['TULN', 'Tulane']",American Athletic,,fbs,#006747,#418fde,"['https://cdn.collegefootballdata.com/logos/500/2655.png', 'https://cdn.collegefootballdata.com/logos-dark/500/2655.png', 'https://cdn.collegefootballdata.com/logos/256/2655.png', 'https://cdn.collegefootballdata.com/logos-dark/256/2655.png', 'https://cdn.collegefootballdata.com/logos/128/2655.png', 'https://cdn.collegefootballdata.com/logos-dark/128/2655.png', 'https://cdn.collegefootballdata.com/logos/96/2655.png', 'https://cdn.collegefootballdata.com/logos-dark/96/2655.png', 'https://cdn.collegefootballdata.com/logos/64/2655.png', 'https://cdn.collegefootballdata.com/logos-dark/64/2655.png', 'https://cdn.collegefootballdata.com/logos/48/2655.png', 'https://cdn.collegefootballdata.com/logos-dark/48/2655.png', 'https://cdn.collegefootballdata.com/logos/32/2655.png', 'https://cdn.collegefootballdata.com/logos-dark/32/2655.png', 'https://cdn.collegefootballdata.com/logos/16/2655.png', 'https://cdn.collegefootballdata.com/logos-dark/16/2655.png']",@GreenWaveFB,4729.0,Yulman Stadium,New Orleans,LA,70118,US,America/Chicago,29.944616,-90.116692,0.0000000000000000000000000000000000000118,30000.0,2014.0,False,False
202,Tulsa,Golden Hurricane,TLSA,"['TLSA', 'Tulsa']",American Athletic,,fbs,#003595,#d0b787,"['https://cdn.collegefootballdata.com/logos/500/202.png', 'https://cdn.collegefootballdata.com/logos-dark/500/202.png', 'https://cdn.collegefootballdata.com/logos/256/202.png', 'https://cdn.collegefootballdata.com/logos-dark/256/202.png', 'https://cdn.collegefootballdata.com/logos/128/202.png', 'https://cdn.collegefootballdata.com/logos-dark/128/202.png', 'https://cdn.collegefootballdata.com/logos/96/202.png', 'https://cdn.collegefootballdata.com/logos-dark/96/202.png', 'https://cdn.collegefootballdata.com/logos/64/202.png', 'https://cdn.collegefootballdata.com/logos-dark/64/202.png', 'https://cdn.collegefootballdata.com/logos/48/202.png', 'https://cdn.collegefootballdata.com/logos-dark/48/202.png', 'https://cdn.collegefootballdata.com/logos/32/202.png', 'https://cdn.collegefootballdata.com/logos-dark/32/202.png', 'https://cdn.collegefootballdata.com/logos/16/202.png', 'https://cdn.collegefootballdata.com/logos-dark/16/202.png']",@TulsaFootball,3674.0,Chapman Stadium,Tulsa,OK,74194,US,America/Chicago,36.1489175,-95.9437853,235.5928345,30000.0,1930.0,False,False
2839,Tusculum,Pioneers,TUSC,"['TUSC', 'Tusculum']",South Atlantic,,ii,#f2682a,#000000,"['https://cdn.collegefootballdata.com/logos/500/2839.png', 'https://cdn.collegefootballdata.com/logos-dark/500/2839.png', 'https://cdn.collegefootballdata.com/logos/256/2839.png', 'https://cdn.collegefootballdata.com/logos-dark/256/2839.png', 'https://cdn.collegefootballdata.com/logos/128/2839.png', 'https://cdn.collegefootballdata.com/logos-dark/128/2839.png', 'https://cdn.collegefootballdata.com/logos/96/2839.png', 'https://cdn.collegefootballdata.com/logos-dark/96/2839.png', 'https://cdn.collegefootballdata.com/logos/64/2839.png', 'https://cdn.collegefootballdata.com/logos-dark/64/2839.png', 'https://cdn.collegefootballdata.com/logos/48/2839.png', 'https://cdn.collegefootballdata.com/logos-dark/48/2839.png', 'https://cdn.collegefootballdata.com/logos/32/2839.png', 'https://cdn.collegefootballdata.com/logos-dark/32/2839.png', 'https://cdn.collegefootballdata.com/logos/16/2839.png', 'https://cdn.collegefootballdata.com/logos-dark/16/2839.png']",,6078.0,Pioneer Field (TN),Greeneville,TN,,US,,36.1631575,-82.8309861,,3500.0,,,False
2657,Tuskegee,Golden Tigers,TUSK,"['TUSK', 'Tuskegee']",SIAC,,ii,#000000,#null,"['https://cdn.collegefootballdata.com/logos/500/2657.png', 'https://cdn.collegefootballdata.com/logos-dark/500/2657.png', 'https://cdn.collegefootballdata.com/logos/256/2657.png', 'https://cdn.collegefootballdata.com/logos-dark/256/2657.png', 'https://cdn.collegefootballdata.com/logos/128/2657.png', 'https://cdn.collegefootballdata.com/logos-dark/128/2657.png', 'https://cdn.collegefootballdata.com/logos/96/2657.png', 'https://cdn.collegefootballdata.com/logos-dark/96/2657.png', 'https://cdn.collegefootballdata.com/logos/64/2657.png', 'https://cdn.collegefootballdata.com/logos-dark/64/2657.png', 'https://cdn.collegefootballdata.com/logos/48/2657.png', 'https://cdn.collegefootballdata.com/logos-dark/48/2657.png', 'https://cdn.collegefootballdata.com/logos/32/2657.png', 'https://cdn.collegefootballdata.com/logos-dark/32/2657.png', 'https://cdn.collegefootballdata.com/logos/16/2657.png', 'https://cdn.collegefootballdata.com/logos-dark/16/2657.png']",,4747.0,Abbott Memorial Alumni Stadium,Tuskegee,AL,36083,US,,32.4240286,-85.6916195,122.8,10000.0,1925.0,,False
1000967,Tyler J.C. ,,,[],,,,#null,#null,,,,,,,,,,,,,,,,
5,UAB,Blazers,UAB,"['Alabama-Birmingham', 'UAB', 'UAB']",American Athletic,,fbs,#1a5632,#fdb913,"['https://cdn.collegefootballdata.com/logos/500/5.png', 'https://cdn.collegefootballdata.com/logos-dark/500/5.png', 'https://cdn.collegefootballdata.com/logos/256/5.png', 'https://cdn.collegefootballdata.com/logos-dark/256/5.png', 'https://cdn.collegefootballdata.com/logos/128/5.png', 'https://cdn.collegefootballdata.com/logos-dark/128/5.png', 'https://cdn.collegefootballdata.com/logos/96/5.png', 'https://cdn.collegefootballdata.com/logos-dark/96/5.png', 'https://cdn.collegefootballdata.com/logos/64/5.png', 'https://cdn.collegefootballdata.com/logos-dark/64/5.png', 'https://cdn.collegefootballdata.com/logos/48/5.png', 'https://cdn.collegefootballdata.com/logos-dark/48/5.png', 'https://cdn.collegefootballdata.com/logos/32/5.png', 'https://cdn.collegefootballdata.com/logos-dark/32/5.png', 'https://cdn.collegefootballdata.com/logos/16/5.png', 'https://cdn.collegefootballdata.com/logos-dark/16/5.png']",@UAB_FB,7221.0,Protective Stadium,Birmingham,AL,35203,US,America/Chicago,33.5206824,-86.8024326,187,45000.0,2021.0,False,False
399,UAlbany,Great Danes,UALB,"['SUNY Albany', 'UALB', 'UAlbany']",Coastal Athletic,,fcs,#3D2777,#ffffff,"['https://cdn.collegefootballdata.com/logos/500/399.png', 'https://cdn.collegefootballdata.com/logos-dark/500/399.png', 'https://cdn.collegefootballdata.com/logos/256/399.png', 'https://cdn.collegefootballdata.com/logos-dark/256/399.png', 'https://cdn.collegefootballdata.com/logos/128/399.png', 'https://cdn.collegefootballdata.com/logos-dark/128/399.png', 'https://cdn.collegefootballdata.com/logos/96/399.png', 'https://cdn.collegefootballdata.com/logos-dark/96/399.png', 'https://cdn.collegefootballdata.com/logos/64/399.png', 'https://cdn.collegefootballdata.com/logos-dark/64/399.png', 'https://cdn.collegefootballdata.com/logos/48/399.png', 'https://cdn.collegefootballdata.com/logos-dark/48/399.png', 'https://cdn.collegefootballdata.com/logos/32/399.png', 'https://cdn.collegefootballdata.com/logos-dark/32/399.png', 'https://cdn.collegefootballdata.com/logos/16/399.png', 'https://cdn.collegefootballdata.com/logos-dark/16/399.png']",@UAlbanyFootball,4419.0,Bob Ford Field,Albany,NY,12222,US,America/New_York,42.6808062,-73.8272841,64.42764282,8500.0,2013.0,False,False
302,UC Davis,Aggies,UCD,"['California-Davis', 'UCD', 'UC Davis']",Big Sky,,fcs,#002855,#c3c4c6,"['https://cdn.collegefootballdata.com/logos/500/302.png', 'https://cdn.collegefootballdata.com/logos-dark/500/302.png', 'https://cdn.collegefootballdata.com/logos/256/302.png', 'https://cdn.collegefootballdata.com/logos-dark/256/302.png', 'https://cdn.collegefootballdata.com/logos/128/302.png', 'https://cdn.collegefootballdata.com/logos-dark/128/302.png', 'https://cdn.collegefootballdata.com/logos/96/302.png', 'https://cdn.collegefootballdata.com/logos-dark/96/302.png', 'https://cdn.collegefootballdata.com/logos/64/302.png', 'https://cdn.collegefootballdata.com/logos-dark/64/302.png', 'https://cdn.collegefootballdata.com/logos/48/302.png', 'https://cdn.collegefootballdata.com/logos-dark/48/302.png', 'https://cdn.collegefootballdata.com/logos/32/302.png', 'https://cdn.collegefootballdata.com/logos-dark/32/302.png', 'https://cdn.collegefootballdata.com/logos/16/302.png', 'https://cdn.collegefootballdata.com/logos-dark/16/302.png']",@UCDfootball,3602.0,Aggie Stadium,Davis,CA,95616,US,America/Los_Angeles,38.5365266,-121.7627936,11.3825922,10743.0,2007.0,False,False
2116,UCF,Knights,UCF,"['Central Florida', 'UCF', 'UCF']",Big 12,,fbs,#000000,#b4a169,"['https://cdn.collegefootballdata.com/logos/500/2116.png', 'https://cdn.collegefootballdata.com/logos-dark/500/2116.png', 'https://cdn.collegefootballdata.com/logos/256/2116.png', 'https://cdn.collegefootballdata.com/logos-dark/256/2116.png', 'https://cdn.collegefootballdata.com/logos/128/2116.png', 'https://cdn.collegefootballdata.com/logos-dark/128/2116.png', 'https://cdn.collegefootballdata.com/logos/96/2116.png', 'https://cdn.collegefootballdata.com/logos-dark/96/2116.png', 'https://cdn.collegefootballdata.com/logos/64/2116.png', 'https://cdn.collegefootballdata.com/logos-dark/64/2116.png', 'https://cdn.collegefootballdata.com/logos/48/2116.png', 'https://cdn.collegefootballdata.com/logos-dark/48/2116.png', 'https://cdn.collegefootballdata.com/logos/32/2116.png', 'https://cdn.collegefootballdata.com/logos-dark/32/2116.png', 'https://cdn.collegefootballdata.com/logos/16/2116.png', 'https://cdn.collegefootballdata.com/logos-dark/16/2116.png']",@UCF_Football,3652.0,FBC Mortgage Stadium,Orlando,FL,32816,US,America/New_York,28.6079765,-81.1927233,20.94113731,44206.0,2007.0,True,False
26,UCLA,Bruins,UCLA,"['UCLA', 'UCLA']",Big Ten,,fbs,#2774ae,#f2a900,"['https://cdn.collegefootballdata.com/logos/500/26.png', 'https://cdn.collegefootballdata.com/logos-dark/500/26.png', 'https://cdn.collegefootballdata.com/logos/256/26.png', 'https://cdn.collegefootballdata.com/logos-dark/256/26.png', 'https://cdn.collegefootballdata.com/logos/128/26.png', 'https://cdn.collegefootballdata.com/logos-dark/128/26.png', 'https://cdn.collegefootballdata.com/logos/96/26.png', 'https://cdn.collegefootballdata.com/logos-dark/96/26.png', 'https://cdn.collegefootballdata.com/logos/64/26.png', 'https://cdn.collegefootballdata.com/logos-dark/64/26.png', 'https://cdn.collegefootballdata.com/logos/48/26.png', 'https://cdn.collegefootballdata.com/logos-dark/48/26.png', 'https://cdn.collegefootballdata.com/logos/32/26.png', 'https://cdn.collegefootballdata.com/logos-dark/32/26.png', 'https://cdn.collegefootballdata.com/logos/16/26.png', 'https://cdn.collegefootballdata.com/logos-dark/16/26.png']",@UCLAFootball,1056.0,Rose Bowl,Pasadena,CA,90095,US,America/Los_Angeles,34.1613284,-118.1676462,245.1772461,88565.0,1922.0,True,False
41,UConn,Huskies,CONN,"['Connecticut', 'CONN', 'UConn']",FBS Independents,,fbs,#000e2f,#ffffff,"['https://cdn.collegefootballdata.com/logos/500/41.png', 'https://cdn.collegefootballdata.com/logos-dark/500/41.png', 'https://cdn.collegefootballdata.com/logos/256/41.png', 'https://cdn.collegefootballdata.com/logos-dark/256/41.png', 'https://cdn.collegefootballdata.com/logos/128/41.png', 'https://cdn.collegefootballdata.com/logos-dark/128/41.png', 'https://cdn.collegefootballdata.com/logos/96/41.png', 'https://cdn.collegefootballdata.com/logos-dark/96/41.png', 'https://cdn.collegefootballdata.com/logos/64/41.png', 'https://cdn.collegefootballdata.com/logos-dark/64/41.png', 'https://cdn.collegefootballdata.com/logos/48/41.png', 'https://cdn.collegefootballdata.com/logos-dark/48/41.png', 'https://cdn.collegefootballdata.com/logos/32/41.png', 'https://cdn.collegefootballdata.com/logos-dark/32/41.png', 'https://cdn.collegefootballdata.com/logos/16/41.png', 'https://cdn.collegefootballdata.com/logos-dark/16/41.png']",@UConnFootball,3892.0,Pratt & Whitney Stadium,East Hartford,CT,6118 ,US,America/New_York,41.7595675,-72.6187728,6.515614986,40000.0,2003.0,True,False
124110,UFTL,Eagles,UFTL,"['UFTL', 'UFTL']",,,,#null,#null,,,,,,,,,,,,,,,,
2433,UL Monroe,Warhawks,ULM,"['La.-Monroe', 'ULM', 'UL Monroe']",Sun Belt,West,fbs,#840029,#fdb913,"['https://cdn.collegefootballdata.com/logos/500/2433.png', 'https://cdn.collegefootballdata.com/logos-dark/500/2433.png', 'https://cdn.collegefootballdata.com/logos/256/2433.png', 'https://cdn.collegefootballdata.com/logos-dark/256/2433.png', 'https://cdn.collegefootballdata.com/logos/128/2433.png', 'https://cdn.collegefootballdata.com/logos-dark/128/2433.png', 'https://cdn.collegefootballdata.com/logos/96/2433.png', 'https://cdn.collegefootballdata.com/logos-dark/96/2433.png', 'https://cdn.collegefootballdata.com/logos/64/2433.png', 'https://cdn.collegefootballdata.com/logos-dark/64/2433.png', 'https://cdn.collegefootballdata.com/logos/48/2433.png', 'https://cdn.collegefootballdata.com/logos-dark/48/2433.png', 'https://cdn.collegefootballdata.com/logos/32/2433.png', 'https://cdn.collegefootballdata.com/logos-dark/32/2433.png', 'https://cdn.collegefootballdata.com/logos/16/2433.png', 'https://cdn.collegefootballdata.com/logos-dark/16/2433.png']",@ULM_FB,3817.0,Malone Stadium,Monroe,LA,71209,US,America/Chicago,32.5308089,-92.0660602,22.998209,27617.0,1978.0,False,False
379,UMass Dartmouth,Corsairs,MDAR,"['MDAR', 'UMass Dartmth']",MSCAC,,iii,#000000,#null,"['https://cdn.collegefootballdata.com/logos/500/379.png', 'https://cdn.collegefootballdata.com/logos-dark/500/379.png', 'https://cdn.collegefootballdata.com/logos/256/379.png', 'https://cdn.collegefootballdata.com/logos-dark/256/379.png', 'https://cdn.collegefootballdata.com/logos/128/379.png', 'https://cdn.collegefootballdata.com/logos-dark/128/379.png', 'https://cdn.collegefootballdata.com/logos/96/379.png', 'https://cdn.collegefootballdata.com/logos-dark/96/379.png', 'https://cdn.collegefootballdata.com/logos/64/379.png', 'https://cdn.collegefootballdata.com/logos-dark/64/379.png', 'https://cdn.collegefootballdata.com/logos/48/379.png', 'https://cdn.collegefootballdata.com/logos-dark/48/379.png', 'https://cdn.collegefootballdata.com/logos/32/379.png', 'https://cdn.collegefootballdata.com/logos-dark/32/379.png', 'https://cdn.collegefootballdata.com/logos/16/379.png', 'https://cdn.collegefootballdata.com/logos-dark/16/379.png']",,5939.0,Cressy Field,Dartmouth,MA,02747,US,,41.6332267,-70.9879928,,1850.0,,,False
2349,UMass Lowell,River Hawks,UML,"['UML', 'UMass Lowell']",,,,#000000,#cf1f2f,[],,,,,,,,,,,,,,,
2882,UNC Pembroke,Braves,UNCP,"['UNCP', 'UNC Pembroke']",Carolinas,,ii,#000000,#null,"['https://cdn.collegefootballdata.com/logos/500/2882.png', 'https://cdn.collegefootballdata.com/logos-dark/500/2882.png', 'https://cdn.collegefootballdata.com/logos/256/2882.png', 'https://cdn.collegefootballdata.com/logos-dark/256/2882.png', 'https://cdn.collegefootballdata.com/logos/128/2882.png', 'https://cdn.collegefootballdata.com/logos-dark/128/2882.png', 'https://cdn.collegefootballdata.com/logos/96/2882.png', 'https://cdn.collegefootballdata.com/logos-dark/96/2882.png', 'https://cdn.collegefootballdata.com/logos/64/2882.png', 'https://cdn.collegefootballdata.com/logos-dark/64/2882.png', 'https://cdn.collegefootballdata.com/logos/48/2882.png', 'https://cdn.collegefootballdata.com/logos-dark/48/2882.png', 'https://cdn.collegefootballdata.com/logos/32/2882.png', 'https://cdn.collegefootballdata.com/logos-dark/32/2882.png', 'https://cdn.collegefootballdata.com/logos/16/2882.png', 'https://cdn.collegefootballdata.com/logos-dark/16/2882.png']",,6060.0,Grace P. Johnson Stadium,Pembroke,NC,28372,US,,34.6801627,-79.1950373,,4000.0,,,False
1001031,UNC-Pembroke,,,[],,,,#null,#null,,,,,,,,,,,,,,,,
237,Union,Garnet Chargers,UNNY,"['UNNY', 'Union']",Liberty League,,iii,#762334,#000000,"['https://cdn.collegefootballdata.com/logos/500/237.png', 'https://cdn.collegefootballdata.com/logos-dark/500/237.png', 'https://cdn.collegefootballdata.com/logos/256/237.png', 'https://cdn.collegefootballdata.com/logos-dark/256/237.png', 'https://cdn.collegefootballdata.com/logos/128/237.png', 'https://cdn.collegefootballdata.com/logos-dark/128/237.png', 'https://cdn.collegefootballdata.com/logos/96/237.png', 'https://cdn.collegefootballdata.com/logos-dark/96/237.png', 'https://cdn.collegefootballdata.com/logos/64/237.png', 'https://cdn.collegefootballdata.com/logos-dark/64/237.png', 'https://cdn.collegefootballdata.com/logos/48/237.png', 'https://cdn.collegefootballdata.com/logos-dark/48/237.png', 'https://cdn.collegefootballdata.com/logos/32/237.png', 'https://cdn.collegefootballdata.com/logos-dark/32/237.png', 'https://cdn.collegefootballdata.com/logos/16/237.png', 'https://cdn.collegefootballdata.com/logos-dark/16/237.png']",,6134.0,Frank Bailey Field,Schenectady,NY,12150,US,,42.8142432,-73.9395687,,1600.0,,,False
1001086,University of Calgary,,,[],,,,#null,#null,,,,,,,,,,,,,,,,
1001030,University of Charleston,,,[],,,,#null,#null,,,,,,,,,,,,,,,,
109425,University of God's Chosen,Disciples,GDCH,"['GDCH', ""University of God's Chosen""]",,,,#null,#null,,,,,,,,,,,,,,,,
1001000,University of Guelph,,,[],,,,#null,#null,,,,,,,,,,,,,,,,
559,University of Mary,Marauders,MARY,"['MARY', 'UMary']",Northern Sun,,ii,#000000,#null,"['https://cdn.collegefootballdata.com/logos/500/559.png', 'https://cdn.collegefootballdata.com/logos-dark/500/559.png', 'https://cdn.collegefootballdata.com/logos/256/559.png', 'https://cdn.collegefootballdata.com/logos-dark/256/559.png', 'https://cdn.collegefootballdata.com/logos/128/559.png', 'https://cdn.collegefootballdata.com/logos-dark/128/559.png', 'https://cdn.collegefootballdata.com/logos/96/559.png', 'https://cdn.collegefootballdata.com/logos-dark/96/559.png', 'https://cdn.collegefootballdata.com/logos/64/559.png', 'https://cdn.collegefootballdata.com/logos-dark/64/559.png', 'https://cdn.collegefootballdata.com/logos/48/559.png', 'https://cdn.collegefootballdata.com/logos-dark/48/559.png', 'https://cdn.collegefootballdata.com/logos/32/559.png', 'https://cdn.collegefootballdata.com/logos-dark/32/559.png', 'https://cdn.collegefootballdata.com/logos/16/559.png', 'https://cdn.collegefootballdata.com/logos-dark/16/559.png']",,3638.0,MDU Resources Community Bowl,Bismarck,ND,,US,,46.808327,-100.783739,,6000.0,,,False
3212,University of Mexico,MEXICO U,UNAM,"['UNAM', 'U of Mexico']",,,,#null,#null,,,,,,,,,,,,,,,,
131239,University of Rio Grande,Urg,,[],,,,#null,#null,,,,,,,,,,,,,,,,
2439,UNLV,Rebels,UNLV,"['Nevada-Las Vegas', 'UNLV', 'UNLV']",Mountain West,,fbs,#cf0a2c,#cac8c8,"['https://cdn.collegefootballdata.com/logos/500/2439.png', 'https://cdn.collegefootballdata.com/logos-dark/500/2439.png', 'https://cdn.collegefootballdata.com/logos/256/2439.png', 'https://cdn.collegefootballdata.com/logos-dark/256/2439.png', 'https://cdn.collegefootballdata.com/logos/128/2439.png', 'https://cdn.collegefootballdata.com/logos-dark/128/2439.png', 'https://cdn.collegefootballdata.com/logos/96/2439.png', 'https://cdn.collegefootballdata.com/logos-dark/96/2439.png', 'https://cdn.collegefootballdata.com/logos/64/2439.png', 'https://cdn.collegefootballdata.com/logos-dark/64/2439.png', 'https://cdn.collegefootballdata.com/logos/48/2439.png', 'https://cdn.collegefootballdata.com/logos-dark/48/2439.png', 'https://cdn.collegefootballdata.com/logos/32/2439.png', 'https://cdn.collegefootballdata.com/logos-dark/32/2439.png', 'https://cdn.collegefootballdata.com/logos/16/2439.png', 'https://cdn.collegefootballdata.com/logos-dark/16/2439.png']",@UNLVFootball,6501.0,Allegiant Stadium,Las Vegas,NV,89118,US,America/Los_Angeles,36.09075,-115.183722,666,65000.0,2020.0,False,True
389,Upper Iowa,Peacocks,UIU,"['UIU', 'Upper Iowa']",Great Lakes,,ii,#000000,#null,"['https://cdn.collegefootballdata.com/logos/500/389.png', 'https://cdn.collegefootballdata.com/logos-dark/500/389.png', 'https://cdn.collegefootballdata.com/logos/256/389.png', 'https://cdn.collegefootballdata.com/logos-dark/256/389.png', 'https://cdn.collegefootballdata.com/logos/128/389.png', 'https://cdn.collegefootballdata.com/logos-dark/128/389.png', 'https://cdn.collegefootballdata.com/logos/96/389.png', 'https://cdn.collegefootballdata.com/logos-dark/96/389.png', 'https://cdn.collegefootballdata.com/logos/64/389.png', 'https://cdn.collegefootballdata.com/logos-dark/64/389.png', 'https://cdn.collegefootballdata.com/logos/48/389.png', 'https://cdn.collegefootballdata.com/logos-dark/48/389.png', 'https://cdn.collegefootballdata.com/logos/32/389.png', 'https://cdn.collegefootballdata.com/logos-dark/32/389.png', 'https://cdn.collegefootballdata.com/logos/16/389.png', 'https://cdn.collegefootballdata.com/logos-dark/16/389.png']",,6030.0,Harms-Eischeid Stadium,Fayette,IA,52142,US,,42.8420766,-91.850265,,3500.0,,,False
2666,Urbana,Blue Knights,URB,"['URB', 'Urbana']",,,,#000000,#null,[],,,,,,,,,,,,,,,
2667,Ursinus,Bears,URSN,"['URSN', 'Ursinus']",Centennial,,iii,#98012e,#fcb034,"['https://cdn.collegefootballdata.com/logos/500/2667.png', 'https://cdn.collegefootballdata.com/logos-dark/500/2667.png', 'https://cdn.collegefootballdata.com/logos/256/2667.png', 'https://cdn.collegefootballdata.com/logos-dark/256/2667.png', 'https://cdn.collegefootballdata.com/logos/128/2667.png', 'https://cdn.collegefootballdata.com/logos-dark/128/2667.png', 'https://cdn.collegefootballdata.com/logos/96/2667.png', 'https://cdn.collegefootballdata.com/logos-dark/96/2667.png', 'https://cdn.collegefootballdata.com/logos/64/2667.png', 'https://cdn.collegefootballdata.com/logos-dark/64/2667.png', 'https://cdn.collegefootballdata.com/logos/48/2667.png', 'https://cdn.collegefootballdata.com/logos-dark/48/2667.png', 'https://cdn.collegefootballdata.com/logos/32/2667.png', 'https://cdn.collegefootballdata.com/logos-dark/32/2667.png', 'https://cdn.collegefootballdata.com/logos/16/2667.png', 'https://cdn.collegefootballdata.com/logos-dark/16/2667.png']",,6136.0,Patterson Field,Collegeville,PA,19426,US,,40.1856597,-75.451571,,2500.0,,,False
30,USC,Trojans,USC,"['USC', 'USC']",Big Ten,,fbs,#990000,#ffcc00,"['https://cdn.collegefootballdata.com/logos/500/30.png', 'https://cdn.collegefootballdata.com/logos-dark/500/30.png', 'https://cdn.collegefootballdata.com/logos/256/30.png', 'https://cdn.collegefootballdata.com/logos-dark/256/30.png', 'https://cdn.collegefootballdata.com/logos/128/30.png', 'https://cdn.collegefootballdata.com/logos-dark/128/30.png', 'https://cdn.collegefootballdata.com/logos/96/30.png', 'https://cdn.collegefootballdata.com/logos-dark/96/30.png', 'https://cdn.collegefootballdata.com/logos/64/30.png', 'https://cdn.collegefootballdata.com/logos-dark/64/30.png', 'https://cdn.collegefootballdata.com/logos/48/30.png', 'https://cdn.collegefootballdata.com/logos-dark/48/30.png', 'https://cdn.collegefootballdata.com/logos/32/30.png', 'https://cdn.collegefootballdata.com/logos-dark/32/30.png', 'https://cdn.collegefootballdata.com/logos/16/30.png', 'https://cdn.collegefootballdata.com/logos-dark/16/30.png']",@uscfb,477.0,Los Angeles Memorial Coliseum,Los Angeles,CA,90089,US,America/Los_Angeles,34.014167,-118.287778,42.50374222,77500.0,1923.0,True,False
254,Utah,Utes,UTAH,"['UTAH', 'Utah']",Big 12,,fbs,#be0000,#ffffff,"['https://cdn.collegefootballdata.com/logos/500/254.png', 'https://cdn.collegefootballdata.com/logos-dark/500/254.png', 'https://cdn.collegefootballdata.com/logos/256/254.png', 'https://cdn.collegefootballdata.com/logos-dark/256/254.png', 'https://cdn.collegefootballdata.com/logos/128/254.png', 'https://cdn.collegefootballdata.com/logos-dark/128/254.png', 'https://cdn.collegefootballdata.com/logos/96/254.png', 'https://cdn.collegefootballdata.com/logos-dark/96/254.png', 'https://cdn.collegefootballdata.com/logos/64/254.png', 'https://cdn.collegefootballdata.com/logos-dark/64/254.png', 'https://cdn.collegefootballdata.com/logos/48/254.png', 'https://cdn.collegefootballdata.com/logos-dark/48/254.png', 'https://cdn.collegefootballdata.com/logos/32/254.png', 'https://cdn.collegefootballdata.com/logos-dark/32/254.png', 'https://cdn.collegefootballdata.com/logos/16/254.png', 'https://cdn.collegefootballdata.com/logos-dark/16/254.png']",@Utah_Football,587.0,Rice-Eccles Stadium,Salt Lake City,UT,84112,US,America/Denver,40.7599724,-111.8488255,1411.543579,51444.0,1998.0,False,False
328,Utah State,Aggies,USU,"['USU', 'Utah State']",Pac-12,,fbs,#0f2439,#ffffff,"['https://cdn.collegefootballdata.com/logos/500/328.png', 'https://cdn.collegefootballdata.com/logos-dark/500/328.png', 'https://cdn.collegefootballdata.com/logos/256/328.png', 'https://cdn.collegefootballdata.com/logos-dark/256/328.png', 'https://cdn.collegefootballdata.com/logos/128/328.png', 'https://cdn.collegefootballdata.com/logos-dark/128/328.png', 'https://cdn.collegefootballdata.com/logos/96/328.png', 'https://cdn.collegefootballdata.com/logos-dark/96/328.png', 'https://cdn.collegefootballdata.com/logos/64/328.png', 'https://cdn.collegefootballdata.com/logos-dark/64/328.png', 'https://cdn.collegefootballdata.com/logos/48/328.png', 'https://cdn.collegefootballdata.com/logos-dark/48/328.png', 'https://cdn.collegefootballdata.com/logos/32/328.png', 'https://cdn.collegefootballdata.com/logos-dark/32/328.png', 'https://cdn.collegefootballdata.com/logos/16/328.png', 'https://cdn.collegefootballdata.com/logos-dark/16/328.png']",@USUFootball,3905.0,Maverik Stadium,Logan,UT,84322,US,America/Denver,41.7517394,-111.8116007,1427.914429,25513.0,1968.0,False,False
3101,Utah Tech,Trailblazers,UTU,"['Dixie State', 'UTU', 'Utah Tech']",Big Sky,,fcs,#000000,#null,"['https://cdn.collegefootballdata.com/logos/500/3101.png', 'https://cdn.collegefootballdata.com/logos-dark/500/3101.png', 'https://cdn.collegefootballdata.com/logos/256/3101.png', 'https://cdn.collegefootballdata.com/logos-dark/256/3101.png', 'https://cdn.collegefootballdata.com/logos/128/3101.png', 'https://cdn.collegefootballdata.com/logos-dark/128/3101.png', 'https://cdn.collegefootballdata.com/logos/96/3101.png', 'https://cdn.collegefootballdata.com/logos-dark/96/3101.png', 'https://cdn.collegefootballdata.com/logos/64/3101.png', 'https://cdn.collegefootballdata.com/logos-dark/64/3101.png', 'https://cdn.collegefootballdata.com/logos/48/3101.png', 'https://cdn.collegefootballdata.com/logos-dark/48/3101.png', 'https://cdn.collegefootballdata.com/logos/32/3101.png', 'https://cdn.collegefootballdata.com/logos-dark/32/3101.png', 'https://cdn.collegefootballdata.com/logos/16/3101.png', 'https://cdn.collegefootballdata.com/logos-dark/16/3101.png']",@UtahTechFB,3745.0,Greater Zion Stadium,Saint George,UT,84771,US,America/Denver,37.1098868,-113.5674494,860,10500.0,1985.0,False,False
2638,UTEP,Miners,UTEP,"['Texas-El Paso', 'UTEP', 'UTEP']",Mountain West,,fbs,#ff8200,#041e42,"['https://cdn.collegefootballdata.com/logos/500/2638.png', 'https://cdn.collegefootballdata.com/logos-dark/500/2638.png', 'https://cdn.collegefootballdata.com/logos/256/2638.png', 'https://cdn.collegefootballdata.com/logos-dark/256/2638.png', 'https://cdn.collegefootballdata.com/logos/128/2638.png', 'https://cdn.collegefootballdata.com/logos-dark/128/2638.png', 'https://cdn.collegefootballdata.com/logos/96/2638.png', 'https://cdn.collegefootballdata.com/logos-dark/96/2638.png', 'https://cdn.collegefootballdata.com/logos/64/2638.png', 'https://cdn.collegefootballdata.com/logos-dark/64/2638.png', 'https://cdn.collegefootballdata.com/logos/48/2638.png', 'https://cdn.collegefootballdata.com/logos-dark/48/2638.png', 'https://cdn.collegefootballdata.com/logos/32/2638.png', 'https://cdn.collegefootballdata.com/logos-dark/32/2638.png', 'https://cdn.collegefootballdata.com/logos/16/2638.png', 'https://cdn.collegefootballdata.com/logos-dark/16/2638.png']",@UTEPFB,3946.0,Sun Bowl,El Paso,TX,79968,US,America/Denver,31.7733353,-106.507957,1183.697876,51500.0,1963.0,False,False
390,Utica,Pioneers,UTIC,"['UTIC', 'Utica']",Empire 8,,iii,#000000,#null,"['https://cdn.collegefootballdata.com/logos/500/390.png', 'https://cdn.collegefootballdata.com/logos-dark/500/390.png', 'https://cdn.collegefootballdata.com/logos/256/390.png', 'https://cdn.collegefootballdata.com/logos-dark/256/390.png', 'https://cdn.collegefootballdata.com/logos/128/390.png', 'https://cdn.collegefootballdata.com/logos-dark/128/390.png', 'https://cdn.collegefootballdata.com/logos/96/390.png', 'https://cdn.collegefootballdata.com/logos-dark/96/390.png', 'https://cdn.collegefootballdata.com/logos/64/390.png', 'https://cdn.collegefootballdata.com/logos-dark/64/390.png', 'https://cdn.collegefootballdata.com/logos/48/390.png', 'https://cdn.collegefootballdata.com/logos-dark/48/390.png', 'https://cdn.collegefootballdata.com/logos/32/390.png', 'https://cdn.collegefootballdata.com/logos-dark/32/390.png', 'https://cdn.collegefootballdata.com/logos/16/390.png', 'https://cdn.collegefootballdata.com/logos-dark/16/390.png']",,3675.0,Charles A. Gaetano Stadium,Utica,NY,13501,US,,43.1009031,-75.2326641,,1200.0,,,False
2630,UT Martin,Skyhawks,UTM,"['Tennessee Martin', 'UTM', 'UT Martin']",OVC,,fcs,#FF6700,#102a5c,"['https://cdn.collegefootballdata.com/logos/500/2630.png', 'https://cdn.collegefootballdata.com/logos-dark/500/2630.png', 'https://cdn.collegefootballdata.com/logos/256/2630.png', 'https://cdn.collegefootballdata.com/logos-dark/256/2630.png', 'https://cdn.collegefootballdata.com/logos/128/2630.png', 'https://cdn.collegefootballdata.com/logos-dark/128/2630.png', 'https://cdn.collegefootballdata.com/logos/96/2630.png', 'https://cdn.collegefootballdata.com/logos-dark/96/2630.png', 'https://cdn.collegefootballdata.com/logos/64/2630.png', 'https://cdn.collegefootballdata.com/logos-dark/64/2630.png', 'https://cdn.collegefootballdata.com/logos/48/2630.png', 'https://cdn.collegefootballdata.com/logos-dark/48/2630.png', 'https://cdn.collegefootballdata.com/logos/32/2630.png', 'https://cdn.collegefootballdata.com/logos-dark/32/2630.png', 'https://cdn.collegefootballdata.com/logos/16/2630.png', 'https://cdn.collegefootballdata.com/logos-dark/16/2630.png']",@UTM_FOOTBALL,3748.0,Graham Stadium,Martin,TN,38238,US,America/Chicago,36.3448341,-88.8616245,124.6879349,7500.0,1964.0,False,False
110243,UT Permian Basin,Falcons,UTPB,"['UTPB', 'UT Prmian Basn']",Lone Star,,ii,#null,#null,,,5917.0,Ratliff Stadium,Odessa,TX,79766,US,,31.8457149,-102.367687,,17931.0,,,False
1001084,UTRGV,,,[],,,,#null,#null,,,,,,,,,,,,,,,,
1001082,UTRGV,,,[],,,,#null,#null,,,,,,,,,,,,,,,,
1001081,UTRGV,,,[],,,,#null,#null,,,,,,,,,,,,,,,,
1001085,UTRGV,,,[],,,,#null,#null,,,,,,,,,,,,,,,,
1001083,UTRGV,,,[],,,,#null,#null,,,,,,,,,,,,,,,,
292,UT Rio Grande Valley,Vaqueros,RGV,"['RGV', 'UT Rio Grande']",Southland,,fcs,#null,#null,"['https://cdn.collegefootballdata.com/logos/500/292.png', 'https://cdn.collegefootballdata.com/logos-dark/500/292.png', 'https://cdn.collegefootballdata.com/logos/256/292.png', 'https://cdn.collegefootballdata.com/logos-dark/256/292.png', 'https://cdn.collegefootballdata.com/logos/128/292.png', 'https://cdn.collegefootballdata.com/logos-dark/128/292.png', 'https://cdn.collegefootballdata.com/logos/96/292.png', 'https://cdn.collegefootballdata.com/logos-dark/96/292.png', 'https://cdn.collegefootballdata.com/logos/64/292.png', 'https://cdn.collegefootballdata.com/logos-dark/64/292.png', 'https://cdn.collegefootballdata.com/logos/48/292.png', 'https://cdn.collegefootballdata.com/logos-dark/48/292.png', 'https://cdn.collegefootballdata.com/logos/32/292.png', 'https://cdn.collegefootballdata.com/logos-dark/32/292.png', 'https://cdn.collegefootballdata.com/logos/16/292.png', 'https://cdn.collegefootballdata.com/logos-dark/16/292.png']",,6006.0,Robert and Janet Vackar Stadium,Edinburg,TX,78542,US,America/Chicago,26.2826,-98.1352,30,13498.0,2017.0,False,False
1001033,UT-Rio Grande Valley,,,[],,,,#null,#null,,,,,,,,,,,,,,,,
1001049,UT-Rio Grande Valley (Do not use),,,[],,,,#null,#null,,,,,,,,,,,,,,,,
2636,UTSA,Roadrunners,UTSA,"['Texas-San Antonio', 'UTSA', 'UTSA']",American Athletic,,fbs,#0c2340,#f15a22,"['https://cdn.collegefootballdata.com/logos/500/2636.png', 'https://cdn.collegefootballdata.com/logos-dark/500/2636.png', 'https://cdn.collegefootballdata.com/logos/256/2636.png', 'https://cdn.collegefootballdata.com/logos-dark/256/2636.png', 'https://cdn.collegefootballdata.com/logos/128/2636.png', 'https://cdn.collegefootballdata.com/logos-dark/128/2636.png', 'https://cdn.collegefootballdata.com/logos/96/2636.png', 'https://cdn.collegefootballdata.com/logos-dark/96/2636.png', 'https://cdn.collegefootballdata.com/logos/64/2636.png', 'https://cdn.collegefootballdata.com/logos-dark/64/2636.png', 'https://cdn.collegefootballdata.com/logos/48/2636.png', 'https://cdn.collegefootballdata.com/logos-dark/48/2636.png', 'https://cdn.collegefootballdata.com/logos/32/2636.png', 'https://cdn.collegefootballdata.com/logos-dark/32/2636.png', 'https://cdn.collegefootballdata.com/logos/16/2636.png', 'https://cdn.collegefootballdata.com/logos-dark/16/2636.png']",,3604.0,Alamodome,San Antonio,TX,78299,US,America/Chicago,29.4169834,-98.4788143,201.5526886,36582.0,1993.0,False,True
2842,UVA Wise,Cavaliers,UVAW,"['UVA Wise', 'UVAW', 'UVA Wise']",South Atlantic,,ii,#e30000,#000000,"['https://cdn.collegefootballdata.com/logos/500/2842.png', 'https://cdn.collegefootballdata.com/logos-dark/500/2842.png', 'https://cdn.collegefootballdata.com/logos/256/2842.png', 'https://cdn.collegefootballdata.com/logos-dark/256/2842.png', 'https://cdn.collegefootballdata.com/logos/128/2842.png', 'https://cdn.collegefootballdata.com/logos-dark/128/2842.png', 'https://cdn.collegefootballdata.com/logos/96/2842.png', 'https://cdn.collegefootballdata.com/logos-dark/96/2842.png', 'https://cdn.collegefootballdata.com/logos/64/2842.png', 'https://cdn.collegefootballdata.com/logos-dark/64/2842.png', 'https://cdn.collegefootballdata.com/logos/48/2842.png', 'https://cdn.collegefootballdata.com/logos-dark/48/2842.png', 'https://cdn.collegefootballdata.com/logos/32/2842.png', 'https://cdn.collegefootballdata.com/logos-dark/32/2842.png', 'https://cdn.collegefootballdata.com/logos/16/2842.png', 'https://cdn.collegefootballdata.com/logos-dark/16/2842.png']",,6033.0,Carl Smith Stadium,Wise,VA,24293,US,,36.9759345,-82.5757108,,3900.0,,,False
2673,Valdosta State,Blazers,VALD,"['VALD', 'Valdosta St']",Gulf South,,ii,#dd1a32,#000000,"['https://cdn.collegefootballdata.com/logos/500/2673.png', 'https://cdn.collegefootballdata.com/logos-dark/500/2673.png', 'https://cdn.collegefootballdata.com/logos/256/2673.png', 'https://cdn.collegefootballdata.com/logos-dark/256/2673.png', 'https://cdn.collegefootballdata.com/logos/128/2673.png', 'https://cdn.collegefootballdata.com/logos-dark/128/2673.png', 'https://cdn.collegefootballdata.com/logos/96/2673.png', 'https://cdn.collegefootballdata.com/logos-dark/96/2673.png', 'https://cdn.collegefootballdata.com/logos/64/2673.png', 'https://cdn.collegefootballdata.com/logos-dark/64/2673.png', 'https://cdn.collegefootballdata.com/logos/48/2673.png', 'https://cdn.collegefootballdata.com/logos-dark/48/2673.png', 'https://cdn.collegefootballdata.com/logos/32/2673.png', 'https://cdn.collegefootballdata.com/logos-dark/32/2673.png', 'https://cdn.collegefootballdata.com/logos/16/2673.png', 'https://cdn.collegefootballdata.com/logos-dark/16/2673.png']",,4851.0,Bazemore-Hyder Stadium,Valdosta,GA,31604,US,,30.8327022,-83.2784851,,10100.0,,,False
628,Valley City State,VALLEY CITY ST,VCSU,"['VCSU', 'Valley City St']",,,,#000000,#null,[],,,,,,,,,,,,,,,
2674,Valparaiso,Beacons,VAL,"['VAL', 'Valparaiso']",Pioneer,,fcs,#794500,#null,"['https://cdn.collegefootballdata.com/logos/500/2674.png', 'https://cdn.collegefootballdata.com/logos-dark/500/2674.png', 'https://cdn.collegefootballdata.com/logos/256/2674.png', 'https://cdn.collegefootballdata.com/logos-dark/256/2674.png', 'https://cdn.collegefootballdata.com/logos/128/2674.png', 'https://cdn.collegefootballdata.com/logos-dark/128/2674.png', 'https://cdn.collegefootballdata.com/logos/96/2674.png', 'https://cdn.collegefootballdata.com/logos-dark/96/2674.png', 'https://cdn.collegefootballdata.com/logos/64/2674.png', 'https://cdn.collegefootballdata.com/logos-dark/64/2674.png', 'https://cdn.collegefootballdata.com/logos/48/2674.png', 'https://cdn.collegefootballdata.com/logos-dark/48/2674.png', 'https://cdn.collegefootballdata.com/logos/32/2674.png', 'https://cdn.collegefootballdata.com/logos-dark/32/2674.png', 'https://cdn.collegefootballdata.com/logos/16/2674.png', 'https://cdn.collegefootballdata.com/logos-dark/16/2674.png']",@ValpoUFootball,3655.0,Brown Field,Valparaiso,IN,46383,US,America/Chicago,41.465642,-87.0479446,244.6367645,5000.0,1919.0,False,False
238,Vanderbilt,Commodores,VAN,"['VAN', 'Vanderbilt']",SEC,,fbs,#000000,#cfae70,"['https://cdn.collegefootballdata.com/logos/500/238.png', 'https://cdn.collegefootballdata.com/logos-dark/500/238.png', 'https://cdn.collegefootballdata.com/logos/256/238.png', 'https://cdn.collegefootballdata.com/logos-dark/256/238.png', 'https://cdn.collegefootballdata.com/logos/128/238.png', 'https://cdn.collegefootballdata.com/logos-dark/128/238.png', 'https://cdn.collegefootballdata.com/logos/96/238.png', 'https://cdn.collegefootballdata.com/logos-dark/96/238.png', 'https://cdn.collegefootballdata.com/logos/64/238.png', 'https://cdn.collegefootballdata.com/logos-dark/64/238.png', 'https://cdn.collegefootballdata.com/logos/48/238.png', 'https://cdn.collegefootballdata.com/logos-dark/48/238.png', 'https://cdn.collegefootballdata.com/logos/32/238.png', 'https://cdn.collegefootballdata.com/logos-dark/32/238.png', 'https://cdn.collegefootballdata.com/logos/16/238.png', 'https://cdn.collegefootballdata.com/logos-dark/16/238.png']",@VandyFootball,3973.0,FirstBank Stadium,Nashville,TN,37212,US,America/Chicago,36.1440455,-86.8088942,159.9194641,40351.0,1922.0,False,False
293,Vermont State Castleton,Spartans,VTSC,"['VTSC', 'VTSU Castleton']",New Jersey,,iii,#000000,#null,"['https://cdn.collegefootballdata.com/logos/500/293.png', 'https://cdn.collegefootballdata.com/logos-dark/500/293.png', 'https://cdn.collegefootballdata.com/logos/256/293.png', 'https://cdn.collegefootballdata.com/logos-dark/256/293.png', 'https://cdn.collegefootballdata.com/logos/128/293.png', 'https://cdn.collegefootballdata.com/logos-dark/128/293.png', 'https://cdn.collegefootballdata.com/logos/96/293.png', 'https://cdn.collegefootballdata.com/logos-dark/96/293.png', 'https://cdn.collegefootballdata.com/logos/64/293.png', 'https://cdn.collegefootballdata.com/logos-dark/64/293.png', 'https://cdn.collegefootballdata.com/logos/48/293.png', 'https://cdn.collegefootballdata.com/logos-dark/48/293.png', 'https://cdn.collegefootballdata.com/logos/32/293.png', 'https://cdn.collegefootballdata.com/logos-dark/32/293.png', 'https://cdn.collegefootballdata.com/logos/16/293.png', 'https://cdn.collegefootballdata.com/logos-dark/16/293.png']",,5638.0,Dave Wolk Stadium,Castleton,VT,05735,US,America/New_York,43.6111275,-73.1807089,136,5000.0,2009.0,False,False
222,Villanova,Wildcats,VILL,"['VILL', 'Villanova']",Patriot,,fcs,#00205b,#13b5ea,"['https://cdn.collegefootballdata.com/logos/500/222.png', 'https://cdn.collegefootballdata.com/logos-dark/500/222.png', 'https://cdn.collegefootballdata.com/logos/256/222.png', 'https://cdn.collegefootballdata.com/logos-dark/256/222.png', 'https://cdn.collegefootballdata.com/logos/128/222.png', 'https://cdn.collegefootballdata.com/logos-dark/128/222.png', 'https://cdn.collegefootballdata.com/logos/96/222.png', 'https://cdn.collegefootballdata.com/logos-dark/96/222.png', 'https://cdn.collegefootballdata.com/logos/64/222.png', 'https://cdn.collegefootballdata.com/logos-dark/64/222.png', 'https://cdn.collegefootballdata.com/logos/48/222.png', 'https://cdn.collegefootballdata.com/logos-dark/48/222.png', 'https://cdn.collegefootballdata.com/logos/32/222.png', 'https://cdn.collegefootballdata.com/logos-dark/32/222.png', 'https://cdn.collegefootballdata.com/logos/16/222.png', 'https://cdn.collegefootballdata.com/logos-dark/16/222.png']",@NovaFootball,717.0,Villanova Stadium,Villanova,PA,19085,US,America/New_York,40.0343329,-75.3367666,127.3836746,12500.0,1927.0,False,False
258,Virginia,Cavaliers,UVA,"['UVA', 'Virginia']",ACC,,fbs,#232d4b,#f84c1e,"['https://cdn.collegefootballdata.com/logos/500/258.png', 'https://cdn.collegefootballdata.com/logos-dark/500/258.png', 'https://cdn.collegefootballdata.com/logos/256/258.png', 'https://cdn.collegefootballdata.com/logos-dark/256/258.png', 'https://cdn.collegefootballdata.com/logos/128/258.png', 'https://cdn.collegefootballdata.com/logos-dark/128/258.png', 'https://cdn.collegefootballdata.com/logos/96/258.png', 'https://cdn.collegefootballdata.com/logos-dark/96/258.png', 'https://cdn.collegefootballdata.com/logos/64/258.png', 'https://cdn.collegefootballdata.com/logos-dark/64/258.png', 'https://cdn.collegefootballdata.com/logos/48/258.png', 'https://cdn.collegefootballdata.com/logos-dark/48/258.png', 'https://cdn.collegefootballdata.com/logos/32/258.png', 'https://cdn.collegefootballdata.com/logos-dark/32/258.png', 'https://cdn.collegefootballdata.com/logos/16/258.png', 'https://cdn.collegefootballdata.com/logos-dark/16/258.png']",@UVAFootball,3923.0,Scott Stadium,Charlottesville,VA,22904,US,America/New_York,38.0311801,-78.5137897,170.4677429,61500.0,1931.0,True,False
2355,Virginia Lynchburg,Dragons,VUL,"['Lynchburg', 'VUL', 'VA Lynchburg']",,,,#null,#null,,,,,,,,,,,,,,,,
330,Virginia State,Trojans,VSU,"['VSU', 'Virginia St']",CIAA,Northern,ii,#000000,#null,"['https://cdn.collegefootballdata.com/logos/500/330.png', 'https://cdn.collegefootballdata.com/logos-dark/500/330.png', 'https://cdn.collegefootballdata.com/logos/256/330.png', 'https://cdn.collegefootballdata.com/logos-dark/256/330.png', 'https://cdn.collegefootballdata.com/logos/128/330.png', 'https://cdn.collegefootballdata.com/logos-dark/128/330.png', 'https://cdn.collegefootballdata.com/logos/96/330.png', 'https://cdn.collegefootballdata.com/logos-dark/96/330.png', 'https://cdn.collegefootballdata.com/logos/64/330.png', 'https://cdn.collegefootballdata.com/logos-dark/64/330.png', 'https://cdn.collegefootballdata.com/logos/48/330.png', 'https://cdn.collegefootballdata.com/logos-dark/48/330.png', 'https://cdn.collegefootballdata.com/logos/32/330.png', 'https://cdn.collegefootballdata.com/logos-dark/32/330.png', 'https://cdn.collegefootballdata.com/logos/16/330.png', 'https://cdn.collegefootballdata.com/logos-dark/16/330.png']",,3904.0,Rogers Stadium (VA),Petersburg,VA,23804,US,,37.227928,-77.4019268,,7909.0,,,False
259,Virginia Tech,Hokies,VT,"['VT', 'Virginia Tech']",ACC,,fbs,#861f41,#e87722,"['https://cdn.collegefootballdata.com/logos/500/259.png', 'https://cdn.collegefootballdata.com/logos-dark/500/259.png', 'https://cdn.collegefootballdata.com/logos/256/259.png', 'https://cdn.collegefootballdata.com/logos-dark/256/259.png', 'https://cdn.collegefootballdata.com/logos/128/259.png', 'https://cdn.collegefootballdata.com/logos-dark/128/259.png', 'https://cdn.collegefootballdata.com/logos/96/259.png', 'https://cdn.collegefootballdata.com/logos-dark/96/259.png', 'https://cdn.collegefootballdata.com/logos/64/259.png', 'https://cdn.collegefootballdata.com/logos-dark/64/259.png', 'https://cdn.collegefootballdata.com/logos/48/259.png', 'https://cdn.collegefootballdata.com/logos-dark/48/259.png', 'https://cdn.collegefootballdata.com/logos/32/259.png', 'https://cdn.collegefootballdata.com/logos-dark/32/259.png', 'https://cdn.collegefootballdata.com/logos/16/259.png', 'https://cdn.collegefootballdata.com/logos-dark/16/259.png']",@VT_Football,3799.0,Lane Stadium,Blacksburg,VA,24061,US,America/New_York,37.2199873,-80.4180643,632.2631226,65632.0,1965.0,True,False
2676,Virginia Union,Panthers,VUU,"['VUU', 'Virginia Union']",CIAA,Northern,ii,#000000,#null,"['https://cdn.collegefootballdata.com/logos/500/2676.png', 'https://cdn.collegefootballdata.com/logos-dark/500/2676.png', 'https://cdn.collegefootballdata.com/logos/256/2676.png', 'https://cdn.collegefootballdata.com/logos-dark/256/2676.png', 'https://cdn.collegefootballdata.com/logos/128/2676.png', 'https://cdn.collegefootballdata.com/logos-dark/128/2676.png', 'https://cdn.collegefootballdata.com/logos/96/2676.png', 'https://cdn.collegefootballdata.com/logos-dark/96/2676.png', 'https://cdn.collegefootballdata.com/logos/64/2676.png', 'https://cdn.collegefootballdata.com/logos-dark/64/2676.png', 'https://cdn.collegefootballdata.com/logos/48/2676.png', 'https://cdn.collegefootballdata.com/logos-dark/48/2676.png', 'https://cdn.collegefootballdata.com/logos/32/2676.png', 'https://cdn.collegefootballdata.com/logos-dark/32/2676.png', 'https://cdn.collegefootballdata.com/logos/16/2676.png', 'https://cdn.collegefootballdata.com/logos-dark/16/2676.png']",,6032.0,Hovey Field,Richmond,VA,23298,US,,37.5385087,-77.43428,,10000.0,,,False
2678,VMI,Keydets,VMI,"['Virginia Military Institute', 'VMI', 'VMI']",Southern,,fcs,#ae122a,#ffd619,"['https://cdn.collegefootballdata.com/logos/500/2678.png', 'https://cdn.collegefootballdata.com/logos-dark/500/2678.png', 'https://cdn.collegefootballdata.com/logos/256/2678.png', 'https://cdn.collegefootballdata.com/logos-dark/256/2678.png', 'https://cdn.collegefootballdata.com/logos/128/2678.png', 'https://cdn.collegefootballdata.com/logos-dark/128/2678.png', 'https://cdn.collegefootballdata.com/logos/96/2678.png', 'https://cdn.collegefootballdata.com/logos-dark/96/2678.png', 'https://cdn.collegefootballdata.com/logos/64/2678.png', 'https://cdn.collegefootballdata.com/logos-dark/64/2678.png', 'https://cdn.collegefootballdata.com/logos/48/2678.png', 'https://cdn.collegefootballdata.com/logos-dark/48/2678.png', 'https://cdn.collegefootballdata.com/logos/32/2678.png', 'https://cdn.collegefootballdata.com/logos-dark/32/2678.png', 'https://cdn.collegefootballdata.com/logos/16/2678.png', 'https://cdn.collegefootballdata.com/logos-dark/16/2678.png']",@VMI_Football,3597.0,Alumni Memorial Field,Lexington,VA,24450,US,America/New_York,37.788983,-79.43505,294.958252,10000.0,1962.0,True,False
89,Wabash,Little Giants,WAB,"['Wabash', 'WAB', 'Wabash']",North Coast,,iii,#000000,#null,"['https://cdn.collegefootballdata.com/logos/500/89.png', 'https://cdn.collegefootballdata.com/logos-dark/500/89.png', 'https://cdn.collegefootballdata.com/logos/256/89.png', 'https://cdn.collegefootballdata.com/logos-dark/256/89.png', 'https://cdn.collegefootballdata.com/logos/128/89.png', 'https://cdn.collegefootballdata.com/logos-dark/128/89.png', 'https://cdn.collegefootballdata.com/logos/96/89.png', 'https://cdn.collegefootballdata.com/logos-dark/96/89.png', 'https://cdn.collegefootballdata.com/logos/64/89.png', 'https://cdn.collegefootballdata.com/logos-dark/64/89.png', 'https://cdn.collegefootballdata.com/logos/48/89.png', 'https://cdn.collegefootballdata.com/logos-dark/48/89.png', 'https://cdn.collegefootballdata.com/logos/32/89.png', 'https://cdn.collegefootballdata.com/logos-dark/32/89.png', 'https://cdn.collegefootballdata.com/logos/16/89.png', 'https://cdn.collegefootballdata.com/logos-dark/16/89.png']",,5123.0,Little Giant Stadium,Crawfordsville,IN,47933,US,,40.0401991,-86.8990249,,3500.0,,,False
2681,Wagner,Seahawks,WAG,"['WAG', 'Wagner']",NEC,,fcs,#00483A,#ffffff,"['https://cdn.collegefootballdata.com/logos/500/2681.png', 'https://cdn.collegefootballdata.com/logos-dark/500/2681.png', 'https://cdn.collegefootballdata.com/logos/256/2681.png', 'https://cdn.collegefootballdata.com/logos-dark/256/2681.png', 'https://cdn.collegefootballdata.com/logos/128/2681.png', 'https://cdn.collegefootballdata.com/logos-dark/128/2681.png', 'https://cdn.collegefootballdata.com/logos/96/2681.png', 'https://cdn.collegefootballdata.com/logos-dark/96/2681.png', 'https://cdn.collegefootballdata.com/logos/64/2681.png', 'https://cdn.collegefootballdata.com/logos-dark/64/2681.png', 'https://cdn.collegefootballdata.com/logos/48/2681.png', 'https://cdn.collegefootballdata.com/logos-dark/48/2681.png', 'https://cdn.collegefootballdata.com/logos/32/2681.png', 'https://cdn.collegefootballdata.com/logos-dark/32/2681.png', 'https://cdn.collegefootballdata.com/logos/16/2681.png', 'https://cdn.collegefootballdata.com/logos-dark/16/2681.png']",@Wagner_Football,3979.0,Wagner College Stadium,Staten Island,NY,10301,US,America/New_York,40.614688,-74.090639,63.39014053,3300.0,1967.0,False,False
154,Wake Forest,Demon Deacons,WAKE,"['WAKE', 'Wake Forest']",ACC,,fbs,#ceb888,#2c2a29,"['https://cdn.collegefootballdata.com/logos/500/154.png', 'https://cdn.collegefootballdata.com/logos-dark/500/154.png', 'https://cdn.collegefootballdata.com/logos/256/154.png', 'https://cdn.collegefootballdata.com/logos-dark/256/154.png', 'https://cdn.collegefootballdata.com/logos/128/154.png', 'https://cdn.collegefootballdata.com/logos-dark/128/154.png', 'https://cdn.collegefootballdata.com/logos/96/154.png', 'https://cdn.collegefootballdata.com/logos-dark/96/154.png', 'https://cdn.collegefootballdata.com/logos/64/154.png', 'https://cdn.collegefootballdata.com/logos-dark/64/154.png', 'https://cdn.collegefootballdata.com/logos/48/154.png', 'https://cdn.collegefootballdata.com/logos-dark/48/154.png', 'https://cdn.collegefootballdata.com/logos/32/154.png', 'https://cdn.collegefootballdata.com/logos-dark/32/154.png', 'https://cdn.collegefootballdata.com/logos/16/154.png', 'https://cdn.collegefootballdata.com/logos-dark/16/154.png']",@WakeFB,3630.0,Allegacy Federal Credit Union Stadium,Winston-Salem,NC,27105,US,America/New_York,36.1305507,-80.2545851,283.548584,31500.0,1968.0,False,False
3080,Waldorf,Warriors,WLDF,"['WLDF', 'Waldorf']",,,,#000000,#null,[],,,,,,,,,,,,,,,
2682,Walsh,Cavaliers,WLSH,"['WLSH', 'Walsh']",Great Midwest Athletic,,ii,#000000,#null,[],,3718.0,Tom Benson Hall of Fame Stadium,Canton,OH,,US,,40.7985464,-81.3749508,,23000.0,,,False
2683,Warner,Royals,WRNR,"['WRNR', 'Warner']",,,,#null,#null,[],,,,,,,,,,,,,,,
1001097,Warner University,,,[],,,,#null,#null,,,,,,,,,,,,,,,,
2685,Wartburg,Knights,WTBG,"['WTBG', 'Wartburg']",American Rivers,,iii,#f5822b,#000000,"['https://cdn.collegefootballdata.com/logos/500/2685.png', 'https://cdn.collegefootballdata.com/logos-dark/500/2685.png', 'https://cdn.collegefootballdata.com/logos/256/2685.png', 'https://cdn.collegefootballdata.com/logos-dark/256/2685.png', 'https://cdn.collegefootballdata.com/logos/128/2685.png', 'https://cdn.collegefootballdata.com/logos-dark/128/2685.png', 'https://cdn.collegefootballdata.com/logos/96/2685.png', 'https://cdn.collegefootballdata.com/logos-dark/96/2685.png', 'https://cdn.collegefootballdata.com/logos/64/2685.png', 'https://cdn.collegefootballdata.com/logos-dark/64/2685.png', 'https://cdn.collegefootballdata.com/logos/48/2685.png', 'https://cdn.collegefootballdata.com/logos-dark/48/2685.png', 'https://cdn.collegefootballdata.com/logos/32/2685.png', 'https://cdn.collegefootballdata.com/logos-dark/32/2685.png', 'https://cdn.collegefootballdata.com/logos/16/2685.png', 'https://cdn.collegefootballdata.com/logos-dark/16/2685.png']",,6137.0,Walston-Hoover Stadium,Waverly,IA,50677,US,,42.7258451,-92.4746033,,4000.0,,,False
2687,Washburn,Ichabods,WSBN,"['WSBN', 'Washburn']",Mid America,,ii,#000000,#null,"['https://cdn.collegefootballdata.com/logos/500/2687.png', 'https://cdn.collegefootballdata.com/logos-dark/500/2687.png', 'https://cdn.collegefootballdata.com/logos/256/2687.png', 'https://cdn.collegefootballdata.com/logos-dark/256/2687.png', 'https://cdn.collegefootballdata.com/logos/128/2687.png', 'https://cdn.collegefootballdata.com/logos-dark/128/2687.png', 'https://cdn.collegefootballdata.com/logos/96/2687.png', 'https://cdn.collegefootballdata.com/logos-dark/96/2687.png', 'https://cdn.collegefootballdata.com/logos/64/2687.png', 'https://cdn.collegefootballdata.com/logos-dark/64/2687.png', 'https://cdn.collegefootballdata.com/logos/48/2687.png', 'https://cdn.collegefootballdata.com/logos-dark/48/2687.png', 'https://cdn.collegefootballdata.com/logos/32/2687.png', 'https://cdn.collegefootballdata.com/logos-dark/32/2687.png', 'https://cdn.collegefootballdata.com/logos/16/2687.png', 'https://cdn.collegefootballdata.com/logos-dark/16/2687.png']",,6034.0,Yager Stadium at Moore Bowl,Topeka,KS,66603,US,,39.049011,-95.677556,,7200.0,,,False
264,Washington,Huskies,WASH,"['WASH', 'Washington']",Big Ten,,fbs,#33006f,#e8d3a2,"['https://cdn.collegefootballdata.com/logos/500/264.png', 'https://cdn.collegefootballdata.com/logos-dark/500/264.png', 'https://cdn.collegefootballdata.com/logos/256/264.png', 'https://cdn.collegefootballdata.com/logos-dark/256/264.png', 'https://cdn.collegefootballdata.com/logos/128/264.png', 'https://cdn.collegefootballdata.com/logos-dark/128/264.png', 'https://cdn.collegefootballdata.com/logos/96/264.png', 'https://cdn.collegefootballdata.com/logos-dark/96/264.png', 'https://cdn.collegefootballdata.com/logos/64/264.png', 'https://cdn.collegefootballdata.com/logos-dark/64/264.png', 'https://cdn.collegefootballdata.com/logos/48/264.png', 'https://cdn.collegefootballdata.com/logos-dark/48/264.png', 'https://cdn.collegefootballdata.com/logos/32/264.png', 'https://cdn.collegefootballdata.com/logos-dark/32/264.png', 'https://cdn.collegefootballdata.com/logos/16/264.png', 'https://cdn.collegefootballdata.com/logos-dark/16/264.png']",@UW_Football,3765.0,Husky Stadium,Seattle,WA,98195,US,America/Los_Angeles,47.6503235,-122.3015746,11.65622807,70138.0,1920.0,False,False
2688,Washington and Lee,Generals,W&L,"['W&L', 'Wash and Lee']",Old Dominion,,iii,#000399,#d8d8d8,"['https://cdn.collegefootballdata.com/logos/500/2688.png', 'https://cdn.collegefootballdata.com/logos-dark/500/2688.png', 'https://cdn.collegefootballdata.com/logos/256/2688.png', 'https://cdn.collegefootballdata.com/logos-dark/256/2688.png', 'https://cdn.collegefootballdata.com/logos/128/2688.png', 'https://cdn.collegefootballdata.com/logos-dark/128/2688.png', 'https://cdn.collegefootballdata.com/logos/96/2688.png', 'https://cdn.collegefootballdata.com/logos-dark/96/2688.png', 'https://cdn.collegefootballdata.com/logos/64/2688.png', 'https://cdn.collegefootballdata.com/logos-dark/64/2688.png', 'https://cdn.collegefootballdata.com/logos/48/2688.png', 'https://cdn.collegefootballdata.com/logos-dark/48/2688.png', 'https://cdn.collegefootballdata.com/logos/32/2688.png', 'https://cdn.collegefootballdata.com/logos-dark/32/2688.png', 'https://cdn.collegefootballdata.com/logos/16/2688.png', 'https://cdn.collegefootballdata.com/logos-dark/16/2688.png']",,6138.0,Wilson Field,Lexington,VA,22936,US,,37.7840208,-79.4428157,,4000.0,,,False
2686,Washington & Jefferson,Presidents,W&J,"['W&J', 'Wash & Jeff']",Presidents',,iii,#000000,#null,"['https://cdn.collegefootballdata.com/logos/500/2686.png', 'https://cdn.collegefootballdata.com/logos-dark/500/2686.png', 'https://cdn.collegefootballdata.com/logos/256/2686.png', 'https://cdn.collegefootballdata.com/logos-dark/256/2686.png', 'https://cdn.collegefootballdata.com/logos/128/2686.png', 'https://cdn.collegefootballdata.com/logos-dark/128/2686.png', 'https://cdn.collegefootballdata.com/logos/96/2686.png', 'https://cdn.collegefootballdata.com/logos-dark/96/2686.png', 'https://cdn.collegefootballdata.com/logos/64/2686.png', 'https://cdn.collegefootballdata.com/logos-dark/64/2686.png', 'https://cdn.collegefootballdata.com/logos/48/2686.png', 'https://cdn.collegefootballdata.com/logos-dark/48/2686.png', 'https://cdn.collegefootballdata.com/logos/32/2686.png', 'https://cdn.collegefootballdata.com/logos-dark/32/2686.png', 'https://cdn.collegefootballdata.com/logos/16/2686.png', 'https://cdn.collegefootballdata.com/logos-dark/16/2686.png']",,6139.0,Cameron Stadium,Washington,PA,15301,US,,31.3991238,-88.2019828,,3500.0,,,False
265,Washington State,Cougars,WSU,"['WSU', 'Washington St']",Pac-12,,fbs,#a60f2d,#4d4d4d,"['https://cdn.collegefootballdata.com/logos/500/265.png', 'https://cdn.collegefootballdata.com/logos-dark/500/265.png', 'https://cdn.collegefootballdata.com/logos/256/265.png', 'https://cdn.collegefootballdata.com/logos-dark/256/265.png', 'https://cdn.collegefootballdata.com/logos/128/265.png', 'https://cdn.collegefootballdata.com/logos-dark/128/265.png', 'https://cdn.collegefootballdata.com/logos/96/265.png', 'https://cdn.collegefootballdata.com/logos-dark/96/265.png', 'https://cdn.collegefootballdata.com/logos/64/265.png', 'https://cdn.collegefootballdata.com/logos-dark/64/265.png', 'https://cdn.collegefootballdata.com/logos/48/265.png', 'https://cdn.collegefootballdata.com/logos-dark/48/265.png', 'https://cdn.collegefootballdata.com/logos/32/265.png', 'https://cdn.collegefootballdata.com/logos-dark/32/265.png', 'https://cdn.collegefootballdata.com/logos/16/265.png', 'https://cdn.collegefootballdata.com/logos-dark/16/265.png']",@WSUCougarFB,3820.0,Gesa Field,Pullman,WA,99164,US,America/Los_Angeles,46.731831,-117.1604991,773.9526367,32952.0,1972.0,False,False
143,Washington St. Louis,Bears,WUMO,"['WUMO', 'Wash St Louis']",North Coast,,iii,#000000,#null,"['https://cdn.collegefootballdata.com/logos/500/143.png', 'https://cdn.collegefootballdata.com/logos-dark/500/143.png', 'https://cdn.collegefootballdata.com/logos/256/143.png', 'https://cdn.collegefootballdata.com/logos-dark/256/143.png', 'https://cdn.collegefootballdata.com/logos/128/143.png', 'https://cdn.collegefootballdata.com/logos-dark/128/143.png', 'https://cdn.collegefootballdata.com/logos/96/143.png', 'https://cdn.collegefootballdata.com/logos-dark/96/143.png', 'https://cdn.collegefootballdata.com/logos/64/143.png', 'https://cdn.collegefootballdata.com/logos-dark/64/143.png', 'https://cdn.collegefootballdata.com/logos/48/143.png', 'https://cdn.collegefootballdata.com/logos-dark/48/143.png', 'https://cdn.collegefootballdata.com/logos/32/143.png', 'https://cdn.collegefootballdata.com/logos-dark/32/143.png', 'https://cdn.collegefootballdata.com/logos/16/143.png', 'https://cdn.collegefootballdata.com/logos-dark/16/143.png']",,5897.0,Francis Field (MO),Saint Louis,MO,63103,US,,38.6264256,-90.1995853,,4000.0,,,False
630,Wayland Baptist,Pioneers,WYBU,"['WYBU', 'Wylnd Baptist']",,,,#null,#null,[],,,,,,,,,,,,,,,
2845,Waynesburg,Yellow Jackets,WAYN,"['WAYN', 'Waynesburg']",Presidents',,iii,#000000,#null,"['https://cdn.collegefootballdata.com/logos/500/2845.png', 'https://cdn.collegefootballdata.com/logos-dark/500/2845.png', 'https://cdn.collegefootballdata.com/logos/256/2845.png', 'https://cdn.collegefootballdata.com/logos-dark/256/2845.png', 'https://cdn.collegefootballdata.com/logos/128/2845.png', 'https://cdn.collegefootballdata.com/logos-dark/128/2845.png', 'https://cdn.collegefootballdata.com/logos/96/2845.png', 'https://cdn.collegefootballdata.com/logos-dark/96/2845.png', 'https://cdn.collegefootballdata.com/logos/64/2845.png', 'https://cdn.collegefootballdata.com/logos-dark/64/2845.png', 'https://cdn.collegefootballdata.com/logos/48/2845.png', 'https://cdn.collegefootballdata.com/logos-dark/48/2845.png', 'https://cdn.collegefootballdata.com/logos/32/2845.png', 'https://cdn.collegefootballdata.com/logos-dark/32/2845.png', 'https://cdn.collegefootballdata.com/logos/16/2845.png', 'https://cdn.collegefootballdata.com/logos-dark/16/2845.png']",,6140.0,John F. Wiley Stadium,Waynesburg,PA,,US,,39.8964641,-80.1792299,,4000.0,,,False
1001070,Wayne State College,,,[],,,,#null,#null,,,,,,,,,,,,,,,,
131,Wayne State (MI),Warriors,WSMI,"['WSMI', 'Wayne St (MI)']",GLIAC,,ii,#000000,#null,"['https://cdn.collegefootballdata.com/logos/500/131.png', 'https://cdn.collegefootballdata.com/logos-dark/500/131.png', 'https://cdn.collegefootballdata.com/logos/256/131.png', 'https://cdn.collegefootballdata.com/logos-dark/256/131.png', 'https://cdn.collegefootballdata.com/logos/128/131.png', 'https://cdn.collegefootballdata.com/logos-dark/128/131.png', 'https://cdn.collegefootballdata.com/logos/96/131.png', 'https://cdn.collegefootballdata.com/logos-dark/96/131.png', 'https://cdn.collegefootballdata.com/logos/64/131.png', 'https://cdn.collegefootballdata.com/logos-dark/64/131.png', 'https://cdn.collegefootballdata.com/logos/48/131.png', 'https://cdn.collegefootballdata.com/logos-dark/48/131.png', 'https://cdn.collegefootballdata.com/logos/32/131.png', 'https://cdn.collegefootballdata.com/logos-dark/32/131.png', 'https://cdn.collegefootballdata.com/logos/16/131.png', 'https://cdn.collegefootballdata.com/logos-dark/16/131.png']",,3600.0,Tom Adams Field,Detroit,MI,48207,US,,42.3315509,-83.0466403,,6439.0,,,False
2844,Wayne State (NE),Wildcats,WSNE,"['WSNE', 'Wayne St (NE)']",Northern Sun,,ii,#000000,#null,"['https://cdn.collegefootballdata.com/logos/500/2844.png', 'https://cdn.collegefootballdata.com/logos-dark/500/2844.png', 'https://cdn.collegefootballdata.com/logos/256/2844.png', 'https://cdn.collegefootballdata.com/logos-dark/256/2844.png', 'https://cdn.collegefootballdata.com/logos/128/2844.png', 'https://cdn.collegefootballdata.com/logos-dark/128/2844.png', 'https://cdn.collegefootballdata.com/logos/96/2844.png', 'https://cdn.collegefootballdata.com/logos-dark/96/2844.png', 'https://cdn.collegefootballdata.com/logos/64/2844.png', 'https://cdn.collegefootballdata.com/logos-dark/64/2844.png', 'https://cdn.collegefootballdata.com/logos/48/2844.png', 'https://cdn.collegefootballdata.com/logos-dark/48/2844.png', 'https://cdn.collegefootballdata.com/logos/32/2844.png', 'https://cdn.collegefootballdata.com/logos-dark/32/2844.png', 'https://cdn.collegefootballdata.com/logos/16/2844.png', 'https://cdn.collegefootballdata.com/logos-dark/16/2844.png']",,6035.0,"Memorial Stadium (Wayne, NE)",Wayne,NE,68787,US,,42.1941294,-97.169623,,2500.0,,,False
2691,Webber International,Warriors,WINT,"['WINT', ""Webber Int'l""]",,,,#bf2f38,#909090,[],,,,,,,,,,,,,,,
2692,Weber State,Wildcats,WEB,"['WEB', 'Weber St']",Big Sky,,fcs,#18005a,#ebebeb,"['https://cdn.collegefootballdata.com/logos/500/2692.png', 'https://cdn.collegefootballdata.com/logos-dark/500/2692.png', 'https://cdn.collegefootballdata.com/logos/256/2692.png', 'https://cdn.collegefootballdata.com/logos-dark/256/2692.png', 'https://cdn.collegefootballdata.com/logos/128/2692.png', 'https://cdn.collegefootballdata.com/logos-dark/128/2692.png', 'https://cdn.collegefootballdata.com/logos/96/2692.png', 'https://cdn.collegefootballdata.com/logos-dark/96/2692.png', 'https://cdn.collegefootballdata.com/logos/64/2692.png', 'https://cdn.collegefootballdata.com/logos-dark/64/2692.png', 'https://cdn.collegefootballdata.com/logos/48/2692.png', 'https://cdn.collegefootballdata.com/logos-dark/48/2692.png', 'https://cdn.collegefootballdata.com/logos/32/2692.png', 'https://cdn.collegefootballdata.com/logos-dark/32/2692.png', 'https://cdn.collegefootballdata.com/logos/16/2692.png', 'https://cdn.collegefootballdata.com/logos-dark/16/2692.png']",@WeberStateFB,3942.0,Stewart Stadium,Ogden,UT,84408,US,America/Denver,41.1918741,-111.9401391,1451.553711,17500.0,1966.0,False,False
336,Wesleyan (CT),Cardinals,WSCT,"['Wesleyan', 'WSCT', 'Wesleyan (CT)']",NESCAC,,iii,#d72121,#000000,"['https://cdn.collegefootballdata.com/logos/500/336.png', 'https://cdn.collegefootballdata.com/logos-dark/500/336.png', 'https://cdn.collegefootballdata.com/logos/256/336.png', 'https://cdn.collegefootballdata.com/logos-dark/256/336.png', 'https://cdn.collegefootballdata.com/logos/128/336.png', 'https://cdn.collegefootballdata.com/logos-dark/128/336.png', 'https://cdn.collegefootballdata.com/logos/96/336.png', 'https://cdn.collegefootballdata.com/logos-dark/96/336.png', 'https://cdn.collegefootballdata.com/logos/64/336.png', 'https://cdn.collegefootballdata.com/logos-dark/64/336.png', 'https://cdn.collegefootballdata.com/logos/48/336.png', 'https://cdn.collegefootballdata.com/logos-dark/48/336.png', 'https://cdn.collegefootballdata.com/logos/32/336.png', 'https://cdn.collegefootballdata.com/logos-dark/32/336.png', 'https://cdn.collegefootballdata.com/logos/16/336.png', 'https://cdn.collegefootballdata.com/logos-dark/16/336.png']",,6141.0,Corwin Stadium,Middletown,CT,,US,,41.5623178,-72.6509061,,3000.0,,,False
2846,Wesley College,Wolverines,WES,"['WES', 'Wesley College']",,,,#000000,#null,[],,,,,,,,,,,,,,,
3147,West,All-Stars,WEST,"['WEST', 'West']",,,,#000000,#null,,,,,,,,,,,,,,,,
2695,West Alabama,Tigers,UWA,"['UWA', 'West Alabama']",Gulf South,,ii,#d31d33,#ffffff,"['https://cdn.collegefootballdata.com/logos/500/2695.png', 'https://cdn.collegefootballdata.com/logos-dark/500/2695.png', 'https://cdn.collegefootballdata.com/logos/256/2695.png', 'https://cdn.collegefootballdata.com/logos-dark/256/2695.png', 'https://cdn.collegefootballdata.com/logos/128/2695.png', 'https://cdn.collegefootballdata.com/logos-dark/128/2695.png', 'https://cdn.collegefootballdata.com/logos/96/2695.png', 'https://cdn.collegefootballdata.com/logos-dark/96/2695.png', 'https://cdn.collegefootballdata.com/logos/64/2695.png', 'https://cdn.collegefootballdata.com/logos-dark/64/2695.png', 'https://cdn.collegefootballdata.com/logos/48/2695.png', 'https://cdn.collegefootballdata.com/logos-dark/48/2695.png', 'https://cdn.collegefootballdata.com/logos/32/2695.png', 'https://cdn.collegefootballdata.com/logos-dark/32/2695.png', 'https://cdn.collegefootballdata.com/logos/16/2695.png', 'https://cdn.collegefootballdata.com/logos-dark/16/2695.png']",,3957.0,Tiger Stadium (AL),Livingston,AL,35470,US,,32.5843026,-88.1872474,,7000.0,,,False
223,West Chester,Golden Rams,WCHT,"['WCHT', 'West Chester']",Pennsylvania State Athletic,Eastern,ii,#000000,#null,"['https://cdn.collegefootballdata.com/logos/500/223.png', 'https://cdn.collegefootballdata.com/logos-dark/500/223.png', 'https://cdn.collegefootballdata.com/logos/256/223.png', 'https://cdn.collegefootballdata.com/logos-dark/256/223.png', 'https://cdn.collegefootballdata.com/logos/128/223.png', 'https://cdn.collegefootballdata.com/logos-dark/128/223.png', 'https://cdn.collegefootballdata.com/logos/96/223.png', 'https://cdn.collegefootballdata.com/logos-dark/96/223.png', 'https://cdn.collegefootballdata.com/logos/64/223.png', 'https://cdn.collegefootballdata.com/logos-dark/64/223.png', 'https://cdn.collegefootballdata.com/logos/48/223.png', 'https://cdn.collegefootballdata.com/logos-dark/48/223.png', 'https://cdn.collegefootballdata.com/logos/32/223.png', 'https://cdn.collegefootballdata.com/logos-dark/32/223.png', 'https://cdn.collegefootballdata.com/logos/16/223.png', 'https://cdn.collegefootballdata.com/logos-dark/16/223.png']",,4427.0,John A. Farrell Stadium,West Chester,PA,19383,US,,39.9597213,-75.6059638,,7500.0,,,False
2717,Western Carolina,Catamounts,WCU,"['WCU', 'W Carolina']",Southern,,fcs,#492F91,#bf9e70,"['https://cdn.collegefootballdata.com/logos/500/2717.png', 'https://cdn.collegefootballdata.com/logos-dark/500/2717.png', 'https://cdn.collegefootballdata.com/logos/256/2717.png', 'https://cdn.collegefootballdata.com/logos-dark/256/2717.png', 'https://cdn.collegefootballdata.com/logos/128/2717.png', 'https://cdn.collegefootballdata.com/logos-dark/128/2717.png', 'https://cdn.collegefootballdata.com/logos/96/2717.png', 'https://cdn.collegefootballdata.com/logos-dark/96/2717.png', 'https://cdn.collegefootballdata.com/logos/64/2717.png', 'https://cdn.collegefootballdata.com/logos-dark/64/2717.png', 'https://cdn.collegefootballdata.com/logos/48/2717.png', 'https://cdn.collegefootballdata.com/logos-dark/48/2717.png', 'https://cdn.collegefootballdata.com/logos/32/2717.png', 'https://cdn.collegefootballdata.com/logos-dark/32/2717.png', 'https://cdn.collegefootballdata.com/logos/16/2717.png', 'https://cdn.collegefootballdata.com/logos-dark/16/2717.png']",@WCU_FB,3704.0,E. J. Whitmire Stadium,Cullowhee,NC,28723,US,America/New_York,35.3048352,-83.1818148,653.8632813,13742.0,1974.0,False,False
2714,Western Colorado,Mountaineers,WCOL,"['WCOL', 'W Colorado']",Rocky Mountain,,ii,#000000,#null,"['https://cdn.collegefootballdata.com/logos/500/2714.png', 'https://cdn.collegefootballdata.com/logos-dark/500/2714.png', 'https://cdn.collegefootballdata.com/logos/256/2714.png', 'https://cdn.collegefootballdata.com/logos-dark/256/2714.png', 'https://cdn.collegefootballdata.com/logos/128/2714.png', 'https://cdn.collegefootballdata.com/logos-dark/128/2714.png', 'https://cdn.collegefootballdata.com/logos/96/2714.png', 'https://cdn.collegefootballdata.com/logos-dark/96/2714.png', 'https://cdn.collegefootballdata.com/logos/64/2714.png', 'https://cdn.collegefootballdata.com/logos-dark/64/2714.png', 'https://cdn.collegefootballdata.com/logos/48/2714.png', 'https://cdn.collegefootballdata.com/logos-dark/48/2714.png', 'https://cdn.collegefootballdata.com/logos/32/2714.png', 'https://cdn.collegefootballdata.com/logos-dark/32/2714.png', 'https://cdn.collegefootballdata.com/logos/16/2714.png', 'https://cdn.collegefootballdata.com/logos-dark/16/2714.png']",,5782.0,Mountaineer Bowl,Gunnison,CO,81230,US,,38.6476702,-107.0603126,,4000.0,,,False
1001080,Western Connecticut State,,,[],,,,#null,#null,,,,,,,,,,,,,,,,
2843,Western Connecticut State,Wolves,WCSU,"['WCSU', 'WestConn']",Landmark Conference,,iii,#002857,#ffffff,"['https://cdn.collegefootballdata.com/logos/500/2843.png', 'https://cdn.collegefootballdata.com/logos-dark/500/2843.png', 'https://cdn.collegefootballdata.com/logos/256/2843.png', 'https://cdn.collegefootballdata.com/logos-dark/256/2843.png', 'https://cdn.collegefootballdata.com/logos/128/2843.png', 'https://cdn.collegefootballdata.com/logos-dark/128/2843.png', 'https://cdn.collegefootballdata.com/logos/96/2843.png', 'https://cdn.collegefootballdata.com/logos-dark/96/2843.png', 'https://cdn.collegefootballdata.com/logos/64/2843.png', 'https://cdn.collegefootballdata.com/logos-dark/64/2843.png', 'https://cdn.collegefootballdata.com/logos/48/2843.png', 'https://cdn.collegefootballdata.com/logos-dark/48/2843.png', 'https://cdn.collegefootballdata.com/logos/32/2843.png', 'https://cdn.collegefootballdata.com/logos-dark/32/2843.png', 'https://cdn.collegefootballdata.com/logos/16/2843.png', 'https://cdn.collegefootballdata.com/logos-dark/16/2843.png']",,6142.0,Westside Athletic Complex,Danbury,CT,06811,US,America/New_York,41.394817,-73.4540111,126,2500.0,2003.0,False,False
2710,Western Illinois,Leathernecks,WIU,"['WIU', 'W Illinois']",OVC,,fcs,#4e1e8a,#ffc90a,"['https://cdn.collegefootballdata.com/logos/500/2710.png', 'https://cdn.collegefootballdata.com/logos-dark/500/2710.png', 'https://cdn.collegefootballdata.com/logos/256/2710.png', 'https://cdn.collegefootballdata.com/logos-dark/256/2710.png', 'https://cdn.collegefootballdata.com/logos/128/2710.png', 'https://cdn.collegefootballdata.com/logos-dark/128/2710.png', 'https://cdn.collegefootballdata.com/logos/96/2710.png', 'https://cdn.collegefootballdata.com/logos-dark/96/2710.png', 'https://cdn.collegefootballdata.com/logos/64/2710.png', 'https://cdn.collegefootballdata.com/logos-dark/64/2710.png', 'https://cdn.collegefootballdata.com/logos/48/2710.png', 'https://cdn.collegefootballdata.com/logos-dark/48/2710.png', 'https://cdn.collegefootballdata.com/logos/32/2710.png', 'https://cdn.collegefootballdata.com/logos-dark/32/2710.png', 'https://cdn.collegefootballdata.com/logos/16/2710.png', 'https://cdn.collegefootballdata.com/logos-dark/16/2710.png']",@WIUFootball,3746.0,Hanson Field,Macomb,IL,61455,US,America/Chicago,40.4683928,-90.6841248,192.8755646,16368.0,1950.0,False,False
98,Western Kentucky,Hilltoppers,WKU,"['WKU', 'Western KY']",Conference USA,,fbs,#c60c30,#ffffff,"['https://cdn.collegefootballdata.com/logos/500/98.png', 'https://cdn.collegefootballdata.com/logos-dark/500/98.png', 'https://cdn.collegefootballdata.com/logos/256/98.png', 'https://cdn.collegefootballdata.com/logos-dark/256/98.png', 'https://cdn.collegefootballdata.com/logos/128/98.png', 'https://cdn.collegefootballdata.com/logos-dark/128/98.png', 'https://cdn.collegefootballdata.com/logos/96/98.png', 'https://cdn.collegefootballdata.com/logos-dark/96/98.png', 'https://cdn.collegefootballdata.com/logos/64/98.png', 'https://cdn.collegefootballdata.com/logos-dark/64/98.png', 'https://cdn.collegefootballdata.com/logos/48/98.png', 'https://cdn.collegefootballdata.com/logos-dark/48/98.png', 'https://cdn.collegefootballdata.com/logos/32/98.png', 'https://cdn.collegefootballdata.com/logos-dark/32/98.png', 'https://cdn.collegefootballdata.com/logos/16/98.png', 'https://cdn.collegefootballdata.com/logos-dark/16/98.png']",@WKUFootball,3796.0,Houchens Industries-L.T. Smith Stadium,Bowling Green,KY,42101,US,America/Chicago,36.9847901,-86.4594041,154.4346619,22113.0,1968.0,False,False
2711,Western Michigan,Broncos,WMU,"['WMU', 'W Michigan']",Mid-American,,fbs,#532e1f,#f1c500,"['https://cdn.collegefootballdata.com/logos/500/2711.png', 'https://cdn.collegefootballdata.com/logos-dark/500/2711.png', 'https://cdn.collegefootballdata.com/logos/256/2711.png', 'https://cdn.collegefootballdata.com/logos-dark/256/2711.png', 'https://cdn.collegefootballdata.com/logos/128/2711.png', 'https://cdn.collegefootballdata.com/logos-dark/128/2711.png', 'https://cdn.collegefootballdata.com/logos/96/2711.png', 'https://cdn.collegefootballdata.com/logos-dark/96/2711.png', 'https://cdn.collegefootballdata.com/logos/64/2711.png', 'https://cdn.collegefootballdata.com/logos-dark/64/2711.png', 'https://cdn.collegefootballdata.com/logos/48/2711.png', 'https://cdn.collegefootballdata.com/logos-dark/48/2711.png', 'https://cdn.collegefootballdata.com/logos/32/2711.png', 'https://cdn.collegefootballdata.com/logos-dark/32/2711.png', 'https://cdn.collegefootballdata.com/logos/16/2711.png', 'https://cdn.collegefootballdata.com/logos-dark/16/2711.png']",@WMU_Football,3980.0,Waldo Stadium,Kalamazoo,MI,49008,US,America/Detroit,42.2860064,-85.6007573,243.8211212,30200.0,1939.0,False,False
2702,Western New England,Golden Bears,WNE,"['WNE', 'W New England']",Commonwealth Coast,,iii,#000000,#null,"['https://cdn.collegefootballdata.com/logos/500/2702.png', 'https://cdn.collegefootballdata.com/logos-dark/500/2702.png', 'https://cdn.collegefootballdata.com/logos/256/2702.png', 'https://cdn.collegefootballdata.com/logos-dark/256/2702.png', 'https://cdn.collegefootballdata.com/logos/128/2702.png', 'https://cdn.collegefootballdata.com/logos-dark/128/2702.png', 'https://cdn.collegefootballdata.com/logos/96/2702.png', 'https://cdn.collegefootballdata.com/logos-dark/96/2702.png', 'https://cdn.collegefootballdata.com/logos/64/2702.png', 'https://cdn.collegefootballdata.com/logos-dark/64/2702.png', 'https://cdn.collegefootballdata.com/logos/48/2702.png', 'https://cdn.collegefootballdata.com/logos-dark/48/2702.png', 'https://cdn.collegefootballdata.com/logos/32/2702.png', 'https://cdn.collegefootballdata.com/logos-dark/32/2702.png', 'https://cdn.collegefootballdata.com/logos/16/2702.png', 'https://cdn.collegefootballdata.com/logos-dark/16/2702.png']",,6143.0,Golden Bear Stadium,Springfield,MA,56087,US,,42.1018764,-72.5886727,,1500.0,,,False
2703,Western New Mexico,Mustangs,WNMU,"['WNMU', 'Western NM']",Lone Star,,ii,#000000,#null,"['https://cdn.collegefootballdata.com/logos/500/2703.png', 'https://cdn.collegefootballdata.com/logos-dark/500/2703.png', 'https://cdn.collegefootballdata.com/logos/256/2703.png', 'https://cdn.collegefootballdata.com/logos-dark/256/2703.png', 'https://cdn.collegefootballdata.com/logos/128/2703.png', 'https://cdn.collegefootballdata.com/logos-dark/128/2703.png', 'https://cdn.collegefootballdata.com/logos/96/2703.png', 'https://cdn.collegefootballdata.com/logos-dark/96/2703.png', 'https://cdn.collegefootballdata.com/logos/64/2703.png', 'https://cdn.collegefootballdata.com/logos-dark/64/2703.png', 'https://cdn.collegefootballdata.com/logos/48/2703.png', 'https://cdn.collegefootballdata.com/logos-dark/48/2703.png', 'https://cdn.collegefootballdata.com/logos/32/2703.png', 'https://cdn.collegefootballdata.com/logos-dark/32/2703.png', 'https://cdn.collegefootballdata.com/logos/16/2703.png', 'https://cdn.collegefootballdata.com/logos-dark/16/2703.png']",,3633.0,Ben Altamirano Field,Silver City,NM,88062,US,,32.7751371,-108.2754371,,3000.0,,,False
2848,Western Oregon,Wolves,WORU,"['WORU', 'West Oregon']",Lone Star,,ii,#000000,#null,"['https://cdn.collegefootballdata.com/logos/500/2848.png', 'https://cdn.collegefootballdata.com/logos-dark/500/2848.png', 'https://cdn.collegefootballdata.com/logos/256/2848.png', 'https://cdn.collegefootballdata.com/logos-dark/256/2848.png', 'https://cdn.collegefootballdata.com/logos/128/2848.png', 'https://cdn.collegefootballdata.com/logos-dark/128/2848.png', 'https://cdn.collegefootballdata.com/logos/96/2848.png', 'https://cdn.collegefootballdata.com/logos-dark/96/2848.png', 'https://cdn.collegefootballdata.com/logos/64/2848.png', 'https://cdn.collegefootballdata.com/logos-dark/64/2848.png', 'https://cdn.collegefootballdata.com/logos/48/2848.png', 'https://cdn.collegefootballdata.com/logos-dark/48/2848.png', 'https://cdn.collegefootballdata.com/logos/32/2848.png', 'https://cdn.collegefootballdata.com/logos-dark/32/2848.png', 'https://cdn.collegefootballdata.com/logos/16/2848.png', 'https://cdn.collegefootballdata.com/logos-dark/16/2848.png']",,5783.0,McArthur Field,Monmouth,OR,97361,US,,44.8486414,-123.2290777,,3000.0,,,False
2847,Western Washington,Vikings,WES,"['WES', 'W Washington']",,,,#000000,#null,[],,,,,,,,,,,,,,,
2909,Westfield State,Owls,WFST,"['WFST', 'Westfield St']",MSCAC,,iii,#1b509e,#000000,"['https://cdn.collegefootballdata.com/logos/500/2909.png', 'https://cdn.collegefootballdata.com/logos-dark/500/2909.png', 'https://cdn.collegefootballdata.com/logos/256/2909.png', 'https://cdn.collegefootballdata.com/logos-dark/256/2909.png', 'https://cdn.collegefootballdata.com/logos/128/2909.png', 'https://cdn.collegefootballdata.com/logos-dark/128/2909.png', 'https://cdn.collegefootballdata.com/logos/96/2909.png', 'https://cdn.collegefootballdata.com/logos-dark/96/2909.png', 'https://cdn.collegefootballdata.com/logos/64/2909.png', 'https://cdn.collegefootballdata.com/logos-dark/64/2909.png', 'https://cdn.collegefootballdata.com/logos/48/2909.png', 'https://cdn.collegefootballdata.com/logos-dark/48/2909.png', 'https://cdn.collegefootballdata.com/logos/32/2909.png', 'https://cdn.collegefootballdata.com/logos-dark/32/2909.png', 'https://cdn.collegefootballdata.com/logos/16/2909.png', 'https://cdn.collegefootballdata.com/logos-dark/16/2909.png']",,6144.0,"Alumni Field (Westfield, MA)",Westfield,MA,04787,US,,42.1390327,-72.7584859,,4000.0,,,False
110242,West Florida,Argonauts,WFL,"['WFL', 'West Florida']",UAC,,fcs,#null,#null,,,10803.0,Pen-Air Field,Pensacola,FL,32514,US,America/Chicago,30.547231,-87.222001,18,4000.0,2016.0,False,False
134087,Westgate Christian University,Ravens,WES,"['WES', 'Westgate Chris']",,,,#null,#null,,,,,,,,,,,,,,,,
2698,West Georgia,Wolves,WGA,"['WGA', 'West Georgia']",UAC,,fcs,#0033a1,#db1a21,"['https://cdn.collegefootballdata.com/logos/500/2698.png', 'https://cdn.collegefootballdata.com/logos-dark/500/2698.png', 'https://cdn.collegefootballdata.com/logos/256/2698.png', 'https://cdn.collegefootballdata.com/logos-dark/256/2698.png', 'https://cdn.collegefootballdata.com/logos/128/2698.png', 'https://cdn.collegefootballdata.com/logos-dark/128/2698.png', 'https://cdn.collegefootballdata.com/logos/96/2698.png', 'https://cdn.collegefootballdata.com/logos-dark/96/2698.png', 'https://cdn.collegefootballdata.com/logos/64/2698.png', 'https://cdn.collegefootballdata.com/logos-dark/64/2698.png', 'https://cdn.collegefootballdata.com/logos/48/2698.png', 'https://cdn.collegefootballdata.com/logos-dark/48/2698.png', 'https://cdn.collegefootballdata.com/logos/32/2698.png', 'https://cdn.collegefootballdata.com/logos-dark/32/2698.png', 'https://cdn.collegefootballdata.com/logos/16/2698.png', 'https://cdn.collegefootballdata.com/logos-dark/16/2698.png']",,5888.0,University Stadium (GA),Carrollton,GA,30118,US,America/New_York,33.58006,-85.12064,317,10000.0,2009.0,True,False
2699,West Liberty,Hilltoppers,WLU,"['WLU', 'West Liberty']",Mountain East,,ii,#000000,#null,"['https://cdn.collegefootballdata.com/logos/500/2699.png', 'https://cdn.collegefootballdata.com/logos-dark/500/2699.png', 'https://cdn.collegefootballdata.com/logos/256/2699.png', 'https://cdn.collegefootballdata.com/logos-dark/256/2699.png', 'https://cdn.collegefootballdata.com/logos/128/2699.png', 'https://cdn.collegefootballdata.com/logos-dark/128/2699.png', 'https://cdn.collegefootballdata.com/logos/96/2699.png', 'https://cdn.collegefootballdata.com/logos-dark/96/2699.png', 'https://cdn.collegefootballdata.com/logos/64/2699.png', 'https://cdn.collegefootballdata.com/logos-dark/64/2699.png', 'https://cdn.collegefootballdata.com/logos/48/2699.png', 'https://cdn.collegefootballdata.com/logos-dark/48/2699.png', 'https://cdn.collegefootballdata.com/logos/32/2699.png', 'https://cdn.collegefootballdata.com/logos-dark/32/2699.png', 'https://cdn.collegefootballdata.com/logos/16/2699.png', 'https://cdn.collegefootballdata.com/logos-dark/16/2699.png']",,5886.0,West Family Stadium,Wheeling,WV,26003,US,,40.0639616,-80.7209149,,4000.0,,,False
3211,West Memphis,Crusaders,FAI,"['FAI', 'C of Faith']",,,,#null,#null,[],,,,,,,,,,,,,,,
433,Westminster (MO),Blue Jays,WCMO,"['WCMO', 'Westminster MO']",Upper Midwest,,iii,#06496f,#ffffff,"['https://cdn.collegefootballdata.com/logos/500/433.png', 'https://cdn.collegefootballdata.com/logos-dark/500/433.png', 'https://cdn.collegefootballdata.com/logos/256/433.png', 'https://cdn.collegefootballdata.com/logos-dark/256/433.png', 'https://cdn.collegefootballdata.com/logos/128/433.png', 'https://cdn.collegefootballdata.com/logos-dark/128/433.png', 'https://cdn.collegefootballdata.com/logos/96/433.png', 'https://cdn.collegefootballdata.com/logos-dark/96/433.png', 'https://cdn.collegefootballdata.com/logos/64/433.png', 'https://cdn.collegefootballdata.com/logos-dark/64/433.png', 'https://cdn.collegefootballdata.com/logos/48/433.png', 'https://cdn.collegefootballdata.com/logos-dark/48/433.png', 'https://cdn.collegefootballdata.com/logos/32/433.png', 'https://cdn.collegefootballdata.com/logos-dark/32/433.png', 'https://cdn.collegefootballdata.com/logos/16/433.png', 'https://cdn.collegefootballdata.com/logos-dark/16/433.png']",,6145.0,Blue Jay Stadium,Fulton,MO,65251,US,,38.8467082,-91.9479586,,2000.0,,,False
2849,Westminster (PA),Titans,WCPA,"['WCPA', 'Westminster PA']",Presidents',,iii,#000000,#null,"['https://cdn.collegefootballdata.com/logos/500/2849.png', 'https://cdn.collegefootballdata.com/logos-dark/500/2849.png', 'https://cdn.collegefootballdata.com/logos/256/2849.png', 'https://cdn.collegefootballdata.com/logos-dark/256/2849.png', 'https://cdn.collegefootballdata.com/logos/128/2849.png', 'https://cdn.collegefootballdata.com/logos-dark/128/2849.png', 'https://cdn.collegefootballdata.com/logos/96/2849.png', 'https://cdn.collegefootballdata.com/logos-dark/96/2849.png', 'https://cdn.collegefootballdata.com/logos/64/2849.png', 'https://cdn.collegefootballdata.com/logos-dark/64/2849.png', 'https://cdn.collegefootballdata.com/logos/48/2849.png', 'https://cdn.collegefootballdata.com/logos-dark/48/2849.png', 'https://cdn.collegefootballdata.com/logos/32/2849.png', 'https://cdn.collegefootballdata.com/logos-dark/32/2849.png', 'https://cdn.collegefootballdata.com/logos/16/2849.png', 'https://cdn.collegefootballdata.com/logos-dark/16/2849.png']",,6146.0,Memorial Field (PA),New Wilmington,PA,16172,US,,41.1222812,-80.3328428,,4500.0,,,False
2704,West Texas,Buffaloes,WTAM,"['WTAM', 'West Texas']",Lone Star,,ii,#000000,#null,"['https://cdn.collegefootballdata.com/logos/500/2704.png', 'https://cdn.collegefootballdata.com/logos-dark/500/2704.png', 'https://cdn.collegefootballdata.com/logos/256/2704.png', 'https://cdn.collegefootballdata.com/logos-dark/256/2704.png', 'https://cdn.collegefootballdata.com/logos/128/2704.png', 'https://cdn.collegefootballdata.com/logos-dark/128/2704.png', 'https://cdn.collegefootballdata.com/logos/96/2704.png', 'https://cdn.collegefootballdata.com/logos-dark/96/2704.png', 'https://cdn.collegefootballdata.com/logos/64/2704.png', 'https://cdn.collegefootballdata.com/logos-dark/64/2704.png', 'https://cdn.collegefootballdata.com/logos/48/2704.png', 'https://cdn.collegefootballdata.com/logos-dark/48/2704.png', 'https://cdn.collegefootballdata.com/logos/32/2704.png', 'https://cdn.collegefootballdata.com/logos-dark/32/2704.png', 'https://cdn.collegefootballdata.com/logos/16/2704.png', 'https://cdn.collegefootballdata.com/logos-dark/16/2704.png']",,5884.0,Buffalo Stadium,Canyon,TX,79016,US,,34.9799429,-101.919197,,12000.0,,,False
277,West Virginia,Mountaineers,WVU,"['WVU', 'West Virginia']",Big 12,,fbs,#eaaa00,#002855,"['https://cdn.collegefootballdata.com/logos/500/277.png', 'https://cdn.collegefootballdata.com/logos-dark/500/277.png', 'https://cdn.collegefootballdata.com/logos/256/277.png', 'https://cdn.collegefootballdata.com/logos-dark/256/277.png', 'https://cdn.collegefootballdata.com/logos/128/277.png', 'https://cdn.collegefootballdata.com/logos-dark/128/277.png', 'https://cdn.collegefootballdata.com/logos/96/277.png', 'https://cdn.collegefootballdata.com/logos-dark/96/277.png', 'https://cdn.collegefootballdata.com/logos/64/277.png', 'https://cdn.collegefootballdata.com/logos-dark/64/277.png', 'https://cdn.collegefootballdata.com/logos/48/277.png', 'https://cdn.collegefootballdata.com/logos-dark/48/277.png', 'https://cdn.collegefootballdata.com/logos/32/277.png', 'https://cdn.collegefootballdata.com/logos-dark/32/277.png', 'https://cdn.collegefootballdata.com/logos/16/277.png', 'https://cdn.collegefootballdata.com/logos-dark/16/277.png']",@WVUFootball,3842.0,Milan Puskar Stadium,Morgantown,WV,26507,US,America/New_York,39.6502744,-79.9551873,327.409668,60000.0,1980.0,False,False
2707,West Virginia State,Yellow Jackets,WVSU,"['WVSU', 'W Virginia St']",Mountain East,,ii,#000000,#null,"['https://cdn.collegefootballdata.com/logos/500/2707.png', 'https://cdn.collegefootballdata.com/logos-dark/500/2707.png', 'https://cdn.collegefootballdata.com/logos/256/2707.png', 'https://cdn.collegefootballdata.com/logos-dark/256/2707.png', 'https://cdn.collegefootballdata.com/logos/128/2707.png', 'https://cdn.collegefootballdata.com/logos-dark/128/2707.png', 'https://cdn.collegefootballdata.com/logos/96/2707.png', 'https://cdn.collegefootballdata.com/logos-dark/96/2707.png', 'https://cdn.collegefootballdata.com/logos/64/2707.png', 'https://cdn.collegefootballdata.com/logos-dark/64/2707.png', 'https://cdn.collegefootballdata.com/logos/48/2707.png', 'https://cdn.collegefootballdata.com/logos-dark/48/2707.png', 'https://cdn.collegefootballdata.com/logos/32/2707.png', 'https://cdn.collegefootballdata.com/logos-dark/32/2707.png', 'https://cdn.collegefootballdata.com/logos/16/2707.png', 'https://cdn.collegefootballdata.com/logos-dark/16/2707.png']",,5785.0,Dickerson Stadium,Institute,WV,25112,US,,38.3836097,-81.7654665,,5000.0,,,False
455,West Virginia Wesleyan,Bobcats,WVWC,"['West Virginia Wesleyan', 'WVWC', 'WV Wesleyan']",Mountain East,,ii,#000000,#null,"['https://cdn.collegefootballdata.com/logos/500/455.png', 'https://cdn.collegefootballdata.com/logos-dark/500/455.png', 'https://cdn.collegefootballdata.com/logos/256/455.png', 'https://cdn.collegefootballdata.com/logos-dark/256/455.png', 'https://cdn.collegefootballdata.com/logos/128/455.png', 'https://cdn.collegefootballdata.com/logos-dark/128/455.png', 'https://cdn.collegefootballdata.com/logos/96/455.png', 'https://cdn.collegefootballdata.com/logos-dark/96/455.png', 'https://cdn.collegefootballdata.com/logos/64/455.png', 'https://cdn.collegefootballdata.com/logos-dark/64/455.png', 'https://cdn.collegefootballdata.com/logos/48/455.png', 'https://cdn.collegefootballdata.com/logos-dark/48/455.png', 'https://cdn.collegefootballdata.com/logos/32/455.png', 'https://cdn.collegefootballdata.com/logos-dark/32/455.png', 'https://cdn.collegefootballdata.com/logos/16/455.png', 'https://cdn.collegefootballdata.com/logos-dark/16/455.png']",,5784.0,Cebe Ross Field,Buckhannon,WV,26201,US,,38.9939426,-80.2322698,,3000.0,,,False
396,Wheaton (IL),Thunder,WCIL,"['WCIL', 'Wheaton (IL)']",CCIW,,iii,#000000,#null,"['https://cdn.collegefootballdata.com/logos/500/396.png', 'https://cdn.collegefootballdata.com/logos-dark/500/396.png', 'https://cdn.collegefootballdata.com/logos/256/396.png', 'https://cdn.collegefootballdata.com/logos-dark/256/396.png', 'https://cdn.collegefootballdata.com/logos/128/396.png', 'https://cdn.collegefootballdata.com/logos-dark/128/396.png', 'https://cdn.collegefootballdata.com/logos/96/396.png', 'https://cdn.collegefootballdata.com/logos-dark/96/396.png', 'https://cdn.collegefootballdata.com/logos/64/396.png', 'https://cdn.collegefootballdata.com/logos-dark/64/396.png', 'https://cdn.collegefootballdata.com/logos/48/396.png', 'https://cdn.collegefootballdata.com/logos-dark/48/396.png', 'https://cdn.collegefootballdata.com/logos/32/396.png', 'https://cdn.collegefootballdata.com/logos-dark/32/396.png', 'https://cdn.collegefootballdata.com/logos/16/396.png', 'https://cdn.collegefootballdata.com/logos-dark/16/396.png']",,5115.0,McCully Stadium,Wheaton,IL,60187,US,,41.8646959,-88.1101709,,4100.0,,,False
112335,Wheeling,Cardinals,WHLG,"['WHLG', 'Wheeling']",Mountain East,,ii,#null,#null,,,6212.0,Bishop Schmitt Field,Wheeling,WV,26003,US,,40.0639616,-80.7209149,,2200.0,,,False
2850,Whittier,Poets,WHTR,"['WHTR', 'Whittier']",So. Cal.,,iii,#4a217b,#b29547,"['https://cdn.collegefootballdata.com/logos/500/2850.png', 'https://cdn.collegefootballdata.com/logos-dark/500/2850.png', 'https://cdn.collegefootballdata.com/logos/256/2850.png', 'https://cdn.collegefootballdata.com/logos-dark/256/2850.png', 'https://cdn.collegefootballdata.com/logos/128/2850.png', 'https://cdn.collegefootballdata.com/logos-dark/128/2850.png', 'https://cdn.collegefootballdata.com/logos/96/2850.png', 'https://cdn.collegefootballdata.com/logos-dark/96/2850.png', 'https://cdn.collegefootballdata.com/logos/64/2850.png', 'https://cdn.collegefootballdata.com/logos-dark/64/2850.png', 'https://cdn.collegefootballdata.com/logos/48/2850.png', 'https://cdn.collegefootballdata.com/logos-dark/48/2850.png', 'https://cdn.collegefootballdata.com/logos/32/2850.png', 'https://cdn.collegefootballdata.com/logos-dark/32/2850.png', 'https://cdn.collegefootballdata.com/logos/16/2850.png', 'https://cdn.collegefootballdata.com/logos-dark/16/2850.png']",,6147.0,"Memorial Stadium (Whittier, CA)",Whittier,CA,,US,,33.9708782,-118.0308396,,7000.0,,,False
2721,Whitworth,Pirates,WHIW,"['WHIW', 'Whitworth']",Northwest,,iii,#930036,#000000,"['https://cdn.collegefootballdata.com/logos/500/2721.png', 'https://cdn.collegefootballdata.com/logos-dark/500/2721.png', 'https://cdn.collegefootballdata.com/logos/256/2721.png', 'https://cdn.collegefootballdata.com/logos-dark/256/2721.png', 'https://cdn.collegefootballdata.com/logos/128/2721.png', 'https://cdn.collegefootballdata.com/logos-dark/128/2721.png', 'https://cdn.collegefootballdata.com/logos/96/2721.png', 'https://cdn.collegefootballdata.com/logos-dark/96/2721.png', 'https://cdn.collegefootballdata.com/logos/64/2721.png', 'https://cdn.collegefootballdata.com/logos-dark/64/2721.png', 'https://cdn.collegefootballdata.com/logos/48/2721.png', 'https://cdn.collegefootballdata.com/logos-dark/48/2721.png', 'https://cdn.collegefootballdata.com/logos/32/2721.png', 'https://cdn.collegefootballdata.com/logos-dark/32/2721.png', 'https://cdn.collegefootballdata.com/logos/16/2721.png', 'https://cdn.collegefootballdata.com/logos-dark/16/2721.png']",,6148.0,The Pine Bowl,Spokane,WA,99201,US,,47.6571934,-117.4235106,,2200.0,,,False
2725,Widener,Pride,WIDE,"['WIDE', 'Widener']",Mid Atlantic,,iii,#0056ba,#fdc743,"['https://cdn.collegefootballdata.com/logos/500/2725.png', 'https://cdn.collegefootballdata.com/logos-dark/500/2725.png', 'https://cdn.collegefootballdata.com/logos/256/2725.png', 'https://cdn.collegefootballdata.com/logos-dark/256/2725.png', 'https://cdn.collegefootballdata.com/logos/128/2725.png', 'https://cdn.collegefootballdata.com/logos-dark/128/2725.png', 'https://cdn.collegefootballdata.com/logos/96/2725.png', 'https://cdn.collegefootballdata.com/logos-dark/96/2725.png', 'https://cdn.collegefootballdata.com/logos/64/2725.png', 'https://cdn.collegefootballdata.com/logos-dark/64/2725.png', 'https://cdn.collegefootballdata.com/logos/48/2725.png', 'https://cdn.collegefootballdata.com/logos-dark/48/2725.png', 'https://cdn.collegefootballdata.com/logos/32/2725.png', 'https://cdn.collegefootballdata.com/logos-dark/32/2725.png', 'https://cdn.collegefootballdata.com/logos/16/2725.png', 'https://cdn.collegefootballdata.com/logos-dark/16/2725.png']",,4855.0,Leslie C. Quick Jr. Stadium,Chester,PA,19013,US,,39.849557,-75.3557458,,4000.0,,,False
398,Wilkes,Colonels,WILK,"['WILK', 'Wilkes']",Landmark Conference,,iii,#002856,#ffcd00,"['https://cdn.collegefootballdata.com/logos/500/398.png', 'https://cdn.collegefootballdata.com/logos-dark/500/398.png', 'https://cdn.collegefootballdata.com/logos/256/398.png', 'https://cdn.collegefootballdata.com/logos-dark/256/398.png', 'https://cdn.collegefootballdata.com/logos/128/398.png', 'https://cdn.collegefootballdata.com/logos-dark/128/398.png', 'https://cdn.collegefootballdata.com/logos/96/398.png', 'https://cdn.collegefootballdata.com/logos-dark/96/398.png', 'https://cdn.collegefootballdata.com/logos/64/398.png', 'https://cdn.collegefootballdata.com/logos-dark/64/398.png', 'https://cdn.collegefootballdata.com/logos/48/398.png', 'https://cdn.collegefootballdata.com/logos-dark/48/398.png', 'https://cdn.collegefootballdata.com/logos/32/398.png', 'https://cdn.collegefootballdata.com/logos-dark/32/398.png', 'https://cdn.collegefootballdata.com/logos/16/398.png', 'https://cdn.collegefootballdata.com/logos-dark/16/398.png']",,3920.0,Schmidt Stadium,Edwardsville,PA,36261,US,,33.707182,-85.51021468718943,,1800.0,,,False
2930,Willamette,Bearcats,WLMT,"['WLMT', 'Willamette']",Northwest,,iii,#960a2c,#ab9e76,"['https://cdn.collegefootballdata.com/logos/500/2930.png', 'https://cdn.collegefootballdata.com/logos-dark/500/2930.png', 'https://cdn.collegefootballdata.com/logos/256/2930.png', 'https://cdn.collegefootballdata.com/logos-dark/256/2930.png', 'https://cdn.collegefootballdata.com/logos/128/2930.png', 'https://cdn.collegefootballdata.com/logos-dark/128/2930.png', 'https://cdn.collegefootballdata.com/logos/96/2930.png', 'https://cdn.collegefootballdata.com/logos-dark/96/2930.png', 'https://cdn.collegefootballdata.com/logos/64/2930.png', 'https://cdn.collegefootballdata.com/logos-dark/64/2930.png', 'https://cdn.collegefootballdata.com/logos/48/2930.png', 'https://cdn.collegefootballdata.com/logos-dark/48/2930.png', 'https://cdn.collegefootballdata.com/logos/32/2930.png', 'https://cdn.collegefootballdata.com/logos-dark/32/2930.png', 'https://cdn.collegefootballdata.com/logos/16/2930.png', 'https://cdn.collegefootballdata.com/logos-dark/16/2930.png']",,6149.0,McCulloch Stadium,Salem,OR,97310,US,America/Los_Angeles,44.9391565,-123.033121,51,7000.0,1950.0,False,False
2911,William Jewell,Cardinals,WJC,"['William Jewell', 'WJC', 'William Jewell']",Great Lakes,,ii,#000000,#null,"['https://cdn.collegefootballdata.com/logos/500/2911.png', 'https://cdn.collegefootballdata.com/logos-dark/500/2911.png', 'https://cdn.collegefootballdata.com/logos/256/2911.png', 'https://cdn.collegefootballdata.com/logos-dark/256/2911.png', 'https://cdn.collegefootballdata.com/logos/128/2911.png', 'https://cdn.collegefootballdata.com/logos-dark/128/2911.png', 'https://cdn.collegefootballdata.com/logos/96/2911.png', 'https://cdn.collegefootballdata.com/logos-dark/96/2911.png', 'https://cdn.collegefootballdata.com/logos/64/2911.png', 'https://cdn.collegefootballdata.com/logos-dark/64/2911.png', 'https://cdn.collegefootballdata.com/logos/48/2911.png', 'https://cdn.collegefootballdata.com/logos-dark/48/2911.png', 'https://cdn.collegefootballdata.com/logos/32/2911.png', 'https://cdn.collegefootballdata.com/logos-dark/32/2911.png', 'https://cdn.collegefootballdata.com/logos/16/2911.png', 'https://cdn.collegefootballdata.com/logos-dark/16/2911.png']",,7504.0,Liberty North High School,Liberty,MO,,US,,,,,0.0,,,False
1001046,William Jewell College,,,[],,,,#null,#null,,,,,,,,,,,,,,,,
2729,William & Mary,Tribe,W&M,"['W&M', 'William & Mary']",Patriot,,fcs,#115740,#f0b323,"['https://cdn.collegefootballdata.com/logos/500/2729.png', 'https://cdn.collegefootballdata.com/logos-dark/500/2729.png', 'https://cdn.collegefootballdata.com/logos/256/2729.png', 'https://cdn.collegefootballdata.com/logos-dark/256/2729.png', 'https://cdn.collegefootballdata.com/logos/128/2729.png', 'https://cdn.collegefootballdata.com/logos-dark/128/2729.png', 'https://cdn.collegefootballdata.com/logos/96/2729.png', 'https://cdn.collegefootballdata.com/logos-dark/96/2729.png', 'https://cdn.collegefootballdata.com/logos/64/2729.png', 'https://cdn.collegefootballdata.com/logos-dark/64/2729.png', 'https://cdn.collegefootballdata.com/logos/48/2729.png', 'https://cdn.collegefootballdata.com/logos-dark/48/2729.png', 'https://cdn.collegefootballdata.com/logos/32/2729.png', 'https://cdn.collegefootballdata.com/logos-dark/32/2729.png', 'https://cdn.collegefootballdata.com/logos/16/2729.png', 'https://cdn.collegefootballdata.com/logos-dark/16/2729.png']",@WMTribeFootball,3998.0,Zable Stadium,Williamsburg,VA,23186,US,America/New_York,37.2730996,-76.7137202,26.07615852,12400.0,1935.0,False,False
2970,William Paterson,Pioneers,WPU,"['WPU', 'Wm Paterson']",New Jersey,,iii,#000000,#f57b21,"['https://cdn.collegefootballdata.com/logos/500/2970.png', 'https://cdn.collegefootballdata.com/logos-dark/500/2970.png', 'https://cdn.collegefootballdata.com/logos/256/2970.png', 'https://cdn.collegefootballdata.com/logos-dark/256/2970.png', 'https://cdn.collegefootballdata.com/logos/128/2970.png', 'https://cdn.collegefootballdata.com/logos-dark/128/2970.png', 'https://cdn.collegefootballdata.com/logos/96/2970.png', 'https://cdn.collegefootballdata.com/logos-dark/96/2970.png', 'https://cdn.collegefootballdata.com/logos/64/2970.png', 'https://cdn.collegefootballdata.com/logos-dark/64/2970.png', 'https://cdn.collegefootballdata.com/logos/48/2970.png', 'https://cdn.collegefootballdata.com/logos-dark/48/2970.png', 'https://cdn.collegefootballdata.com/logos/32/2970.png', 'https://cdn.collegefootballdata.com/logos-dark/32/2970.png', 'https://cdn.collegefootballdata.com/logos/16/2970.png', 'https://cdn.collegefootballdata.com/logos-dark/16/2970.png']",,6150.0,Wightman Stadium,Wayne,NJ,07470,US,,40.9491723,-74.2376802,,1909.0,,,False
2912,William Penn,Statesmen,WPEN,"['WPEN', 'William Penn']",,,,#000000,#null,[],,,,,,,,,,,,,,,
2731,Williams,Ephs,WLM,"['WLM', 'Williams']",NESCAC,,iii,#500082,#ffbe0a,"['https://cdn.collegefootballdata.com/logos/500/2731.png', 'https://cdn.collegefootballdata.com/logos-dark/500/2731.png', 'https://cdn.collegefootballdata.com/logos/256/2731.png', 'https://cdn.collegefootballdata.com/logos-dark/256/2731.png', 'https://cdn.collegefootballdata.com/logos/128/2731.png', 'https://cdn.collegefootballdata.com/logos-dark/128/2731.png', 'https://cdn.collegefootballdata.com/logos/96/2731.png', 'https://cdn.collegefootballdata.com/logos-dark/96/2731.png', 'https://cdn.collegefootballdata.com/logos/64/2731.png', 'https://cdn.collegefootballdata.com/logos-dark/64/2731.png', 'https://cdn.collegefootballdata.com/logos/48/2731.png', 'https://cdn.collegefootballdata.com/logos-dark/48/2731.png', 'https://cdn.collegefootballdata.com/logos/32/2731.png', 'https://cdn.collegefootballdata.com/logos-dark/32/2731.png', 'https://cdn.collegefootballdata.com/logos/16/2731.png', 'https://cdn.collegefootballdata.com/logos-dark/16/2731.png']",,6151.0,Farley-Lamb Field,Williamstown,MA,01267,US,,42.6889156,-73.2246057,,1400.0,,,False
3130,Williamson,Mechanics,WMSN,"['WMSN', 'Williamson']",,,,#000000,#null,[],,,,,,,,,,,,,,,
129741,William Woods,Wwu,,['William Woods'],,,,#null,#null,,,,,,,,,,,,,,,,
2733,Wilmington (OH),Fightin' Quakers,WCOH,"['WCOH', 'Wilmington OH']",Ohio,,iii,#000000,#null,"['https://cdn.collegefootballdata.com/logos/500/2733.png', 'https://cdn.collegefootballdata.com/logos-dark/500/2733.png', 'https://cdn.collegefootballdata.com/logos/256/2733.png', 'https://cdn.collegefootballdata.com/logos-dark/256/2733.png', 'https://cdn.collegefootballdata.com/logos/128/2733.png', 'https://cdn.collegefootballdata.com/logos-dark/128/2733.png', 'https://cdn.collegefootballdata.com/logos/96/2733.png', 'https://cdn.collegefootballdata.com/logos-dark/96/2733.png', 'https://cdn.collegefootballdata.com/logos/64/2733.png', 'https://cdn.collegefootballdata.com/logos-dark/64/2733.png', 'https://cdn.collegefootballdata.com/logos/48/2733.png', 'https://cdn.collegefootballdata.com/logos-dark/48/2733.png', 'https://cdn.collegefootballdata.com/logos/32/2733.png', 'https://cdn.collegefootballdata.com/logos-dark/32/2733.png', 'https://cdn.collegefootballdata.com/logos/16/2733.png', 'https://cdn.collegefootballdata.com/logos-dark/16/2733.png']",,6152.0,Wiliams Stadium (OH),Wilmington,OH,,US,,39.4453393,-83.8285375,,3500.0,,,False
351,Wingate,Bulldogs,WINU,"['WINU', 'Wingate']",South Atlantic,,ii,#182441,#c1b585,"['https://cdn.collegefootballdata.com/logos/500/351.png', 'https://cdn.collegefootballdata.com/logos-dark/500/351.png', 'https://cdn.collegefootballdata.com/logos/256/351.png', 'https://cdn.collegefootballdata.com/logos-dark/256/351.png', 'https://cdn.collegefootballdata.com/logos/128/351.png', 'https://cdn.collegefootballdata.com/logos-dark/128/351.png', 'https://cdn.collegefootballdata.com/logos/96/351.png', 'https://cdn.collegefootballdata.com/logos-dark/96/351.png', 'https://cdn.collegefootballdata.com/logos/64/351.png', 'https://cdn.collegefootballdata.com/logos-dark/64/351.png', 'https://cdn.collegefootballdata.com/logos/48/351.png', 'https://cdn.collegefootballdata.com/logos-dark/48/351.png', 'https://cdn.collegefootballdata.com/logos/32/351.png', 'https://cdn.collegefootballdata.com/logos-dark/32/351.png', 'https://cdn.collegefootballdata.com/logos/16/351.png', 'https://cdn.collegefootballdata.com/logos-dark/16/351.png']",,5781.0,Irwin Belk Stadium,Wingate,NC,28174,US,,34.9843176,-80.4492319,,3500.0,,,False
2851,Winona State,Warriors,WNST,"['WNST', 'Winona St']",Northern Sun,,ii,#000000,#null,"['https://cdn.collegefootballdata.com/logos/500/2851.png', 'https://cdn.collegefootballdata.com/logos-dark/500/2851.png', 'https://cdn.collegefootballdata.com/logos/256/2851.png', 'https://cdn.collegefootballdata.com/logos-dark/256/2851.png', 'https://cdn.collegefootballdata.com/logos/128/2851.png', 'https://cdn.collegefootballdata.com/logos-dark/128/2851.png', 'https://cdn.collegefootballdata.com/logos/96/2851.png', 'https://cdn.collegefootballdata.com/logos-dark/96/2851.png', 'https://cdn.collegefootballdata.com/logos/64/2851.png', 'https://cdn.collegefootballdata.com/logos-dark/64/2851.png', 'https://cdn.collegefootballdata.com/logos/48/2851.png', 'https://cdn.collegefootballdata.com/logos-dark/48/2851.png', 'https://cdn.collegefootballdata.com/logos/32/2851.png', 'https://cdn.collegefootballdata.com/logos-dark/32/2851.png', 'https://cdn.collegefootballdata.com/logos/16/2851.png', 'https://cdn.collegefootballdata.com/logos-dark/16/2851.png']",,5780.0,Altra Federal Credit Union Stadium,Winona,MN,55987,US,,43.9582272,-91.7807784,,5000.0,,,False
2736,Winston-Salem State,Rams,WSSU,"['WSSU', 'Winston-Salem']",CIAA,Southern,ii,#bb0100,#null,"['https://cdn.collegefootballdata.com/logos/500/2736.png', 'https://cdn.collegefootballdata.com/logos-dark/500/2736.png', 'https://cdn.collegefootballdata.com/logos/256/2736.png', 'https://cdn.collegefootballdata.com/logos-dark/256/2736.png', 'https://cdn.collegefootballdata.com/logos/128/2736.png', 'https://cdn.collegefootballdata.com/logos-dark/128/2736.png', 'https://cdn.collegefootballdata.com/logos/96/2736.png', 'https://cdn.collegefootballdata.com/logos-dark/96/2736.png', 'https://cdn.collegefootballdata.com/logos/64/2736.png', 'https://cdn.collegefootballdata.com/logos-dark/64/2736.png', 'https://cdn.collegefootballdata.com/logos/48/2736.png', 'https://cdn.collegefootballdata.com/logos-dark/48/2736.png', 'https://cdn.collegefootballdata.com/logos/32/2736.png', 'https://cdn.collegefootballdata.com/logos-dark/32/2736.png', 'https://cdn.collegefootballdata.com/logos/16/2736.png', 'https://cdn.collegefootballdata.com/logos-dark/16/2736.png']",,3649.0,Bowman Gray Stadium,Winston-Salem,NC,27107,US,America/New_York,36.083372,-80.222037,242.5,17000.0,1937.0,True,False
1000935,Winston-Salem State,,,[],,,,#null,#null,,,,,,,,,,,,,,,,
275,Wisconsin,Badgers,WIS,"['WIS', 'Wisconsin']",Big Ten,,fbs,#a00000,#ffffff,"['https://cdn.collegefootballdata.com/logos/500/275.png', 'https://cdn.collegefootballdata.com/logos-dark/500/275.png', 'https://cdn.collegefootballdata.com/logos/256/275.png', 'https://cdn.collegefootballdata.com/logos-dark/256/275.png', 'https://cdn.collegefootballdata.com/logos/128/275.png', 'https://cdn.collegefootballdata.com/logos-dark/128/275.png', 'https://cdn.collegefootballdata.com/logos/96/275.png', 'https://cdn.collegefootballdata.com/logos-dark/96/275.png', 'https://cdn.collegefootballdata.com/logos/64/275.png', 'https://cdn.collegefootballdata.com/logos-dark/64/275.png', 'https://cdn.collegefootballdata.com/logos/48/275.png', 'https://cdn.collegefootballdata.com/logos-dark/48/275.png', 'https://cdn.collegefootballdata.com/logos/32/275.png', 'https://cdn.collegefootballdata.com/logos-dark/32/275.png', 'https://cdn.collegefootballdata.com/logos/16/275.png', 'https://cdn.collegefootballdata.com/logos-dark/16/275.png']",@BadgerFootball,347.0,Camp Randall Stadium,Madison,WI,53711,US,America/Chicago,43.06994,-89.4126943,263.604126,80321.0,1917.0,False,False
2738,Wisconsin Eau Claire,Blugolds,UWEC,"['UWEC', 'UW-Eau Claire']",Wisconsin,,iii,#000000,#null,"['https://cdn.collegefootballdata.com/logos/500/2738.png', 'https://cdn.collegefootballdata.com/logos-dark/500/2738.png', 'https://cdn.collegefootballdata.com/logos/256/2738.png', 'https://cdn.collegefootballdata.com/logos-dark/256/2738.png', 'https://cdn.collegefootballdata.com/logos/128/2738.png', 'https://cdn.collegefootballdata.com/logos-dark/128/2738.png', 'https://cdn.collegefootballdata.com/logos/96/2738.png', 'https://cdn.collegefootballdata.com/logos-dark/96/2738.png', 'https://cdn.collegefootballdata.com/logos/64/2738.png', 'https://cdn.collegefootballdata.com/logos-dark/64/2738.png', 'https://cdn.collegefootballdata.com/logos/48/2738.png', 'https://cdn.collegefootballdata.com/logos-dark/48/2738.png', 'https://cdn.collegefootballdata.com/logos/32/2738.png', 'https://cdn.collegefootballdata.com/logos-dark/32/2738.png', 'https://cdn.collegefootballdata.com/logos/16/2738.png', 'https://cdn.collegefootballdata.com/logos-dark/16/2738.png']",,5916.0,Carson Park,Eau Claire,WI,54720,US,,44.811349,-91.4984941,,6500.0,,,False
2740,Wisconsin La Crosse,Eagles,UWL,"['UWL', 'UW-La Crosse']",Wisconsin,,iii,#000000,#null,"['https://cdn.collegefootballdata.com/logos/500/2740.png', 'https://cdn.collegefootballdata.com/logos-dark/500/2740.png', 'https://cdn.collegefootballdata.com/logos/256/2740.png', 'https://cdn.collegefootballdata.com/logos-dark/256/2740.png', 'https://cdn.collegefootballdata.com/logos/128/2740.png', 'https://cdn.collegefootballdata.com/logos-dark/128/2740.png', 'https://cdn.collegefootballdata.com/logos/96/2740.png', 'https://cdn.collegefootballdata.com/logos-dark/96/2740.png', 'https://cdn.collegefootballdata.com/logos/64/2740.png', 'https://cdn.collegefootballdata.com/logos-dark/64/2740.png', 'https://cdn.collegefootballdata.com/logos/48/2740.png', 'https://cdn.collegefootballdata.com/logos-dark/48/2740.png', 'https://cdn.collegefootballdata.com/logos/32/2740.png', 'https://cdn.collegefootballdata.com/logos-dark/32/2740.png', 'https://cdn.collegefootballdata.com/logos/16/2740.png', 'https://cdn.collegefootballdata.com/logos-dark/16/2740.png']",,5914.0,Veterans Memorial Stadium (WI),La Crosse,WI,54602,US,,43.8122836,-91.2514355,,10000.0,,,False
1001073,Wisconsin La Crosse,,,[],,,,#null,#null,,,,,,,,,,,,,,,,
2741,Wisconsin Lutheran,Warriors,WLC,"['WLC', 'Wisc Lutheran']",NACC,,iii,#006241,#000000,"['https://cdn.collegefootballdata.com/logos/500/2741.png', 'https://cdn.collegefootballdata.com/logos-dark/500/2741.png', 'https://cdn.collegefootballdata.com/logos/256/2741.png', 'https://cdn.collegefootballdata.com/logos-dark/256/2741.png', 'https://cdn.collegefootballdata.com/logos/128/2741.png', 'https://cdn.collegefootballdata.com/logos-dark/128/2741.png', 'https://cdn.collegefootballdata.com/logos/96/2741.png', 'https://cdn.collegefootballdata.com/logos-dark/96/2741.png', 'https://cdn.collegefootballdata.com/logos/64/2741.png', 'https://cdn.collegefootballdata.com/logos-dark/64/2741.png', 'https://cdn.collegefootballdata.com/logos/48/2741.png', 'https://cdn.collegefootballdata.com/logos-dark/48/2741.png', 'https://cdn.collegefootballdata.com/logos/32/2741.png', 'https://cdn.collegefootballdata.com/logos-dark/32/2741.png', 'https://cdn.collegefootballdata.com/logos/16/2741.png', 'https://cdn.collegefootballdata.com/logos-dark/16/2741.png']",,5913.0,Warrior Field at Raabe Stadium,Wauwatosa,WI,53226,US,America/Chicago,43.0494122,-88.0079271,206,1700.0,2004.0,False,False
271,Wisconsin Oshkosh,Titans,UWO,"['UWO', 'UW-Oshkosh']",Wisconsin,,iii,#000000,#null,"['https://cdn.collegefootballdata.com/logos/500/271.png', 'https://cdn.collegefootballdata.com/logos-dark/500/271.png', 'https://cdn.collegefootballdata.com/logos/256/271.png', 'https://cdn.collegefootballdata.com/logos-dark/256/271.png', 'https://cdn.collegefootballdata.com/logos/128/271.png', 'https://cdn.collegefootballdata.com/logos-dark/128/271.png', 'https://cdn.collegefootballdata.com/logos/96/271.png', 'https://cdn.collegefootballdata.com/logos-dark/96/271.png', 'https://cdn.collegefootballdata.com/logos/64/271.png', 'https://cdn.collegefootballdata.com/logos-dark/64/271.png', 'https://cdn.collegefootballdata.com/logos/48/271.png', 'https://cdn.collegefootballdata.com/logos-dark/48/271.png', 'https://cdn.collegefootballdata.com/logos/32/271.png', 'https://cdn.collegefootballdata.com/logos-dark/32/271.png', 'https://cdn.collegefootballdata.com/logos/16/271.png', 'https://cdn.collegefootballdata.com/logos-dark/16/271.png']",,5120.0,J.J. Keller Field at Titan Stadium,Oshkosh,WI,54903,US,,44.0206919,-88.5408574,,9800.0,,,False
272,Wisconsin Platteville,Pioneers,UWP,"['UWP', 'UW-Platteville']",Wisconsin,,iii,#000000,#null,"['https://cdn.collegefootballdata.com/logos/500/272.png', 'https://cdn.collegefootballdata.com/logos-dark/500/272.png', 'https://cdn.collegefootballdata.com/logos/256/272.png', 'https://cdn.collegefootballdata.com/logos-dark/256/272.png', 'https://cdn.collegefootballdata.com/logos/128/272.png', 'https://cdn.collegefootballdata.com/logos-dark/128/272.png', 'https://cdn.collegefootballdata.com/logos/96/272.png', 'https://cdn.collegefootballdata.com/logos-dark/96/272.png', 'https://cdn.collegefootballdata.com/logos/64/272.png', 'https://cdn.collegefootballdata.com/logos-dark/64/272.png', 'https://cdn.collegefootballdata.com/logos/48/272.png', 'https://cdn.collegefootballdata.com/logos-dark/48/272.png', 'https://cdn.collegefootballdata.com/logos/32/272.png', 'https://cdn.collegefootballdata.com/logos-dark/32/272.png', 'https://cdn.collegefootballdata.com/logos/16/272.png', 'https://cdn.collegefootballdata.com/logos-dark/16/272.png']",,5911.0,Ralph E. Davis Pioneer Stadium,Platteville,WI,53818,US,,42.7342942,-90.4784451,,10000.0,,,False
2723,Wisconsin River Falls,Falcons,UWRF,"['UWRF', 'UW-River Falls']",Wisconsin,,iii,#000000,#null,"['https://cdn.collegefootballdata.com/logos/500/2723.png', 'https://cdn.collegefootballdata.com/logos-dark/500/2723.png', 'https://cdn.collegefootballdata.com/logos/256/2723.png', 'https://cdn.collegefootballdata.com/logos-dark/256/2723.png', 'https://cdn.collegefootballdata.com/logos/128/2723.png', 'https://cdn.collegefootballdata.com/logos-dark/128/2723.png', 'https://cdn.collegefootballdata.com/logos/96/2723.png', 'https://cdn.collegefootballdata.com/logos-dark/96/2723.png', 'https://cdn.collegefootballdata.com/logos/64/2723.png', 'https://cdn.collegefootballdata.com/logos-dark/64/2723.png', 'https://cdn.collegefootballdata.com/logos/48/2723.png', 'https://cdn.collegefootballdata.com/logos-dark/48/2723.png', 'https://cdn.collegefootballdata.com/logos/32/2723.png', 'https://cdn.collegefootballdata.com/logos-dark/32/2723.png', 'https://cdn.collegefootballdata.com/logos/16/2723.png', 'https://cdn.collegefootballdata.com/logos-dark/16/2723.png']",,5901.0,David Smith Stadium at Ramer Field,River Falls,WI,54022,US,,44.8595111,-92.6265897,,2300.0,,,False
1001091,Wisconsin-River Falls,,,[],,,,#null,#null,,,,,,,,,,,,,,,,
2743,Wisconsin Stevens Point,Pointers,UWSP,"['UWSP', 'UW-Stevens Pt']",Wisconsin,,iii,#000000,#null,"['https://cdn.collegefootballdata.com/logos/500/2743.png', 'https://cdn.collegefootballdata.com/logos-dark/500/2743.png', 'https://cdn.collegefootballdata.com/logos/256/2743.png', 'https://cdn.collegefootballdata.com/logos-dark/256/2743.png', 'https://cdn.collegefootballdata.com/logos/128/2743.png', 'https://cdn.collegefootballdata.com/logos-dark/128/2743.png', 'https://cdn.collegefootballdata.com/logos/96/2743.png', 'https://cdn.collegefootballdata.com/logos-dark/96/2743.png', 'https://cdn.collegefootballdata.com/logos/64/2743.png', 'https://cdn.collegefootballdata.com/logos-dark/64/2743.png', 'https://cdn.collegefootballdata.com/logos/48/2743.png', 'https://cdn.collegefootballdata.com/logos-dark/48/2743.png', 'https://cdn.collegefootballdata.com/logos/32/2743.png', 'https://cdn.collegefootballdata.com/logos-dark/32/2743.png', 'https://cdn.collegefootballdata.com/logos/16/2743.png', 'https://cdn.collegefootballdata.com/logos-dark/16/2743.png']",,5903.0,Community Stadium at Goerke Park,Stevens Point,WI,54881,US,,44.5229223,-89.574111,,4000.0,,,False
2744,Wisconsin Stout,Blue Devils,UWST,"['UWST', 'UW-Stout']",Wisconsin,,iii,#000000,#null,"['https://cdn.collegefootballdata.com/logos/500/2744.png', 'https://cdn.collegefootballdata.com/logos-dark/500/2744.png', 'https://cdn.collegefootballdata.com/logos/256/2744.png', 'https://cdn.collegefootballdata.com/logos-dark/256/2744.png', 'https://cdn.collegefootballdata.com/logos/128/2744.png', 'https://cdn.collegefootballdata.com/logos-dark/128/2744.png', 'https://cdn.collegefootballdata.com/logos/96/2744.png', 'https://cdn.collegefootballdata.com/logos-dark/96/2744.png', 'https://cdn.collegefootballdata.com/logos/64/2744.png', 'https://cdn.collegefootballdata.com/logos-dark/64/2744.png', 'https://cdn.collegefootballdata.com/logos/48/2744.png', 'https://cdn.collegefootballdata.com/logos-dark/48/2744.png', 'https://cdn.collegefootballdata.com/logos/32/2744.png', 'https://cdn.collegefootballdata.com/logos-dark/32/2744.png', 'https://cdn.collegefootballdata.com/logos/16/2744.png', 'https://cdn.collegefootballdata.com/logos-dark/16/2744.png']",,5900.0,Don and Nona Williams Stadium,Menomonie,WI,54751,US,,44.8755183,-91.9193422,,4500.0,,,False
2745,Wisconsin Whitewater,Warhawks,UWW,"['UWW', 'UW-Whitewater']",Wisconsin,,iii,#000000,#null,"['https://cdn.collegefootballdata.com/logos/500/2745.png', 'https://cdn.collegefootballdata.com/logos-dark/500/2745.png', 'https://cdn.collegefootballdata.com/logos/256/2745.png', 'https://cdn.collegefootballdata.com/logos-dark/256/2745.png', 'https://cdn.collegefootballdata.com/logos/128/2745.png', 'https://cdn.collegefootballdata.com/logos-dark/128/2745.png', 'https://cdn.collegefootballdata.com/logos/96/2745.png', 'https://cdn.collegefootballdata.com/logos-dark/96/2745.png', 'https://cdn.collegefootballdata.com/logos/64/2745.png', 'https://cdn.collegefootballdata.com/logos-dark/64/2745.png', 'https://cdn.collegefootballdata.com/logos/48/2745.png', 'https://cdn.collegefootballdata.com/logos-dark/48/2745.png', 'https://cdn.collegefootballdata.com/logos/32/2745.png', 'https://cdn.collegefootballdata.com/logos-dark/32/2745.png', 'https://cdn.collegefootballdata.com/logos/16/2745.png', 'https://cdn.collegefootballdata.com/logos-dark/16/2745.png']",,4854.0,Perkins Stadium,Whitewater,WI,53190,US,,42.8336422,-88.7292679,,13500.0,,,False
2746,Wittenberg,Tigers,WITT,"['WITT', 'Wittenberg']",North Coast,,iii,#000000,#null,"['https://cdn.collegefootballdata.com/logos/500/2746.png', 'https://cdn.collegefootballdata.com/logos-dark/500/2746.png', 'https://cdn.collegefootballdata.com/logos/256/2746.png', 'https://cdn.collegefootballdata.com/logos-dark/256/2746.png', 'https://cdn.collegefootballdata.com/logos/128/2746.png', 'https://cdn.collegefootballdata.com/logos-dark/128/2746.png', 'https://cdn.collegefootballdata.com/logos/96/2746.png', 'https://cdn.collegefootballdata.com/logos-dark/96/2746.png', 'https://cdn.collegefootballdata.com/logos/64/2746.png', 'https://cdn.collegefootballdata.com/logos-dark/64/2746.png', 'https://cdn.collegefootballdata.com/logos/48/2746.png', 'https://cdn.collegefootballdata.com/logos-dark/48/2746.png', 'https://cdn.collegefootballdata.com/logos/32/2746.png', 'https://cdn.collegefootballdata.com/logos-dark/32/2746.png', 'https://cdn.collegefootballdata.com/logos/16/2746.png', 'https://cdn.collegefootballdata.com/logos-dark/16/2746.png']",,4757.0,Edwards-Maurer Field,Springfield,OH,45504,US,America/New_York,39.937943,-83.812075,309.1,3000.0,1993.0,False,False
2747,Wofford,Terriers,WOF,"['WOF', 'Wofford']",Southern,,fcs,#533B23,#f0f0f0,"['https://cdn.collegefootballdata.com/logos/500/2747.png', 'https://cdn.collegefootballdata.com/logos-dark/500/2747.png', 'https://cdn.collegefootballdata.com/logos/256/2747.png', 'https://cdn.collegefootballdata.com/logos-dark/256/2747.png', 'https://cdn.collegefootballdata.com/logos/128/2747.png', 'https://cdn.collegefootballdata.com/logos-dark/128/2747.png', 'https://cdn.collegefootballdata.com/logos/96/2747.png', 'https://cdn.collegefootballdata.com/logos-dark/96/2747.png', 'https://cdn.collegefootballdata.com/logos/64/2747.png', 'https://cdn.collegefootballdata.com/logos-dark/64/2747.png', 'https://cdn.collegefootballdata.com/logos/48/2747.png', 'https://cdn.collegefootballdata.com/logos-dark/48/2747.png', 'https://cdn.collegefootballdata.com/logos/32/2747.png', 'https://cdn.collegefootballdata.com/logos-dark/32/2747.png', 'https://cdn.collegefootballdata.com/logos/16/2747.png', 'https://cdn.collegefootballdata.com/logos-dark/16/2747.png']",@Wofford_FB,3737.0,Gibbs Stadium,Spartanburg,SC,29303,US,America/New_York,34.9618606,-81.9328915,231.6300049,13000.0,1996.0,True,False
2748,Wooster,Fighting Scots,WOO,"['WOO', 'Wooster']",North Coast,,iii,#000000,#null,"['https://cdn.collegefootballdata.com/logos/500/2748.png', 'https://cdn.collegefootballdata.com/logos-dark/500/2748.png', 'https://cdn.collegefootballdata.com/logos/256/2748.png', 'https://cdn.collegefootballdata.com/logos-dark/256/2748.png', 'https://cdn.collegefootballdata.com/logos/128/2748.png', 'https://cdn.collegefootballdata.com/logos-dark/128/2748.png', 'https://cdn.collegefootballdata.com/logos/96/2748.png', 'https://cdn.collegefootballdata.com/logos-dark/96/2748.png', 'https://cdn.collegefootballdata.com/logos/64/2748.png', 'https://cdn.collegefootballdata.com/logos-dark/64/2748.png', 'https://cdn.collegefootballdata.com/logos/48/2748.png', 'https://cdn.collegefootballdata.com/logos-dark/48/2748.png', 'https://cdn.collegefootballdata.com/logos/32/2748.png', 'https://cdn.collegefootballdata.com/logos-dark/32/2748.png', 'https://cdn.collegefootballdata.com/logos/16/2748.png', 'https://cdn.collegefootballdata.com/logos-dark/16/2748.png']",,6127.0,John P. Papp Stadium,Wooster,OH,44691,US,,40.7980976,-81.9397733,,4500.0,,,False
402,Worcester State,Lancers,WORC,"['WORC', 'Worcester St']",MSCAC,,iii,#004b8e,#ffc629,"['https://cdn.collegefootballdata.com/logos/500/402.png', 'https://cdn.collegefootballdata.com/logos-dark/500/402.png', 'https://cdn.collegefootballdata.com/logos/256/402.png', 'https://cdn.collegefootballdata.com/logos-dark/256/402.png', 'https://cdn.collegefootballdata.com/logos/128/402.png', 'https://cdn.collegefootballdata.com/logos-dark/128/402.png', 'https://cdn.collegefootballdata.com/logos/96/402.png', 'https://cdn.collegefootballdata.com/logos-dark/96/402.png', 'https://cdn.collegefootballdata.com/logos/64/402.png', 'https://cdn.collegefootballdata.com/logos-dark/64/402.png', 'https://cdn.collegefootballdata.com/logos/48/402.png', 'https://cdn.collegefootballdata.com/logos-dark/48/402.png', 'https://cdn.collegefootballdata.com/logos/32/402.png', 'https://cdn.collegefootballdata.com/logos-dark/32/402.png', 'https://cdn.collegefootballdata.com/logos/16/402.png', 'https://cdn.collegefootballdata.com/logos-dark/16/402.png']",,5898.0,John Coughlin Memorial Field,Worcester,MA,01613,US,,42.2625621,-71.8018877,,2000.0,,,False
2749,WPI,Engineers,WPI,"['WPI', 'WPI']",NEWMAC,,iii,#000000,#null,"['https://cdn.collegefootballdata.com/logos/500/2749.png', 'https://cdn.collegefootballdata.com/logos-dark/500/2749.png', 'https://cdn.collegefootballdata.com/logos/256/2749.png', 'https://cdn.collegefootballdata.com/logos-dark/256/2749.png', 'https://cdn.collegefootballdata.com/logos/128/2749.png', 'https://cdn.collegefootballdata.com/logos-dark/128/2749.png', 'https://cdn.collegefootballdata.com/logos/96/2749.png', 'https://cdn.collegefootballdata.com/logos-dark/96/2749.png', 'https://cdn.collegefootballdata.com/logos/64/2749.png', 'https://cdn.collegefootballdata.com/logos-dark/64/2749.png', 'https://cdn.collegefootballdata.com/logos/48/2749.png', 'https://cdn.collegefootballdata.com/logos-dark/48/2749.png', 'https://cdn.collegefootballdata.com/logos/32/2749.png', 'https://cdn.collegefootballdata.com/logos-dark/32/2749.png', 'https://cdn.collegefootballdata.com/logos/16/2749.png', 'https://cdn.collegefootballdata.com/logos-dark/16/2749.png']",,5899.0,"Alumni Stadium (Worcester, MA)",Worcester,MA,01613,US,,42.2625621,-71.8018877,,2000.0,,,False
2750,Wright State University,Raiders,WRST,"['WRST', 'Wright State']",,,,#cba052,#cba052,[],,,,,,,,,,,,,,,
2706,WVU Tech,Golden Bears,WVUT,"['WVUT', 'WVU Tech']",,,,#000000,#null,[],,,,,,,,,,,,,,,
2751,Wyoming,Cowboys,WYO,"['WYO', 'Wyoming']",Mountain West,,fbs,#492f24,#ffc425,"['https://cdn.collegefootballdata.com/logos/500/2751.png', 'https://cdn.collegefootballdata.com/logos-dark/500/2751.png', 'https://cdn.collegefootballdata.com/logos/256/2751.png', 'https://cdn.collegefootballdata.com/logos-dark/256/2751.png', 'https://cdn.collegefootballdata.com/logos/128/2751.png', 'https://cdn.collegefootballdata.com/logos-dark/128/2751.png', 'https://cdn.collegefootballdata.com/logos/96/2751.png', 'https://cdn.collegefootballdata.com/logos-dark/96/2751.png', 'https://cdn.collegefootballdata.com/logos/64/2751.png', 'https://cdn.collegefootballdata.com/logos-dark/64/2751.png', 'https://cdn.collegefootballdata.com/logos/48/2751.png', 'https://cdn.collegefootballdata.com/logos-dark/48/2751.png', 'https://cdn.collegefootballdata.com/logos/32/2751.png', 'https://cdn.collegefootballdata.com/logos-dark/32/2751.png', 'https://cdn.collegefootballdata.com/logos/16/2751.png', 'https://cdn.collegefootballdata.com/logos-dark/16/2751.png']",@Wyo_Football,3984.0,War Memorial Stadium,Laramie,WY,82071,US,America/Denver,41.31161,-105.5681384,2200.153564,29181.0,1950.0,False,False
43,Yale,Bulldogs,YALE,"['YALE', 'Yale']",Ivy,,fcs,#004a81,#286dc0,"['https://cdn.collegefootballdata.com/logos/500/43.png', 'https://cdn.collegefootballdata.com/logos-dark/500/43.png', 'https://cdn.collegefootballdata.com/logos/256/43.png', 'https://cdn.collegefootballdata.com/logos-dark/256/43.png', 'https://cdn.collegefootballdata.com/logos/128/43.png', 'https://cdn.collegefootballdata.com/logos-dark/128/43.png', 'https://cdn.collegefootballdata.com/logos/96/43.png', 'https://cdn.collegefootballdata.com/logos-dark/96/43.png', 'https://cdn.collegefootballdata.com/logos/64/43.png', 'https://cdn.collegefootballdata.com/logos-dark/64/43.png', 'https://cdn.collegefootballdata.com/logos/48/43.png', 'https://cdn.collegefootballdata.com/logos-dark/48/43.png', 'https://cdn.collegefootballdata.com/logos/32/43.png', 'https://cdn.collegefootballdata.com/logos-dark/32/43.png', 'https://cdn.collegefootballdata.com/logos/16/43.png', 'https://cdn.collegefootballdata.com/logos-dark/16/43.png']",@Yale_Football,3997.0,Yale Bowl,New Haven,CT,6520 ,US,America/New_York,41.3132441,-72.9605333,5.302621841,61446.0,1914.0,False,False
2754,Youngstown State,Penguins,YSU,"['YSU', 'Youngstown St']",MVFC,,fcs,#E51936,#690717,"['https://cdn.collegefootballdata.com/logos/500/2754.png', 'https://cdn.collegefootballdata.com/logos-dark/500/2754.png', 'https://cdn.collegefootballdata.com/logos/256/2754.png', 'https://cdn.collegefootballdata.com/logos-dark/256/2754.png', 'https://cdn.collegefootballdata.com/logos/128/2754.png', 'https://cdn.collegefootballdata.com/logos-dark/128/2754.png', 'https://cdn.collegefootballdata.com/logos/96/2754.png', 'https://cdn.collegefootballdata.com/logos-dark/96/2754.png', 'https://cdn.collegefootballdata.com/logos/64/2754.png', 'https://cdn.collegefootballdata.com/logos-dark/64/2754.png', 'https://cdn.collegefootballdata.com/logos/48/2754.png', 'https://cdn.collegefootballdata.com/logos-dark/48/2754.png', 'https://cdn.collegefootballdata.com/logos/32/2754.png', 'https://cdn.collegefootballdata.com/logos-dark/32/2754.png', 'https://cdn.collegefootballdata.com/logos/16/2754.png', 'https://cdn.collegefootballdata.com/logos-dark/16/2754.png']",@YoungstownStFB,844.0,Stambaugh Stadium,Youngstown,OH,44502,US,America/New_York,41.1092964,-80.6501885,298.8893127,20630.0,1982.0,False,False
1000509,10th District A.C.,,,[],,,,#null,#null,,,,,,,,,,,,,,,,
1000571,111th Ambulance,,,[],,,,#null,#null,,,,,,,,,,,,,,,,
1000449,11th Cavalry,,,[],,,,#null,#null,,,,,,,,,,,,,,,,
1000727,1st Infantry,,,[],,,,#null,#null,,,,,,,,,,,,,,,,
1000557,1st Texas Artillery,,,[],,,,#null,#null,,,,,,,,,,,,,,,,
1000726,20th Infantry,,,[],,,,#null,#null,,,,,,,,,,,,,,,,
1000770,260th Coast Artillery,,,[],,,,#null,#null,,,,,,,,,,,,,,,,
1000399,26th Infantry,,,[],,,,#null,#null,,,,,,,,,,,,,,,,
1000633,2nd Developmemt Regiment,,,[],,,,#null,#null,,,,,,,,,,,,,,,,
1000566,2nd Texas 132nd Infantry,,,[],,,,#null,#null,,,,,,,,,,,,,,,,
1000562,362nd Infantry,,,[],,,,#null,#null,,,,,,,,,,,,,,,,
1000677,3rd Army Corps,,,[],,,,#null,#null,,,,,,,,,,,,,,,,
1000549,47th Infantry,,,[],,,,#null,#null,,,,,,,,,,,,,,,,
1000600,48th Infantry,,,[],,,,#null,#null,,,,,,,,,,,,,,,,
1000551,7th Infantry,,,[],,,,#null,#null,,,,,,,,,,,,,,,,
1000668,9th Amry Corps,,,[],,,,#null,#null,,,,,,,,,,,,,,,,
1000817,Abilene Field,,,[],,,,#null,#null,,,,,,,,,,,,,,,,
1000093,Active Football Club,,,[],,,,#null,#null,,,,,,,,,,,,,,,,
1000379,Actual Business College,,,[],,,,#null,#null,,,,,,,,,,,,,,,,
1000173,Adelbert,,,[],,,,#null,#null,,,,,,,,,,,,,,,,
1000872,Adelphi,,,[],,,,#null,#null,,,,,,,,,,,,,,,,
1000654,Alabama Medical,,,[],,,,#null,#null,,,,,,,,,,,,,,,,
1000481,Alabama Presbyterian,,,[],,,,#null,#null,,,,,,,,,,,,,,,,
1000473,Alabama Southern,,,[],,,,#null,#null,,,,,,,,,,,,,,,,
1000008,Alameda Coast Guard,Sea Lions,,['Alameda Coast Guard'],,,,#null,#null,,,,,,,,,,,,,,,,
1000869,Alameda NAS,,,[],,,,#null,#null,,,,,,,,,,,,,,,,
1000672,Albertson,,,[],,,,#null,#null,,,,,,,,,,,,,,,,
1000782,Albuquerque Field,,,[],,,,#null,#null,,,,,,,,,,,,,,,,
1000874,Alliance,,,[],,,,#null,#null,,,,,,,,,,,,,,,,
1000512,Alma,,,[],,,,#null,#null,,,,,,,,,,,,,,,,
1000409,Altoona A.C.,,,[],,,,#null,#null,,,,,,,,,,,,,,,,
1000915,Alverno College,,,[],,,,#null,#null,,,,,,,,,,,,,,,,
1000009,Amarillo Field,Sky Giants,,['Amarillo Field'],,,,#null,#null,,,,,,,,,,,,,,,,
1000386,American,,,[],,,,#null,#null,,,,,,,,,,,,,,,,
1000684,American Legion,,,[],,,,#null,#null,,,,,,,,,,,,,,,,
1000303,American Medical,,,[],,,,#null,#null,,,,,,,,,,,,,,,,
1000257,American Osteopath,,,[],,,,#null,#null,,,,,,,,,,,,,,,,
1000179,Amherst YMCA,,,[],,,,#null,#null,,,,,,,,,,,,,,,,
1000723,Anaconda Anodes,,,[],,,,#null,#null,,,,,,,,,,,,,,,,
1000469,Anderson,,,[],,,,#null,#null,,,,,,,,,,,,,,,,
1000089,Andover,,,[],,,,#null,#null,,,,,,,,,,,,,,,,
15,Anna Maria College,Amcats,ANN,"['ANN', 'Anna Maria']",,,,#null,#null,[],,5794.0,Caparso Field,Paxton,MA,01612,US,,42.3122967,-71.934172,,1000.0,,,False
1000740,Arizona All-Stars,,,[],,,,#null,#null,,,,,,,,,,,,,,,,
1000142,Armour,,,[],,,,#null,#null,,,,,,,,,,,,,,,,
1000552,Army Ambulance Corps,,,[],,,,#null,#null,,,,,,,,,,,,,,,,
1000446,Athens,,,[],,,,#null,#null,,,,,,,,,,,,,,,,
1000273,Athens A.C.,,,[],,,,#null,#null,,,,,,,,,,,,,,,,
1000675,Atlantic Christian,,,[],,,,#null,#null,,,,,,,,,,,,,,,,
1000838,Atlantic City NAS,,,[],,,,#null,#null,,,,,,,,,,,,,,,,
1000362,Augusta Military Academy,,,[],,,,#null,#null,,,,,,,,,,,,,,,,
1000347,Augustana (South Dakota),,,[],,,,#null,#null,,,,,,,,,,,,,,,,
1000387,Austin,,,[],,,,#null,#null,,,,,,,,,,,,,,,,
1000212,Austin High,,,[],,,,#null,#null,,,,,,,,,,,,,,,,
1000906,Australia,Australia,Australia,['Australia'],,,,#null,#null,,,,,,,,,,,,,,,,
1000547,Bailey Military,,,[],,,,#null,#null,,,,,,,,,,,,,,,,
1000808,Bainbridge NTS,,,[],,,,#null,#null,,,,,,,,,,,,,,,,
1000131,Baker,,,[],,,,#null,#null,,,,,,,,,,,,,,,,
1000637,Balboa NTS,,,[],,,,#null,#null,,,,,,,,,,,,,,,,
1000544,Ballard Meteors,,,[],,,,#null,#null,,,,,,,,,,,,,,,,
1000431,Baltimore,,,[],,,,#null,#null,,,,,,,,,,,,,,,,
1000180,Baltimore A.C.,,,[],,,,#null,#null,,,,,,,,,,,,,,,,
1000140,Bankers A.C.,,,[],,,,#null,#null,,,,,,,,,,,,,,,,
1000845,Barksdale Field,,,[],,,,#null,#null,,,,,,,,,,,,,,,,
1000442,Barnes Medical,,,[],,,,#null,#null,,,,,,,,,,,,,,,,
1000597,Barron Field,,,[],,,,#null,#null,,,,,,,,,,,,,,,,
1000825,Beaumont Hospital,,,[],,,,#null,#null,,,,,,,,,,,,,,,,
1000408,Bellefonte Academy,,,[],,,,#null,#null,,,,,,,,,,,,,,,,
1000336,Bellevue,,,[],,,,#null,#null,,,,,,,,,,,,,,,,
1000596,Belmont A.C.,,,[],,,,#null,#null,,,,,,,,,,,,,,,,
1000314,Beloit High,,,[],,,,#null,#null,,,,,,,,,,,,,,,,
2059,Benedict,Tigers,BEN,"['BEN', 'Benedict']",,,,#000000,#null,[],,,,,,,,,,,,,,,
1000192,Bennett Medical,,,[],,,,#null,#null,,,,,,,,,,,,,,,,
1000857,Berg Field,,,[],,,,#null,#null,,,,,,,,,,,,,,,,
1000849,Bergstrom Field,,,[],,,,#null,#null,,,,,,,,,,,,,,,,
1000112,Berkeley A.C.,,,[],,,,#null,#null,,,,,,,,,,,,,,,,
1000495,Bethel,,,[],,,,#null,#null,,,,,,,,,,,,,,,,
1000288,Bingham,,,[],,,,#null,#null,,,,,,,,,,,,,,,,
1000440,Birmingham,,,[],,,,#null,#null,,,,,,,,,,,,,,,,
1000291,Birmingham High,,,[],,,,#null,#null,,,,,,,,,,,,,,,,
1000893,Bishop,,,[],,,,#null,#null,,,,,,,,,,,,,,,,
1000771,Blackland Field,,,[],,,,#null,#null,,,,,,,,,,,,,,,,
1000468,Blountsville Agricultural,,,[],,,,#null,#null,,,,,,,,,,,,,,,,
1000856,Bogue Field,,,[],,,,#null,#null,,,,,,,,,,,,,,,,
1000882,Bolling Field,,,[],,,,#null,#null,,,,,,,,,,,,,,,,
1000101,Boston A.C.,,,[],,,,#null,#null,,,,,,,,,,,,,,,,
1000119,Boston English High,,,[],,,,#null,#null,,,,,,,,,,,,,,,,
1000117,Boston Latin High,,,[],,,,#null,#null,,,,,,,,,,,,,,,,
1000010,Boston University,Terriers,,['Boston University'],,,,#null,#null,,,,,,,,,,,,,,,,
1000280,Boulder High,,,[],,,,#null,#null,,,,,,,,,,,,,,,,
1000213,Bradford National Guard,,,[],,,,#null,#null,,,,,,,,,,,,,,,,
1000011,Bradley,Braves,,['Bradley'],,,,#null,#null,,,,,,,,,,,,,,,,
1000881,Brandeis,,,[],,,,#null,#null,,,,,,,,,,,,,,,,
1000401,Brayton,,,[],,,,#null,#null,,,,,,,,,,,,,,,,
1000546,Bremerton Navy,,,[],,,,#null,#null,,,,,,,,,,,,,,,,
1000748,Bridgewater,,,[],,,,#null,#null,,,,,,,,,,,,,,,,
1000072,Britannia,,,[],,,,#null,#null,,,,,,,,,,,,,,,,
1000078,British Club of New York,,,[],,,,#null,#null,,,,,,,,,,,,,,,,
1001013,British Columbia,British Col,BRI,['BRI'],,,,#null,#null,,,,,,,,,,,,,,,,
1000929,Broaddus College,,,[],,,,#null,#null,,,,,,,,,,,,,,,,
1000842,Brooklyn,,,[],,,,#null,#null,,,,,,,,,,,,,,,,
1000080,Brooklyn Polytechnic Institute,,,[],,,,#null,#null,,,,,,,,,,,,,,,,
1000814,Brooklyn Tigers (NFL),,,[],,,,#null,#null,,,,,,,,,,,,,,,,
1000795,Bryan Field,,,[],,,,#null,#null,,,,,,,,,,,,,,,,
1000662,Bryson,,,[],,,,#null,#null,,,,,,,,,,,,,,,,
1000378,Buckner Business College,,,[],,,,#null,#null,,,,,,,,,,,,,,,,
1000840,Bunker Hill Navy,,,[],,,,#null,#null,,,,,,,,,,,,,,,,
1000640,Burleson,,,[],,,,#null,#null,,,,,,,,,,,,,,,,
1000271,Burlingame A.C.,,,[],,,,#null,#null,,,,,,,,,,,,,,,,
1000394,Butler YMCA,,,[],,,,#null,#null,,,,,,,,,,,,,,,,
1000162,Butte A.C.,,,[],,,,#null,#null,,,,,,,,,,,,,,,,
1000687,California Alumni,,,[],,,,#null,#null,,,,,,,,,,,,,,,,
1000891,California-Riverside,,,[],,,,#null,#null,,,,,,,,,,,,,,,,
1000007,California-Santa Barbara,Gauchos,UCSB,"['UCSB', 'California-Santa Barbara']",,,,#null,#null,,,,,,,,,,,,,,,,
1000690,California Tech,,,[],,,,#null,#null,,,,,,,,,,,,,,,,
1000513,Cal Poly-Pomona,,,[],,,,#null,#null,,,,,,,,,,,,,,,,
1000012,Cal State Fullerton,Titans,,['Cal State Fullerton'],,,,#null,#null,,,,,,,,,,,,,,,,
1000013,Cal State Los Angeles,Golden Eagles,,['Cal State Los Angeles'],,,,#null,#null,,,,,,,,,,,,,,,,
1000887,Cal State Northridge,,,[],,,,#null,#null,,,,,,,,,,,,,,,,
1000917,Cameron,Aggies,CAM,['CAM'],,,,#null,#null,,,,,,,,,,,,,,,,
1000147,Camp Adams,,,[],,,,#null,#null,,,,,,,,,,,,,,,,
1000591,Camp Baker,,,[],,,,#null,#null,,,,,,,,,,,,,,,,
1000854,Camp Beale,,,[],,,,#null,#null,,,,,,,,,,,,,,,,
1000846,Camp Blanding,,,[],,,,#null,#null,,,,,,,,,,,,,,,,
1000767,Camp Davis,,,[],,,,#null,#null,,,,,,,,,,,,,,,,
1000567,Camp Devens,,,[],,,,#null,#null,,,,,,,,,,,,,,,,
1000618,Camp Dodge,,,[],,,,#null,#null,,,,,,,,,,,,,,,,
1000575,Camp Doniphan,,,[],,,,#null,#null,,,,,,,,,,,,,,,,
1000217,Campello,,,[],,,,#null,#null,,,,,,,,,,,,,,,,
1000564,Camp Funston,,,[],,,,#null,#null,,,,,,,,,,,,,,,,
1000572,Camp Gordon,,,[],,,,#null,#null,,,,,,,,,,,,,,,,
1000014,Camp Grant,Warriors,,['Camp Grant'],,,,#null,#null,,,,,,,,,,,,,,,,
1000626,Camp Greene,,,[],,,,#null,#null,,,,,,,,,,,,,,,,
1000589,Camp Greenleaf,,,[],,,,#null,#null,,,,,,,,,,,,,,,,
1000598,Camp Griffin,,,[],,,,#null,#null,,,,,,,,,,,,,,,,
1000769,Camp Haan,,,[],,,,#null,#null,,,,,,,,,,,,,,,,
1000599,Camp Hancock,,,[],,,,#null,#null,,,,,,,,,,,,,,,,
1000619,Camp Harrison,,,[],,,,#null,#null,,,,,,,,,,,,,,,,
1000879,Camp Hood,,,[],,,,#null,#null,,,,,,,,,,,,,,,,
1000605,Camp Humphreys,,,[],,,,#null,#null,,,,,,,,,,,,,,,,
1000803,Camp Kilmer,,,[],,,,#null,#null,,,,,,,,,,,,,,,,
1000574,Camp Lee,,,[],,,,#null,#null,,,,,,,,,,,,,,,,
1000789,Camp Lejeune,,,[],,,,#null,#null,,,,,,,,,,,,,,,,
1000550,Camp Logan,,,[],,,,#null,#null,,,,,,,,,,,,,,,,
1000559,Camp Lyons,,,[],,,,#null,#null,,,,,,,,,,,,,,,,
1000625,Camp Mabry,,,[],,,,#null,#null,,,,,,,,,,,,,,,,
1000569,Camp MacAurthur,,,[],,,,#null,#null,,,,,,,,,,,,,,,,
1000579,Camp MacDowell,,,[],,,,#null,#null,,,,,,,,,,,,,,,,
1000861,Camp Mackall,,,[],,,,#null,#null,,,,,,,,,,,,,,,,
1000866,Camp McClelland,,,[],,,,#null,#null,,,,,,,,,,,,,,,,
1000353,Camp McKinley,,,[],,,,#null,#null,,,,,,,,,,,,,,,,
1000349,Camp McPherson,,,[],,,,#null,#null,,,,,,,,,,,,,,,,
1000432,Camp Meyer,,,[],,,,#null,#null,,,,,,,,,,,,,,,,
1000900,Camp Peary,,,[],,,,#null,#null,,,,,,,,,,,,,,,,
1000880,Camp Pendleton,,,[],,,,#null,#null,,,,,,,,,,,,,,,,
1000635,Camp Perry,,,[],,,,#null,#null,,,,,,,,,,,,,,,,
1000773,Camp Pickett,,,[],,,,#null,#null,,,,,,,,,,,,,,,,
1000577,Camp Pike,,,[],,,,#null,#null,,,,,,,,,,,,,,,,
1000829,Camp Polk,,,[],,,,#null,#null,,,,,,,,,,,,,,,,
1000250,Camp Preble,,,[],,,,#null,#null,,,,,,,,,,,,,,,,
1000451,Camp Russell,,,[],,,,#null,#null,,,,,,,,,,,,,,,,
1000576,Camp Sevier,,,[],,,,#null,#null,,,,,,,,,,,,,,,,
1000621,Camp Shelby,,,[],,,,#null,#null,,,,,,,,,,,,,,,,
1000573,Camp Sherman,,,[],,,,#null,#null,,,,,,,,,,,,,,,,
1000607,Camp Taylor,,,[],,,,#null,#null,,,,,,,,,,,,,,,,
1000594,Camp Travis,,,[],,,,#null,#null,,,,,,,,,,,,,,,,
1000556,Camp Wadsworth,,,[],,,,#null,#null,,,,,,,,,,,,,,,,
1000068,Canada All-Stars,,,[],,,,#null,#null,,,,,,,,,,,,,,,,
1000706,Canisius,,,[],,,,#null,#null,,,,,,,,,,,,,,,,
1000396,Canton A.C.,,,[],,,,#null,#null,,,,,,,,,,,,,,,,
1000601,Carleton-St. Olaf,,,[],,,,#null,#null,,,,,,,,,,,,,,,,
1000015,Carlisle,Indians,,['Carlisle'],,,,#null,#null,,,,,,,,,,,,,,,,
1000670,Carlstrom Field,,,[],,,,#null,#null,,,,,,,,,,,,,,,,
1000692,Carroll (Montana),,,[],,,,#null,#null,,,,,,,,,,,,,,,,
1000580,Carruthers Field,,,[],,,,#null,#null,,,,,,,,,,,,,,,,
1000883,Carswell AFB,,,[],,,,#null,#null,,,,,,,,,,,,,,,,
1000744,Casa Blanca Indians,,,[],,,,#null,#null,,,,,,,,,,,,,,,,
1000156,Case,,,[],,,,#null,#null,,,,,,,,,,,,,,,,
1000429,Castle Heights,,,[],,,,#null,#null,,,,,,,,,,,,,,,,
1000500,Catholic,,,[],,,,#null,#null,,,,,,,,,,,,,,,,
1000016,Centenary (LA),Gents,,['Centenary (LA)'],,,,#null,#null,,,,,,,,,,,,,,,,
1000702,Centerville (Butte),,,[],,,,#null,#null,,,,,,,,,,,,,,,,
1000309,Central Academy,,,[],,,,#null,#null,,,,,,,,,,,,,,,,
1000506,Central (Iowa),,,[],,,,#null,#null,,,,,,,,,,,,,,,,
1000295,Central (Kentucky),,,[],,,,#null,#null,,,,,,,,,,,,,,,,
1000928,Central Missouri,Mules,CEN,['CEN'],,,,#null,#null,,,,,,,,,,,,,,,,
1000526,Chamberlain Hunt,,,[],,,,#null,#null,,,,,,,,,,,,,,,,
1000578,Chanute Field,,,[],,,,#null,#null,,,,,,,,,,,,,,,,
1000390,Charles City,,,[],,,,#null,#null,,,,,,,,,,,,,,,,
1000305,Charleston,,,[],,,,#null,#null,,,,,,,,,,,,,,,,
1000806,Charleston Coast Guard,,,[],,,,#null,#null,,,,,,,,,,,,,,,,
1000479,Charleston Navy,,,[],,,,#null,#null,,,,,,,,,,,,,,,,
1000831,Chatham Field,,,[],,,,#null,#null,,,,,,,,,,,,,,,,
1000666,Chemawa,,,[],,,,#null,#null,,,,,,,,,,,,,,,,
1000826,Cherry Point Marines,,,[],,,,#null,#null,,,,,,,,,,,,,,,,
1000395,Cheyenne High,,,[],,,,#null,#null,,,,,,,,,,,,,,,,
1000109,Chicago A.C.,,,[],,,,#null,#null,,,,,,,,,,,,,,,,
1000185,Chicago Alumni,,,[],,,,#null,#null,,,,,,,,,,,,,,,,
1000263,Chicago College,,,[],,,,#null,#null,,,,,,,,,,,,,,,,
1000287,Chicago Dental,,,[],,,,#null,#null,,,,,,,,,,,,,,,,
1000144,Chicago Dining Club,,,[],,,,#null,#null,,,,,,,,,,,,,,,,
1000267,Chicago Medical,,,[],,,,#null,#null,,,,,,,,,,,,,,,,
1000583,Chicago Naval Reserve,,,[],,,,#null,#null,,,,,,,,,,,,,,,,
1000122,Chicago YMCA,,,[],,,,#null,#null,,,,,,,,,,,,,,,,
1000543,Chick Springs Military,,,[],,,,#null,#null,,,,,,,,,,,,,,,,
1000321,Chilocco,,,[],,,,#null,#null,,,,,,,,,,,,,,,,
1000514,Christian Brothers,,,[],,,,#null,#null,,,,,,,,,,,,,,,,
1000066,City College of New York,,,[],,,,#null,#null,,,,,,,,,,,,,,,,
1000699,Clarke Memorial,,,[],,,,#null,#null,,,,,,,,,,,,,,,,
1000268,Clarkson,,,[],,,,#null,#null,,,,,,,,,,,,,,,,
1000535,Clemson Freshmen,,,[],,,,#null,#null,,,,,,,,,,,,,,,,
1000634,Cleveland Naval Reserves,,,[],,,,#null,#null,,,,,,,,,,,,,,,,
1000148,C.M.T.S.,,,[],,,,#null,#null,,,,,,,,,,,,,,,,
1000844,College All-Stars,,,[],,,,#null,#null,,,,,,,,,,,,,,,,
1000344,Colorado Alumni,,,[],,,,#null,#null,,,,,,,,,,,,,,,,
1000330,Colorado College Alumni,,,[],,,,#null,#null,,,,,,,,,,,,,,,,
1000775,Colorado Springs Field,,,[],,,,#null,#null,,,,,,,,,,,,,,,,
1000281,Colorado Springs High,,,[],,,,#null,#null,,,,,,,,,,,,,,,,
1000695,Colorado State Freshmen,,,[],,,,#null,#null,,,,,,,,,,,,,,,,
1000104,Columbia A.C.,,,[],,,,#null,#null,,,,,,,,,,,,,,,,
1000317,Columbia Alumni,,,[],,,,#null,#null,,,,,,,,,,,,,,,,
1000486,Columbia College,,,[],,,,#null,#null,,,,,,,,,,,,,,,,
1000086,Columbia Law,,,[],,,,#null,#null,,,,,,,,,,,,,,,,
1000753,Columbia (Oregon),,,[],,,,#null,#null,,,,,,,,,,,,,,,,
1000318,Columbia YMCA,,,[],,,,#null,#null,,,,,,,,,,,,,,,,
1000375,Company I,,,[],,,,#null,#null,,,,,,,,,,,,,,,,
1000912,Concordia Canada,Eagles,,[],,,,#null,#null,,,,,,,,,,,,,,,,
1000922,Concordia College (MN),Cobbers,,[],,,,#null,#null,,,,,,,,,,,,,,,,
1000110,Connecticut Literary,,,[],,,,#null,#null,,,,,,,,,,,,,,,,
1000206,Connecticut-Waterbury,,,[],,,,#null,#null,,,,,,,,,,,,,,,,
1000421,Conway Hall,,,[],,,,#null,#null,,,,,,,,,,,,,,,,
1000774,Corpus Christi NAS,,,[],,,,#null,#null,,,,,,,,,,,,,,,,
1000235,Cortland State,,,[],,,,#null,#null,,,,,,,,,,,,,,,,
1000656,Cotton City A.C.,,,[],,,,#null,#null,,,,,,,,,,,,,,,,
1000588,Crane J.C.,,,[],,,,#null,#null,,,,,,,,,,,,,,,,
1000017,Creighton,Bluejays,,['Creighton'],,,,#null,#null,,,,,,,,,,,,,,,,
1000075,Crescent A.C.,,,[],,,,#null,#null,,,,,,,,,,,,,,,,
1000364,Culver,,,[],,,,#null,#null,,,,,,,,,,,,,,,,
1000793,Curtis Bay Coast Guard,,,[],,,,#null,#null,,,,,,,,,,,,,,,,
1000862,Dalhart Field,,,[],,,,#null,#null,,,,,,,,,,,,,,,,
1000491,Dallas,,,[],,,,#null,#null,,,,,,,,,,,,,,,,
1000331,Daniel Baker,,,[],,,,#null,#null,,,,,,,,,,,,,,,,
1000787,Daniel Field,,,[],,,,#null,#null,,,,,,,,,,,,,,,,
1000507,Davis & Elkins,,,[],,,,#null,#null,,,,,,,,,,,,,,,,
1000139,Dean Academy,,,[],,,,#null,#null,,,,,,,,,,,,,,,,
1000645,Decatur Baptist,,,[],,,,#null,#null,,,,,,,,,,,,,,,,
1000018,Del Monte Pre-Flight,Navyators,,['Del Monte Pre-Flight'],,,,#null,#null,,,,,,,,,,,,,,,,
1000001,Denver,Pioneers,DU,"['DU', 'Denver']",,,,#null,#null,,,,,,,,,,,,,,,,
1000136,Denver A.C.,,,[],,,,#null,#null,,,,,,,,,,,,,,,,
1000464,Denver Alumni,,,[],,,,#null,#null,,,,,,,,,,,,,,,,
1000539,Denver Freshmen,,,[],,,,#null,#null,,,,,,,,,,,,,,,,
1000289,Denver Manual High,,,[],,,,#null,#null,,,,,,,,,,,,,,,,
1000671,DePaul,,,[],,,,#null,#null,,,,,,,,,,,,,,,,
1000269,Des Moines,,,[],,,,#null,#null,,,,,,,,,,,,,,,,
1000239,Des Moines Baptist,,,[],,,,#null,#null,,,,,,,,,,,,,,,,
1000079,Detroit A.C.,,,[],,,,#null,#null,,,,,,,,,,,,,,,,
1000019,Detroit Mercy,Titans,,['Detroit Mercy'],,,,#null,#null,,,,,,,,,,,,,,,,
1000277,Dickinson Seminary,,,[],,,,#null,#null,,,,,,,,,,,,,,,,
1000751,Dixie,,,[],,,,#null,#null,,,,,,,,,,,,,,,,
1000215,Dixon,,,[],,,,#null,#null,,,,,,,,,,,,,,,,
1000130,Doane,,,[],,,,#null,#null,,,,,,,,,,,,,,,,
1000415,Drake Alumni,,,[],,,,#null,#null,,,,,,,,,,,,,,,,
1000701,Drexel,,,[],,,,#null,#null,,,,,,,,,,,,,,,,
1000020,Drury,Panthers,,['Drury'],,,,#null,#null,,,,,,,,,,,,,,,,
1000176,Duquesne A.C.,,,[],,,,#null,#null,,,,,,,,,,,,,,,,
1000299,East Denver High,,,[],,,,#null,#null,,,,,,,,,,,,,,,,
1000311,East Des Moines High,,,[],,,,#null,#null,,,,,,,,,,,,,,,,
1000739,Eastern Arizona J.C.,,,[],,,,#null,#null,,,,,,,,,,,,,,,,
1000428,Eastern (Virginia),,,[],,,,#null,#null,,,,,,,,,,,,,,,,
1000728,Edmond Tech,,,[],,,,#null,#null,,,,,,,,,,,,,,,,
1000833,Edmonton Field,,,[],,,,#null,#null,,,,,,,,,,,,,,,,
1000899,Edward Waters,,,[],,,,#null,#null,,,,,,,,,,,,,,,,
1000265,Elgin Academy,,,[],,,,#null,#null,,,,,,,,,,,,,,,,
1000167,Elizabeth A.C.,,,[],,,,#null,#null,,,,,,,,,,,,,,,,
1000724,Ellensburg,,,[],,,,#null,#null,,,,,,,,,,,,,,,,
1000850,Ellington Field,,,[],,,,#null,#null,,,,,,,,,,,,,,,,
1000525,Ellsworth,,,[],,,,#null,#null,,,,,,,,,,,,,,,,
1000732,El Paso National Guard,,,[],,,,#null,#null,,,,,,,,,,,,,,,,
1000828,El Toro Marines,,,[],,,,#null,#null,,,,,,,,,,,,,,,,
1000316,Emporia College,,,[],,,,#null,#null,,,,,,,,,,,,,,,,
1001015,England,England,England,['England'],,,,#null,#null,,,,,,,,,,,,,,,,
1000707,Englewood,,,[],,,,#null,#null,,,,,,,,,,,,,,,,
1000127,Englewood High,,,[],,,,#null,#null,,,,,,,,,,,,,,,,
1000128,Englewood YMCA,,,[],,,,#null,#null,,,,,,,,,,,,,,,,
1000021,Erskine,The Flying Fleet,,['Erskine'],,,,#null,#null,,,,,,,,,,,,,,,,
1000067,Eton,,,[],,,,#null,#null,,,,,,,,,,,,,,,,
1000163,Eureka,,,[],,,,#null,#null,,,,,,,,,,,,,,,,
1000152,Evanston High,,,[],,,,#null,#null,,,,,,,,,,,,,,,,
1000752,Evansville,,,[],,,,#null,#null,,,,,,,,,,,,,,,,
1000090,Exeter,,,[],,,,#null,#null,,,,,,,,,,,,,,,,
1000155,F.A.A.,,,[],,,,#null,#null,,,,,,,,,,,,,,,,
1000981,Fairfield,Stags,,['Fairfield'],,,,#null,#null,,,,,,,,,,,,,,,,
1000111,Fall River,,,[],,,,#null,#null,,,,,,,,,,,,,,,,
1000087,Falls of Schuylkill,,,[],,,,#null,#null,,,,,,,,,,,,,,,,
1000859,Farragut Navy,,,[],,,,#null,#null,,,,,,,,,,,,,,,,
109418,Finlandia University,Lions,FINL,"['FINL', 'Finlandia']",Upper Midwest,,iii,#null,#null,,,,,,,,,,,,,,,,
1000437,Fishburne M.A.,,,[],,,,#null,#null,,,,,,,,,,,,,,,,
1000925,Fisk University,Bulldogs,,[],,,,#null,#null,,,,,,,,,,,,,,,,
1000228,Fitchburg YMCA,,,[],,,,#null,#null,,,,,,,,,,,,,,,,
1000819,Fleet City,,,[],,,,#null,#null,,,,,,,,,,,,,,,,
1000528,Florence YMCA,,,[],,,,#null,#null,,,,,,,,,,,,,,,,
1000508,Florida Southern,,,[],,,,#null,#null,,,,,,,,,,,,,,,,
1000022,Fort Benning,Doughboys,,['Fort Benning'],,,,#null,#null,,,,,,,,,,,,,,,,
1000830,Fort Bliss,,,[],,,,#null,#null,,,,,,,,,,,,,,,,
1000689,Fort Bragg,,,[],,,,#null,#null,,,,,,,,,,,,,,,,
1000631,Fort Des Moines,,,[],,,,#null,#null,,,,,,,,,,,,,,,,
1000391,Fort Douglas,,,[],,,,#null,#null,,,,,,,,,,,,,,,,
1000382,Fort Ethan Allen,,,[],,,,#null,#null,,,,,,,,,,,,,,,,
1000643,Fort Jackson,,,[],,,,#null,#null,,,,,,,,,,,,,,,,
1000777,Fort Knox,,,[],,,,#null,#null,,,,,,,,,,,,,,,,
1000476,Fort Leavenworth,,,[],,,,#null,#null,,,,,,,,,,,,,,,,
1000755,Fort Lewis College,,,[],,,,#null,#null,,,,,,,,,,,,,,,,
1000776,Fort Monmouth,,,[],,,,#null,#null,,,,,,,,,,,,,,,,
1000823,Fort Monroe,,,[],,,,#null,#null,,,,,,,,,,,,,,,,
1000628,Fort Oglethorpe,,,[],,,,#null,#null,,,,,,,,,,,,,,,,
1000768,Fort Ord,,,[],,,,#null,#null,,,,,,,,,,,,,,,,
1000827,Fort Pierce,,,[],,,,#null,#null,,,,,,,,,,,,,,,,
1000023,Fort Riley,Centaurs,,['Fort Riley'],,,,#null,#null,,,,,,,,,,,,,,,,
1000255,Fort Sheridan,,,[],,,,#null,#null,,,,,,,,,,,,,,,,
1000784,Fort Totten,,,[],,,,#null,#null,,,,,,,,,,,,,,,,
1000024,Fort Warren,Broncos,,['Fort Warren'],,,,#null,#null,,,,,,,,,,,,,,,,
1000326,Fort Worth,,,[],,,,#null,#null,,,,,,,,,,,,,,,,
1000612,Foundation,,,[],,,,#null,#null,,,,,,,,,,,,,,,,
1000885,Frederick,,,[],,,,#null,#null,,,,,,,,,,,,,,,,
1000278,Freeport High,,,[],,,,#null,#null,,,,,,,,,,,,,,,,
1000584,Fremont Ammuntion,,,[],,,,#null,#null,,,,,,,,,,,,,,,,
1000868,Fresno State JV,,,[],,,,#null,#null,,,,,,,,,,,,,,,,
1000342,Friends,,,[],,,,#null,#null,,,,,,,,,,,,,,,,
1000818,Galveston Field,,,[],,,,#null,#null,,,,,,,,,,,,,,,,
1000632,Garden City,,,[],,,,#null,#null,,,,,,,,,,,,,,,,
1000363,Geneva,,,[],,,,#null,#null,,,,,,,,,,,,,,,,
1000351,Georgetown (Kentucky),,,[],,,,#null,#null,,,,,,,,,,,,,,,,
1000921,Georgetown (KY),Tigers,GGA,['GGA'],,,,#null,#null,,,,,,,,,,,,,,,,
1000025,George Washington,Colonials,,['George Washington'],,,,#null,#null,,,,,,,,,,,,,,,,
1000548,Georgia B,,,[],,,,#null,#null,,,,,,,,,,,,,,,,
1000470,Georgia Medical,,,[],,,,#null,#null,,,,,,,,,,,,,,,,
1000026,Georgia Pre-Flight,Skycrackers,,['Georgia Pre-Flight'],,,,#null,#null,,,,,,,,,,,,,,,,
1000545,Georgia Tech B,,,[],,,,#null,#null,,,,,,,,,,,,,,,,
1000581,Goat Island Navy,,,[],,,,#null,#null,,,,,,,,,,,,,,,,
1000283,Golden High,,,[],,,,#null,#null,,,,,,,,,,,,,,,,
1000027,Gonzaga,Bulldogs,,['Gonzaga'],,,,#null,#null,,,,,,,,,,,,,,,,
1000691,Gonzaga Alumni,,,[],,,,#null,#null,,,,,,,,,,,,,,,,
1000404,Gordon,,,[],,,,#null,#null,,,,,,,,,,,,,,,,
1000244,Goshen,,,[],,,,#null,#null,,,,,,,,,,,,,,,,
1000315,Grand Island,,,[],,,,#null,#null,,,,,,,,,,,,,,,,
1000188,Grand Rapids High,,,[],,,,#null,#null,,,,,,,,,,,,,,,,
1000532,Granite High,,,[],,,,#null,#null,,,,,,,,,,,,,,,,
1000028,Great Lakes Navy,Bluejackets,,['Great Lakes Navy'],,,,#null,#null,,,,,,,,,,,,,,,,
1000137,Greenfield,,,[],,,,#null,#null,,,,,,,,,,,,,,,,
1000809,Greensboro Field,,,[],,,,#null,#null,,,,,,,,,,,,,,,,
1000804,Greenville Field,,,[],,,,#null,#null,,,,,,,,,,,,,,,,
1000184,Greer,,,[],,,,#null,#null,,,,,,,,,,,,,,,,
1000240,Grinnell Alumni,,,[],,,,#null,#null,,,,,,,,,,,,,,,,
1000284,Grinnell High,,,[],,,,#null,#null,,,,,,,,,,,,,,,,
1000406,Grove City,,,[],,,,#null,#null,,,,,,,,,,,,,,,,
1000186,Hahnemann Medical,,,[],,,,#null,#null,,,,,,,,,,,,,,,,
1000653,Hamilton A.C.,,,[],,,,#null,#null,,,,,,,,,,,,,,,,
1000361,Hampton A.C.,,,[],,,,#null,#null,,,,,,,,,,,,,,,,
1000646,Hampton Road,,,[],,,,#null,#null,,,,,,,,,,,,,,,,
1000467,Harrisburg A.C.,,,[],,,,#null,#null,,,,,,,,,,,,,,,,
1000492,Harry Hillman Academy,,,[],,,,#null,#null,,,,,,,,,,,,,,,,
1000154,Hartford,,,[],,,,#null,#null,,,,,,,,,,,,,,,,
1000092,Harvard Alumni,,,[],,,,#null,#null,,,,,,,,,,,,,,,,
1000094,Harvard B,,,[],,,,#null,#null,,,,,,,,,,,,,,,,
1000134,Harvard Freshmen,,,[],,,,#null,#null,,,,,,,,,,,,,,,,
1000477,Harvard Law,,,[],,,,#null,#null,,,,,,,,,,,,,,,,
1000029,Haskell,Indians,,['Haskell'],,,,#null,#null,,,,,,,,,,,,,,,,
1000398,Hastings,,,[],,,,#null,#null,,,,,,,,,,,,,,,,
1000716,Hastings State,,,[],,,,#null,#null,,,,,,,,,,,,,,,,
1000458,Havana A.C.,,,[],,,,#null,#null,,,,,,,,,,,,,,,,
1000420,Havana University,,,[],,,,#null,#null,,,,,,,,,,,,,,,,
1000030,Haverford,Fords,,['Haverford'],,,,#null,#null,,,,,,,,,,,,,,,,
1000696,Hawaii All-Stars,,,[],,,,#null,#null,,,,,,,,,,,,,,,,
1000889,Hayward State,,,[],,,,#null,#null,,,,,,,,,,,,,,,,
1000377,Hebron Academy,,,[],,,,#null,#null,,,,,,,,,,,,,,,,
1000329,Hedding,,,[],,,,#null,#null,,,,,,,,,,,,,,,,
1000858,Herington Field,,,[],,,,#null,#null,,,,,,,,,,,,,,,,
1000313,Highland Park,,,[],,,,#null,#null,,,,,,,,,,,,,,,,
1000719,High Point,,,[],,,,#null,#null,,,,,,,,,,,,,,,,
1000762,Hiwassee,,,[],,,,#null,#null,,,,,,,,,,,,,,,,
1000614,Hoboken Navy,,,[],,,,#null,#null,,,,,,,,,,,,,,,,
2275,Hofstra,Pride,HOF,"['HOF', 'Hofstra']",,,,#27297c,#f6c934,[],,,,,,,,,,,,,,,
1000254,Homestead A.C.,,,[],,,,#null,#null,,,,,,,,,,,,,,,,
1000847,Hondo Field,,,[],,,,#null,#null,,,,,,,,,,,,,,,,
1000178,Hopkinson,,,[],,,,#null,#null,,,,,,,,,,,,,,,,
1000471,Horner,,,[],,,,#null,#null,,,,,,,,,,,,,,,,
1000373,Houston YMCA,,,[],,,,#null,#null,,,,,,,,,,,,,,,,
1000158,Hyde Park,,,[],,,,#null,#null,,,,,,,,,,,,,,,,
1000123,Hyde Park High,,,[],,,,#null,#null,,,,,,,,,,,,,,,,
1000779,Idaho Marines,,,[],,,,#null,#null,,,,,,,,,,,,,,,,
1000216,Illinois Alumni,,,[],,,,#null,#null,,,,,,,,,,,,,,,,
1000172,Illinois Cycling Club,,,[],,,,#null,#null,,,,,,,,,,,,,,,,
1000555,Illinois Medical,,,[],,,,#null,#null,,,,,,,,,,,,,,,,
1000439,Independence A.C.,,,[],,,,#null,#null,,,,,,,,,,,,,,,,
1000241,Indiana Alumni,,,[],,,,#null,#null,,,,,,,,,,,,,,,,
1000348,Indiana Medical,,,[],,,,#null,#null,,,,,,,,,,,,,,,,
1000150,Indianapolis Artillery,,,[],,,,#null,#null,,,,,,,,,,,,,,,,
1000705,Intermountain,,,[],,,,#null,#null,,,,,,,,,,,,,,,,
1000000,Iowa Pre-Flight,Seahawks,IPF,"['IPF', 'Iowa Pre-Flight']",,,,#null,#null,,,,,,,,,,,,,,,,
1000430,Jackson Br.-New Orleans,,,[],,,,#null,#null,,,,,,,,,,,,,,,,
1000822,Jackson Field,,,[],,,,#null,#null,,,,,,,,,,,,,,,,
1000031,Jacksonville Naval Air Station,Flyers,,['Jacksonville Naval Air Station'],,,,#null,#null,,,,,,,,,,,,,,,,
1000435,James Millikin,,,[],,,,#null,#null,,,,,,,,,,,,,,,,
1000412,Jefferson,,,[],,,,#null,#null,,,,,,,,,,,,,,,,
1000350,Jefferson Medical,,,[],,,,#null,#null,,,,,,,,,,,,,,,,
1000360,Jersey Shore,,,[],,,,#null,#null,,,,,,,,,,,,,,,,
1000758,Kamehameha Alumni,,,[],,,,#null,#null,,,,,,,,,,,,,,,,
1000132,Kansas City A.C.,,,[],,,,#null,#null,,,,,,,,,,,,,,,,
1000251,Kansas City Medical,,,[],,,,#null,#null,,,,,,,,,,,,,,,,
1000407,Kansas City Veterinary,,,[],,,,#null,#null,,,,,,,,,,,,,,,,
1000524,Kansas Wesleyan,,,[],,,,#null,#null,,,,,,,,,,,,,,,,
1000483,Kearney,,,[],,,,#null,#null,,,,,,,,,,,,,,,,
1000855,Kearney Field,,,[],,,,#null,#null,,,,,,,,,,,,,,,,
1000851,Keesler Field,,,[],,,,#null,#null,,,,,,,,,,,,,,,,
1000608,Kelly Field,,,[],,,,#null,#null,,,,,,,,,,,,,,,,
1000354,Kents Hill,,,[],,,,#null,#null,,,,,,,,,,,,,,,,
1000293,King,,,[],,,,#null,#null,,,,,,,,,,,,,,,,
1000328,Kingfisher,,,[],,,,#null,#null,,,,,,,,,,,,,,,,
1000743,King George,,,[],,,,#null,#null,,,,,,,,,,,,,,,,
1000772,Kirtland Field,,,[],,,,#null,#null,,,,,,,,,,,,,,,,
1000553,Kiski Preparatory,,,[],,,,#null,#null,,,,,,,,,,,,,,,,
1000911,Knoxville,Bulldogs,KNOX,['KNOX'],,,,#null,#null,,,,,,,,,,,,,,,,
1000848,Lackland Field,,,[],,,,#null,#null,,,,,,,,,,,,,,,,
1000224,Lake Forest Academy,,,[],,,,#null,#null,,,,,,,,,,,,,,,,
1000226,Lake Forest Alumni,,,[],,,,#null,#null,,,,,,,,,,,,,,,,
1000778,Lakehurst NAS,,,[],,,,#null,#null,,,,,,,,,,,,,,,,
1000120,Lake View High,,,[],,,,#null,#null,,,,,,,,,,,,,,,,
1000202,Lancaster Crescents,,,[],,,,#null,#null,,,,,,,,,,,,,,,,
1000660,Lanier,,,[],,,,#null,#null,,,,,,,,,,,,,,,,
1000445,Laramie High,,,[],,,,#null,#null,,,,,,,,,,,,,,,,
1000248,La Salle,,,[],,,,#null,#null,,,,,,,,,,,,,,,,
1000488,Latrobe A.C.,,,[],,,,#null,#null,,,,,,,,,,,,,,,,
1000159,Laureate Boat Club,,,[],,,,#null,#null,,,,,,,,,,,,,,,,
1000138,Lawrenceville,,,[],,,,#null,#null,,,,,,,,,,,,,,,,
1000339,Lawton,,,[],,,,#null,#null,,,,,,,,,,,,,,,,
1000568,League Island Navy,,,[],,,,#null,#null,,,,,,,,,,,,,,,,
1000427,Leander Clarke,,,[],,,,#null,#null,,,,,,,,,,,,,,,,
1000108,Lehigh A.C.,,,[],,,,#null,#null,,,,,,,,,,,,,,,,
1000870,Leilahau,,,[],,,,#null,#null,,,,,,,,,,,,,,,,
1000932,Lewis,,,[],,,,#null,#null,,,,,,,,,,,,,,,,
1000083,Lewisburg A.C.,,,[],,,,#null,#null,,,,,,,,,,,,,,,,
134423,Lewis-Clark Valley College,,LEW,['LEW'],,,,#null,#null,,,,,,,,,,,,,,,,
1000630,Lieutenants,,,[],,,,#null,#null,,,,,,,,,,,,,,,,
1000894,Lincoln,,,[],,,,#null,#null,,,,,,,,,,,,,,,,
1000824,Lincoln Field,,,[],,,,#null,#null,,,,,,,,,,,,,,,,
1000243,Lincoln High,,,[],,,,#null,#null,,,,,,,,,,,,,,,,
1000355,Lincoln Medical,,,[],,,,#null,#null,,,,,,,,,,,,,,,,
1000460,Locust Grove,,,[],,,,#null,#null,,,,,,,,,,,,,,,,
1000502,Logan All-Stars,,,[],,,,#null,#null,,,,,,,,,,,,,,,,
1000032,Lombard,,,['Lombard'],,,,#null,#null,,,,,,,,,,,,,,,,
1000006,Long Beach State,49ers,LBS,"['LBS', 'Long Beach State']",,,,#null,#null,,,,,,,,,,,,,,,,
1000300,Longmont High,,,[],,,,#null,#null,,,,,,,,,,,,,,,,
1000718,Loras,,,[],,,,#null,#null,,,,,,,,,,,,,,,,
1000710,Los Angeles A.C.,,,[],,,,#null,#null,,,,,,,,,,,,,,,,
1000750,Los Angeles Junior College,,,[],,,,#null,#null,,,,,,,,,,,,,,,,
1000800,Louisiana Army STU,,,[],,,,#null,#null,,,,,,,,,,,,,,,,
1000709,Louisiana State Freshmen,,,[],,,,#null,#null,,,,,,,,,,,,,,,,
1000852,Louisville Field,,,[],,,,#null,#null,,,,,,,,,,,,,,,,
1000615,Love Field,,,[],,,,#null,#null,,,,,,,,,,,,,,,,
1000790,Lowry Field,,,[],,,,#null,#null,,,,,,,,,,,,,,,,
1000606,Loyola Academy,,,[],,,,#null,#null,,,,,,,,,,,,,,,,
1000713,Loyola (Baltimore),,,[],,,,#null,#null,,,,,,,,,,,,,,,,
1000712,Loyola (Chicago),,,[],,,,#null,#null,,,,,,,,,,,,,,,,
1000033,Loyola (LA),Wolfpack,,['Loyola (LA)'],,,,#null,#null,,,,,,,,,,,,,,,,
1000034,Loyola Marymount,Lions,,['Loyola Marymount'],,,,#null,#null,,,,,,,,,,,,,,,,
1000035,Lubbock Field,,,['Lubbock Field'],,,,#null,#null,,,,,,,,,,,,,,,,
1000682,Lynchburg,,,[],,,,#null,#null,,,,,,,,,,,,,,,,
1000590,MacAurthur Field,,,[],,,,#null,#null,,,,,,,,,,,,,,,,
1000517,Machinists Mates,,,[],,,,#null,#null,,,,,,,,,,,,,,,,
1000189,Madison High,,,[],,,,#null,#null,,,,,,,,,,,,,,,,
1000036,Manhattan,Jaspers,,['Manhattan'],,,,#null,#null,,,,,,,,,,,,,,,,
1000102,Manhattan A.C.,,,[],,,,#null,#null,,,,,,,,,,,,,,,,
1000785,Manhattan Beach Coast Guard,,,[],,,,#null,#null,,,,,,,,,,,,,,,,
1000897,Mankato State,,,[],,,,#null,#null,,,,,,,,,,,,,,,,
1000145,Manual Training High,,,[],,,,#null,#null,,,,,,,,,,,,,,,,
1000037,March Field,Flyers,,['March Field'],,,,#null,#null,,,,,,,,,,,,,,,,
1000038,Mare Island Marines,,,['Mare Island Marines'],,,,#null,#null,,,,,,,,,,,,,,,,
1000609,Mare Island Navy,,,[],,,,#null,#null,,,,,,,,,,,,,,,,
1000352,Marine Officers,,,[],,,,#null,#null,,,,,,,,,,,,,,,,
1000294,Marion,,,[],,,,#null,#null,,,,,,,,,,,,,,,,
1000510,Marion County High,,,[],,,,#null,#null,,,,,,,,,,,,,,,,
1000261,Marion Sims,,,[],,,,#null,#null,,,,,,,,,,,,,,,,
1000039,Marquette,Golden Eagles,,['Marquette'],,,,#null,#null,,,,,,,,,,,,,,,,
1000463,Marshall School,,,[],,,,#null,#null,,,,,,,,,,,,,,,,
1000368,Marshalltown,,,[],,,,#null,#null,,,,,,,,,,,,,,,,
1000194,Maryland A.C.,,,[],,,,#null,#null,,,,,,,,,,,,,,,,
1000204,Maryland-Baltimore,,,[],,,,#null,#null,,,,,,,,,,,,,,,,
1000903,Maryland-Eastern Shore,Hawks,,[],,,,#null,#null,,,,,,,,,,,,,,,,
1000393,Massilon A.C.,,,[],,,,#null,#null,,,,,,,,,,,,,,,,
1000620,Mather Field,,,[],,,,#null,#null,,,,,,,,,,,,,,,,
1000841,Maxwell Field,,,[],,,,#null,#null,,,,,,,,,,,,,,,,
1000815,Mayport NAS,,,[],,,,#null,#null,,,,,,,,,,,,,,,,
1000860,McClellan Field,,,[],,,,#null,#null,,,,,,,,,,,,,,,,
1000345,McDaniel,,,[],,,,#null,#null,,,,,,,,,,,,,,,,
1000069,McGill,,,[],,,,#null,#null,,,,,,,,,,,,,,,,
1000232,Medford A.C.,,,[],,,,#null,#null,,,,,,,,,,,,,,,,
1000264,Medico-Chirurgical,,,[],,,,#null,#null,,,,,,,,,,,,,,,,
1000835,Melville PT Boats,,,[],,,,#null,#null,,,,,,,,,,,,,,,,
1000466,Memphis High,,,[],,,,#null,#null,,,,,,,,,,,,,,,,
1000797,Memphis Navy,,,[],,,,#null,#null,,,,,,,,,,,,,,,,
1000325,Mercersburg Academy,,,[],,,,#null,#null,,,,,,,,,,,,,,,,
1000540,Meridian,,,[],,,,#null,#null,,,,,,,,,,,,,,,,
1000485,Meteor A.C.,,,[],,,,#null,#null,,,,,,,,,,,,,,,,
1000124,Michigan A.C.,,,[],,,,#null,#null,,,,,,,,,,,,,,,,
1000149,Michigan Military Academy,,,[],,,,#null,#null,,,,,,,,,,,,,,,,
1000873,Midwestern Texas State,,,[],,,,#null,#null,,,,,,,,,,,,,,,,
1000816,Milligan,,,[],,,,#null,#null,,,,,,,,,,,,,,,,
1000259,Milwaukee Medical,,,[],,,,#null,#null,,,,,,,,,,,,,,,,
1000171,Minneapolis Boat Club,,,[],,,,#null,#null,,,,,,,,,,,,,,,,
1000165,Minneapolis Central High,,,[],,,,#null,#null,,,,,,,,,,,,,,,,
1000312,Minneapolis Eastern High,,,[],,,,#null,#null,,,,,,,,,,,,,,,,
1000182,Minneapolis South High,,,[],,,,#null,#null,,,,,,,,,,,,,,,,
1000125,Minnesota Alumni,,,[],,,,#null,#null,,,,,,,,,,,,,,,,
1000516,Missouri-Kansas City,,,[],,,,#null,#null,,,,,,,,,,,,,,,,
1000320,Missouri-Rolla,,,[],,,,#null,#null,,,,,,,,,,,,,,,,
1000895,Missouri Southern,,,[],,,,#null,#null,,,,,,,,,,,,,,,,
1000839,Missouri Valley,,,[],,,,#null,#null,,,,,,,,,,,,,,,,
1000661,Missouri Wesleyan,,,[],,,,#null,#null,,,,,,,,,,,,,,,,
1000766,Moffett Field,,,[],,,,#null,#null,,,,,,,,,,,,,,,,
1000871,Mohawk,,,[],,,,#null,#null,,,,,,,,,,,,,,,,
1000388,Moline A.C.,,,[],,,,#null,#null,,,,,,,,,,,,,,,,
1000403,Monroe A.C.,,,[],,,,#null,#null,,,,,,,,,,,,,,,,
1000534,Montana Tech,,,[],,,,#null,#null,,,,,,,,,,,,,,,,
1000681,Montana Wesleyan,,,[],,,,#null,#null,,,,,,,,,,,,,,,,
1000115,Montclair A.C.,,,[],,,,#null,#null,,,,,,,,,,,,,,,,
1000717,Montezuma,,,[],,,,#null,#null,,,,,,,,,,,,,,,,
1000319,Montgomery A.C.,,,[],,,,#null,#null,,,,,,,,,,,,,,,,
1000798,Monticello Navy,,,[],,,,#null,#null,,,,,,,,,,,,,,,,
1000076,Montreal,,,[],,,,#null,#null,,,,,,,,,,,,,,,,
1000285,Mooney,,,[],,,,#null,#null,,,,,,,,,,,,,,,,
1000896,Moorhead State,,,[],,,,#null,#null,,,,,,,,,,,,,,,,
1000474,Morgan,,,[],,,,#null,#null,,,,,,,,,,,,,,,,
1000438,Morganton Mutes,,,[],,,,#null,#null,,,,,,,,,,,,,,,,
1000910,Morris Brown,,MB,['MB'],,,,#null,#null,,,,,,,,,,,,,,,,
1000832,Morris Field,,,[],,,,#null,#null,,,,,,,,,,,,,,,,
1000490,Morris Harvey,,,[],,,,#null,#null,,,,,,,,,,,,,,,,
1000193,Mount Airy Deaf School,,,[],,,,#null,#null,,,,,,,,,,,,,,,,
1000454,Mount Carmel All-Stars,,,[],,,,#null,#null,,,,,,,,,,,,,,,,
1000129,Mount Hermon,,,[],,,,#null,#null,,,,,,,,,,,,,,,,
481,Mount Ida College,Mustangs,MOU,"['MOU', 'Mount Ida ']",,,,#000000,#null,[],,,,,,,,,,,,,,,
133688,Mount Mercy,,MOU,['MOU'],,,,#null,#null,,,,,,,,,,,,,,,,
1000497,Mount Pleasant,,,[],,,,#null,#null,,,,,,,,,,,,,,,,
1000203,Mount St. Mary's,,,[],,,,#null,#null,,,,,,,,,,,,,,,,
1000419,Multnomah A.C.,,,[],,,,#null,#null,,,,,,,,,,,,,,,,
1000040,Nashville,,,['Nashville'],,,,#null,#null,,,,,,,,,,,,,,,,
1000558,Navy Hospital Corps,,,[],,,,#null,#null,,,,,,,,,,,,,,,,
1000565,Navy Reserves,,,[],,,,#null,#null,,,,,,,,,,,,,,,,
1000604,Navy Transport,,,[],,,,#null,#null,,,,,,,,,,,,,,,,
1000245,Nebraska Alumni,,,[],,,,#null,#null,,,,,,,,,,,,,,,,
1000478,Nebraska Wesleyan,,,[],,,,#null,#null,,,,,,,,,,,,,,,,
1000253,Needham,,,[],,,,#null,#null,,,,,,,,,,,,,,,,
1000231,Newark A.C.,,,[],,,,#null,#null,,,,,,,,,,,,,,,,
1000515,Newberry A.C.,,,[],,,,#null,#null,,,,,,,,,,,,,,,,
1000275,Newburyport A.C.,,,[],,,,#null,#null,,,,,,,,,,,,,,,,
1000523,New England All-Stars,,,[],,,,#null,#null,,,,,,,,,,,,,,,,
1000195,New Jersey A.C.,,,[],,,,#null,#null,,,,,,,,,,,,,,,,
1000837,New London Submarine Base,,,[],,,,#null,#null,,,,,,,,,,,,,,,,
1000737,New Mexico Military,,,[],,,,#null,#null,,,,,,,,,,,,,,,,
1000746,New Mexico Tech,,,[],,,,#null,#null,,,,,,,,,,,,,,,,
1000424,New Orleans Gym Club,,,[],,,,#null,#null,,,,,,,,,,,,,,,,
1000570,Newport Navy,,,[],,,,#null,#null,,,,,,,,,,,,,,,,
1000759,Newport News,,,[],,,,#null,#null,,,,,,,,,,,,,,,,
1000602,Newport NTS,,,[],,,,#null,#null,,,,,,,,,,,,,,,,
1000164,Newton A.C.,,,[],,,,#null,#null,,,,,,,,,,,,,,,,
1000416,Newton High,,,[],,,,#null,#null,,,,,,,,,,,,,,,,
1000200,Newtowne A.C.,,,[],,,,#null,#null,,,,,,,,,,,,,,,,
1000106,New York A.C.,,,[],,,,#null,#null,,,,,,,,,,,,,,,,
1000116,New York Law,,,[],,,,#null,#null,,,,,,,,,,,,,,,,
1000333,New York Naval Militia,,,[],,,,#null,#null,,,,,,,,,,,,,,,,
1000649,New York State,,,[],,,,#null,#null,,,,,,,,,,,,,,,,
1000041,New York University,Violets,,['New York University'],,,,#null,#null,,,,,,,,,,,,,,,,
1000402,Niagara,,,[],,,,#null,#null,,,,,,,,,,,,,,,,
1000356,Norfolk A.C.,,,[],,,,#null,#null,,,,,,,,,,,,,,,,
1000480,Norfolk Blues,,,[],,,,#null,#null,,,,,,,,,,,,,,,,
1000688,Norfolk Fire Department,,,[],,,,#null,#null,,,,,,,,,,,,,,,,
1000811,Norfolk Marines,,,[],,,,#null,#null,,,,,,,,,,,,,,,,
1000622,Norfolk Navy,,,[],,,,#null,#null,,,,,,,,,,,,,,,,
1000642,Norfolk Navy Base,,,[],,,,#null,#null,,,,,,,,,,,,,,,,
1000639,Norfolk Navy Yard,,,[],,,,#null,#null,,,,,,,,,,,,,,,,
1000042,Norman Naval Air Station,Zoomers,,['Norman Naval Air Station'],,,,#null,#null,,,,,,,,,,,,,,,,
1000444,Norman Park,,,[],,,,#null,#null,,,,,,,,,,,,,,,,
1000518,North Alabama A.C.,,,[],,,,#null,#null,,,,,,,,,,,,,,,,
1000434,North Carolina Medical,,,[],,,,#null,#null,,,,,,,,,,,,,,,,
1000005,North Carolina Pre-Flight,Cloudbusters,NCPF,"['NCPF', 'North Carolina Pre-Flight']",,,,#null,#null,,,,,,,,,,,,,,,,
1000754,North Dakota Teachers,,,[],,,,#null,#null,,,,,,,,,,,,,,,,
1000310,North Denver High,,,[],,,,#null,#null,,,,,,,,,,,,,,,,
1000237,North Division High,,,[],,,,#null,#null,,,,,,,,,,,,,,,,
111,Northeastern,Huskies,NE,"['NE', 'Northeastern']",,,,#cc0001,#c2c3c0,[],,,,,,,,,,,,,,,
1000698,Northeastern Oklahoma State,,,[],,,,#null,#null,,,,,,,,,,,,,,,,
1000385,North Georgia,,,[],,,,#null,#null,,,,,,,,,,,,,,,,
1000210,Northwest Division High,,,[],,,,#null,#null,,,,,,,,,,,,,,,,
1000187,Northwestern Academy,,,[],,,,#null,#null,,,,,,,,,,,,,,,,
1000205,Northwestern Alumni,,,[],,,,#null,#null,,,,,,,,,,,,,,,,
1000221,Northwestern Dental,,,[],,,,#null,#null,,,,,,,,,,,,,,,,
1000927,Northwestern (IA),,nad,['nad'],,,,#null,#null,,,,,,,,,,,,,,,,
1000392,Northwestern (Wisconsin),,,[],,,,#null,#null,,,,,,,,,,,,,,,,
1000747,Notre Dame B,,,[],,,,#null,#null,,,,,,,,,,,,,,,,
1000282,Oak Ridge,,,[],,,,#null,#null,,,,,,,,,,,,,,,,
1000863,Oceana NAS,,,[],,,,#null,#null,,,,,,,,,,,,,,,,
1000664,Ogden A.C.,,,[],,,,#null,#null,,,,,,,,,,,,,,,,
1000411,Ogden High,,,[],,,,#null,#null,,,,,,,,,,,,,,,,
1000043,Oglethorpe,Stormy Petrels,,['Oglethorpe'],,,,#null,#null,,,,,,,,,,,,,,,,
1000554,Ohio Am. Corp.,,,[],,,,#null,#null,,,,,,,,,,,,,,,,
1000209,Ohio Medical,,,[],,,,#null,#null,,,,,,,,,,,,,,,,
1000457,Oklahoma City,,,[],,,,#null,#null,,,,,,,,,,,,,,,,
1000522,Oklahoma Mines,,,[],,,,#null,#null,,,,,,,,,,,,,,,,
1000735,Oklahoma Teachers,,,[],,,,#null,#null,,,,,,,,,,,,,,,,
1000821,Olathe Navy,,,[],,,,#null,#null,,,,,,,,,,,,,,,,
1000153,Olivet,,,[],,,,#null,#null,,,,,,,,,,,,,,,,
1000096,Olympic A.C.,,,[],,,,#null,#null,,,,,,,,,,,,,,,,
1000536,Olympic Club,,,[],,,,#null,#null,,,,,,,,,,,,,,,,
1000623,Omaha Balloon,,,[],,,,#null,#null,,,,,,,,,,,,,,,,
1000323,Omaha Light Guards,,,[],,,,#null,#null,,,,,,,,,,,,,,,,
1000286,Onondaga,,,[],,,,#null,#null,,,,,,,,,,,,,,,,
1000100,Orange A.C.,,,[],,,,#null,#null,,,,,,,,,,,,,,,,
1000738,Oregon College,,,[],,,,#null,#null,,,,,,,,,,,,,,,,
1000538,Oregon State Alumni,,,[],,,,#null,#null,,,,,,,,,,,,,,,,
1000916,Oregon Tech,Hustlin' Owls,,[],,,,#null,#null,,,,,,,,,,,,,,,,
1000537,Originals A.C.,,,[],,,,#null,#null,,,,,,,,,,,,,,,,
1000074,Ottawa,,,[],,,,#null,#null,,,,,,,,,,,,,,,,
1000805,Ottumwa Pre-Flight,,,[],,,,#null,#null,,,,,,,,,,,,,,,,
1000436,Ouachita,,,[],,,,#null,#null,,,,,,,,,,,,,,,,
1000585,Overland Station,,,[],,,,#null,#null,,,,,,,,,,,,,,,,
1000715,Ozarks,,,[],,,,#null,#null,,,,,,,,,,,,,,,,
1000044,Pacific,Tigers,,['Pacific'],,,,#null,#null,,,,,,,,,,,,,,,,
1000796,Pacific All-Stars,,,[],,,,#null,#null,,,,,,,,,,,,,,,,
1000657,Pacific Fleet,,,[],,,,#null,#null,,,,,,,,,,,,,,,,
1000650,Pacific (Oregon),,,[],,,,#null,#null,,,,,,,,,,,,,,,,
1000878,Pacific Submarines,,,[],,,,#null,#null,,,,,,,,,,,,,,,,
1000097,Palmyra,,,[],,,,#null,#null,,,,,,,,,,,,,,,,
1000220,Panora,,,[],,,,#null,#null,,,,,,,,,,,,,,,,
1000627,Park Field,,,[],,,,#null,#null,,,,,,,,,,,,,,,,
1000456,Parris Island Marines,,,[],,,,#null,#null,,,,,,,,,,,,,,,,
1000886,Parsons,,,[],,,,#null,#null,,,,,,,,,,,,,,,,
1000482,Parsons (Iowa),,,[],,,,#null,#null,,,,,,,,,,,,,,,,
1000143,Pastime A.C.,,,[],,,,#null,#null,,,,,,,,,,,,,,,,
1000613,Payne Field,,,[],,,,#null,#null,,,,,,,,,,,,,,,,
1000673,Pearl Harbor,,,[],,,,#null,#null,,,,,,,,,,,,,,,,
1000593,Pelham Bay Navy,,,[],,,,#null,#null,,,,,,,,,,,,,,,,
1000587,Penn Radio School,,,[],,,,#null,#null,,,,,,,,,,,,,,,,
1000082,Pennsylvania Alumni,,,[],,,,#null,#null,,,,,,,,,,,,,,,,
1000201,Pennsylvania College,,,[],,,,#null,#null,,,,,,,,,,,,,,,,
1000073,Pennsylvania Military,,,[],,,,#null,#null,,,,,,,,,,,,,,,,
1000367,Pennsylvania Railroad YMCA,,,[],,,,#null,#null,,,,,,,,,,,,,,,,
1000191,Pennsylvania Reserves,,,[],,,,#null,#null,,,,,,,,,,,,,,,,
1000366,Pensacola A.C.,,,[],,,,#null,#null,,,,,,,,,,,,,,,,
1000783,Pensacola NAS,,,[],,,,#null,#null,,,,,,,,,,,,,,,,
1000337,Peoria Socials A.C.,,,[],,,,#null,#null,,,,,,,,,,,,,,,,
1000867,Pepperdine,,,[],,,,#null,#null,,,,,,,,,,,,,,,,
1000410,Peru State,,,[],,,,#null,#null,,,,,,,,,,,,,,,,
1000270,Philadelphia A.C.,,,[],,,,#null,#null,,,,,,,,,,,,,,,,
1000070,Philadelphia All-Stars,,,[],,,,#null,#null,,,,,,,,,,,,,,,,
1000603,Philadelphia Naval Yard,,,[],,,,#null,#null,,,,,,,,,,,,,,,,
1000214,Philaldelphia YMCA,,,[],,,,#null,#null,,,,,,,,,,,,,,,,
1000045,Phillips,Haymakers,,['Phillips'],,,,#null,#null,,,,,,,,,,,,,,,,
1000198,Phoenix A.C.,,,[],,,,#null,#null,,,,,,,,,,,,,,,,
1000749,Phoenix All-Stars,,,[],,,,#null,#null,,,,,,,,,,,,,,,,
1000234,Phoenix Indians,,,[],,,,#null,#null,,,,,,,,,,,,,,,,
1000190,Physicians & Surgeons,,,[],,,,#null,#null,,,,,,,,,,,,,,,,
1000674,Piedmont,,,[],,,,#null,#null,,,,,,,,,,,,,,,,
1000133,Pittsburgh A.C.,,,[],,,,#null,#null,,,,,,,,,,,,,,,,
1000389,Pittsburgh Lyceum,,,[],,,,#null,#null,,,,,,,,,,,,,,,,
1000177,Pittsfield A.C.,,,[],,,,#null,#null,,,,,,,,,,,,,,,,
1000794,Pleasanton Navy,,,[],,,,#null,#null,,,,,,,,,,,,,,,,
1000807,Pomona Ordinance Base,,,[],,,,#null,#null,,,,,,,,,,,,,,,,
1000233,Pontiac A.C.,,,[],,,,#null,#null,,,,,,,,,,,,,,,,
1000447,Porter Military,,,[],,,,#null,#null,,,,,,,,,,,,,,,,
1000046,Portland,Pilots,,['Portland'],,,,#null,#null,,,,,,,,,,,,,,,,
1000218,Portland A.C.,,,[],,,,#null,#null,,,,,,,,,,,,,,,,
1000450,Port Royal,,,[],,,,#null,#null,,,,,,,,,,,,,,,,
1000836,Portsmouth Fleet,,,[],,,,#null,#null,,,,,,,,,,,,,,,,
1000611,Post Field,,,[],,,,#null,#null,,,,,,,,,,,,,,,,
1000157,Prairie A.C.,,,[],,,,#null,#null,,,,,,,,,,,,,,,,
1000582,Presidio of San Francisco,,,[],,,,#null,#null,,,,,,,,,,,,,,,,
1000114,Princeton A.C.,,,[],,,,#null,#null,,,,,,,,,,,,,,,,
1000077,Princeton Alumni,,,[],,,,#null,#null,,,,,,,,,,,,,,,,
1000174,Princeton Seminary,,,[],,,,#null,#null,,,,,,,,,,,,,,,,
1000704,Providence,,,[],,,,#null,#null,,,,,,,,,,,,,,,,
1000334,Pueblo High,,,[],,,,#null,#null,,,,,,,,,,,,,,,,
1000307,Pueblo YMCA,,,[],,,,#null,#null,,,,,,,,,,,,,,,,
1000208,Purdue Alumni,,,[],,,,#null,#null,,,,,,,,,,,,,,,,
1000047,Quantico Marines,Devil Dogs,,['Quantico Marines'],,,,#null,#null,,,,,,,,,,,,,,,,
1000918,Queen's,,,[],,,,#null,#null,,,,,,,,,,,,,,,,
1000292,Quincy A.C.,,,[],,,,#null,#null,,,,,,,,,,,,,,,,
1000048,Randolph Field,Ramblers,,['Randolph Field'],,,,#null,#null,,,,,,,,,,,,,,,,
1000586,Ream Field,,,[],,,,#null,#null,,,,,,,,,,,,,,,,
1000049,Regis (CO),Rangers,,['Regis (CO)'],,,,#null,#null,,,,,,,,,,,,,,,,
1000531,Reina Mercedes,,,[],,,,#null,#null,,,,,,,,,,,,,,,,
1000160,Reliance A.C.,,,[],,,,#null,#null,,,,,,,,,,,,,,,,
1000533,Richmond Blues,,,[],,,,#null,#null,,,,,,,,,,,,,,,,
1000791,Richmond Field,,,[],,,,#null,#null,,,,,,,,,,,,,,,,
1000099,Ridgefield A.C.,,,[],,,,#null,#null,,,,,,,,,,,,,,,,
1000496,Riverside,,,[],,,,#null,#null,,,,,,,,,,,,,,,,
1000383,Roanoke,,,[],,,,#null,#null,,,,,,,,,,,,,,,,
1000343,Rockford High,,,[],,,,#null,#null,,,,,,,,,,,,,,,,
1000256,Rockford YMCA,,,[],,,,#null,#null,,,,,,,,,,,,,,,,
1000765,Rockhurst,,,[],,,,#null,#null,,,,,,,,,,,,,,,,
1000276,Rock Island A.C.,,,[],,,,#null,#null,,,,,,,,,,,,,,,,
1000669,Rollins,,,[],,,,#null,#null,,,,,,,,,,,,,,,,
1000647,Rooks,,,[],,,,#null,#null,,,,,,,,,,,,,,,,
1000151,Rush Medical,,,[],,,,#null,#null,,,,,,,,,,,,,,,,
1000641,Rusk,,,[],,,,#null,#null,,,,,,,,,,,,,,,,
1000733,Sacaton Indians,,,[],,,,#null,#null,,,,,,,,,,,,,,,,
1000238,Sacred Heart (Wisconsin),,,[],,,,#null,#null,,,,,,,,,,,,,,,,
1000050,Saint Louis,Billikens,,['Saint Louis'],,,,#null,#null,,,,,,,,,,,,,,,,
1000920,Saint Mary's,Gaels,,[],,,,#null,#null,,,,,,,,,,,,,,,,
1000051,Saint Mary's (CA),Gaels,,"[""Saint Mary's (CA)""]",,,,#null,#null,,,,,,,,,,,,,,,,
1000065,Saint Mary's (CA) Pre-Flight,Air Devils,,"[""Saint Mary's (CA) Pre-Flight""]",,,,#null,#null,,,,,,,,,,,,,,,,
1000930,Salem,,,[],,,,#null,#null,,,,,,,,,,,,,,,,
1000919,Salem International,,,[],,,,#null,#null,,,,,,,,,,,,,,,,
1000799,Salt Lake Field,,,[],,,,#null,#null,,,,,,,,,,,,,,,,
1000414,Salt Lake High,,,[],,,,#null,#null,,,,,,,,,,,,,,,,
1000161,Salt Lake YMCA,,,[],,,,#null,#null,,,,,,,,,,,,,,,,
1000792,Sampson NTS,,,[],,,,#null,#null,,,,,,,,,,,,,,,,
1000820,San Diego Bombers (PCFL),,,[],,,,#null,#null,,,,,,,,,,,,,,,,
1000745,San Diego Marines,,,[],,,,#null,#null,,,,,,,,,,,,,,,,
1000801,San Diego Navy,,,[],,,,#null,#null,,,,,,,,,,,,,,,,
1000004,San Francisco,Dons,SF,"['SF', 'San Francisco']",,,,#null,#null,,,,,,,,,,,,,,,,
1000843,San Francisco Clippers (AFL),,,[],,,,#null,#null,,,,,,,,,,,,,,,,
1000888,San Francisco State,,,[],,,,#null,#null,,,,,,,,,,,,,,,,
1000875,San Pedro A.C.,,,[],,,,#null,#null,,,,,,,,,,,,,,,,
1000636,San Pedro Navy,,,[],,,,#null,#null,,,,,,,,,,,,,,,,
1000788,Santa Ana Field,,,[],,,,#null,#null,,,,,,,,,,,,,,,,
1000003,Santa Clara,Broncos,SC,"['SC', 'Santa Clara']",,,,#null,#null,,,,,,,,,,,,,,,,
1000335,Savannah A.C.,,,[],,,,#null,#null,,,,,,,,,,,,,,,,
1000247,S.B. Howard Park,,,[],,,,#null,#null,,,,,,,,,,,,,,,,
1000714,Schuylkill,,,[],,,,#null,#null,,,,,,,,,,,,,,,,
1000107,Schuylkill Navy,,,[],,,,#null,#null,,,,,,,,,,,,,,,,
1000629,Scott Field,,,[],,,,#null,#null,,,,,,,,,,,,,,,,
1000703,Scout Fleet,,,[],,,,#null,#null,,,,,,,,,,,,,,,,
1000725,Scranton,,,[],,,,#null,#null,,,,,,,,,,,,,,,,
1000465,Seamen Gunners,,,[],,,,#null,#null,,,,,,,,,,,,,,,,
1000053,Second Air Force,Superbombers,,['Second Air Force'],,,,#null,#null,,,,,,,,,,,,,,,,
1000813,Second Air Force (Colorado),,,[],,,,#null,#null,,,,,,,,,,,,,,,,
1000781,Second Air Force (Washington),,,[],,,,#null,#null,,,,,,,,,,,,,,,,
1000081,Seton Hall,,,[],,,,#null,#null,,,,,,,,,,,,,,,,
1000655,Sewanee Club (Virginia),,,[],,,,#null,#null,,,,,,,,,,,,,,,,
1000461,Sewanee Medical,,,[],,,,#null,#null,,,,,,,,,,,,,,,,
1000225,Shamokin,,,[],,,,#null,#null,,,,,,,,,,,,,,,,
1000227,Shattuck,,,[],,,,#null,#null,,,,,,,,,,,,,,,,
1000340,Sherman,,,[],,,,#null,#null,,,,,,,,,,,,,,,,
1000357,Shreveport A.C.,,,[],,,,#null,#null,,,,,,,,,,,,,,,,
1000332,Shurtleff,,,[],,,,#null,#null,,,,,,,,,,,,,,,,
1000170,Sioux City A.C.,,,[],,,,#null,#null,,,,,,,,,,,,,,,,
1000266,SMTS,,,[],,,,#null,#null,,,,,,,,,,,,,,,,
1000898,Sonoma State,,,[],,,,#null,#null,,,,,,,,,,,,,,,,
1000258,South Bend A.C.,,,[],,,,#null,#null,,,,,,,,,,,,,,,,
1000168,South Berwick,,,[],,,,#null,#null,,,,,,,,,,,,,,,,
1000519,South Denver High,,,[],,,,#null,#null,,,,,,,,,,,,,,,,
1000678,Southern California Alumni,,,[],,,,#null,#null,,,,,,,,,,,,,,,,
1000686,Southern College,,,[],,,,#null,#null,,,,,,,,,,,,,,,,
1000679,Southern Methodist Freshmen,,,[],,,,#null,#null,,,,,,,,,,,,,,,,
1000659,Southern Military Academy,,,[],,,,#null,#null,,,,,,,,,,,,,,,,
3198,SOUTH FLORIDA STARS,STARS,SFX,"['SFX', 'SOUTH FLORIDA']",,,,#000000,#null,,,,,,,,,,,,,,,,
1000802,South Plains Field,,,[],,,,#null,#null,,,,,,,,,,,,,,,,
1000229,South Side Academy,,,[],,,,#null,#null,,,,,,,,,,,,,,,,
1000493,Southwestern (Kansas),,,[],,,,#null,#null,,,,,,,,,,,,,,,,
1000914,Southwest State,Mustangs,,[],,,,#null,#null,,,,,,,,,,,,,,,,
1000786,Spence Field,,,[],,,,#null,#null,,,,,,,,,,,,,,,,
1000054,Spring Hill,Badgers,,['Spring Hill'],,,,#null,#null,,,,,,,,,,,,,,,,
1000853,Squantum NAS,,,[],,,,#null,#null,,,,,,,,,,,,,,,,
1000503,Staats A.C.,,,[],,,,#null,#null,,,,,,,,,,,,,,,,
1000290,St. Albans,,,[],,,,#null,#null,,,,,,,,,,,,,,,,
1000624,Standifer Shipbuilders,,,[],,,,#null,#null,,,,,,,,,,,,,,,,
1000756,St. Benedict,,,[],,,,#null,#null,,,,,,,,,,,,,,,,
1000462,St. Bonaventure,,,[],,,,#null,#null,,,,,,,,,,,,,,,,
1000667,St. Edward's,,,[],,,,#null,#null,,,,,,,,,,,,,,,,
1000279,Steelton YMCA,,,[],,,,#null,#null,,,,,,,,,,,,,,,,
1000472,Sterling A.C.,,,[],,,,#null,#null,,,,,,,,,,,,,,,,
1000055,Stevens,Ducks,,['Stevens'],,,,#null,#null,,,,,,,,,,,,,,,,
1000071,Stevens Alumni,,,[],,,,#null,#null,,,,,,,,,,,,,,,,
1000610,St. Helena NTS,,,[],,,,#null,#null,,,,,,,,,,,,,,,,
1000262,Still,,,[],,,,#null,#null,,,,,,,,,,,,,,,,
1000908,Stillman,Tigers,STI,['STI'],,,,#null,#null,,,,,,,,,,,,,,,,
1000146,St. John's M.A.,,,[],,,,#null,#null,,,,,,,,,,,,,,,,
1000113,St. John's (Maryland),,,[],,,,#null,#null,,,,,,,,,,,,,,,,
1000617,St. Joseph's (Pennsylvania),,,[],,,,#null,#null,,,,,,,,,,,,,,,,
1000246,St. Lawrence,,,[],,,,#null,#null,,,,,,,,,,,,,,,,
1000729,St. Louis Alumni-Hawaii,,,[],,,,#null,#null,,,,,,,,,,,,,,,,
1000400,St. Mary's (Kansas),,,[],,,,#null,#null,,,,,,,,,,,,,,,,
1000734,St. Mary's (Minnesota),,,[],,,,#null,#null,,,,,,,,,,,,,,,,
1000498,St. Mary's (Texas),,,[],,,,#null,#null,,,,,,,,,,,,,,,,
1000834,St. Olaf,,,[],,,,#null,#null,,,,,,,,,,,,,,,,
1000527,St. Paul,,,[],,,,#null,#null,,,,,,,,,,,,,,,,
1000236,St. Paul Central High,,,[],,,,#null,#null,,,,,,,,,,,,,,,,
1000274,St. Paul's (New Hampshire),,,[],,,,#null,#null,,,,,,,,,,,,,,,,
1000423,Stroudsburg,,,[],,,,#null,#null,,,,,,,,,,,,,,,,
1000175,St. Steven's,,,[],,,,#null,#null,,,,,,,,,,,,,,,,
1000365,St. Thomas,,,[],,,,#null,#null,,,,,,,,,,,,,,,,
1000380,St. Viator,,,[],,,,#null,#null,,,,,,,,,,,,,,,,
1000417,St. Vincent's (California),,,[],,,,#null,#null,,,,,,,,,,,,,,,,
1000763,St. Vincent's (Pennsylvania),,,[],,,,#null,#null,,,,,,,,,,,,,,,,
1000426,Superba A.C.,,,[],,,,#null,#null,,,,,,,,,,,,,,,,
1000002,Swarthmore,Garnet Tide,SWAR,"['SWAR', 'Swarthmore']",,,,#null,#null,,,,,,,,,,,,,,,,
1000103,Swarthmore Alumni,,,[],,,,#null,#null,,,,,,,,,,,,,,,,
1000118,Syracuse A.C.,,,[],,,,#null,#null,,,,,,,,,,,,,,,,
1000272,Syracuse Alumni,,,[],,,,#null,#null,,,,,,,,,,,,,,,,
1000680,Talladega,,,[],,,,#null,#null,,,,,,,,,,,,,,,,
1000056,Tampa,Spartans,,['Tampa'],,,,#null,#null,,,,,,,,,,,,,,,,
1000504,Tampa A.C.,,,[],,,,#null,#null,,,,,,,,,,,,,,,,
1000252,Tarkio,,,[],,,,#null,#null,,,,,,,,,,,,,,,,
1000121,Temperance A.C.,,,[],,,,#null,#null,,,,,,,,,,,,,,,,
1000381,Tennessee Deaf School,,,[],,,,#null,#null,,,,,,,,,,,,,,,,
1000057,Tennessee Medical College,,,['Tennessee Medical College'],,,,#null,#null,,,,,,,,,,,,,,,,
1000301,Tennessee-Memphis,,,[],,,,#null,#null,,,,,,,,,,,,,,,,
1000413,Tennessee Military,,,[],,,,#null,#null,,,,,,,,,,,,,,,,
1000757,Tennessee Wesleyan,,,[],,,,#null,#null,,,,,,,,,,,,,,,,
1000876,Texas A&M-Corpus Christi,,,[],,,,#null,#null,,,,,,,,,,,,,,,,
1000058,Texas-Arlington,Mavericks,,['Texas-Arlington'],,,,#null,#null,,,,,,,,,,,,,,,,
1000322,Texas Deaf School,,,[],,,,#null,#null,,,,,,,,,,,,,,,,
1000730,Texas Military,,,[],,,,#null,#null,,,,,,,,,,,,,,,,
1000760,Texas Wesleyan,,,[],,,,#null,#null,,,,,,,,,,,,,,,,
1000685,Thiel,,,[],,,,#null,#null,,,,,,,,,,,,,,,,
1000901,Third Air Force,,,[],,,,#null,#null,,,,,,,,,,,,,,,,
1000088,Tioga,,,[],,,,#null,#null,,,,,,,,,,,,,,,,
1000358,Toledo A.C.,,,[],,,,#null,#null,,,,,,,,,,,,,,,,
1000521,Tonkawa Preparatory,,,[],,,,#null,#null,,,,,,,,,,,,,,,,
1000499,Toronto All-Stars,,,[],,,,#null,#null,,,,,,,,,,,,,,,,
1001014,Toronto Argonauts,Toronto Argonauts,Toronto Argonauts,['Toronto Argonauts'],,,,#null,#null,,,,,,,,,,,,,,,,
1000297,Transylvania,,,[],,,,#null,#null,,,,,,,,,,,,,,,,
2907,Trinity International (IL),Trojans,TRN,"['TRN', 'Trinity Intl']",,,,#null,#null,[],,,,,,,,,,,,,,,
1000302,Trinity (Texas),,,[],,,,#null,#null,,,,,,,,,,,,,,,,
1000105,Troy Laureates,,,[],,,,#null,#null,,,,,,,,,,,,,,,,
1000296,Tulane Alumni,,,[],,,,#null,#null,,,,,,,,,,,,,,,,
1000341,Twin Cities Central High,,,[],,,,#null,#null,,,,,,,,,,,,,,,,
1000370,Twin Cities High,,,[],,,,#null,#null,,,,,,,,,,,,,,,,
1000731,UAY All-Stars,,,[],,,,#null,#null,,,,,,,,,,,,,,,,
1000924,UC Riverside,Highlanders,,[],,,,#null,#null,,,,,,,,,,,,,,,,
2841,Union College,Dutchmen,UNI,"['Union', 'UNI', 'Union Ky College']",,,,#null,#null,[],,,,,,,,,,,,,,,
1000059,Union (NY),Dutchmen,,['Union (NY)'],,,,#null,#null,,,,,,,,,,,,,,,,
1000359,Union (Tennessee),,,[],,,,#null,#null,,,,,,,,,,,,,,,,
1000126,University Club of Chicago,,,[],,,,#null,#null,,,,,,,,,,,,,,,,
1000736,University of Mexico,,,[],,,,#null,#null,,,,,,,,,,,,,,,,
1000764,Upsala,,,[],,,,#null,#null,,,,,,,,,,,,,,,,
1000864,U.S. Amphibians,,,[],,,,#null,#null,,,,,,,,,,,,,,,,
1000890,U.S. International,,,[],,,,#null,#null,,,,,,,,,,,,,,,,
1000595,U.S. Marines,,,[],,,,#null,#null,,,,,,,,,,,,,,,,
1000658,US Recup. Company,,,[],,,,#null,#null,,,,,,,,,,,,,,,,
1000648,USS Boston,,,[],,,,#null,#null,,,,,,,,,,,,,,,,
1000455,USS Franklin,,,[],,,,#null,#null,,,,,,,,,,,,,,,,
1000683,USS Idaho,,,[],,,,#null,#null,,,,,,,,,,,,,,,,
1000700,USS Maryland,,,[],,,,#null,#null,,,,,,,,,,,,,,,,
1000652,USS Mercy,,,[],,,,#null,#null,,,,,,,,,,,,,,,,
1000592,USS Minnesota,,,[],,,,#null,#null,,,,,,,,,,,,,,,,
1000676,USS Mississippi,,,[],,,,#null,#null,,,,,,,,,,,,,,,,
1000711,USS New Mexico,,,[],,,,#null,#null,,,,,,,,,,,,,,,,
1000651,USS New York,,,[],,,,#null,#null,,,,,,,,,,,,,,,,
1000708,USS Oklahoma,,,[],,,,#null,#null,,,,,,,,,,,,,,,,
1000722,USS Tennessee,,,[],,,,#null,#null,,,,,,,,,,,,,,,,
1000638,USS Utah,,,[],,,,#null,#null,,,,,,,,,,,,,,,,
1000397,USS Washington,,,[],,,,#null,#null,,,,,,,,,,,,,,,,
1000418,Utah Alumni,,,[],,,,#null,#null,,,,,,,,,,,,,,,,
1000561,Utah Field Artillery,,,[],,,,#null,#null,,,,,,,,,,,,,,,,
1000501,Utah State Alumni,,,[],,,,#null,#null,,,,,,,,,,,,,,,,
1000560,Vancouver Barracks,,,[],,,,#null,#null,,,,,,,,,,,,,,,,
1000448,Vanderbilt Alumni,,,[],,,,#null,#null,,,,,,,,,,,,,,,,
1000505,Vedado A.C.,,,[],,,,#null,#null,,,,,,,,,,,,,,,,
1000060,Vermont,Catamounts,,['Vermont'],,,,#null,#null,,,,,,,,,,,,,,,,
1000260,Vermont Methodist Seminary,,,[],,,,#null,#null,,,,,,,,,,,,,,,,
1000494,Vicksburg A.C.,,,[],,,,#null,#null,,,,,,,,,,,,,,,,
1000489,Vigilant A.C.,,,[],,,,#null,#null,,,,,,,,,,,,,,,,
1000249,Vincennes,,,[],,,,#null,#null,,,,,,,,,,,,,,,,
1000091,Vineland,,,[],,,,#null,#null,,,,,,,,,,,,,,,,
1000441,Virginia Boat Club,,,[],,,,#null,#null,,,,,,,,,,,,,,,,
1000487,Virginia Medical,,,[],,,,#null,#null,,,,,,,,,,,,,,,,
1000511,Virginia Tech Alumni,,,[],,,,#null,#null,,,,,,,,,,,,,,,,
1000135,Volunteer A.C.,,,[],,,,#null,#null,,,,,,,,,,,,,,,,
1000780,Waco Field,,,[],,,,#null,#null,,,,,,,,,,,,,,,,
1000665,Wake Forest Freshmen,,,[],,,,#null,#null,,,,,,,,,,,,,,,,
1000222,Walton,,,[],,,,#null,#null,,,,,,,,,,,,,,,,
1000425,Warrenton Preparatory,,,[],,,,#null,#null,,,,,,,,,,,,,,,,
1000563,Washington Artillery,,,[],,,,#null,#null,,,,,,,,,,,,,,,,
1000443,Washington (Maryland),,,[],,,,#null,#null,,,,,,,,,,,,,,,,
1000812,Washington Redskins (NFL),,,[],,,,#null,#null,,,,,,,,,,,,,,,,
1000304,Washington YMCA,,,[],,,,#null,#null,,,,,,,,,,,,,,,,
1000306,Waterton,,,[],,,,#null,#null,,,,,,,,,,,,,,,,
1000327,Watertown,,,[],,,,#null,#null,,,,,,,,,,,,,,,,
1000230,Waukegan High,,,[],,,,#null,#null,,,,,,,,,,,,,,,,
1000761,Wayne State,,,[],,,,#null,#null,,,,,,,,,,,,,,,,
1000324,Welch Neck High,,,[],,,,#null,#null,,,,,,,,,,,,,,,,
1000372,Wendell Phillips High,,,[],,,,#null,#null,,,,,,,,,,,,,,,,
1000644,Wesley,,,[],,,,#null,#null,,,,,,,,,,,,,,,,
1000061,Wesleyan (CT),Cardinals,,['Wesleyan (CT)'],,,,#null,#null,,,,,,,,,,,,,,,,
1000721,West Coast Army,,,[],,,,#null,#null,,,,,,,,,,,,,,,,
1000741,West Coast Navy,,,[],,,,#null,#null,,,,,,,,,,,,,,,,
1000308,West Denver High,,,[],,,,#null,#null,,,,,,,,,,,,,,,,
1000219,West Division High,,,[],,,,#null,#null,,,,,,,,,,,,,,,,
1000453,West End Amateurs,,,[],,,,#null,#null,,,,,,,,,,,,,,,,
1000223,Western (Iowa),,,[],,,,#null,#null,,,,,,,,,,,,,,,,
1000907,Western Ontario,Mustangs,,[],,,,#null,#null,,,,,,,,,,,,,,,,
1000169,Western Reserve,,,[],,,,#null,#null,,,,,,,,,,,,,,,,
1000541,West Logan High,,,[],,,,#null,#null,,,,,,,,,,,,,,,,
1000384,Westminster (Missouri),,,[],,,,#null,#null,,,,,,,,,,,,,,,,
1000371,Westminster (Pennsylvania),,,[],,,,#null,#null,,,,,,,,,,,,,,,,
1000697,West Seattle A.C.,,,[],,,,#null,#null,,,,,,,,,,,,,,,,
1000405,West Texas Military,,,[],,,,#null,#null,,,,,,,,,,,,,,,,
1000923,West Virginia State,Yellow Jackets,,[],,,,#null,#null,,,,,,,,,,,,,,,,
1000422,Wetumpka,,,[],,,,#null,#null,,,,,,,,,,,,,,,,
1000181,Wheaton High,,,[],,,,#null,#null,,,,,,,,,,,,,,,,
1000877,White Sands,,,[],,,,#null,#null,,,,,,,,,,,,,,,,
1000196,White Squadron,,,[],,,,#null,#null,,,,,,,,,,,,,,,,
1000062,Whitman,Missionaries,,['Whitman'],,,,#null,#null,,,,,,,,,,,,,,,,
1000063,Wichita State,Shockers,,['Wichita State'],,,,#null,#null,,,,,,,,,,,,,,,,
1000369,William Jewell,,,[],,,,#null,#null,,,,,,,,,,,,,,,,
1000346,Williams Alumni,,,[],,,,#null,#null,,,,,,,,,,,,,,,,
1000865,Williams Field,,,[],,,,#null,#null,,,,,,,,,,,,,,,,
1000199,Williamsport,,,[],,,,#null,#null,,,,,,,,,,,,,,,,
1000095,Williston,,,[],,,,#null,#null,,,,,,,,,,,,,,,,
1000693,Wilmington,,,[],,,,#null,#null,,,,,,,,,,,,,,,,
1000484,Winchester,,,[],,,,#null,#null,,,,,,,,,,,,,,,,
1000207,Wisconsin Alumni,,,[],,,,#null,#null,,,,,,,,,,,,,,,,
1000433,Wisconsin Freshmen,,,[],,,,#null,#null,,,,,,,,,,,,,,,,
1000892,Wisconsin-Milwaukee,,,[],,,,#null,#null,,,,,,,,,,,,,,,,
1000298,Wisconsin-Oshkosh,,,[],,,,#null,#null,,,,,,,,,,,,,,,,
1000211,Wisconsin-Whitewater,,,[],,,,#null,#null,,,,,,,,,,,,,,,,
1000904,Wisc. Stout,,,[],,,,#null,#null,,,,,,,,,,,,,,,,
1000616,Wissahickon Barracks,,,[],,,,#null,#null,,,,,,,,,,,,,,,,
1000183,Worcester A.C.,,,[],,,,#null,#null,,,,,,,,,,,,,,,,
1000242,Worcester Academy,,,[],,,,#null,#null,,,,,,,,,,,,,,,,
1000475,Wyoming Alumni,,,[],,,,#null,#null,,,,,,,,,,,,,,,,
1000694,Wyoming Faculty,,,[],,,,#null,#null,,,,,,,,,,,,,,,,
1000098,Wyoming Seminary,,,[],,,,#null,#null,,,,,,,,,,,,,,,,
1000064,Xavier,Musketeers,,['Xavier'],,,,#null,#null,,,,,,,,,,,,,,,,
1000085,Yale Alumni,,,[],,,,#null,#null,,,,,,,,,,,,,,,,
1000166,Yale Consolidated,,,[],,,,#null,#null,,,,,,,,,,,,,,,,
1000141,Yale Freshmen,,,[],,,,#null,#null,,,,,,,,,,,,,,,,
1000084,Yale/Princeton/Harvard Grads,,,[],,,,#null,#null,,,,,,,,,,,,,,,,
1000720,YMI,,,[],,,,#null,#null,,,,,,,,,,,,,,,,
1000197,York YMCA,,,[],,,,#null,#null,,,,,,,,,,,,,,,,
1000810,Yuma Field,,,[],,,,#null,#null,,,,,,,,,,,,,,,,
