season,week,away,home,market,strategy,tier,grade,side,number,book,issued_utc,result,settled_utc,last_number,last_seen_utc
2026,1,Tulane,Duke,spread,price_gap,LEAN,C,Duke,-7.5,Bovada,2026-09-05T07:57:31.759715+00:00,win,2026-09-06T00:35:48.057959+00:00,,
2026,1,Clemson,LSU,spread,price_gap,LEAN,C,LSU,-9.5,Bovada,2026-09-05T07:57:31.759715+00:00,win,2026-09-06T05:22:22.540277+00:00,,
2026,1,Central Michigan,New Mexico,spread,price_gap,LEAN,C,New Mexico,-10.5,Bovada,2026-09-05T07:57:31.759715+00:00,win,2026-09-06T12:10:31.867610+00:00,,
2026,1,Western Kentucky,Nevada,spread,price_gap,LEAN,C,Western Kentucky,1.0,Bovada,2026-09-05T07:57:31.759715+00:00,loss,2026-09-06T12:10:31.867610+00:00,,
2026,1,Ohio,Nebraska,spread,model_gap_early,AVOID,D,Ohio,23.5,consensus,2026-09-05T08:25:34.766161+00:00,loss,2026-09-05T19:34:55.712191+00:00,,
2026,1,Ohio,Nebraska,moneyline,model_gap_early,AVOID,D,Ohio,1250.0,consensus,2026-09-05T08:25:34.766161+00:00,loss,2026-09-05T19:34:55.712191+00:00,,
2026,1,Ohio,Nebraska,total,total_over,AVOID,D,over,46.2,consensus,2026-09-05T08:25:34.766161+00:00,win,2026-09-05T19:34:55.712191+00:00,,
2026,1,Liberty,James Madison,spread,model_gap_early,AVOID,D,James Madison,-6.0,consensus,2026-09-05T08:25:34.766161+00:00,win,2026-09-05T19:34:55.712191+00:00,,
2026,1,Liberty,James Madison,moneyline,model_gap_early,AVOID,D,James Madison,-237.0,consensus,2026-09-05T08:25:34.766161+00:00,win,2026-09-05T19:34:55.712191+00:00,,
2026,1,Liberty,James Madison,total,total_over,AVOID,D,over,50.5,consensus,2026-09-05T08:25:34.766161+00:00,loss,2026-09-05T19:34:55.712191+00:00,,
2026,1,Coastal Carolina,West Virginia,spread,model_gap_early,AVOID,D,Coastal Carolina,21.0,consensus,2026-09-05T08:25:34.766161+00:00,win,2026-09-05T23:51:58.889551+00:00,,
2026,1,Coastal Carolina,West Virginia,moneyline,model_gap_early,AVOID,D,Coastal Carolina,900.0,consensus,2026-09-05T08:25:34.766161+00:00,loss,2026-09-05T23:51:58.889551+00:00,,
2026,1,Coastal Carolina,West Virginia,total,total_over,AVOID,D,over,54.8,consensus,2026-09-05T08:25:34.766161+00:00,win,2026-09-05T23:51:58.889551+00:00,,
2026,1,North Texas,Indiana,spread,model_gap_early,AVOID,D,North Texas,40.8,consensus,2026-09-05T08:25:34.766161+00:00,win,2026-09-05T19:34:55.712191+00:00,,
2026,1,North Texas,Indiana,total,total_over,AVOID,D,over,56.8,consensus,2026-09-05T08:25:34.766161+00:00,win,2026-09-05T19:34:55.712191+00:00,,
2026,1,Oregon State,Houston,spread,model_gap_early,AVOID,D,Oregon State,20.8,consensus,2026-09-05T08:25:34.766161+00:00,win,2026-09-05T23:51:58.889551+00:00,,
2026,1,Oregon State,Houston,moneyline,model_gap_early,AVOID,D,Oregon State,862.0,consensus,2026-09-05T08:25:34.766161+00:00,loss,2026-09-05T23:51:58.889551+00:00,,
2026,1,Oregon State,Houston,total,total_over,AVOID,D,under,50.5,consensus,2026-09-05T08:25:34.766161+00:00,loss,2026-09-05T23:51:58.889551+00:00,,
2026,1,East Carolina,Alabama,spread,model_gap_early,AVOID,D,East Carolina,27.8,consensus,2026-09-05T08:25:34.766161+00:00,loss,2026-09-05T19:34:55.712191+00:00,,
2026,1,East Carolina,Alabama,total,total_over,AVOID,D,over,52.5,consensus,2026-09-05T08:25:34.766161+00:00,win,2026-09-05T19:34:55.712191+00:00,,
2026,1,Miami (OH),Pittsburgh,spread,model_gap_early,AVOID,D,Miami (OH),16.2,consensus,2026-09-05T08:25:34.766161+00:00,loss,2026-09-05T23:51:58.889551+00:00,,
2026,1,Miami (OH),Pittsburgh,moneyline,model_gap_early,AVOID,D,Miami (OH),537.0,consensus,2026-09-05T08:25:34.766161+00:00,loss,2026-09-05T23:51:58.889551+00:00,,
2026,1,Miami (OH),Pittsburgh,total,total_over,AVOID,D,over,47.2,consensus,2026-09-05T08:25:34.766161+00:00,win,2026-09-05T23:51:58.889551+00:00,,
2026,1,Ball State,Ohio State,spread,model_gap_early,AVOID,D,Ball State,50.2,consensus,2026-09-05T08:25:34.766161+00:00,loss,2026-09-05T23:51:58.889551+00:00,,
2026,1,Ball State,Ohio State,total,total_over,AVOID,D,under,56.5,consensus,2026-09-05T08:25:34.766161+00:00,loss,2026-09-05T23:51:58.889551+00:00,,
2026,1,Kent State,South Carolina,spread,model_gap_early,AVOID,D,Kent State,36.0,consensus,2026-09-05T08:25:34.766161+00:00,loss,2026-09-05T23:51:58.889551+00:00,,
2026,1,Kent State,South Carolina,total,total_over,AVOID,D,under,53.5,consensus,2026-09-05T08:25:34.766161+00:00,loss,2026-09-05T23:51:58.889551+00:00,,
2026,1,Baylor,Auburn,spread,model_gap_early,AVOID,D,Auburn,-7.5,consensus,2026-09-05T08:25:34.766161+00:00,loss,2026-09-05T23:51:58.889551+00:00,,
2026,1,Baylor,Auburn,moneyline,model_gap_early,AVOID,D,Auburn,-277.0,consensus,2026-09-05T08:25:34.766161+00:00,win,2026-09-05T23:51:58.889551+00:00,,
2026,1,Baylor,Auburn,total,total_over,AVOID,D,under,59.5,consensus,2026-09-05T08:25:34.766161+00:00,win,2026-09-05T23:51:58.889551+00:00,,
2026,1,Texas State,Texas,spread,model_gap_early,AVOID,D,Texas State,29.5,consensus,2026-09-05T08:25:34.766161+00:00,loss,2026-09-05T23:51:58.889551+00:00,,
2026,1,Texas State,Texas,total,total_over,AVOID,D,under,59.8,consensus,2026-09-05T08:25:34.766161+00:00,loss,2026-09-05T23:51:58.889551+00:00,,
2026,1,Marshall,Penn State,spread,model_gap_early,AVOID,D,Marshall,23.5,consensus,2026-09-05T08:25:34.766161+00:00,loss,2026-09-05T23:51:58.889551+00:00,,
2026,1,Marshall,Penn State,moneyline,model_gap_early,AVOID,D,Marshall,1150.0,consensus,2026-09-05T08:25:34.766161+00:00,loss,2026-09-05T23:51:58.889551+00:00,,
2026,1,Marshall,Penn State,total,total_over,AVOID,D,over,52.2,consensus,2026-09-05T08:25:34.766161+00:00,loss,2026-09-05T23:51:58.889551+00:00,,
2026,1,Boston College,Cincinnati,spread,model_gap_early,AVOID,D,Cincinnati,-7.5,consensus,2026-09-05T08:25:34.766161+00:00,win,2026-09-05T23:51:58.889551+00:00,,
2026,1,Boston College,Cincinnati,moneyline,model_gap_early,AVOID,D,Boston College,232.0,consensus,2026-09-05T08:25:34.766161+00:00,loss,2026-09-05T23:51:58.889551+00:00,,
2026,1,Boston College,Cincinnati,total,total_over,AVOID,D,over,50.2,consensus,2026-09-05T08:25:34.766161+00:00,loss,2026-09-05T23:51:58.889551+00:00,,
2026,1,Tulane,Duke,spread,model_gap_early,AVOID,D,Tulane,7.5,consensus,2026-09-05T08:25:34.766161+00:00,loss,2026-09-06T00:35:48.057959+00:00,,
2026,1,Tulane,Duke,moneyline,model_gap_early,AVOID,D,Tulane,305.0,consensus,2026-09-05T08:25:34.766161+00:00,loss,2026-09-06T00:35:48.057959+00:00,,
2026,1,Tulane,Duke,total,total_over,AVOID,D,over,51.0,consensus,2026-09-05T08:25:34.766161+00:00,loss,2026-09-06T00:35:48.057959+00:00,,
2026,1,Tulane,Duke,price,price_gap,LEAN,A,Duke,-7.5,Bovada,2026-09-05T08:25:34.766161+00:00,win,2026-09-06T00:35:48.057959+00:00,,
2026,1,Boise State,Oregon,spread,model_gap_early,AVOID,D,Boise State,24.8,consensus,2026-09-05T08:25:34.766161+00:00,win,2026-09-05T23:51:58.889551+00:00,,
2026,1,Boise State,Oregon,moneyline,model_gap_early,AVOID,D,Oregon,-3250.0,consensus,2026-09-05T08:25:34.766161+00:00,win,2026-09-05T23:51:58.889551+00:00,,
2026,1,Boise State,Oregon,total,total_over,AVOID,D,over,51.5,consensus,2026-09-05T08:25:34.766161+00:00,win,2026-09-05T23:51:58.889551+00:00,,
2026,1,Oklahoma State,Tulsa,spread,model_gap_early,AVOID,D,Tulsa,13.5,consensus,2026-09-05T08:25:34.766161+00:00,win,2026-09-05T23:51:58.889551+00:00,,
2026,1,Oklahoma State,Tulsa,moneyline,model_gap_early,AVOID,D,Tulsa,407.0,consensus,2026-09-05T08:25:34.766161+00:00,win,2026-09-05T23:51:58.889551+00:00,,
2026,1,Oklahoma State,Tulsa,total,total_over,AVOID,D,under,59.2,consensus,2026-09-05T08:25:34.766161+00:00,win,2026-09-05T23:51:58.889551+00:00,,
2026,1,Northern Illinois,Iowa,spread,model_gap_early,AVOID,D,Northern Illinois,31.8,consensus,2026-09-05T08:25:34.766161+00:00,loss,2026-09-05T23:51:58.889551+00:00,,
2026,1,Northern Illinois,Iowa,total,total_over,AVOID,D,over,44.5,consensus,2026-09-05T08:25:34.766161+00:00,loss,2026-09-05T23:51:58.889551+00:00,,
2026,1,Wyoming,Colorado State,spread,model_gap_early,AVOID,D,Wyoming,3.0,consensus,2026-09-05T08:25:34.766161+00:00,loss,2026-09-06T01:48:46.026325+00:00,,
2026,1,Wyoming,Colorado State,moneyline,model_gap_early,AVOID,D,Wyoming,142.0,consensus,2026-09-05T08:25:34.766161+00:00,loss,2026-09-06T01:48:46.026325+00:00,,
2026,1,Wyoming,Colorado State,total,total_over,AVOID,D,under,46.5,consensus,2026-09-05T08:25:34.766161+00:00,loss,2026-09-06T01:48:46.026325+00:00,,
2026,1,Florida International,South Florida,spread,model_gap_early,AVOID,D,South Florida,-14.5,consensus,2026-09-05T08:25:34.766161+00:00,loss,2026-09-06T02:05:54.034062+00:00,,
2026,1,Florida International,South Florida,moneyline,model_gap_early,AVOID,D,South Florida,-567.0,consensus,2026-09-05T08:25:34.766161+00:00,win,2026-09-06T02:05:54.034062+00:00,,
2026,1,Florida International,South Florida,total,total_over,AVOID,D,over,51.8,consensus,2026-09-05T08:25:34.766161+00:00,loss,2026-09-06T02:05:54.034062+00:00,,
2026,1,Arkansas State,Memphis,spread,model_gap_early,AVOID,D,Memphis,-11.2,consensus,2026-09-05T08:25:34.766161+00:00,win,2026-09-06T03:31:26.075814+00:00,,
2026,1,Arkansas State,Memphis,moneyline,model_gap_early,AVOID,D,Memphis,-405.0,consensus,2026-09-05T08:25:34.766161+00:00,win,2026-09-06T03:31:26.075814+00:00,,
2026,1,Arkansas State,Memphis,total,total_over,AVOID,D,under,53.5,consensus,2026-09-05T08:25:34.766161+00:00,loss,2026-09-06T03:31:26.075814+00:00,,
2026,1,Missouri State,Texas A&M,spread,model_gap_early,AVOID,D,Missouri State,40.5,consensus,2026-09-05T08:25:34.766161+00:00,loss,2026-09-06T03:31:26.075814+00:00,,
2026,1,Missouri State,Texas A&M,total,total_over,AVOID,D,over,53.5,consensus,2026-09-05T08:25:34.766161+00:00,loss,2026-09-06T03:31:26.075814+00:00,,
2026,1,Sam Houston,Troy,spread,model_gap_early,AVOID,D,Troy,-16.5,consensus,2026-09-05T08:25:34.766161+00:00,loss,2026-09-06T03:31:26.075814+00:00,,
2026,1,Sam Houston,Troy,moneyline,model_gap_early,AVOID,D,Sam Houston,650.0,consensus,2026-09-05T08:25:34.766161+00:00,loss,2026-09-06T03:31:26.075814+00:00,,
2026,1,Sam Houston,Troy,total,total_over,AVOID,D,under,53.8,consensus,2026-09-05T08:25:34.766161+00:00,win,2026-09-06T03:31:26.075814+00:00,,
2026,1,Clemson,LSU,spread,model_gap_early,AVOID,D,Clemson,9.8,consensus,2026-09-05T08:25:34.766161+00:00,loss,2026-09-06T05:22:22.540277+00:00,,
2026,1,Clemson,LSU,moneyline,model_gap_early,AVOID,D,Clemson,335.0,consensus,2026-09-05T08:25:34.766161+00:00,loss,2026-09-06T05:22:22.540277+00:00,,
2026,1,Clemson,LSU,total,total_over,AVOID,D,under,50.5,consensus,2026-09-05T08:25:34.766161+00:00,loss,2026-09-06T05:22:22.540277+00:00,,
2026,1,Clemson,LSU,price,price_gap,LEAN,A,LSU,-9.5,Bovada,2026-09-05T08:25:34.766161+00:00,win,2026-09-06T05:22:22.540277+00:00,,
2026,1,UL Monroe,Mississippi State,spread,model_gap_early,AVOID,D,UL Monroe,28.5,consensus,2026-09-05T08:25:34.766161+00:00,loss,2026-09-06T03:31:26.075814+00:00,,
2026,1,UL Monroe,Mississippi State,moneyline,model_gap_early,AVOID,D,UL Monroe,1600.0,consensus,2026-09-05T08:25:34.766161+00:00,loss,2026-09-06T03:31:26.075814+00:00,,
2026,1,UL Monroe,Mississippi State,total,total_over,AVOID,D,under,54.8,consensus,2026-09-05T08:25:34.766161+00:00,loss,2026-09-06T03:31:26.075814+00:00,,
2026,1,Western Michigan,Michigan,spread,model_gap_early,AVOID,D,Western Michigan,27.5,consensus,2026-09-05T08:25:34.766161+00:00,win,2026-09-06T03:31:26.075814+00:00,,
2026,1,Western Michigan,Michigan,total,total_over,AVOID,D,under,49.5,consensus,2026-09-05T08:25:34.766161+00:00,win,2026-09-06T03:31:26.075814+00:00,,
2026,1,Florida Atlantic,Florida,spread,model_gap_early,AVOID,D,Florida Atlantic,26.5,consensus,2026-09-05T08:25:34.766161+00:00,loss,2026-09-06T03:31:26.075814+00:00,,
2026,1,Florida Atlantic,Florida,moneyline,model_gap_early,AVOID,D,Florida Atlantic,1300.0,consensus,2026-09-05T08:25:34.766161+00:00,loss,2026-09-06T03:31:26.075814+00:00,,
2026,1,Florida Atlantic,Florida,total,total_over,AVOID,D,under,59.5,consensus,2026-09-05T08:25:34.766161+00:00,loss,2026-09-06T03:31:26.075814+00:00,,
2026,1,Central Michigan,New Mexico,spread,model_gap_early,AVOID,D,Central Michigan,10.5,consensus,2026-09-05T08:25:34.766161+00:00,loss,2026-09-06T12:10:31.867610+00:00,,
2026,1,Central Michigan,New Mexico,moneyline,model_gap_early,AVOID,D,Central Michigan,370.0,consensus,2026-09-05T08:25:34.766161+00:00,loss,2026-09-06T12:10:31.867610+00:00,,
2026,1,Central Michigan,New Mexico,total,total_over,AVOID,D,over,46.8,consensus,2026-09-05T08:25:34.766161+00:00,loss,2026-09-06T12:10:31.867610+00:00,,
2026,1,Central Michigan,New Mexico,price,price_gap,LEAN,A,New Mexico,-10.5,Bovada,2026-09-05T08:25:34.766161+00:00,win,2026-09-06T12:10:31.867610+00:00,,
2026,1,UNLV,Hawai'i,spread,model_gap_early,AVOID,D,Hawai'i,3.0,consensus,2026-09-05T08:25:34.766161+00:00,loss,2026-09-06T12:10:31.867610+00:00,,
2026,1,UNLV,Hawai'i,moneyline,model_gap_early,AVOID,D,Hawai'i,130.0,consensus,2026-09-05T08:25:34.766161+00:00,loss,2026-09-06T12:10:31.867610+00:00,,
2026,1,UNLV,Hawai'i,total,total_over,AVOID,D,over,55.5,consensus,2026-09-05T08:25:34.766161+00:00,loss,2026-09-06T12:10:31.867610+00:00,,
2026,1,UCLA,California,spread,model_gap_early,AVOID,D,California,2.5,consensus,2026-09-05T08:25:34.766161+00:00,loss,2026-09-06T12:10:31.867610+00:00,,
2026,1,UCLA,California,moneyline,model_gap_early,AVOID,D,California,112.0,consensus,2026-09-05T08:25:34.766161+00:00,loss,2026-09-06T12:10:31.867610+00:00,,
2026,1,UCLA,California,total,total_over,AVOID,D,over,53.5,consensus,2026-09-05T08:25:34.766161+00:00,win,2026-09-06T12:10:31.867610+00:00,,
2026,1,Western Kentucky,Nevada,spread,model_gap_early,AVOID,D,Western Kentucky,-0.2,consensus,2026-09-05T08:25:34.766161+00:00,loss,2026-09-06T12:10:31.867610+00:00,,
2026,1,Western Kentucky,Nevada,moneyline,model_gap_early,AVOID,D,Western Kentucky,-140.0,consensus,2026-09-05T08:25:34.766161+00:00,loss,2026-09-06T12:10:31.867610+00:00,,
2026,1,Western Kentucky,Nevada,total,total_over,AVOID,D,under,51.5,consensus,2026-09-05T08:25:34.766161+00:00,loss,2026-09-06T12:10:31.867610+00:00,,
2026,1,Western Kentucky,Nevada,price,price_gap,LEAN,A,Western Kentucky,1.0,Bovada,2026-09-05T08:25:34.766161+00:00,loss,2026-09-06T12:10:31.867610+00:00,,
2026,1,Washington State,Washington,spread,model_gap_early,AVOID,D,Washington State,23.2,consensus,2026-09-05T08:25:34.766161+00:00,win,2026-09-07T14:17:02.556150+00:00,,
2026,1,Washington State,Washington,moneyline,model_gap_early,AVOID,D,Washington State,1100.0,consensus,2026-09-05T08:25:34.766161+00:00,loss,2026-09-07T14:17:02.556150+00:00,,
2026,1,Washington State,Washington,total,total_over,AVOID,D,under,51.2,consensus,2026-09-05T08:25:34.766161+00:00,win,2026-09-07T14:17:02.556150+00:00,,
2026,1,Wisconsin,Notre Dame,spread,model_gap_early,AVOID,D,Wisconsin,20.5,consensus,2026-09-05T08:25:34.766161+00:00,loss,2026-09-07T14:17:02.556150+00:00,,
2026,1,Wisconsin,Notre Dame,moneyline,model_gap_early,AVOID,D,Wisconsin,1050.0,consensus,2026-09-05T08:25:34.766161+00:00,loss,2026-09-07T14:17:02.556150+00:00,,
2026,1,Wisconsin,Notre Dame,total,total_over,AVOID,D,under,46.5,consensus,2026-09-05T08:25:34.766161+00:00,loss,2026-09-07T14:17:02.556150+00:00,,
2026,1,Louisville,Ole Miss,spread,model_gap_early,AVOID,D,Ole Miss,-6.5,consensus,2026-09-05T08:25:34.766161+00:00,loss,2026-09-07T14:17:02.556150+00:00,,
2026,1,Louisville,Ole Miss,moneyline,model_gap_early,AVOID,D,Ole Miss,-270.0,consensus,2026-09-05T08:25:34.766161+00:00,win,2026-09-07T14:17:02.556150+00:00,,
2026,1,Louisville,Ole Miss,total,total_over,AVOID,D,under,54.8,consensus,2026-09-05T08:25:34.766161+00:00,loss,2026-09-07T14:17:02.556150+00:00,,
2026,1,SMU,Florida State,spread,model_gap_early,AVOID,D,Florida State,3.0,consensus,2026-09-05T08:25:34.766161+00:00,push,2026-09-09T05:31:18.146468+00:00,,
2026,1,SMU,Florida State,moneyline,model_gap_early,AVOID,D,Florida State,137.0,consensus,2026-09-05T08:25:34.766161+00:00,loss,2026-09-09T05:31:18.146468+00:00,,
2026,1,SMU,Florida State,total,total_over,AVOID,D,under,53.2,consensus,2026-09-05T08:25:34.766161+00:00,win,2026-09-09T05:31:18.146468+00:00,,
2026,1,East Carolina,Alabama,moneyline,model_gap_early,AVOID,D,East Carolina,1800.0,consensus,2026-09-05T11:51:18.424450+00:00,loss,2026-09-05T19:34:55.712191+00:00,,
2026,1,Oregon State,Houston,moneyline,,PASS,D,Oregon State,862.0,consensus,2026-09-05T12:45:03.583359+00:00,loss,2026-09-05T23:51:58.889551+00:00,,
2026,1,Oregon State,Houston,total,total_model,AVOID,D,under,50.5,consensus,2026-09-05T12:45:03.583359+00:00,loss,2026-09-05T23:51:58.889551+00:00,,
2026,1,Liberty,James Madison,moneyline,,PASS,B,James Madison,-237.0,consensus,2026-09-05T12:45:03.583359+00:00,win,2026-09-05T19:34:55.712191+00:00,,
2026,1,Liberty,James Madison,total,total_model,AVOID,D,over,50.5,consensus,2026-09-05T12:45:03.583359+00:00,loss,2026-09-05T19:34:55.712191+00:00,,
2026,1,Ohio,Nebraska,moneyline,,PASS,C,Ohio,1250.0,consensus,2026-09-05T12:45:03.583359+00:00,loss,2026-09-05T19:34:55.712191+00:00,,
2026,1,Ohio,Nebraska,total,total_model,AVOID,D,over,46.5,consensus,2026-09-05T12:45:03.583359+00:00,win,2026-09-05T19:34:55.712191+00:00,,
2026,1,Coastal Carolina,West Virginia,moneyline,,PASS,C,Coastal Carolina,900.0,consensus,2026-09-05T12:45:03.583359+00:00,loss,2026-09-05T23:51:58.889551+00:00,,
2026,1,Coastal Carolina,West Virginia,total,total_model,AVOID,D,over,54.5,consensus,2026-09-05T12:45:03.583359+00:00,win,2026-09-05T23:51:58.889551+00:00,,
2026,1,North Texas,Indiana,total,total_model,AVOID,D,over,56.2,consensus,2026-09-05T12:45:03.583359+00:00,win,2026-09-05T19:34:55.712191+00:00,,
2026,1,East Carolina,Alabama,total,total_model,AVOID,D,over,52.5,consensus,2026-09-05T12:45:03.583359+00:00,win,2026-09-05T19:34:55.712191+00:00,,
2026,1,Ball State,Ohio State,total,total_model,AVOID,D,under,56.5,consensus,2026-09-05T12:45:03.583359+00:00,loss,2026-09-05T23:51:58.889551+00:00,,
2026,1,Miami (OH),Pittsburgh,moneyline,,PASS,D,Miami (OH),537.0,consensus,2026-09-05T12:45:03.583359+00:00,loss,2026-09-05T23:51:58.889551+00:00,,
2026,1,Miami (OH),Pittsburgh,total,total_model,AVOID,D,over,47.2,consensus,2026-09-05T12:45:03.583359+00:00,win,2026-09-05T23:51:58.889551+00:00,,
2026,1,Kent State,South Carolina,total,total_model,AVOID,D,under,53.5,consensus,2026-09-05T12:45:03.583359+00:00,loss,2026-09-05T23:51:58.889551+00:00,,
2026,1,Marshall,Penn State,moneyline,,PASS,D,Marshall,1150.0,consensus,2026-09-05T12:45:03.583359+00:00,loss,2026-09-05T23:51:58.889551+00:00,,
2026,1,Marshall,Penn State,total,total_model,AVOID,D,over,52.2,consensus,2026-09-05T12:45:03.583359+00:00,loss,2026-09-05T23:51:58.889551+00:00,,
2026,1,Baylor,Auburn,moneyline,,PASS,B,Auburn,-277.0,consensus,2026-09-05T12:45:03.583359+00:00,win,2026-09-05T23:51:58.889551+00:00,,
2026,1,Baylor,Auburn,total,total_model,AVOID,D,under,59.5,consensus,2026-09-05T12:45:03.583359+00:00,win,2026-09-05T23:51:58.889551+00:00,,
2026,1,Tulane,Duke,moneyline,,PASS,C,Tulane,305.0,consensus,2026-09-05T12:45:03.583359+00:00,loss,2026-09-06T00:35:48.057959+00:00,,
2026,1,Tulane,Duke,total,total_model,AVOID,D,over,51.0,consensus,2026-09-05T12:45:03.583359+00:00,loss,2026-09-06T00:35:48.057959+00:00,,
2026,1,Texas State,Texas,total,total_model,AVOID,D,under,59.8,consensus,2026-09-05T12:45:03.583359+00:00,loss,2026-09-05T23:51:58.889551+00:00,,
2026,1,Boston College,Cincinnati,moneyline,,PASS,D,Boston College,232.0,consensus,2026-09-05T12:45:03.583359+00:00,loss,2026-09-05T23:51:58.889551+00:00,,
2026,1,Boston College,Cincinnati,total,total_model,AVOID,D,over,50.2,consensus,2026-09-05T12:45:03.583359+00:00,loss,2026-09-05T23:51:58.889551+00:00,,
2026,1,Boise State,Oregon,moneyline,,PASS,B,Oregon,-3250.0,consensus,2026-09-05T12:45:03.583359+00:00,win,2026-09-05T23:51:58.889551+00:00,,
2026,1,Boise State,Oregon,total,total_model,AVOID,D,over,51.5,consensus,2026-09-05T12:45:03.583359+00:00,win,2026-09-05T23:51:58.889551+00:00,,
2026,1,Oklahoma State,Tulsa,moneyline,,PASS,C,Tulsa,415.0,consensus,2026-09-05T12:45:03.583359+00:00,win,2026-09-05T23:51:58.889551+00:00,,
2026,1,Oklahoma State,Tulsa,total,total_model,AVOID,D,under,59.2,consensus,2026-09-05T12:45:03.583359+00:00,win,2026-09-05T23:51:58.889551+00:00,,
2026,1,Northern Illinois,Iowa,total,total_model,AVOID,D,over,44.5,consensus,2026-09-05T12:45:03.583359+00:00,loss,2026-09-05T23:51:58.889551+00:00,,
2026,1,Wyoming,Colorado State,moneyline,,PASS,D,Wyoming,142.0,consensus,2026-09-05T12:45:03.583359+00:00,loss,2026-09-06T01:48:46.026325+00:00,,
2026,1,Wyoming,Colorado State,total,total_model,AVOID,D,under,46.5,consensus,2026-09-05T12:45:03.583359+00:00,loss,2026-09-06T01:48:46.026325+00:00,,
2026,1,Florida International,South Florida,moneyline,,PASS,B,South Florida,-567.0,consensus,2026-09-05T12:45:03.583359+00:00,win,2026-09-06T02:05:54.034062+00:00,,
2026,1,Florida International,South Florida,total,total_model,AVOID,D,over,51.8,consensus,2026-09-05T12:45:03.583359+00:00,loss,2026-09-06T02:05:54.034062+00:00,,
2026,1,Arkansas State,Memphis,moneyline,,PASS,B,Memphis,-397.0,consensus,2026-09-05T12:45:03.583359+00:00,win,2026-09-06T03:31:26.075814+00:00,,
2026,1,Arkansas State,Memphis,total,total_model,AVOID,D,under,53.2,consensus,2026-09-05T12:45:03.583359+00:00,loss,2026-09-06T03:31:26.075814+00:00,,
2026,1,Sam Houston,Troy,moneyline,,PASS,D,Sam Houston,650.0,consensus,2026-09-05T12:45:03.583359+00:00,loss,2026-09-06T03:31:26.075814+00:00,,
2026,1,Sam Houston,Troy,total,total_model,AVOID,D,under,53.8,consensus,2026-09-05T12:45:03.583359+00:00,win,2026-09-06T03:31:26.075814+00:00,,
2026,1,Missouri State,Texas A&M,total,total_model,AVOID,D,over,53.5,consensus,2026-09-05T12:45:03.583359+00:00,loss,2026-09-06T03:31:26.075814+00:00,,
2026,1,Western Michigan,Michigan,total,total_model,AVOID,D,under,49.5,consensus,2026-09-05T12:45:03.583359+00:00,win,2026-09-06T03:31:26.075814+00:00,,
2026,1,UL Monroe,Mississippi State,moneyline,,PASS,D,UL Monroe,1600.0,consensus,2026-09-05T12:45:03.583359+00:00,loss,2026-09-06T03:31:26.075814+00:00,,
2026,1,UL Monroe,Mississippi State,total,total_model,AVOID,D,over,54.8,consensus,2026-09-05T12:45:03.583359+00:00,win,2026-09-06T03:31:26.075814+00:00,,
2026,1,Clemson,LSU,moneyline,,PASS,C,Clemson,335.0,consensus,2026-09-05T12:45:03.583359+00:00,loss,2026-09-06T05:22:22.540277+00:00,,
2026,1,Clemson,LSU,total,total_model,AVOID,D,under,50.5,consensus,2026-09-05T12:45:03.583359+00:00,loss,2026-09-06T05:22:22.540277+00:00,,
2026,1,Florida Atlantic,Florida,moneyline,,PASS,D,Florida Atlantic,1300.0,consensus,2026-09-05T12:45:03.583359+00:00,loss,2026-09-06T03:31:26.075814+00:00,,
2026,1,Florida Atlantic,Florida,total,total_model,AVOID,D,under,59.5,consensus,2026-09-05T12:45:03.583359+00:00,loss,2026-09-06T03:31:26.075814+00:00,,
2026,1,Central Michigan,New Mexico,moneyline,,PASS,C,Central Michigan,370.0,consensus,2026-09-05T12:45:03.583359+00:00,loss,2026-09-06T12:10:31.867610+00:00,,
2026,1,Central Michigan,New Mexico,total,total_model,AVOID,D,over,46.8,consensus,2026-09-05T12:45:03.583359+00:00,loss,2026-09-06T12:10:31.867610+00:00,,
2026,1,UNLV,Hawai'i,moneyline,,PASS,D,Hawai'i,130.0,consensus,2026-09-05T12:45:03.583359+00:00,loss,2026-09-06T12:10:31.867610+00:00,,
2026,1,UNLV,Hawai'i,total,total_model,AVOID,D,over,55.5,consensus,2026-09-05T12:45:03.583359+00:00,loss,2026-09-06T12:10:31.867610+00:00,,
2026,1,Western Kentucky,Nevada,moneyline,,PASS,C,Western Kentucky,-140.0,consensus,2026-09-05T12:45:03.583359+00:00,loss,2026-09-06T12:10:31.867610+00:00,,
2026,1,Western Kentucky,Nevada,total,total_model,AVOID,D,under,51.5,consensus,2026-09-05T12:45:03.583359+00:00,loss,2026-09-06T12:10:31.867610+00:00,,
2026,1,UCLA,California,moneyline,,PASS,B,California,112.0,consensus,2026-09-05T12:45:03.583359+00:00,loss,2026-09-06T12:10:31.867610+00:00,,
2026,1,UCLA,California,total,total_model,AVOID,D,over,53.5,consensus,2026-09-05T12:45:03.583359+00:00,win,2026-09-06T12:10:31.867610+00:00,,
2026,1,Washington State,Washington,moneyline,,PASS,C,Washington State,1100.0,consensus,2026-09-05T12:45:03.583359+00:00,loss,2026-09-07T14:17:02.556150+00:00,,
2026,1,Washington State,Washington,total,total_model,AVOID,D,under,51.2,consensus,2026-09-05T12:45:03.583359+00:00,win,2026-09-07T14:17:02.556150+00:00,,
2026,1,Wisconsin,Notre Dame,moneyline,,PASS,D,Wisconsin,1050.0,consensus,2026-09-05T12:45:03.583359+00:00,loss,2026-09-07T14:17:02.556150+00:00,,
2026,1,Wisconsin,Notre Dame,total,total_model,AVOID,D,under,46.5,consensus,2026-09-05T12:45:03.583359+00:00,loss,2026-09-07T14:17:02.556150+00:00,,
2026,1,Louisville,Ole Miss,moneyline,,PASS,C,Ole Miss,-270.0,consensus,2026-09-05T12:45:03.583359+00:00,win,2026-09-07T14:17:02.556150+00:00,,
2026,1,Louisville,Ole Miss,total,total_model,AVOID,D,under,54.8,consensus,2026-09-05T12:45:03.583359+00:00,loss,2026-09-07T14:17:02.556150+00:00,,
2026,1,SMU,Florida State,moneyline,,PASS,D,Florida State,137.0,consensus,2026-09-05T12:45:03.583359+00:00,loss,2026-09-09T05:31:18.146468+00:00,,
2026,1,SMU,Florida State,total,total_model,AVOID,D,under,53.2,consensus,2026-09-05T12:45:03.583359+00:00,win,2026-09-09T05:31:18.146468+00:00,,
2026,1,Boston College,Cincinnati,moneyline,moneyline_dog,PASS,D,Boston College,222.0,consensus,2026-09-05T16:43:39.660333+00:00,loss,2026-09-05T23:51:58.889551+00:00,,
2026,1,Boise State,Oregon,moneyline,moneyline_fav,AVOID,C,Oregon,-3050.0,consensus,2026-09-05T16:43:39.660333+00:00,win,2026-09-05T23:51:58.889551+00:00,,
2026,1,Tulane,Duke,moneyline,moneyline_dog,PASS,C,Tulane,312.0,consensus,2026-09-05T16:43:39.660333+00:00,loss,2026-09-06T00:35:48.057959+00:00,,
2026,1,Baylor,Auburn,moneyline,moneyline_fav,AVOID,C,Auburn,-270.0,consensus,2026-09-05T16:43:39.660333+00:00,win,2026-09-05T23:51:58.889551+00:00,,
2026,1,Marshall,Penn State,moneyline,moneyline_dog,PASS,D,Marshall,1050.0,consensus,2026-09-05T16:43:39.660333+00:00,loss,2026-09-05T23:51:58.889551+00:00,,
2026,1,Oklahoma State,Tulsa,moneyline,moneyline_dog,PASS,C,Tulsa,400.0,consensus,2026-09-05T16:43:39.660333+00:00,win,2026-09-05T23:51:58.889551+00:00,,
2026,1,Wyoming,Colorado State,moneyline,moneyline_dog,PASS,D,Wyoming,142.0,consensus,2026-09-05T16:43:39.660333+00:00,loss,2026-09-06T01:48:46.026325+00:00,,
2026,1,Arkansas State,Memphis,moneyline,moneyline_fav,AVOID,C,Memphis,-382.0,consensus,2026-09-05T16:43:39.660333+00:00,win,2026-09-06T03:31:26.075814+00:00,,
2026,1,Florida International,South Florida,moneyline,moneyline_fav,AVOID,C,South Florida,-567.0,consensus,2026-09-05T16:43:39.660333+00:00,win,2026-09-06T02:05:54.034062+00:00,,
2026,1,Sam Houston,Troy,moneyline,moneyline_dog,PASS,D,Sam Houston,650.0,consensus,2026-09-05T16:43:39.660333+00:00,loss,2026-09-06T03:31:26.075814+00:00,,
2026,1,Clemson,LSU,moneyline,moneyline_dog,PASS,C,Clemson,325.0,consensus,2026-09-05T16:43:39.660333+00:00,loss,2026-09-06T05:22:22.540277+00:00,,
2026,1,UL Monroe,Mississippi State,moneyline,moneyline_dog,PASS,D,UL Monroe,1600.0,consensus,2026-09-05T16:43:39.660333+00:00,loss,2026-09-06T03:31:26.075814+00:00,,
2026,1,Florida Atlantic,Florida,moneyline,moneyline_dog,PASS,D,Florida Atlantic,1300.0,consensus,2026-09-05T16:43:39.660333+00:00,loss,2026-09-06T03:31:26.075814+00:00,,
2026,1,UNLV,Hawai'i,moneyline,moneyline_dog,PASS,D,Hawai'i,130.0,consensus,2026-09-05T16:43:39.660333+00:00,loss,2026-09-06T12:10:31.867610+00:00,,
2026,1,Central Michigan,New Mexico,moneyline,moneyline_dog,PASS,C,Central Michigan,370.0,consensus,2026-09-05T16:43:39.660333+00:00,loss,2026-09-06T12:10:31.867610+00:00,,
2026,1,UCLA,California,moneyline,moneyline_dog,PASS,B,California,112.0,consensus,2026-09-05T16:43:39.660333+00:00,loss,2026-09-06T12:10:31.867610+00:00,,
2026,1,Western Kentucky,Nevada,moneyline,moneyline_fav,AVOID,C,Western Kentucky,-140.0,consensus,2026-09-05T16:43:39.660333+00:00,loss,2026-09-06T12:10:31.867610+00:00,,
2026,1,Washington State,Washington,moneyline,moneyline_dog,PASS,C,Washington State,1100.0,consensus,2026-09-05T16:43:39.660333+00:00,loss,2026-09-07T14:17:02.556150+00:00,,
2026,1,Wisconsin,Notre Dame,moneyline,moneyline_dog,PASS,D,Wisconsin,925.0,consensus,2026-09-05T16:43:39.660333+00:00,loss,2026-09-07T14:17:02.556150+00:00,,
2026,1,Louisville,Ole Miss,moneyline,moneyline_fav,AVOID,C,Ole Miss,-270.0,consensus,2026-09-05T16:43:39.660333+00:00,win,2026-09-07T14:17:02.556150+00:00,,
2026,1,SMU,Florida State,moneyline,moneyline_dog,PASS,D,Florida State,137.0,consensus,2026-09-05T16:43:39.660333+00:00,loss,2026-09-09T05:31:18.146468+00:00,,
2026,1,Wisconsin,Notre Dame,moneyline,moneyline_fav,AVOID,C,Notre Dame,-1975.0,consensus,2026-09-05T23:51:58.889551+00:00,win,2026-09-07T14:17:02.556150+00:00,,
2026,2,Rutgers,Boston College,spread,model_gap_early,AVOID,D,Boston College,-3.0,consensus,2026-09-09T05:31:18.146468+00:00,win,2026-09-12T12:12:02.943343+00:00,,
2026,2,Rutgers,Boston College,moneyline,moneyline_fav,AVOID,C,Boston College,-155.0,consensus,2026-09-09T05:31:18.146468+00:00,win,2026-09-12T12:12:02.943343+00:00,,
2026,2,Rutgers,Boston College,total,total_model,AVOID,D,over,54.5,consensus,2026-09-09T05:31:18.146468+00:00,loss,2026-09-12T12:12:02.943343+00:00,,
2026,2,Missouri,Kansas,spread,model_gap_early,AVOID,D,Kansas,5.5,consensus,2026-09-09T05:31:18.146468+00:00,loss,2026-09-12T12:12:02.943343+00:00,,
2026,2,Missouri,Kansas,moneyline,moneyline_dog,PASS,D,Kansas,180.0,consensus,2026-09-09T05:31:18.146468+00:00,loss,2026-09-12T12:12:02.943343+00:00,,
2026,2,Missouri,Kansas,total,total_model,AVOID,D,over,50.5,consensus,2026-09-09T05:31:18.146468+00:00,win,2026-09-12T12:12:02.943343+00:00,,
2026,2,Penn State,Temple,spread,model_gap_early,AVOID,D,Temple,24.0,consensus,2026-09-09T05:31:18.146468+00:00,win,2026-09-13T13:20:00.141366+00:00,,
2026,2,Penn State,Temple,moneyline,moneyline_dog,PASS,D,Temple,1278.0,consensus,2026-09-09T05:31:18.146468+00:00,loss,2026-09-13T13:20:00.141366+00:00,,
2026,2,Penn State,Temple,total,total_model,AVOID,D,over,49.5,consensus,2026-09-09T05:31:18.146468+00:00,loss,2026-09-13T13:20:00.141366+00:00,,
2026,2,Oklahoma,Michigan,spread,model_gap_early,AVOID,D,Michigan,5.5,consensus,2026-09-09T05:31:18.146468+00:00,win,2026-09-13T13:20:00.141366+00:00,,
2026,2,Oklahoma,Michigan,moneyline,moneyline_dog,PASS,D,Michigan,189.0,consensus,2026-09-09T05:31:18.146468+00:00,win,2026-09-13T13:20:00.141366+00:00,,
2026,2,Oklahoma,Michigan,total,total_model,AVOID,D,under,43.5,consensus,2026-09-09T05:31:18.146468+00:00,win,2026-09-13T13:20:00.141366+00:00,,
2026,2,App State,East Carolina,spread,model_gap_early,AVOID,D,East Carolina,-7.0,consensus,2026-09-09T05:31:18.146468+00:00,loss,2026-09-13T13:20:00.141366+00:00,,
2026,2,App State,East Carolina,moneyline,moneyline_dog,PASS,D,App State,230.0,consensus,2026-09-09T05:31:18.146468+00:00,win,2026-09-13T13:20:00.141366+00:00,,
2026,2,App State,East Carolina,total,total_model,AVOID,D,over,56.5,consensus,2026-09-09T05:31:18.146468+00:00,loss,2026-09-13T13:20:00.141366+00:00,,
2026,2,App State,East Carolina,price,price_gap,LEAN,D,East Carolina,-7.0,Bovada,2026-09-09T05:31:18.146468+00:00,loss,2026-09-13T13:20:00.141366+00:00,,
2026,2,Arizona State,Texas A&M,spread,model_gap_early,AVOID,D,Texas A&M,-14.5,consensus,2026-09-09T05:31:18.146468+00:00,win,2026-09-13T13:20:00.141366+00:00,,
2026,2,Arizona State,Texas A&M,moneyline,moneyline_fav,AVOID,C,Texas A&M,-700.0,consensus,2026-09-09T05:31:18.146468+00:00,win,2026-09-13T13:20:00.141366+00:00,,
2026,2,Arizona State,Texas A&M,total,total_model,AVOID,D,over,50.5,consensus,2026-09-09T05:31:18.146468+00:00,win,2026-09-13T13:20:00.141366+00:00,,
2026,2,Old Dominion,Virginia Tech,spread,model_gap_early,AVOID,D,Old Dominion,19.5,consensus,2026-09-09T05:31:18.146468+00:00,loss,2026-09-13T13:20:00.141366+00:00,,
2026,2,Old Dominion,Virginia Tech,moneyline,moneyline_dog,PASS,D,Old Dominion,709.0,consensus,2026-09-09T05:31:18.146468+00:00,loss,2026-09-13T13:20:00.141366+00:00,,
2026,2,Old Dominion,Virginia Tech,total,total_model,AVOID,D,over,50.0,consensus,2026-09-09T05:31:18.146468+00:00,win,2026-09-13T13:20:00.141366+00:00,,
2026,2,South Florida,Army,spread,model_gap_early,AVOID,D,South Florida,3.5,consensus,2026-09-09T05:31:18.146468+00:00,win,2026-09-13T13:20:00.141366+00:00,,
2026,2,South Florida,Army,moneyline,moneyline_dog,PASS,B,South Florida,150.0,consensus,2026-09-09T05:31:18.146468+00:00,win,2026-09-13T13:20:00.141366+00:00,,
2026,2,South Florida,Army,total,total_model,AVOID,D,over,46.5,consensus,2026-09-09T05:31:18.146468+00:00,win,2026-09-13T13:20:00.141366+00:00,,
2026,2,Wake Forest,Purdue,spread,model_gap_early,AVOID,D,Purdue,3.0,consensus,2026-09-09T05:31:18.146468+00:00,win,2026-09-13T13:20:00.141366+00:00,,
2026,2,Wake Forest,Purdue,moneyline,moneyline_dog,PASS,D,Purdue,128.0,consensus,2026-09-09T05:31:18.146468+00:00,loss,2026-09-13T13:20:00.141366+00:00,,
2026,2,Wake Forest,Purdue,total,total_model,AVOID,D,over,49.5,consensus,2026-09-09T05:31:18.146468+00:00,win,2026-09-13T13:20:00.141366+00:00,,
2026,2,Oregon,Oklahoma State,spread,model_gap_early,AVOID,D,Oregon,-22.5,consensus,2026-09-09T05:31:18.146468+00:00,loss,2026-09-13T13:20:00.141366+00:00,,
2026,2,Oregon,Oklahoma State,moneyline,moneyline_dog,PASS,D,Oklahoma State,1054.0,consensus,2026-09-09T05:31:18.146468+00:00,win,2026-09-13T13:20:00.141366+00:00,,
2026,2,Oregon,Oklahoma State,total,total_model,AVOID,D,under,57.5,consensus,2026-09-09T05:31:18.146468+00:00,loss,2026-09-13T13:20:00.141366+00:00,,
2026,2,Washington State,Kansas State,spread,model_gap_early,AVOID,D,Washington State,19.0,consensus,2026-09-09T05:31:18.146468+00:00,loss,2026-09-13T13:20:00.141366+00:00,,
2026,2,Washington State,Kansas State,moneyline,moneyline_dog,PASS,D,Washington State,686.0,consensus,2026-09-09T05:31:18.146468+00:00,loss,2026-09-13T13:20:00.141366+00:00,,
2026,2,Washington State,Kansas State,total,total_model,AVOID,D,over,49.0,consensus,2026-09-09T05:31:18.146468+00:00,loss,2026-09-13T13:20:00.141366+00:00,,
2026,2,Western Kentucky,Georgia,spread,model_gap_early,AVOID,D,Western Kentucky,41.0,consensus,2026-09-09T05:31:18.146468+00:00,loss,2026-09-13T13:20:00.141366+00:00,,
2026,2,Western Kentucky,Georgia,total,total_model,AVOID,D,under,55.5,consensus,2026-09-09T05:31:18.146468+00:00,loss,2026-09-13T13:20:00.141366+00:00,,
2026,2,UCF,Pittsburgh,spread,model_gap_early,AVOID,D,Pittsburgh,-7.0,consensus,2026-09-09T05:31:18.146468+00:00,loss,2026-09-13T13:20:00.141366+00:00,,
2026,2,UCF,Pittsburgh,moneyline,moneyline_fav,AVOID,C,Pittsburgh,-270.0,consensus,2026-09-09T05:31:18.146468+00:00,win,2026-09-13T13:20:00.141366+00:00,,
2026,2,UCF,Pittsburgh,total,total_model,AVOID,D,over,57.0,consensus,2026-09-09T05:31:18.146468+00:00,loss,2026-09-13T13:20:00.141366+00:00,,
2026,2,California,Syracuse,spread,model_gap_early,AVOID,D,Syracuse,-3.5,consensus,2026-09-09T05:31:18.146468+00:00,loss,2026-09-13T13:20:00.141366+00:00,,
2026,2,California,Syracuse,moneyline,moneyline_fav,AVOID,C,Syracuse,-165.0,consensus,2026-09-09T05:31:18.146468+00:00,loss,2026-09-13T13:20:00.141366+00:00,,
2026,2,California,Syracuse,total,total_model,AVOID,D,over,56.5,consensus,2026-09-09T05:31:18.146468+00:00,loss,2026-09-13T13:20:00.141366+00:00,,
2026,2,UL Monroe,UAB,spread,model_gap_early,AVOID,D,UAB,-10.0,consensus,2026-09-09T05:31:18.146468+00:00,loss,2026-09-13T13:20:00.141366+00:00,,
2026,2,UL Monroe,UAB,moneyline,moneyline_fav,AVOID,C,UAB,-375.0,consensus,2026-09-09T05:31:18.146468+00:00,win,2026-09-13T13:20:00.141366+00:00,,
2026,2,UL Monroe,UAB,total,total_model,AVOID,D,over,55.5,consensus,2026-09-09T05:31:18.146468+00:00,loss,2026-09-13T13:20:00.141366+00:00,,
2026,2,UTSA,Texas State,spread,model_gap_early,AVOID,D,UTSA,1.5,consensus,2026-09-09T05:31:18.146468+00:00,win,2026-09-13T13:20:00.141366+00:00,,
2026,2,UTSA,Texas State,moneyline,moneyline_dog,PASS,B,UTSA,100.0,consensus,2026-09-09T05:31:18.146468+00:00,win,2026-09-13T13:20:00.141366+00:00,,
2026,2,UTSA,Texas State,total,total_model,AVOID,D,under,66.0,consensus,2026-09-09T05:31:18.146468+00:00,win,2026-09-13T13:20:00.141366+00:00,,
2026,2,Rice,Notre Dame,spread,model_gap_early,AVOID,D,Rice,44.5,consensus,2026-09-09T05:31:18.146468+00:00,loss,2026-09-13T13:20:00.141366+00:00,,
2026,2,Rice,Notre Dame,total,total_model,AVOID,D,under,55.2,consensus,2026-09-09T05:31:18.146468+00:00,win,2026-09-13T13:20:00.141366+00:00,,
2026,2,Utah State,Washington,spread,model_gap_early,AVOID,D,Utah State,26.5,consensus,2026-09-09T05:31:18.146468+00:00,win,2026-09-13T13:20:00.141366+00:00,,
2026,2,Utah State,Washington,moneyline,moneyline_dog,PASS,D,Utah State,1500.0,consensus,2026-09-09T05:31:18.146468+00:00,loss,2026-09-13T13:20:00.141366+00:00,,
2026,2,Utah State,Washington,total,total_model,AVOID,D,under,55.5,consensus,2026-09-09T05:31:18.146468+00:00,win,2026-09-13T13:20:00.141366+00:00,,
2026,2,Maryland,UConn,spread,model_gap_early,AVOID,D,UConn,12.5,consensus,2026-09-09T05:31:18.146468+00:00,loss,2026-09-13T13:20:00.141366+00:00,,
2026,2,Maryland,UConn,moneyline,moneyline_dog,PASS,B,UConn,360.0,consensus,2026-09-09T05:31:18.146468+00:00,loss,2026-09-13T13:20:00.141366+00:00,,
2026,2,Maryland,UConn,total,total_model,AVOID,D,over,52.5,consensus,2026-09-09T05:31:18.146468+00:00,loss,2026-09-13T13:20:00.141366+00:00,,
2026,2,Eastern Michigan,Michigan State,spread,model_gap_early,AVOID,D,Eastern Michigan,17.5,consensus,2026-09-09T05:31:18.146468+00:00,loss,2026-09-13T13:20:00.141366+00:00,,
2026,2,Eastern Michigan,Michigan State,moneyline,moneyline_dog,PASS,D,Eastern Michigan,590.0,consensus,2026-09-09T05:31:18.146468+00:00,loss,2026-09-13T13:20:00.141366+00:00,,
2026,2,Eastern Michigan,Michigan State,total,total_model,AVOID,D,over,49.5,consensus,2026-09-09T05:31:18.146468+00:00,loss,2026-09-13T13:20:00.141366+00:00,,
2026,2,Duke,Illinois,spread,model_gap_early,AVOID,D,Duke,6.0,consensus,2026-09-09T05:31:18.146468+00:00,win,2026-09-13T13:20:00.141366+00:00,,
2026,2,Duke,Illinois,moneyline,moneyline_dog,PASS,D,Duke,189.0,consensus,2026-09-09T05:31:18.146468+00:00,win,2026-09-13T13:20:00.141366+00:00,,
2026,2,Duke,Illinois,total,total_model,AVOID,D,over,51.5,consensus,2026-09-09T05:31:18.146468+00:00,win,2026-09-13T13:20:00.141366+00:00,,
2026,2,Mississippi State,Minnesota,spread,model_gap_early,AVOID,D,Minnesota,1.0,consensus,2026-09-09T05:31:18.146468+00:00,loss,2026-09-13T13:20:00.141366+00:00,,
2026,2,Mississippi State,Minnesota,moneyline,moneyline_dog,PASS,D,Minnesota,100.0,consensus,2026-09-09T05:31:18.146468+00:00,loss,2026-09-13T13:20:00.141366+00:00,,
2026,2,Mississippi State,Minnesota,total,total_model,AVOID,D,over,55.5,consensus,2026-09-09T05:31:18.146468+00:00,loss,2026-09-13T13:20:00.141366+00:00,,
2026,2,Alabama,Kentucky,spread,model_gap_early,AVOID,D,Kentucky,10.5,consensus,2026-09-09T05:31:18.146468+00:00,loss,2026-09-13T13:20:00.141366+00:00,,
2026,2,Alabama,Kentucky,moneyline,moneyline_dog,PASS,D,Kentucky,320.0,consensus,2026-09-09T05:31:18.146468+00:00,loss,2026-09-13T13:20:00.141366+00:00,,
2026,2,Alabama,Kentucky,total,total_model,AVOID,D,over,49.5,consensus,2026-09-09T05:31:18.146468+00:00,win,2026-09-13T13:20:00.141366+00:00,,
2026,2,Arizona,BYU,spread,model_gap_early,AVOID,D,Arizona,7.5,consensus,2026-09-09T05:31:18.146468+00:00,loss,2026-09-13T13:20:00.141366+00:00,,
2026,2,Arizona,BYU,moneyline,moneyline_dog,PASS,D,Arizona,241.0,consensus,2026-09-09T05:31:18.146468+00:00,loss,2026-09-13T13:20:00.141366+00:00,,
2026,2,Arizona,BYU,total,total_model,AVOID,D,over,48.0,consensus,2026-09-09T05:31:18.146468+00:00,loss,2026-09-13T13:20:00.141366+00:00,,
2026,2,UNLV,North Texas,spread,model_gap_early,AVOID,D,North Texas,3.5,consensus,2026-09-09T05:31:18.146468+00:00,win,2026-09-13T13:20:00.141366+00:00,,
2026,2,UNLV,North Texas,moneyline,moneyline_dog,PASS,B,North Texas,147.0,consensus,2026-09-09T05:31:18.146468+00:00,win,2026-09-13T13:20:00.141366+00:00,,
2026,2,UNLV,North Texas,total,total_model,AVOID,D,over,57.0,consensus,2026-09-09T05:31:18.146468+00:00,loss,2026-09-13T13:20:00.141366+00:00,,
2026,2,Delaware,Vanderbilt,spread,model_gap_early,AVOID,D,Vanderbilt,-20.5,consensus,2026-09-09T05:31:18.146468+00:00,loss,2026-09-13T13:20:00.141366+00:00,,
2026,2,Delaware,Vanderbilt,moneyline,moneyline_fav,AVOID,C,Vanderbilt,-1450.0,consensus,2026-09-09T05:31:18.146468+00:00,win,2026-09-13T13:20:00.141366+00:00,,
2026,2,Delaware,Vanderbilt,total,total_model,AVOID,D,over,54.5,consensus,2026-09-09T05:31:18.146468+00:00,win,2026-09-13T13:20:00.141366+00:00,,
2026,2,Jacksonville State,Ohio,spread,model_gap_early,AVOID,D,Jacksonville State,2.5,consensus,2026-09-09T05:31:18.146468+00:00,win,2026-09-13T13:20:00.141366+00:00,,
2026,2,Jacksonville State,Ohio,moneyline,moneyline_dog,PASS,C,Jacksonville State,118.0,consensus,2026-09-09T05:31:18.146468+00:00,loss,2026-09-13T13:20:00.141366+00:00,,
2026,2,Jacksonville State,Ohio,total,total_model,AVOID,D,over,50.5,consensus,2026-09-09T05:31:18.146468+00:00,win,2026-09-13T13:20:00.141366+00:00,,
2026,2,Memphis,Boise State,spread,model_gap_early,AVOID,D,Memphis,8.5,consensus,2026-09-09T05:31:18.146468+00:00,loss,2026-09-13T13:20:00.141366+00:00,,
2026,2,Memphis,Boise State,moneyline,moneyline_dog,PASS,D,Memphis,278.0,consensus,2026-09-09T05:31:18.146468+00:00,loss,2026-09-13T13:20:00.141366+00:00,,
2026,2,Memphis,Boise State,total,total_model,AVOID,D,over,55.0,consensus,2026-09-09T05:31:18.146468+00:00,win,2026-09-13T13:20:00.141366+00:00,,
2026,2,Buffalo,Florida International,spread,model_gap_early,AVOID,D,Florida International,-10.5,consensus,2026-09-09T05:31:18.146468+00:00,win,2026-09-13T13:20:00.141366+00:00,,
2026,2,Buffalo,Florida International,moneyline,moneyline_fav,AVOID,C,Florida International,-400.0,consensus,2026-09-09T05:31:18.146468+00:00,win,2026-09-13T13:20:00.141366+00:00,,
2026,2,Buffalo,Florida International,total,total_model,AVOID,D,over,47.5,consensus,2026-09-09T05:31:18.146468+00:00,win,2026-09-13T13:20:00.141366+00:00,,
2026,2,South Alabama,Tulane,spread,model_gap_early,AVOID,D,Tulane,-9.5,consensus,2026-09-09T05:31:18.146468+00:00,loss,2026-09-13T13:20:00.141366+00:00,,
2026,2,South Alabama,Tulane,moneyline,moneyline_fav,AVOID,C,Tulane,-375.0,consensus,2026-09-09T05:31:18.146468+00:00,win,2026-09-13T13:20:00.141366+00:00,,
2026,2,South Alabama,Tulane,total,total_model,AVOID,D,under,49.5,consensus,2026-09-09T05:31:18.146468+00:00,loss,2026-09-13T13:20:00.141366+00:00,,
2026,2,Bowling Green,Nebraska,spread,model_gap_early,AVOID,D,Bowling Green,28.5,consensus,2026-09-09T05:31:18.146468+00:00,loss,2026-09-13T13:20:00.141366+00:00,,
2026,2,Bowling Green,Nebraska,total,total_model,AVOID,D,under,51.5,consensus,2026-09-09T05:31:18.146468+00:00,loss,2026-09-13T13:20:00.141366+00:00,,
2026,2,Tulsa,Sam Houston,spread,model_gap_early,AVOID,D,Sam Houston,14.0,consensus,2026-09-09T05:31:18.146468+00:00,win,2026-09-13T13:20:00.141366+00:00,,
2026,2,Tulsa,Sam Houston,moneyline,moneyline_dog,PASS,C,Sam Houston,425.0,consensus,2026-09-09T05:31:18.146468+00:00,loss,2026-09-13T13:20:00.141366+00:00,,
2026,2,Tulsa,Sam Houston,total,total_model,AVOID,D,over,51.5,consensus,2026-09-09T05:31:18.146468+00:00,loss,2026-09-13T13:20:00.141366+00:00,,
2026,2,Tennessee,Georgia Tech,spread,model_gap_early,AVOID,D,Georgia Tech,12.5,consensus,2026-09-09T05:31:18.146468+00:00,loss,2026-09-13T13:20:00.141366+00:00,,
2026,2,Tennessee,Georgia Tech,moneyline,moneyline_dog,PASS,D,Georgia Tech,380.0,consensus,2026-09-09T05:31:18.146468+00:00,loss,2026-09-13T13:20:00.141366+00:00,,
2026,2,Tennessee,Georgia Tech,total,total_model,AVOID,D,over,55.5,consensus,2026-09-09T05:31:18.146468+00:00,win,2026-09-13T13:20:00.141366+00:00,,
2026,2,Middle Tennessee,Marshall,spread,model_gap_early,AVOID,D,Middle Tennessee,13.5,consensus,2026-09-09T05:31:18.146468+00:00,win,2026-09-13T13:20:00.141366+00:00,,
2026,2,Middle Tennessee,Marshall,moneyline,moneyline_dog,PASS,D,Middle Tennessee,425.0,consensus,2026-09-09T05:31:18.146468+00:00,loss,2026-09-13T13:20:00.141366+00:00,,
2026,2,Middle Tennessee,Marshall,total,total_model,AVOID,D,under,57.0,consensus,2026-09-09T05:31:18.146468+00:00,win,2026-09-13T13:20:00.141366+00:00,,
2026,2,Georgia State,Kennesaw State,spread,model_gap_early,AVOID,D,Kennesaw State,-9.0,consensus,2026-09-09T05:31:18.146468+00:00,loss,2026-09-13T13:20:00.141366+00:00,,
2026,2,Georgia State,Kennesaw State,moneyline,moneyline_fav,AVOID,C,Kennesaw State,-350.0,consensus,2026-09-09T05:31:18.146468+00:00,loss,2026-09-13T13:20:00.141366+00:00,,
2026,2,Georgia State,Kennesaw State,total,total_model,AVOID,D,over,54.5,consensus,2026-09-09T05:31:18.146468+00:00,loss,2026-09-13T13:20:00.141366+00:00,,
2026,2,San Diego State,UCLA,spread,model_gap_early,AVOID,D,San Diego State,12.0,consensus,2026-09-09T05:31:18.146468+00:00,loss,2026-09-13T13:20:00.141366+00:00,,
2026,2,San Diego State,UCLA,moneyline,moneyline_dog,PASS,D,San Diego State,361.0,consensus,2026-09-09T05:31:18.146468+00:00,loss,2026-09-13T13:20:00.141366+00:00,,
2026,2,San Diego State,UCLA,total,total_model,AVOID,D,under,55.0,consensus,2026-09-09T05:31:18.146468+00:00,win,2026-09-13T13:20:00.141366+00:00,,
2026,2,Navy,Florida Atlantic,spread,model_gap_early,AVOID,D,Florida Atlantic,4.5,consensus,2026-09-09T05:31:18.146468+00:00,win,2026-09-13T13:20:00.141366+00:00,,
2026,2,Navy,Florida Atlantic,moneyline,moneyline_dog,PASS,D,Florida Atlantic,170.0,consensus,2026-09-09T05:31:18.146468+00:00,win,2026-09-13T13:20:00.141366+00:00,,
2026,2,Navy,Florida Atlantic,total,total_model,AVOID,D,over,58.5,consensus,2026-09-09T05:31:18.146468+00:00,win,2026-09-13T13:20:00.141366+00:00,,
2026,2,Louisiana Tech,LSU,spread,model_gap_early,AVOID,D,Louisiana Tech,35.5,consensus,2026-09-09T05:31:18.146468+00:00,win,2026-09-13T13:20:00.141366+00:00,,
2026,2,Louisiana Tech,LSU,total,total_model,AVOID,D,under,56.0,consensus,2026-09-09T05:31:18.146468+00:00,loss,2026-09-13T13:20:00.141366+00:00,,
2026,2,Texas Tech,Oregon State,spread,model_gap_early,AVOID,D,Oregon State,26.5,consensus,2026-09-09T05:31:18.146468+00:00,win,2026-09-13T13:20:00.141366+00:00,,
2026,2,Texas Tech,Oregon State,moneyline,moneyline_dog,PASS,D,Oregon State,1600.0,consensus,2026-09-09T05:31:18.146468+00:00,loss,2026-09-13T13:20:00.141366+00:00,,
2026,2,Texas Tech,Oregon State,total,total_model,AVOID,D,under,53.5,consensus,2026-09-09T05:31:18.146468+00:00,loss,2026-09-13T13:20:00.141366+00:00,,
2026,2,Iowa State,Iowa,spread,model_gap_early,AVOID,D,Iowa State,14.0,consensus,2026-09-09T05:31:18.146468+00:00,win,2026-09-13T13:20:00.141366+00:00,,
2026,2,Iowa State,Iowa,moneyline,moneyline_dog,PASS,D,Iowa State,450.0,consensus,2026-09-09T05:31:18.146468+00:00,loss,2026-09-13T13:20:00.141366+00:00,,
2026,2,Iowa State,Iowa,total,total_model,AVOID,D,over,40.5,consensus,2026-09-09T05:31:18.146468+00:00,loss,2026-09-13T13:20:00.141366+00:00,,
2026,2,Georgia Southern,Clemson,spread,model_gap_early,AVOID,D,Georgia Southern,20.5,consensus,2026-09-09T05:31:18.146468+00:00,win,2026-09-13T13:20:00.141366+00:00,,
2026,2,Georgia Southern,Clemson,moneyline,moneyline_dog,PASS,D,Georgia Southern,874.0,consensus,2026-09-09T05:31:18.146468+00:00,loss,2026-09-13T13:20:00.141366+00:00,,
2026,2,Georgia Southern,Clemson,total,total_model,AVOID,D,under,55.5,consensus,2026-09-09T05:31:18.146468+00:00,win,2026-09-13T13:20:00.141366+00:00,,
2026,2,Ohio State,Texas,spread,model_gap_early,AVOID,D,Texas,-1.5,consensus,2026-09-09T05:31:18.146468+00:00,loss,2026-09-13T13:20:00.141366+00:00,,
2026,2,Ohio State,Texas,moneyline,moneyline_fav,AVOID,D,Texas,-123.0,consensus,2026-09-09T05:31:18.146468+00:00,win,2026-09-13T13:20:00.141366+00:00,,
2026,2,Ohio State,Texas,total,total_model,AVOID,D,over,49.5,consensus,2026-09-09T05:31:18.146468+00:00,loss,2026-09-13T13:20:00.141366+00:00,,
2026,2,Charlotte,Ole Miss,spread,model_gap_early,AVOID,D,Charlotte,47.5,consensus,2026-09-09T05:31:18.146468+00:00,win,2026-09-13T13:20:00.141366+00:00,,
2026,2,Charlotte,Ole Miss,total,total_model,AVOID,D,under,61.0,consensus,2026-09-09T05:31:18.146468+00:00,win,2026-09-13T13:20:00.141366+00:00,,
2026,2,Southern Miss,Auburn,spread,model_gap_early,AVOID,D,Southern Miss,33.0,consensus,2026-09-09T05:31:18.146468+00:00,loss,2026-09-13T13:20:00.141366+00:00,,
2026,2,Southern Miss,Auburn,total,total_model,AVOID,D,under,57.0,consensus,2026-09-09T05:31:18.146468+00:00,win,2026-09-13T13:20:00.141366+00:00,,
2026,2,North Dakota State,Air Force,spread,model_gap_early,AVOID,D,Air Force,2.5,consensus,2026-09-09T05:31:18.146468+00:00,loss,2026-09-13T13:20:00.141366+00:00,,
2026,2,North Dakota State,Air Force,moneyline,moneyline_dog,PASS,B,Air Force,110.0,consensus,2026-09-09T05:31:18.146468+00:00,loss,2026-09-13T13:20:00.141366+00:00,,
2026,2,North Dakota State,Air Force,total,total_model,AVOID,D,over,47.5,consensus,2026-09-09T05:31:18.146468+00:00,win,2026-09-13T13:20:00.141366+00:00,,
2026,2,Arkansas,Utah,spread,model_gap_early,AVOID,D,Utah,-12.5,consensus,2026-09-09T05:31:18.146468+00:00,win,2026-09-13T13:20:00.141366+00:00,,
2026,2,Arkansas,Utah,moneyline,moneyline_fav,AVOID,C,Utah,-520.0,consensus,2026-09-09T05:31:18.146468+00:00,win,2026-09-13T13:20:00.141366+00:00,,
2026,2,Arkansas,Utah,total,total_model,AVOID,D,over,54.8,consensus,2026-09-09T05:31:18.146468+00:00,loss,2026-09-13T13:20:00.141366+00:00,,
2026,2,Sacramento State,Fresno State,spread,model_gap_early,AVOID,D,Fresno State,-18.5,consensus,2026-09-09T05:31:18.146468+00:00,win,2026-09-13T13:20:00.141366+00:00,,
2026,2,Sacramento State,Fresno State,moneyline,moneyline_fav,AVOID,C,Fresno State,-1000.0,consensus,2026-09-09T05:31:18.146468+00:00,win,2026-09-13T13:20:00.141366+00:00,,
2026,2,Sacramento State,Fresno State,total,total_model,AVOID,D,over,45.0,consensus,2026-09-09T05:31:18.146468+00:00,win,2026-09-13T13:20:00.141366+00:00,,
2026,2,Louisiana,USC,spread,model_gap_early,AVOID,D,Louisiana,30.5,consensus,2026-09-09T05:31:18.146468+00:00,win,2026-09-13T13:20:00.141366+00:00,,
2026,2,Louisiana,USC,total,total_model,AVOID,D,under,59.5,consensus,2026-09-09T05:31:18.146468+00:00,loss,2026-09-13T13:20:00.141366+00:00,,
2026,2,New Mexico State,Hawai'i,spread,model_gap_early,AVOID,D,New Mexico State,7.0,consensus,2026-09-09T05:31:18.146468+00:00,loss,2026-09-13T13:20:00.141366+00:00,,
2026,2,New Mexico State,Hawai'i,moneyline,moneyline_dog,PASS,D,New Mexico State,230.0,consensus,2026-09-09T05:31:18.146468+00:00,loss,2026-09-13T13:20:00.141366+00:00,,
2026,2,New Mexico State,Hawai'i,total,total_model,AVOID,D,over,49.5,consensus,2026-09-09T05:31:18.146468+00:00,loss,2026-09-13T13:20:00.141366+00:00,,
2026,2,New Mexico State,Hawai'i,price,price_gap,LEAN,C,Hawai'i,-7.0,Bovada,2026-09-09T05:31:18.146468+00:00,win,2026-09-13T13:20:00.141366+00:00,,
2026,2,South Alabama,Tulane,price,price_gap,LEAN,D,Tulane,-8.5,Bovada,2026-09-09T06:24:01.583983+00:00,loss,2026-09-13T13:20:00.141366+00:00,,
2026,2,Texas Tech,Oregon State,moneyline,moneyline_fav,AVOID,C,Texas Tech,-3200.0,consensus,2026-09-10T18:36:25.096733+00:00,win,2026-09-13T13:20:00.141366+00:00,,
2026,2,Bowling Green,Nebraska,moneyline,moneyline_dog,PASS,D,Bowling Green,1800.0,consensus,2026-09-11T12:51:50.546627+00:00,loss,2026-09-13T13:20:00.141366+00:00,,
2026,2,App State,East Carolina,moneyline,moneyline_fav,AVOID,C,East Carolina,-250.0,consensus,2026-09-11T18:42:12.149862+00:00,loss,2026-09-13T13:20:00.141366+00:00,,
2026,2,Alabama,Kentucky,price,price_gap,LEAN,D,Alabama,-8.5,Bovada,2026-09-12T17:47:29.279932+00:00,win,2026-09-13T13:20:00.141366+00:00,,
2026,3,Syracuse,Pittsburgh,spread,model_gap_early,AVOID,D,Pittsburgh,-10.5,consensus,2026-09-13T13:20:00.141366+00:00,win,2026-09-18T12:59:49.272082+00:00,,
2026,3,Syracuse,Pittsburgh,moneyline,moneyline_fav,AVOID,C,Pittsburgh,-380.0,consensus,2026-09-13T13:20:00.141366+00:00,win,2026-09-18T12:59:49.272082+00:00,,
2026,3,Syracuse,Pittsburgh,total,total_model,AVOID,D,under,53.5,consensus,2026-09-13T13:20:00.141366+00:00,win,2026-09-18T12:59:49.272082+00:00,,
2026,3,Miami,Wake Forest,spread,model_gap_early,AVOID,D,Wake Forest,22.5,consensus,2026-09-13T13:20:00.141366+00:00,win,2026-09-19T12:32:23.791331+00:00,,
2026,3,Miami,Wake Forest,moneyline,moneyline_dog,PASS,D,Wake Forest,1000.0,consensus,2026-09-13T13:20:00.141366+00:00,loss,2026-09-19T12:32:23.791331+00:00,,
2026,3,Miami,Wake Forest,total,total_model,AVOID,D,over,54.5,consensus,2026-09-13T13:20:00.141366+00:00,loss,2026-09-19T12:32:23.791331+00:00,,
2026,3,Houston,Texas Tech,spread,model_gap_early,AVOID,D,Texas Tech,-10.0,consensus,2026-09-13T13:20:00.141366+00:00,loss,2026-09-19T12:32:23.791331+00:00,,
2026,3,Arizona State,Kansas,spread,model_gap_early,AVOID,D,Arizona State,-5.5,consensus,2026-09-13T13:20:00.141366+00:00,win,2026-09-20T13:04:29.117750+00:00,,
2026,3,Arizona State,Kansas,moneyline,moneyline_fav,AVOID,C,Arizona State,-205.0,consensus,2026-09-13T13:20:00.141366+00:00,win,2026-09-20T13:04:29.117750+00:00,,
2026,3,Arizona State,Kansas,total,total_model,AVOID,D,under,56.5,consensus,2026-09-13T13:20:00.141366+00:00,win,2026-09-20T13:04:29.117750+00:00,,
2026,3,Kent State,Ohio State,spread,model_gap_early,AVOID,D,Kent State,52.5,consensus,2026-09-13T13:20:00.141366+00:00,loss,2026-09-20T13:04:29.117750+00:00,,
2026,3,Kent State,Ohio State,total,total_model,AVOID,D,under,56.5,consensus,2026-09-13T13:20:00.141366+00:00,loss,2026-09-20T13:04:29.117750+00:00,,
2026,3,Georgia,Arkansas,spread,model_gap_early,AVOID,D,Arkansas,17.5,consensus,2026-09-13T13:20:00.141366+00:00,loss,2026-09-20T13:04:29.117750+00:00,,
2026,3,Georgia,Arkansas,moneyline,moneyline_dog,PASS,D,Arkansas,600.0,consensus,2026-09-13T13:20:00.141366+00:00,loss,2026-09-20T13:04:29.117750+00:00,,
2026,3,Georgia,Arkansas,total,total_model,AVOID,D,over,52.5,consensus,2026-09-13T13:20:00.141366+00:00,win,2026-09-20T13:04:29.117750+00:00,,
2026,3,North Carolina,Clemson,spread,model_gap_early,AVOID,D,Clemson,-8.5,consensus,2026-09-13T13:20:00.141366+00:00,loss,2026-09-20T13:04:29.117750+00:00,,
2026,3,North Carolina,Clemson,moneyline,moneyline_dog,PASS,D,North Carolina,295.0,consensus,2026-09-13T13:20:00.141366+00:00,loss,2026-09-20T13:04:29.117750+00:00,,
2026,3,North Carolina,Clemson,total,total_model,AVOID,D,under,44.5,consensus,2026-09-13T13:20:00.141366+00:00,loss,2026-09-20T13:04:29.117750+00:00,,
2026,3,Florida State,Alabama,spread,model_gap_early,AVOID,D,Alabama,-17.5,consensus,2026-09-13T13:20:00.141366+00:00,loss,2026-09-20T13:04:29.117750+00:00,,
2026,3,Florida State,Alabama,moneyline,moneyline_fav,AVOID,C,Alabama,-950.0,consensus,2026-09-13T13:20:00.141366+00:00,win,2026-09-20T13:04:29.117750+00:00,,
2026,3,Florida State,Alabama,total,total_model,AVOID,D,over,50.5,consensus,2026-09-13T13:20:00.141366+00:00,win,2026-09-20T13:04:29.117750+00:00,,
2026,3,SMU,Louisville,spread,model_gap_early,AVOID,D,Louisville,-1.5,consensus,2026-09-13T13:20:00.141366+00:00,win,2026-09-20T13:04:29.117750+00:00,,
2026,3,SMU,Louisville,total,total_model,AVOID,D,under,58.5,consensus,2026-09-13T13:20:00.141366+00:00,loss,2026-09-20T13:04:29.117750+00:00,,
2026,3,Kentucky,Texas A&M,spread,model_gap_early,AVOID,D,Texas A&M,-15.5,consensus,2026-09-13T13:20:00.141366+00:00,loss,2026-09-20T13:04:29.117750+00:00,,
2026,3,Kentucky,Texas A&M,moneyline,moneyline_fav,AVOID,C,Texas A&M,-850.0,consensus,2026-09-13T13:20:00.141366+00:00,loss,2026-09-20T13:04:29.117750+00:00,,
2026,3,Kentucky,Texas A&M,total,total_model,AVOID,D,over,48.5,consensus,2026-09-13T13:20:00.141366+00:00,win,2026-09-20T13:04:29.117750+00:00,,
2026,3,Western Kentucky,Indiana,spread,model_gap_early,AVOID,D,Western Kentucky,44.5,consensus,2026-09-13T13:20:00.141366+00:00,win,2026-09-20T13:04:29.117750+00:00,,
2026,3,Western Kentucky,Indiana,total,total_model,AVOID,D,under,59.5,consensus,2026-09-13T13:20:00.141366+00:00,win,2026-09-20T13:04:29.117750+00:00,,
2026,3,Mississippi State,South Carolina,spread,model_gap_early,AVOID,D,South Carolina,-5.5,consensus,2026-09-13T13:20:00.141366+00:00,loss,2026-09-20T13:04:29.117750+00:00,,
2026,3,Mississippi State,South Carolina,moneyline,moneyline_fav,AVOID,C,South Carolina,-218.0,consensus,2026-09-13T13:20:00.141366+00:00,loss,2026-09-20T13:04:29.117750+00:00,,
2026,3,Mississippi State,South Carolina,total,total_model,AVOID,D,under,56.5,consensus,2026-09-13T13:20:00.141366+00:00,loss,2026-09-20T13:04:29.117750+00:00,,
2026,3,Florida,Auburn,spread,model_gap_early,AVOID,D,Auburn,2.5,consensus,2026-09-13T13:20:00.141366+00:00,loss,2026-09-20T13:04:29.117750+00:00,,
2026,3,Florida,Auburn,moneyline,moneyline_dog,PASS,B,Auburn,114.0,consensus,2026-09-13T13:20:00.141366+00:00,loss,2026-09-20T13:04:29.117750+00:00,,
2026,3,Florida,Auburn,total,total_model,AVOID,D,under,51.5,consensus,2026-09-13T13:20:00.141366+00:00,loss,2026-09-20T13:04:29.117750+00:00,,
2026,3,West Virginia,Virginia,spread,model_gap_early,AVOID,D,Virginia,-9.5,consensus,2026-09-13T13:20:00.141366+00:00,loss,2026-09-20T13:04:29.117750+00:00,,
2026,3,West Virginia,Virginia,moneyline,moneyline_fav,AVOID,C,Virginia,-355.0,consensus,2026-09-13T13:20:00.141366+00:00,loss,2026-09-20T13:04:29.117750+00:00,,
2026,3,West Virginia,Virginia,total,total_model,AVOID,D,under,53.5,consensus,2026-09-13T13:20:00.141366+00:00,loss,2026-09-20T13:04:29.117750+00:00,,
2026,3,Colorado,Northwestern,spread,model_gap_early,AVOID,D,Northwestern,-3.0,consensus,2026-09-13T13:20:00.141366+00:00,win,2026-09-20T13:04:29.117750+00:00,,
2026,3,Colorado,Northwestern,moneyline,moneyline_fav,AVOID,C,Northwestern,-148.0,consensus,2026-09-13T13:20:00.141366+00:00,win,2026-09-20T13:04:29.117750+00:00,,
2026,3,Colorado,Northwestern,total,total_model,AVOID,D,over,45.5,consensus,2026-09-13T13:20:00.141366+00:00,win,2026-09-20T13:04:29.117750+00:00,,
2026,3,Virginia Tech,Maryland,spread,model_gap_early,AVOID,D,Maryland,3.0,consensus,2026-09-13T13:20:00.141366+00:00,loss,2026-09-20T13:04:29.117750+00:00,,
2026,3,Virginia Tech,Maryland,moneyline,moneyline_dog,PASS,B,Maryland,124.0,consensus,2026-09-13T13:20:00.141366+00:00,loss,2026-09-20T13:04:29.117750+00:00,,
2026,3,Virginia Tech,Maryland,total,total_model,AVOID,D,over,54.5,consensus,2026-09-13T13:20:00.141366+00:00,win,2026-09-20T13:04:29.117750+00:00,,
2026,3,Michigan State,Notre Dame,spread,model_gap_early,AVOID,D,Michigan State,29.5,consensus,2026-09-13T13:20:00.141366+00:00,win,2026-09-20T13:04:29.117750+00:00,,
2026,3,Michigan State,Notre Dame,total,total_model,AVOID,D,over,53.5,consensus,2026-09-13T13:20:00.141366+00:00,loss,2026-09-20T13:04:29.117750+00:00,,
2026,3,LSU,Ole Miss,spread,model_gap_early,AVOID,D,Ole Miss,2.5,consensus,2026-09-13T13:20:00.141366+00:00,win,2026-09-20T13:04:29.117750+00:00,,
2026,3,LSU,Ole Miss,moneyline,moneyline_dog,PASS,B,Ole Miss,120.0,consensus,2026-09-13T13:20:00.141366+00:00,win,2026-09-20T13:04:29.117750+00:00,,
2026,3,LSU,Ole Miss,total,total_model,AVOID,D,under,58.5,consensus,2026-09-13T13:20:00.141366+00:00,win,2026-09-20T13:04:29.117750+00:00,,
2026,3,UTSA,Texas,spread,model_gap_early,AVOID,D,UTSA,29.5,consensus,2026-09-13T13:20:00.141366+00:00,win,2026-09-20T13:04:29.117750+00:00,,
2026,3,UTSA,Texas,total,total_model,AVOID,D,under,57.5,consensus,2026-09-13T13:20:00.141366+00:00,win,2026-09-20T13:04:29.117750+00:00,,
2026,3,Houston,Texas Tech,moneyline,moneyline_fav,AVOID,C,Texas Tech,-410.0,consensus,2026-09-13T17:19:00.106227+00:00,win,2026-09-19T12:32:23.791331+00:00,,
2026,3,Houston,Texas Tech,total,total_model,AVOID,D,over,52.5,consensus,2026-09-13T17:19:00.106227+00:00,win,2026-09-19T12:32:23.791331+00:00,,
2026,3,Coastal Carolina,Delaware,spread,model_gap_early,AVOID,D,Delaware,-5.0,consensus,2026-09-13T17:19:00.106227+00:00,win,2026-09-20T13:04:29.117750+00:00,,
2026,3,Coastal Carolina,Delaware,moneyline,moneyline_fav,AVOID,C,Delaware,-205.0,consensus,2026-09-13T17:19:00.106227+00:00,win,2026-09-20T13:04:29.117750+00:00,,
2026,3,Coastal Carolina,Delaware,total,total_model,AVOID,D,over,58.0,consensus,2026-09-13T17:19:00.106227+00:00,loss,2026-09-20T13:04:29.117750+00:00,,
2026,3,North Texas,Texas State,spread,model_gap_early,AVOID,D,North Texas,3.0,consensus,2026-09-13T17:19:00.106227+00:00,loss,2026-09-20T13:04:29.117750+00:00,,
2026,3,North Texas,Texas State,moneyline,moneyline_dog,PASS,B,North Texas,136.0,consensus,2026-09-13T17:19:00.106227+00:00,loss,2026-09-20T13:04:29.117750+00:00,,
2026,3,North Texas,Texas State,total,total_model,AVOID,D,over,62.5,consensus,2026-09-13T17:19:00.106227+00:00,win,2026-09-20T13:04:29.117750+00:00,,
2026,3,Bowling Green,Iowa State,spread,model_gap_early,AVOID,D,Iowa State,-22.5,consensus,2026-09-13T17:19:00.106227+00:00,win,2026-09-20T13:04:29.117750+00:00,,
2026,3,Bowling Green,Iowa State,moneyline,moneyline_fav,AVOID,C,Iowa State,-3335.0,consensus,2026-09-13T17:19:00.106227+00:00,win,2026-09-20T13:04:29.117750+00:00,,
2026,3,Bowling Green,Iowa State,total,total_model,AVOID,D,under,46.0,consensus,2026-09-13T17:19:00.106227+00:00,loss,2026-09-20T13:04:29.117750+00:00,,
2026,3,North Carolina,Clemson,moneyline,moneyline_fav,AVOID,C,Clemson,-218.0,consensus,2026-09-13T17:19:00.106227+00:00,win,2026-09-20T13:04:29.117750+00:00,,
2026,3,Buffalo,Penn State,spread,model_gap_early,AVOID,D,Buffalo,39.5,consensus,2026-09-13T17:19:00.106227+00:00,loss,2026-09-20T13:04:29.117750+00:00,,
2026,3,Buffalo,Penn State,total,total_model,AVOID,D,over,48.0,consensus,2026-09-13T17:19:00.106227+00:00,win,2026-09-20T13:04:29.117750+00:00,,
2026,3,Akron,Minnesota,spread,model_gap_early,AVOID,D,Akron,26.5,consensus,2026-09-13T17:19:00.106227+00:00,loss,2026-09-20T13:04:29.117750+00:00,,
2026,3,Akron,Minnesota,total,total_model,AVOID,D,over,49.0,consensus,2026-09-13T17:19:00.106227+00:00,loss,2026-09-20T13:04:29.117750+00:00,,
2026,3,Tulane,Kansas State,spread,model_gap_early,AVOID,D,Tulane,19.5,consensus,2026-09-13T17:19:00.106227+00:00,win,2026-09-20T13:04:29.117750+00:00,,
2026,3,Tulane,Kansas State,moneyline,moneyline_dog,PASS,D,Tulane,980.0,consensus,2026-09-13T17:19:00.106227+00:00,loss,2026-09-20T13:04:29.117750+00:00,,
2026,3,Tulane,Kansas State,total,total_model,AVOID,D,over,50.0,consensus,2026-09-13T17:19:00.106227+00:00,win,2026-09-20T13:04:29.117750+00:00,,
2026,3,Eastern Michigan,Wisconsin,spread,model_gap_early,AVOID,D,Eastern Michigan,24.5,consensus,2026-09-13T17:19:00.106227+00:00,loss,2026-09-20T13:04:29.117750+00:00,,
2026,3,Eastern Michigan,Wisconsin,moneyline,moneyline_dog,PASS,D,Eastern Michigan,1400.0,consensus,2026-09-13T17:19:00.106227+00:00,loss,2026-09-20T13:04:29.117750+00:00,,
2026,3,Eastern Michigan,Wisconsin,total,total_model,AVOID,D,under,46.5,consensus,2026-09-13T17:19:00.106227+00:00,loss,2026-09-20T13:04:29.117750+00:00,,
2026,3,NC State,Vanderbilt,spread,model_gap_early,AVOID,D,Vanderbilt,-4.5,consensus,2026-09-13T17:19:00.106227+00:00,loss,2026-09-20T13:04:29.117750+00:00,,
2026,3,NC State,Vanderbilt,moneyline,moneyline_fav,AVOID,C,Vanderbilt,-188.0,consensus,2026-09-13T17:19:00.106227+00:00,win,2026-09-20T13:04:29.117750+00:00,,
2026,3,NC State,Vanderbilt,total,total_model,AVOID,D,over,53.5,consensus,2026-09-13T17:19:00.106227+00:00,win,2026-09-20T13:04:29.117750+00:00,,
2026,3,Wyoming,Central Michigan,spread,model_gap_early,AVOID,D,Central Michigan,-2.5,consensus,2026-09-13T17:19:00.106227+00:00,win,2026-09-20T13:04:29.117750+00:00,,
2026,3,Wyoming,Central Michigan,moneyline,moneyline_fav,AVOID,C,Central Michigan,-130.0,consensus,2026-09-13T17:19:00.106227+00:00,win,2026-09-20T13:04:29.117750+00:00,,
2026,3,Wyoming,Central Michigan,total,total_model,AVOID,D,under,39.2,consensus,2026-09-13T17:19:00.106227+00:00,win,2026-09-20T13:04:29.117750+00:00,,
2026,3,Temple,Toledo,spread,model_gap_early,AVOID,D,Toledo,-4.8,consensus,2026-09-13T17:19:00.106227+00:00,loss,2026-09-20T13:04:29.117750+00:00,,
2026,3,Temple,Toledo,moneyline,moneyline_fav,AVOID,C,Toledo,-166.0,consensus,2026-09-13T17:19:00.106227+00:00,win,2026-09-20T13:04:29.117750+00:00,,
2026,3,Temple,Toledo,total,total_model,AVOID,D,under,52.0,consensus,2026-09-13T17:19:00.106227+00:00,loss,2026-09-20T13:04:29.117750+00:00,,
2026,3,USC,Rutgers,spread,model_gap_early,AVOID,D,Rutgers,24.5,consensus,2026-09-13T17:19:00.106227+00:00,win,2026-09-20T13:04:29.117750+00:00,,
2026,3,USC,Rutgers,moneyline,moneyline_dog,PASS,D,Rutgers,1500.0,consensus,2026-09-13T17:19:00.106227+00:00,loss,2026-09-20T13:04:29.117750+00:00,,
2026,3,USC,Rutgers,total,total_model,AVOID,D,over,56.5,consensus,2026-09-13T17:19:00.106227+00:00,win,2026-09-20T13:04:29.117750+00:00,,
2026,3,Miami (OH),Cincinnati,spread,model_gap_early,AVOID,D,Cincinnati,-14.5,consensus,2026-09-13T17:19:00.106227+00:00,loss,2026-09-20T13:04:29.117750+00:00,,
2026,3,Miami (OH),Cincinnati,moneyline,moneyline_fav,AVOID,C,Cincinnati,-735.0,consensus,2026-09-13T17:19:00.106227+00:00,win,2026-09-20T13:04:29.117750+00:00,,
2026,3,Miami (OH),Cincinnati,total,total_model,AVOID,D,over,49.0,consensus,2026-09-13T17:19:00.106227+00:00,win,2026-09-20T13:04:29.117750+00:00,,
2026,3,Utah State,Utah,spread,model_gap_early,AVOID,D,Utah,-28.0,consensus,2026-09-13T17:19:00.106227+00:00,win,2026-09-20T13:04:29.117750+00:00,,
2026,3,Utah State,Utah,total,total_model,AVOID,D,over,56.8,consensus,2026-09-13T17:19:00.106227+00:00,loss,2026-09-20T13:04:29.117750+00:00,,
2026,3,UTEP,Michigan,spread,model_gap_early,AVOID,D,UTEP,36.5,consensus,2026-09-13T17:19:00.106227+00:00,win,2026-09-20T13:04:29.117750+00:00,,
2026,3,UTEP,Michigan,total,total_model,AVOID,D,over,49.0,consensus,2026-09-13T17:19:00.106227+00:00,win,2026-09-20T13:04:29.117750+00:00,,
2026,3,SMU,Louisville,moneyline,moneyline_fav,AVOID,D,Louisville,-123.0,consensus,2026-09-13T17:19:00.106227+00:00,win,2026-09-20T13:04:29.117750+00:00,,
2026,3,Ball State,Liberty,spread,model_gap_early,AVOID,D,Liberty,-14.5,consensus,2026-09-13T17:19:00.106227+00:00,win,2026-09-20T13:04:29.117750+00:00,,
2026,3,Ball State,Liberty,moneyline,moneyline_dog,PASS,D,Ball State,570.0,consensus,2026-09-13T17:19:00.106227+00:00,loss,2026-09-20T13:04:29.117750+00:00,,
2026,3,Ball State,Liberty,total,total_model,AVOID,D,under,55.5,consensus,2026-09-13T17:19:00.106227+00:00,loss,2026-09-20T13:04:29.117750+00:00,,
2026,3,Louisiana Tech,Baylor,spread,model_gap_early,AVOID,D,Louisiana Tech,17.5,consensus,2026-09-13T17:19:00.106227+00:00,win,2026-09-20T13:04:29.117750+00:00,,
2026,3,Louisiana Tech,Baylor,moneyline,moneyline_dog,PASS,D,Louisiana Tech,755.0,consensus,2026-09-13T17:19:00.106227+00:00,loss,2026-09-20T13:04:29.117750+00:00,,
2026,3,Louisiana Tech,Baylor,total,total_model,AVOID,D,over,55.5,consensus,2026-09-13T17:19:00.106227+00:00,loss,2026-09-20T13:04:29.117750+00:00,,
2026,3,Stanford,Duke,spread,model_gap_early,AVOID,D,Duke,-10.0,consensus,2026-09-13T17:19:00.106227+00:00,win,2026-09-20T13:04:29.117750+00:00,,
2026,3,Stanford,Duke,moneyline,moneyline_fav,AVOID,C,Duke,-405.0,consensus,2026-09-13T17:19:00.106227+00:00,win,2026-09-20T13:04:29.117750+00:00,,
2026,3,Stanford,Duke,total,total_model,AVOID,D,over,50.5,consensus,2026-09-13T17:19:00.106227+00:00,loss,2026-09-20T13:04:29.117750+00:00,,
2026,3,Florida International,Florida Atlantic,spread,model_gap_early,AVOID,D,Florida International,7.2,consensus,2026-09-13T17:19:00.106227+00:00,win,2026-09-20T13:04:29.117750+00:00,,
2026,3,Florida International,Florida Atlantic,moneyline,moneyline_dog,PASS,C,Florida International,222.0,consensus,2026-09-13T17:19:00.106227+00:00,loss,2026-09-20T13:04:29.117750+00:00,,
2026,3,Florida International,Florida Atlantic,total,total_model,AVOID,D,under,62.5,consensus,2026-09-13T17:19:00.106227+00:00,win,2026-09-20T13:04:29.117750+00:00,,
2026,3,East Carolina,Old Dominion,spread,model_gap_early,AVOID,D,Old Dominion,-2.5,consensus,2026-09-13T17:19:00.106227+00:00,loss,2026-09-20T13:04:29.117750+00:00,,
2026,3,East Carolina,Old Dominion,moneyline,moneyline_fav,AVOID,C,Old Dominion,-130.0,consensus,2026-09-13T17:19:00.106227+00:00,loss,2026-09-20T13:04:29.117750+00:00,,
2026,3,East Carolina,Old Dominion,total,total_model,AVOID,D,over,49.5,consensus,2026-09-13T17:19:00.106227+00:00,loss,2026-09-20T13:04:29.117750+00:00,,
2026,3,Western Michigan,Rice,spread,model_gap_early,AVOID,D,Rice,11.0,consensus,2026-09-13T17:19:00.106227+00:00,win,2026-09-20T13:04:29.117750+00:00,,
2026,3,Western Michigan,Rice,moneyline,moneyline_dog,PASS,D,Rice,385.0,consensus,2026-09-13T17:19:00.106227+00:00,loss,2026-09-20T13:04:29.117750+00:00,,
2026,3,Western Michigan,Rice,total,total_model,AVOID,D,over,45.0,consensus,2026-09-13T17:19:00.106227+00:00,win,2026-09-20T13:04:29.117750+00:00,,
2026,3,UConn,Southern Miss,spread,model_gap_early,AVOID,D,Southern Miss,2.5,consensus,2026-09-13T17:19:00.106227+00:00,loss,2026-09-20T13:04:29.117750+00:00,,
2026,3,UConn,Southern Miss,moneyline,moneyline_dog,PASS,B,Southern Miss,114.0,consensus,2026-09-13T17:19:00.106227+00:00,loss,2026-09-20T13:04:29.117750+00:00,,
2026,3,UConn,Southern Miss,total,total_model,AVOID,D,over,55.5,consensus,2026-09-13T17:19:00.106227+00:00,win,2026-09-20T13:04:29.117750+00:00,,
2026,3,Troy,Missouri,spread,model_gap_early,AVOID,D,Troy,27.5,consensus,2026-09-13T17:19:00.106227+00:00,win,2026-09-20T13:04:29.117750+00:00,,
2026,3,Troy,Missouri,total,total_model,AVOID,D,over,49.5,consensus,2026-09-13T17:19:00.106227+00:00,loss,2026-09-20T13:04:29.117750+00:00,,
2026,3,Georgia State,UCF,spread,model_gap_early,AVOID,D,Georgia State,20.5,consensus,2026-09-13T17:19:00.106227+00:00,win,2026-09-20T13:04:29.117750+00:00,,
2026,3,Georgia State,UCF,moneyline,moneyline_dog,PASS,D,Georgia State,945.0,consensus,2026-09-13T17:19:00.106227+00:00,loss,2026-09-20T13:04:29.117750+00:00,,
2026,3,Georgia State,UCF,total,total_model,AVOID,D,over,50.5,consensus,2026-09-13T17:19:00.106227+00:00,win,2026-09-20T13:04:29.117750+00:00,,
2026,3,New Mexico,Oklahoma,spread,model_gap_early,AVOID,D,New Mexico,21.5,consensus,2026-09-13T17:19:00.106227+00:00,win,2026-09-20T13:04:29.117750+00:00,,
2026,3,New Mexico,Oklahoma,moneyline,moneyline_dog,PASS,D,New Mexico,1180.0,consensus,2026-09-13T17:19:00.106227+00:00,loss,2026-09-20T13:04:29.117750+00:00,,
2026,3,New Mexico,Oklahoma,total,total_model,AVOID,D,under,49.0,consensus,2026-09-13T17:19:00.106227+00:00,win,2026-09-20T13:04:29.117750+00:00,,
2026,3,BYU,Colorado State,spread,model_gap_early,AVOID,D,Colorado State,20.5,consensus,2026-09-13T17:19:00.106227+00:00,win,2026-09-20T13:04:29.117750+00:00,,
2026,3,BYU,Colorado State,moneyline,moneyline_dog,PASS,D,Colorado State,935.0,consensus,2026-09-13T17:19:00.106227+00:00,loss,2026-09-20T13:04:29.117750+00:00,,
2026,3,BYU,Colorado State,total,total_model,AVOID,D,over,52.5,consensus,2026-09-13T17:19:00.106227+00:00,win,2026-09-20T13:04:29.117750+00:00,,
2026,3,Kennesaw State,Tennessee,spread,model_gap_early,AVOID,D,Kennesaw State,34.5,consensus,2026-09-13T17:19:00.106227+00:00,win,2026-09-20T13:04:29.117750+00:00,,
2026,3,Kennesaw State,Tennessee,total,total_model,AVOID,D,over,60.0,consensus,2026-09-13T17:19:00.106227+00:00,loss,2026-09-20T13:04:29.117750+00:00,,
2026,3,Arkansas State,TCU,spread,model_gap_early,AVOID,D,TCU,-20.5,consensus,2026-09-13T17:19:00.106227+00:00,win,2026-09-20T13:04:29.117750+00:00,,
2026,3,Arkansas State,TCU,moneyline,moneyline_dog,PASS,D,Arkansas State,855.0,consensus,2026-09-13T17:19:00.106227+00:00,loss,2026-09-20T13:04:29.117750+00:00,,
2026,3,Arkansas State,TCU,total,total_model,AVOID,D,under,56.5,consensus,2026-09-13T17:19:00.106227+00:00,win,2026-09-20T13:04:29.117750+00:00,,
2026,3,UAB,Louisiana,spread,model_gap_early,AVOID,D,Louisiana,-9.5,consensus,2026-09-13T17:19:00.106227+00:00,loss,2026-09-20T13:04:29.117750+00:00,,
2026,3,UAB,Louisiana,moneyline,moneyline_fav,AVOID,C,Louisiana,-370.0,consensus,2026-09-13T17:19:00.106227+00:00,win,2026-09-20T13:04:29.117750+00:00,,
2026,3,UAB,Louisiana,total,total_model,AVOID,D,over,58.5,consensus,2026-09-13T17:19:00.106227+00:00,loss,2026-09-20T13:04:29.117750+00:00,,
2026,3,James Madison,San Diego State,spread,model_gap_early,AVOID,D,James Madison,1.5,consensus,2026-09-13T17:19:00.106227+00:00,win,2026-09-20T13:04:29.117750+00:00,,
2026,3,James Madison,San Diego State,total,total_model,AVOID,D,over,46.5,consensus,2026-09-13T17:19:00.106227+00:00,loss,2026-09-20T13:04:29.117750+00:00,,
2026,3,North Dakota State,Sacramento State,spread,model_gap_early,AVOID,D,Sacramento State,23.5,consensus,2026-09-13T17:19:00.106227+00:00,win,2026-09-20T13:04:29.117750+00:00,,
2026,3,North Dakota State,Sacramento State,moneyline,moneyline_dog,PASS,D,Sacramento State,1400.0,consensus,2026-09-13T17:19:00.106227+00:00,loss,2026-09-20T13:04:29.117750+00:00,,
2026,3,North Dakota State,Sacramento State,total,total_model,AVOID,D,over,53.5,consensus,2026-09-13T17:19:00.106227+00:00,loss,2026-09-20T13:04:29.117750+00:00,,
2026,3,Northern Illinois,Arizona,spread,model_gap_early,AVOID,D,Northern Illinois,35.5,consensus,2026-09-13T17:19:00.106227+00:00,win,2026-09-20T13:04:29.117750+00:00,,
2026,3,Northern Illinois,Arizona,total,total_model,AVOID,D,under,50.0,consensus,2026-09-13T17:19:00.106227+00:00,loss,2026-09-20T13:04:29.117750+00:00,,
2026,3,Fresno State,San José State,spread,model_gap_early,AVOID,D,San José State,7.5,consensus,2026-09-13T17:19:00.106227+00:00,loss,2026-09-20T13:04:29.117750+00:00,,
2026,3,Fresno State,San José State,moneyline,moneyline_dog,PASS,D,San José State,227.0,consensus,2026-09-13T17:19:00.106227+00:00,loss,2026-09-20T13:04:29.117750+00:00,,
2026,3,Fresno State,San José State,total,total_model,AVOID,D,under,52.5,consensus,2026-09-13T17:19:00.106227+00:00,win,2026-09-20T13:04:29.117750+00:00,,
2026,3,Purdue,UCLA,spread,model_gap_early,AVOID,D,UCLA,-13.5,consensus,2026-09-13T17:19:00.106227+00:00,win,2026-09-20T13:04:29.117750+00:00,,
2026,3,Purdue,UCLA,moneyline,moneyline_dog,PASS,D,Purdue,500.0,consensus,2026-09-13T17:19:00.106227+00:00,loss,2026-09-20T13:04:29.117750+00:00,,
2026,3,Purdue,UCLA,total,total_model,AVOID,D,over,53.0,consensus,2026-09-13T17:19:00.106227+00:00,win,2026-09-20T13:04:29.117750+00:00,,
2026,3,Charlotte,App State,spread,model_gap_early,AVOID,D,App State,-19.5,consensus,2026-09-13T18:17:14.898271+00:00,loss,2026-09-20T13:04:29.117750+00:00,,
2026,3,Charlotte,App State,moneyline,moneyline_fav,AVOID,C,App State,-950.0,consensus,2026-09-13T18:17:14.898271+00:00,win,2026-09-20T13:04:29.117750+00:00,,
2026,3,Charlotte,App State,total,total_model,AVOID,D,over,53.5,consensus,2026-09-13T18:17:14.898271+00:00,loss,2026-09-20T13:04:29.117750+00:00,,
2026,3,Marshall,Missouri State,spread,model_gap_early,AVOID,D,Missouri State,4.5,consensus,2026-09-13T18:17:14.898271+00:00,loss,2026-09-20T13:04:29.117750+00:00,,
2026,3,Marshall,Missouri State,moneyline,moneyline_dog,PASS,B,Missouri State,150.0,consensus,2026-09-13T18:17:14.898271+00:00,loss,2026-09-20T13:04:29.117750+00:00,,
2026,3,Marshall,Missouri State,total,total_model,AVOID,D,over,53.5,consensus,2026-09-13T18:17:14.898271+00:00,win,2026-09-20T13:04:29.117750+00:00,,
2026,3,Nevada,Middle Tennessee,spread,model_gap_early,AVOID,D,Middle Tennessee,6.5,consensus,2026-09-13T18:17:14.898271+00:00,win,2026-09-20T13:04:29.117750+00:00,,
2026,3,Nevada,Middle Tennessee,moneyline,moneyline_dog,PASS,B,Middle Tennessee,180.0,consensus,2026-09-13T18:17:14.898271+00:00,win,2026-09-20T13:04:29.117750+00:00,,
2026,3,Nevada,Middle Tennessee,total,total_model,AVOID,D,over,49.5,consensus,2026-09-13T18:17:14.898271+00:00,loss,2026-09-20T13:04:29.117750+00:00,,
2026,3,Ohio,South Alabama,spread,model_gap_early,AVOID,D,South Alabama,-4.5,consensus,2026-09-13T18:17:14.898271+00:00,win,2026-09-20T13:04:29.117750+00:00,,
2026,3,Ohio,South Alabama,moneyline,moneyline_fav,AVOID,C,South Alabama,-180.0,consensus,2026-09-13T18:17:14.898271+00:00,win,2026-09-20T13:04:29.117750+00:00,,
2026,3,Ohio,South Alabama,total,total_model,AVOID,D,over,53.5,consensus,2026-09-13T18:17:14.898271+00:00,win,2026-09-20T13:04:29.117750+00:00,,
2026,3,Georgia Southern,Jacksonville State,spread,model_gap_early,AVOID,D,Jacksonville State,-3.0,consensus,2026-09-13T18:17:14.898271+00:00,win,2026-09-20T13:04:29.117750+00:00,,
2026,3,Georgia Southern,Jacksonville State,moneyline,moneyline_fav,AVOID,C,Jacksonville State,-148.0,consensus,2026-09-13T18:17:14.898271+00:00,win,2026-09-20T13:04:29.117750+00:00,,
2026,3,Georgia Southern,Jacksonville State,total,total_model,AVOID,D,under,53.5,consensus,2026-09-13T18:17:14.898271+00:00,loss,2026-09-20T13:04:29.117750+00:00,,
2026,3,Akron,Minnesota,moneyline,moneyline_dog,PASS,D,Akron,1400.0,consensus,2026-09-14T15:03:06.130095+00:00,loss,2026-09-20T13:04:29.117750+00:00,,
2026,3,Arizona State,Kansas,moneyline,moneyline_dog,PASS,D,Kansas,180.0,consensus,2026-09-14T15:03:06.130095+00:00,loss,2026-09-20T13:04:29.117750+00:00,,
2026,3,James Madison,San Diego State,moneyline,moneyline_dog,PASS,C,James Madison,108.0,consensus,2026-09-14T15:03:06.130095+00:00,win,2026-09-20T13:04:29.117750+00:00,,
2026,3,Utah State,Utah,moneyline,moneyline_fav,AVOID,C,Utah,-5000.0,consensus,2026-09-14T19:54:19.059339+00:00,win,2026-09-20T13:04:29.117750+00:00,,
2026,3,Troy,Missouri,moneyline,moneyline_fav,AVOID,C,Missouri,-5000.0,consensus,2026-09-14T19:54:19.059339+00:00,win,2026-09-20T13:04:29.117750+00:00,,
2026,3,Purdue,UCLA,moneyline,moneyline_fav,AVOID,C,UCLA,-650.0,consensus,2026-09-15T19:08:37.907269+00:00,win,2026-09-20T13:04:29.117750+00:00,,
2026,3,Michigan State,Notre Dame,moneyline,moneyline_fav,AVOID,C,Notre Dame,-5000.0,consensus,2026-09-16T18:59:42.588777+00:00,win,2026-09-20T13:04:29.117750+00:00,,
2026,3,UTSA,Texas,moneyline,moneyline_dog,PASS,D,UTSA,2200.0,consensus,2026-09-16T18:59:42.588777+00:00,loss,2026-09-20T13:04:29.117750+00:00,,
2026,3,Utah State,Utah,moneyline,moneyline_dog,PASS,D,Utah State,2200.0,consensus,2026-09-17T19:08:50.542811+00:00,loss,2026-09-20T13:04:29.117750+00:00,,
2026,3,Troy,Missouri,moneyline,moneyline_dog,PASS,D,Troy,1750.0,consensus,2026-09-17T19:08:50.542811+00:00,loss,2026-09-20T13:04:29.117750+00:00,,
2026,3,West Virginia,Virginia,moneyline,moneyline_dog,PASS,D,West Virginia,305.0,consensus,2026-09-18T12:59:49.272082+00:00,win,2026-09-20T13:04:29.117750+00:00,,
2026,3,Western Michigan,Rice,price,price_gap,LEAN,D,Western Michigan,-9.0,Bovada,2026-09-19T12:32:23.791331+00:00,loss,2026-09-20T13:04:29.117750+00:00,,
2026,3,Arkansas State,TCU,moneyline,moneyline_fav,AVOID,C,TCU,-1262.0,consensus,2026-09-19T18:09:38.521302+00:00,win,2026-09-20T13:04:29.117750+00:00,,
2026,4,Northwestern,Indiana,spread,model_gap_early,AVOID,D,Indiana,-23.5,consensus,2026-09-20T13:04:29.117750+00:00,loss,2026-09-26T13:08:26.007374+00:00,,
2026,4,Northwestern,Indiana,moneyline,moneyline_dog,PASS,D,Northwestern,1600.0,consensus,2026-09-20T13:04:29.117750+00:00,loss,2026-09-26T13:08:26.007374+00:00,,
2026,4,Northwestern,Indiana,total,total_model,AVOID,D,over,47.5,consensus,2026-09-20T13:04:29.117750+00:00,win,2026-09-26T13:08:26.007374+00:00,,
2026,4,Wake Forest,Louisville,spread,model_gap_early,AVOID,D,Louisville,-13.5,consensus,2026-09-20T13:04:29.117750+00:00,loss,2026-09-27T14:01:51.189727+00:00,,
2026,4,Wake Forest,Louisville,moneyline,moneyline_dog,PASS,D,Wake Forest,470.0,consensus,2026-09-20T13:04:29.117750+00:00,win,2026-09-27T14:01:51.189727+00:00,,
2026,4,Wake Forest,Louisville,total,total_model,AVOID,D,over,58.5,consensus,2026-09-20T13:04:29.117750+00:00,loss,2026-09-27T14:01:51.189727+00:00,,
2026,4,Texas,Tennessee,spread,model_gap_early,AVOID,D,Tennessee,5.5,consensus,2026-09-20T13:04:29.117750+00:00,win,2026-09-27T14:01:51.189727+00:00,,
2026,4,Texas,Tennessee,moneyline,moneyline_dog,PASS,B,Tennessee,180.0,consensus,2026-09-20T13:04:29.117750+00:00,loss,2026-09-27T14:01:51.189727+00:00,,
2026,4,Texas,Tennessee,total,total_model,AVOID,D,over,56.5,consensus,2026-09-20T13:04:29.117750+00:00,loss,2026-09-27T14:01:51.189727+00:00,,
2026,4,Illinois,Ohio State,spread,model_gap_early,AVOID,D,Illinois,27.0,consensus,2026-09-20T13:04:29.117750+00:00,win,2026-09-27T14:01:51.189727+00:00,,
2026,4,Illinois,Ohio State,moneyline,moneyline_dog,PASS,D,Illinois,1600.0,consensus,2026-09-20T13:04:29.117750+00:00,loss,2026-09-27T14:01:51.189727+00:00,,
2026,4,Illinois,Ohio State,total,total_model,AVOID,D,under,53.0,consensus,2026-09-20T13:04:29.117750+00:00,loss,2026-09-27T14:01:51.189727+00:00,,
2026,4,UCLA,Maryland,spread,model_gap_early,AVOID,D,Maryland,1.5,consensus,2026-09-20T13:04:29.117750+00:00,loss,2026-09-27T14:01:51.189727+00:00,,
2026,4,UCLA,Maryland,total,total_model,AVOID,D,over,51.5,consensus,2026-09-20T13:04:29.117750+00:00,win,2026-09-27T14:01:51.189727+00:00,,
2026,4,Notre Dame,Purdue,spread,model_gap_early,AVOID,D,Purdue,27.5,consensus,2026-09-20T13:04:29.117750+00:00,loss,2026-09-27T14:01:51.189727+00:00,,
2026,4,Notre Dame,Purdue,total,total_model,AVOID,D,over,56.5,consensus,2026-09-20T13:04:29.117750+00:00,win,2026-09-27T14:01:51.189727+00:00,,
2026,4,Ole Miss,Florida,spread,model_gap_early,AVOID,D,Florida,-1.5,consensus,2026-09-20T13:04:29.117750+00:00,win,2026-09-27T14:01:51.189727+00:00,,
2026,4,Ole Miss,Florida,moneyline,moneyline_fav,AVOID,C,Florida,-125.0,consensus,2026-09-20T13:04:29.117750+00:00,win,2026-09-27T14:01:51.189727+00:00,,
2026,4,Ole Miss,Florida,total,total_model,AVOID,D,over,58.5,consensus,2026-09-20T13:04:29.117750+00:00,win,2026-09-27T14:01:51.189727+00:00,,
2026,4,Oklahoma,Georgia,spread,model_gap_early,AVOID,D,Georgia,-11.5,consensus,2026-09-20T13:04:29.117750+00:00,win,2026-09-27T14:01:51.189727+00:00,,
2026,4,Oklahoma,Georgia,moneyline,moneyline_fav,AVOID,C,Georgia,-590.0,consensus,2026-09-20T13:04:29.117750+00:00,win,2026-09-27T14:01:51.189727+00:00,,
2026,4,Oklahoma,Georgia,total,total_model,AVOID,D,under,47.0,consensus,2026-09-20T13:04:29.117750+00:00,loss,2026-09-27T14:01:51.189727+00:00,,
2026,4,Iowa,Michigan,spread,model_gap_early,AVOID,D,Iowa,5.0,consensus,2026-09-20T13:04:29.117750+00:00,win,2026-09-27T14:01:51.189727+00:00,,
2026,4,Iowa,Michigan,moneyline,moneyline_dog,PASS,D,Iowa,166.0,consensus,2026-09-20T13:04:29.117750+00:00,win,2026-09-27T14:01:51.189727+00:00,,
2026,4,Iowa,Michigan,total,total_model,AVOID,D,over,37.0,consensus,2026-09-20T13:04:29.117750+00:00,win,2026-09-27T14:01:51.189727+00:00,,
2026,4,Boise State,Western Michigan,spread,model_gap_early,AVOID,D,Western Michigan,7.5,consensus,2026-09-20T13:04:29.117750+00:00,loss,2026-09-27T14:01:51.189727+00:00,,
2026,4,Boise State,Western Michigan,moneyline,moneyline_dog,PASS,B,Western Michigan,245.0,consensus,2026-09-20T13:04:29.117750+00:00,loss,2026-09-27T14:01:51.189727+00:00,,
2026,4,Boise State,Western Michigan,total,total_model,AVOID,D,over,47.5,consensus,2026-09-20T13:04:29.117750+00:00,loss,2026-09-27T14:01:51.189727+00:00,,
2026,4,Utah,Iowa State,spread,model_gap_early,AVOID,D,Iowa State,11.5,consensus,2026-09-20T13:04:29.117750+00:00,loss,2026-09-27T14:01:51.189727+00:00,,
2026,4,Utah,Iowa State,moneyline,moneyline_dog,PASS,C,Iowa State,370.0,consensus,2026-09-20T13:04:29.117750+00:00,loss,2026-09-27T14:01:51.189727+00:00,,
2026,4,Utah,Iowa State,total,total_model,AVOID,D,over,49.5,consensus,2026-09-20T13:04:29.117750+00:00,loss,2026-09-27T14:01:51.189727+00:00,,
2026,4,Vanderbilt,Auburn,spread,model_gap_early,AVOID,D,Vanderbilt,9.5,consensus,2026-09-20T13:04:29.117750+00:00,win,2026-09-27T14:01:51.189727+00:00,,
2026,4,Vanderbilt,Auburn,moneyline,moneyline_dog,PASS,D,Vanderbilt,285.0,consensus,2026-09-20T13:04:29.117750+00:00,loss,2026-09-27T14:01:51.189727+00:00,,
2026,4,Vanderbilt,Auburn,total,total_model,AVOID,D,over,52.5,consensus,2026-09-20T13:04:29.117750+00:00,loss,2026-09-27T14:01:51.189727+00:00,,
2026,4,Nebraska,Michigan State,spread,model_gap_early,AVOID,D,Michigan State,4.5,consensus,2026-09-20T13:04:29.117750+00:00,loss,2026-09-27T14:01:51.189727+00:00,,
2026,4,Nebraska,Michigan State,moneyline,moneyline_dog,PASS,C,Michigan State,160.0,consensus,2026-09-20T13:04:29.117750+00:00,loss,2026-09-27T14:01:51.189727+00:00,,
2026,4,Nebraska,Michigan State,total,total_model,AVOID,D,over,49.5,consensus,2026-09-20T13:04:29.117750+00:00,loss,2026-09-27T14:01:51.189727+00:00,,
2026,4,Wisconsin,Penn State,spread,model_gap_early,AVOID,D,Penn State,-11.0,consensus,2026-09-20T13:04:29.117750+00:00,loss,2026-09-27T14:01:51.189727+00:00,,
2026,4,Wisconsin,Penn State,moneyline,moneyline_fav,AVOID,C,Penn State,-495.0,consensus,2026-09-20T13:04:29.117750+00:00,loss,2026-09-27T14:01:51.189727+00:00,,
2026,4,Wisconsin,Penn State,total,total_model,AVOID,D,over,44.0,consensus,2026-09-20T13:04:29.117750+00:00,push,2026-09-27T14:01:51.189727+00:00,,
2026,4,Central Michigan,Miami,spread,model_gap_early,AVOID,D,Central Michigan,42.5,consensus,2026-09-20T13:04:29.117750+00:00,loss,2026-09-27T14:01:51.189727+00:00,,
2026,4,Central Michigan,Miami,total,total_model,AVOID,D,under,54.5,consensus,2026-09-20T13:04:29.117750+00:00,loss,2026-09-27T14:01:51.189727+00:00,,
2026,4,Oklahoma State,West Virginia,spread,model_gap_early,AVOID,D,West Virginia,1.5,consensus,2026-09-20T13:04:29.117750+00:00,loss,2026-09-27T14:01:51.189727+00:00,,
2026,4,Oklahoma State,West Virginia,total,total_model,AVOID,D,under,58.5,consensus,2026-09-20T13:04:29.117750+00:00,loss,2026-09-27T14:01:51.189727+00:00,,
2026,4,South Carolina,Alabama,spread,model_gap_early,AVOID,D,Alabama,-11.0,consensus,2026-09-20T13:04:29.117750+00:00,win,2026-09-27T14:01:51.189727+00:00,,
2026,4,South Carolina,Alabama,moneyline,moneyline_fav,AVOID,C,Alabama,-452.0,consensus,2026-09-20T13:04:29.117750+00:00,win,2026-09-27T14:01:51.189727+00:00,,
2026,4,South Carolina,Alabama,total,total_model,AVOID,D,over,51.5,consensus,2026-09-20T13:04:29.117750+00:00,win,2026-09-27T14:01:51.189727+00:00,,
2026,4,Oregon,USC,spread,model_gap_early,AVOID,D,USC,-1.5,consensus,2026-09-20T13:04:29.117750+00:00,loss,2026-09-27T14:01:51.189727+00:00,,
2026,4,Oregon,USC,moneyline,moneyline_fav,AVOID,D,USC,-125.0,consensus,2026-09-20T13:04:29.117750+00:00,loss,2026-09-27T14:01:51.189727+00:00,,
2026,4,Oregon,USC,total,total_model,AVOID,D,over,61.5,consensus,2026-09-20T13:04:29.117750+00:00,win,2026-09-27T14:01:51.189727+00:00,,
2026,4,Texas A&M,LSU,spread,model_gap_early,AVOID,D,Texas A&M,8.5,consensus,2026-09-20T13:04:29.117750+00:00,loss,2026-09-27T14:01:51.189727+00:00,,
2026,4,Texas A&M,LSU,moneyline,moneyline_dog,PASS,D,Texas A&M,310.0,consensus,2026-09-20T13:04:29.117750+00:00,loss,2026-09-27T14:01:51.189727+00:00,,
2026,4,Texas A&M,LSU,total,total_model,AVOID,D,under,53.5,consensus,2026-09-20T13:04:29.117750+00:00,win,2026-09-27T14:01:51.189727+00:00,,
2026,4,Missouri,Mississippi State,spread,model_gap_early,AVOID,D,Mississippi State,-2.2,consensus,2026-09-20T13:04:29.117750+00:00,win,2026-09-27T14:01:51.189727+00:00,,
2026,4,Missouri,Mississippi State,moneyline,moneyline_fav,AVOID,C,Mississippi State,-155.0,consensus,2026-09-20T13:04:29.117750+00:00,win,2026-09-27T14:01:51.189727+00:00,,
2026,4,Missouri,Mississippi State,total,total_model,AVOID,D,over,58.0,consensus,2026-09-20T13:04:29.117750+00:00,loss,2026-09-27T14:01:51.189727+00:00,,
2026,4,Minnesota,Washington,spread,model_gap_early,AVOID,D,Washington,-8.5,consensus,2026-09-20T13:04:29.117750+00:00,loss,2026-09-27T14:01:51.189727+00:00,,
2026,4,Minnesota,Washington,moneyline,moneyline_fav,AVOID,C,Washington,-345.0,consensus,2026-09-20T13:04:29.117750+00:00,loss,2026-09-27T14:01:51.189727+00:00,,
2026,4,Minnesota,Washington,total,total_model,AVOID,D,over,46.0,consensus,2026-09-20T13:04:29.117750+00:00,win,2026-09-27T14:01:51.189727+00:00,,
2026,4,Liberty,Coastal Carolina,spread,model_gap_early,AVOID,D,Coastal Carolina,-1.5,consensus,2026-09-20T17:19:15.600096+00:00,loss,2026-09-25T13:51:05.232338+00:00,,
2026,4,Liberty,Coastal Carolina,moneyline,moneyline_fav,AVOID,C,Coastal Carolina,-123.0,consensus,2026-09-20T17:19:15.600096+00:00,loss,2026-09-25T13:51:05.232338+00:00,,
2026,4,Liberty,Coastal Carolina,total,total_model,AVOID,D,over,52.5,consensus,2026-09-20T17:19:15.600096+00:00,loss,2026-09-25T13:51:05.232338+00:00,,
2026,4,Army,Temple,spread,model_gap_early,AVOID,D,Temple,3.0,consensus,2026-09-20T17:19:15.600096+00:00,loss,2026-09-26T13:08:26.007374+00:00,,
2026,4,Army,Temple,moneyline,moneyline_dog,PASS,B,Temple,130.0,consensus,2026-09-20T17:19:15.600096+00:00,loss,2026-09-26T13:08:26.007374+00:00,,
2026,4,Army,Temple,total,total_model,AVOID,D,over,50.0,consensus,2026-09-20T17:19:15.600096+00:00,loss,2026-09-26T13:08:26.007374+00:00,,
2026,4,Navy,UAB,spread,model_gap_early,AVOID,D,UAB,10.5,consensus,2026-09-20T17:19:15.600096+00:00,win,2026-09-26T13:08:26.007374+00:00,,
2026,4,Navy,UAB,moneyline,moneyline_dog,PASS,B,UAB,335.0,consensus,2026-09-20T17:19:15.600096+00:00,win,2026-09-26T13:08:26.007374+00:00,,
2026,4,Navy,UAB,total,total_model,AVOID,D,over,53.0,consensus,2026-09-20T17:19:15.600096+00:00,loss,2026-09-26T13:08:26.007374+00:00,,
2026,4,Clemson,California,spread,model_gap_early,AVOID,D,California,-1.5,consensus,2026-09-20T17:19:15.600096+00:00,loss,2026-09-26T13:08:26.007374+00:00,,
2026,4,Clemson,California,moneyline,moneyline_dog,PASS,D,California,100.0,consensus,2026-09-20T17:19:15.600096+00:00,loss,2026-09-26T13:08:26.007374+00:00,,
2026,4,Clemson,California,total,total_model,AVOID,D,over,48.0,consensus,2026-09-20T17:19:15.600096+00:00,loss,2026-09-26T13:08:26.007374+00:00,,
2026,4,Ball State,Kent State,spread,model_gap_early,AVOID,D,Kent State,-3.5,consensus,2026-09-20T17:19:15.600096+00:00,win,2026-09-27T14:01:51.189727+00:00,,
2026,4,Ball State,Kent State,moneyline,moneyline_fav,AVOID,C,Kent State,-176.0,consensus,2026-09-20T17:19:15.600096+00:00,win,2026-09-27T14:01:51.189727+00:00,,
2026,4,Ball State,Kent State,total,total_model,AVOID,D,over,50.5,consensus,2026-09-20T17:19:15.600096+00:00,loss,2026-09-27T14:01:51.189727+00:00,,
2026,4,UNLV,Akron,spread,model_gap_early,AVOID,D,Akron,14.0,consensus,2026-09-20T17:19:15.600096+00:00,loss,2026-09-27T14:01:51.189727+00:00,,
2026,4,UNLV,Akron,moneyline,moneyline_dog,PASS,C,Akron,470.0,consensus,2026-09-20T17:19:15.600096+00:00,loss,2026-09-27T14:01:51.189727+00:00,,
2026,4,UNLV,Akron,total,total_model,AVOID,D,over,49.5,consensus,2026-09-20T17:19:15.600096+00:00,loss,2026-09-27T14:01:51.189727+00:00,,
2026,4,Virginia Tech,Boston College,spread,model_gap_early,AVOID,D,Boston College,14.5,consensus,2026-09-20T17:19:15.600096+00:00,win,2026-09-27T14:01:51.189727+00:00,,
2026,4,Virginia Tech,Boston College,moneyline,moneyline_dog,PASS,D,Boston College,490.0,consensus,2026-09-20T17:19:15.600096+00:00,loss,2026-09-27T14:01:51.189727+00:00,,
2026,4,Virginia Tech,Boston College,total,total_model,AVOID,D,over,53.5,consensus,2026-09-20T17:19:15.600096+00:00,loss,2026-09-27T14:01:51.189727+00:00,,
2026,4,Sam Houston,Texas Tech,spread,model_gap_early,AVOID,D,Sam Houston,37.5,consensus,2026-09-20T17:19:15.600096+00:00,win,2026-09-27T14:01:51.189727+00:00,,
2026,4,Sam Houston,Texas Tech,total,total_model,AVOID,D,under,55.5,consensus,2026-09-20T17:19:15.600096+00:00,loss,2026-09-27T14:01:51.189727+00:00,,
2026,4,Colorado State,UTSA,spread,model_gap_early,AVOID,D,UTSA,-12.5,consensus,2026-09-20T17:19:15.600096+00:00,win,2026-09-27T14:01:51.189727+00:00,,
2026,4,Colorado State,UTSA,moneyline,moneyline_fav,AVOID,C,UTSA,-575.0,consensus,2026-09-20T17:19:15.600096+00:00,win,2026-09-27T14:01:51.189727+00:00,,
2026,4,Colorado State,UTSA,total,total_model,AVOID,D,over,56.5,consensus,2026-09-20T17:19:15.600096+00:00,win,2026-09-27T14:01:51.189727+00:00,,
2026,4,Colorado,Baylor,spread,model_gap_early,AVOID,D,Baylor,-8.5,consensus,2026-09-20T17:19:15.600096+00:00,win,2026-09-27T14:01:51.189727+00:00,,
2026,4,Colorado,Baylor,moneyline,moneyline_fav,AVOID,C,Baylor,-300.0,consensus,2026-09-20T17:19:15.600096+00:00,win,2026-09-27T14:01:51.189727+00:00,,
2026,4,Colorado,Baylor,total,total_model,AVOID,D,under,52.5,consensus,2026-09-20T17:19:15.600096+00:00,win,2026-09-27T14:01:51.189727+00:00,,
2026,4,San Diego State,Toledo,spread,model_gap_early,AVOID,D,Toledo,-1.5,consensus,2026-09-20T17:19:15.600096+00:00,win,2026-09-27T14:01:51.189727+00:00,,
2026,4,San Diego State,Toledo,moneyline,moneyline_fav,AVOID,C,Toledo,-134.0,consensus,2026-09-20T17:19:15.600096+00:00,win,2026-09-27T14:01:51.189727+00:00,,
2026,4,San Diego State,Toledo,total,total_model,AVOID,D,over,48.5,consensus,2026-09-20T17:19:15.600096+00:00,win,2026-09-27T14:01:51.189727+00:00,,
2026,4,Wake Forest,Louisville,moneyline,moneyline_fav,AVOID,C,Louisville,-535.0,consensus,2026-09-20T17:19:15.600096+00:00,loss,2026-09-27T14:01:51.189727+00:00,,
2026,4,South Alabama,Kentucky,spread,model_gap_early,AVOID,D,Kentucky,-19.5,consensus,2026-09-20T17:19:15.600096+00:00,win,2026-09-27T14:01:51.189727+00:00,,
2026,4,South Alabama,Kentucky,moneyline,moneyline_dog,PASS,D,South Alabama,920.0,consensus,2026-09-20T17:19:15.600096+00:00,loss,2026-09-27T14:01:51.189727+00:00,,
2026,4,South Alabama,Kentucky,total,total_model,AVOID,D,under,56.5,consensus,2026-09-20T17:19:15.600096+00:00,loss,2026-09-27T14:01:51.189727+00:00,,
2026,4,UCLA,Maryland,moneyline,moneyline_dog,PASS,B,Maryland,110.0,consensus,2026-09-20T17:19:15.600096+00:00,loss,2026-09-27T14:01:51.189727+00:00,,
2026,4,Notre Dame,Purdue,moneyline,moneyline_dog,PASS,D,Purdue,1500.0,consensus,2026-09-20T17:19:15.600096+00:00,loss,2026-09-27T14:01:51.189727+00:00,,
2026,4,Northern Illinois,Georgia State,spread,model_gap_early,AVOID,D,Georgia State,-8.5,consensus,2026-09-20T17:19:15.600096+00:00,win,2026-09-27T14:01:51.189727+00:00,,
2026,4,Northern Illinois,Georgia State,moneyline,moneyline_fav,AVOID,C,Georgia State,-380.0,consensus,2026-09-20T17:19:15.600096+00:00,win,2026-09-27T14:01:51.189727+00:00,,
2026,4,Northern Illinois,Georgia State,total,total_model,AVOID,D,over,54.5,consensus,2026-09-20T17:19:15.600096+00:00,loss,2026-09-27T14:01:51.189727+00:00,,
2026,4,Hawai'i,Wyoming,spread,model_gap_early,AVOID,D,Wyoming,5.5,consensus,2026-09-20T17:19:15.600096+00:00,win,2026-09-27T14:01:51.189727+00:00,,
2026,4,Hawai'i,Wyoming,moneyline,moneyline_dog,PASS,C,Wyoming,170.0,consensus,2026-09-20T17:19:15.600096+00:00,win,2026-09-27T14:01:51.189727+00:00,,
2026,4,Hawai'i,Wyoming,total,total_model,AVOID,D,under,45.5,consensus,2026-09-20T17:19:15.600096+00:00,win,2026-09-27T14:01:51.189727+00:00,,
2026,4,UConn,Miami (OH),spread,model_gap_early,AVOID,D,UConn,3.5,consensus,2026-09-20T17:19:15.600096+00:00,win,2026-09-27T14:01:51.189727+00:00,,
2026,4,UConn,Miami (OH),moneyline,moneyline_dog,PASS,C,UConn,140.0,consensus,2026-09-20T17:19:15.600096+00:00,loss,2026-09-27T14:01:51.189727+00:00,,
2026,4,UConn,Miami (OH),total,total_model,AVOID,D,over,49.5,consensus,2026-09-20T17:19:15.600096+00:00,loss,2026-09-27T14:01:51.189727+00:00,,
2026,4,TCU,UCF,spread,model_gap_early,AVOID,D,UCF,3.5,consensus,2026-09-20T17:19:15.600096+00:00,win,2026-09-27T14:01:51.189727+00:00,,
2026,4,TCU,UCF,moneyline,moneyline_dog,PASS,C,UCF,138.0,consensus,2026-09-20T17:19:15.600096+00:00,win,2026-09-27T14:01:51.189727+00:00,,
2026,4,TCU,UCF,total,total_model,AVOID,D,under,51.5,consensus,2026-09-20T17:19:15.600096+00:00,win,2026-09-27T14:01:51.189727+00:00,,
2026,4,New Mexico,New Mexico State,spread,model_gap_early,AVOID,D,New Mexico State,13.5,consensus,2026-09-20T17:19:15.600096+00:00,loss,2026-09-27T14:01:51.189727+00:00,,
2026,4,New Mexico,New Mexico State,moneyline,moneyline_dog,PASS,D,New Mexico State,410.0,consensus,2026-09-20T17:19:15.600096+00:00,loss,2026-09-27T14:01:51.189727+00:00,,
2026,4,New Mexico,New Mexico State,total,total_model,AVOID,D,over,50.5,consensus,2026-09-20T17:19:15.600096+00:00,win,2026-09-27T14:01:51.189727+00:00,,
2026,4,Houston,Georgia Southern,spread,model_gap_early,AVOID,D,Georgia Southern,20.5,consensus,2026-09-20T17:19:15.600096+00:00,win,2026-09-27T14:01:51.189727+00:00,,
2026,4,Houston,Georgia Southern,moneyline,moneyline_dog,PASS,D,Georgia Southern,860.0,consensus,2026-09-20T17:19:15.600096+00:00,loss,2026-09-27T14:01:51.189727+00:00,,
2026,4,Houston,Georgia Southern,total,total_model,AVOID,D,under,54.5,consensus,2026-09-20T17:19:15.600096+00:00,loss,2026-09-27T14:01:51.189727+00:00,,
2026,4,Wisconsin,Penn State,price,price_gap,LEAN,D,Penn State,-9.5,DraftKings,2026-09-20T17:19:15.600096+00:00,loss,2026-09-27T14:01:51.189727+00:00,,
2026,4,South Florida,Bowling Green,spread,model_gap_early,AVOID,D,South Florida,-15.5,consensus,2026-09-20T17:19:15.600096+00:00,loss,2026-09-27T14:01:51.189727+00:00,,
2026,4,South Florida,Bowling Green,moneyline,moneyline_fav,AVOID,C,South Florida,-900.0,consensus,2026-09-20T17:19:15.600096+00:00,win,2026-09-27T14:01:51.189727+00:00,,
2026,4,South Florida,Bowling Green,total,total_model,AVOID,D,over,51.5,consensus,2026-09-20T17:19:15.600096+00:00,loss,2026-09-27T14:01:51.189727+00:00,,
2026,4,Delaware,Virginia,spread,model_gap_early,AVOID,D,Virginia,-20.5,consensus,2026-09-20T17:19:15.600096+00:00,win,2026-09-27T14:01:51.189727+00:00,,
2026,4,Delaware,Virginia,moneyline,moneyline_fav,AVOID,C,Virginia,-1700.0,consensus,2026-09-20T17:19:15.600096+00:00,win,2026-09-27T14:01:51.189727+00:00,,
2026,4,Delaware,Virginia,total,total_model,AVOID,D,under,55.0,consensus,2026-09-20T17:19:15.600096+00:00,win,2026-09-27T14:01:51.189727+00:00,,
2026,4,James Madison,Old Dominion,spread,model_gap_early,AVOID,D,James Madison,-4.5,consensus,2026-09-20T17:19:15.600096+00:00,win,2026-09-27T14:01:51.189727+00:00,,
2026,4,James Madison,Old Dominion,moneyline,moneyline_dog,PASS,D,Old Dominion,155.0,consensus,2026-09-20T17:19:15.600096+00:00,loss,2026-09-27T14:01:51.189727+00:00,,
2026,4,James Madison,Old Dominion,total,total_model,AVOID,D,under,51.5,consensus,2026-09-20T17:19:15.600096+00:00,loss,2026-09-27T14:01:51.189727+00:00,,
2026,4,Louisiana,Charlotte,spread,model_gap_early,AVOID,D,Charlotte,14.5,consensus,2026-09-20T17:19:15.600096+00:00,loss,2026-09-27T14:01:51.189727+00:00,,
2026,4,Louisiana,Charlotte,moneyline,moneyline_dog,PASS,C,Charlotte,460.0,consensus,2026-09-20T17:19:15.600096+00:00,loss,2026-09-27T14:01:51.189727+00:00,,
2026,4,Louisiana,Charlotte,total,total_model,AVOID,D,over,52.5,consensus,2026-09-20T17:19:15.600096+00:00,loss,2026-09-27T14:01:51.189727+00:00,,
2026,4,Kansas State,Cincinnati,spread,model_gap_early,AVOID,D,Cincinnati,6.5,consensus,2026-09-20T17:19:15.600096+00:00,win,2026-09-27T14:01:51.189727+00:00,,
2026,4,Kansas State,Cincinnati,moneyline,moneyline_dog,PASS,C,Cincinnati,210.0,consensus,2026-09-20T17:19:15.600096+00:00,win,2026-09-27T14:01:51.189727+00:00,,
2026,4,Kansas State,Cincinnati,total,total_model,AVOID,D,over,53.5,consensus,2026-09-20T17:19:15.600096+00:00,win,2026-09-27T14:01:51.189727+00:00,,
2026,4,Oklahoma State,West Virginia,moneyline,moneyline_fav,AVOID,C,West Virginia,-126.0,consensus,2026-09-20T17:19:15.600096+00:00,loss,2026-09-27T14:01:51.189727+00:00,,
2026,4,Southern Miss,Tulane,spread,model_gap_early,AVOID,D,Southern Miss,17.5,consensus,2026-09-20T17:19:15.600096+00:00,win,2026-09-27T14:01:51.189727+00:00,,
2026,4,Southern Miss,Tulane,moneyline,moneyline_dog,PASS,D,Southern Miss,750.0,consensus,2026-09-20T17:19:15.600096+00:00,loss,2026-09-27T14:01:51.189727+00:00,,
2026,4,Southern Miss,Tulane,total,total_model,AVOID,D,under,53.5,consensus,2026-09-20T17:19:15.600096+00:00,win,2026-09-27T14:01:51.189727+00:00,,
2026,4,Kennesaw State,Arkansas State,spread,model_gap_early,AVOID,D,Arkansas State,-4.5,consensus,2026-09-20T17:19:15.600096+00:00,loss,2026-09-27T14:01:51.189727+00:00,,
2026,4,Kennesaw State,Arkansas State,moneyline,moneyline_fav,AVOID,C,Arkansas State,-192.0,consensus,2026-09-20T17:19:15.600096+00:00,win,2026-09-27T14:01:51.189727+00:00,,
2026,4,Kennesaw State,Arkansas State,total,total_model,AVOID,D,under,54.5,consensus,2026-09-20T17:19:15.600096+00:00,win,2026-09-27T14:01:51.189727+00:00,,
2026,4,Middle Tennessee,Jacksonville State,spread,model_gap_early,AVOID,D,Jacksonville State,-8.5,consensus,2026-09-20T17:19:15.600096+00:00,win,2026-09-27T14:01:51.189727+00:00,,
2026,4,Middle Tennessee,Jacksonville State,moneyline,moneyline_fav,AVOID,C,Jacksonville State,-335.0,consensus,2026-09-20T17:19:15.600096+00:00,win,2026-09-27T14:01:51.189727+00:00,,
2026,4,Middle Tennessee,Jacksonville State,total,total_model,AVOID,D,over,53.5,consensus,2026-09-20T17:19:15.600096+00:00,loss,2026-09-27T14:01:51.189727+00:00,,
2026,4,Arizona,Washington State,spread,model_gap_early,AVOID,D,Washington State,12.5,consensus,2026-09-20T17:19:15.600096+00:00,win,2026-09-27T14:01:51.189727+00:00,,
2026,4,Arizona,Washington State,moneyline,moneyline_dog,PASS,C,Washington State,400.0,consensus,2026-09-20T17:19:15.600096+00:00,loss,2026-09-27T14:01:51.189727+00:00,,
2026,4,Arizona,Washington State,total,total_model,AVOID,D,under,49.5,consensus,2026-09-20T17:19:15.600096+00:00,loss,2026-09-27T14:01:51.189727+00:00,,
2026,4,Troy,Utah State,spread,model_gap_early,AVOID,D,Utah State,-2.5,consensus,2026-09-20T17:19:15.600096+00:00,win,2026-09-27T14:01:51.189727+00:00,,
2026,4,Troy,Utah State,moneyline,moneyline_fav,AVOID,C,Utah State,-140.0,consensus,2026-09-20T17:19:15.600096+00:00,win,2026-09-27T14:01:51.189727+00:00,,
2026,4,Troy,Utah State,total,total_model,AVOID,D,under,53.0,consensus,2026-09-20T17:19:15.600096+00:00,win,2026-09-27T14:01:51.189727+00:00,,
2026,4,Oregon,USC,moneyline,moneyline_dog,PASS,C,USC,103.0,consensus,2026-09-20T17:19:15.600096+00:00,loss,2026-09-27T14:01:51.189727+00:00,,
2026,4,App State,NC State,spread,model_gap_early,AVOID,D,NC State,-13.5,consensus,2026-09-20T17:19:15.600096+00:00,loss,2026-09-27T14:01:51.189727+00:00,,
2026,4,App State,NC State,moneyline,moneyline_fav,AVOID,C,NC State,-535.0,consensus,2026-09-20T17:19:15.600096+00:00,win,2026-09-27T14:01:51.189727+00:00,,
2026,4,App State,NC State,total,total_model,AVOID,D,over,54.5,consensus,2026-09-20T17:19:15.600096+00:00,win,2026-09-27T14:01:51.189727+00:00,,
2026,4,Tulsa,Arkansas,spread,model_gap_early,AVOID,D,Tulsa,7.5,consensus,2026-09-20T17:19:15.600096+00:00,loss,2026-09-27T14:01:51.189727+00:00,,
2026,4,Tulsa,Arkansas,moneyline,moneyline_dog,PASS,D,Tulsa,250.0,consensus,2026-09-20T17:19:15.600096+00:00,loss,2026-09-27T14:01:51.189727+00:00,,
2026,4,Tulsa,Arkansas,total,total_model,AVOID,D,under,52.5,consensus,2026-09-20T17:19:15.600096+00:00,win,2026-09-27T14:01:51.189727+00:00,,
2026,4,Florida Atlantic,UL Monroe,spread,model_gap_early,AVOID,D,UL Monroe,13.5,consensus,2026-09-20T17:19:15.600096+00:00,loss,2026-09-27T14:01:51.189727+00:00,,
2026,4,Florida Atlantic,UL Monroe,moneyline,moneyline_dog,PASS,C,UL Monroe,440.0,consensus,2026-09-20T17:19:15.600096+00:00,loss,2026-09-27T14:01:51.189727+00:00,,
2026,4,Florida Atlantic,UL Monroe,total,total_model,AVOID,D,over,58.5,consensus,2026-09-20T17:19:15.600096+00:00,win,2026-09-27T14:01:51.189727+00:00,,
2026,4,Oregon State,UTEP,spread,model_gap_early,AVOID,D,UTEP,11.5,consensus,2026-09-20T17:19:15.600096+00:00,loss,2026-09-27T14:01:51.189727+00:00,,
2026,4,Oregon State,UTEP,moneyline,moneyline_dog,PASS,D,UTEP,400.0,consensus,2026-09-20T17:19:15.600096+00:00,loss,2026-09-27T14:01:51.189727+00:00,,
2026,4,Oregon State,UTEP,total,total_model,AVOID,D,over,56.5,consensus,2026-09-20T17:19:15.600096+00:00,loss,2026-09-27T14:01:51.189727+00:00,,
2026,4,Massachusetts,Sacramento State,spread,model_gap_early,AVOID,D,Massachusetts,-6.2,consensus,2026-09-20T17:19:15.600096+00:00,win,2026-09-27T14:01:51.189727+00:00,,
2026,4,Massachusetts,Sacramento State,moneyline,moneyline_dog,PASS,D,Sacramento State,193.0,consensus,2026-09-20T17:19:15.600096+00:00,loss,2026-09-27T14:01:51.189727+00:00,,
2026,4,Massachusetts,Sacramento State,total,total_model,AVOID,D,over,50.0,consensus,2026-09-20T17:19:15.600096+00:00,loss,2026-09-27T14:01:51.189727+00:00,,
2026,4,Missouri State,SMU,spread,model_gap_early,AVOID,D,Missouri State,34.5,consensus,2026-09-20T17:19:15.600096+00:00,win,2026-09-27T14:01:51.189727+00:00,,
2026,4,Missouri State,SMU,total,total_model,AVOID,D,under,59.5,consensus,2026-09-20T17:19:15.600096+00:00,win,2026-09-27T14:01:51.189727+00:00,,
2026,4,Rice,Fresno State,spread,model_gap_early,AVOID,D,Fresno State,-13.0,consensus,2026-09-20T17:19:15.600096+00:00,win,2026-09-27T14:01:51.189727+00:00,,
2026,4,Rice,Fresno State,moneyline,moneyline_fav,AVOID,C,Fresno State,-535.0,consensus,2026-09-20T17:19:15.600096+00:00,win,2026-09-27T14:01:51.189727+00:00,,
2026,4,Rice,Fresno State,total,total_model,AVOID,D,over,44.0,consensus,2026-09-20T17:19:15.600096+00:00,win,2026-09-27T14:01:51.189727+00:00,,
2026,4,Georgia Tech,Stanford,spread,model_gap_early,AVOID,D,Stanford,5.0,consensus,2026-09-20T17:19:15.600096+00:00,win,2026-09-27T14:01:51.189727+00:00,,
2026,4,Georgia Tech,Stanford,moneyline,moneyline_dog,PASS,D,Stanford,155.0,consensus,2026-09-20T17:19:15.600096+00:00,win,2026-09-27T14:01:51.189727+00:00,,
2026,4,Georgia Tech,Stanford,total,total_model,AVOID,D,over,47.5,consensus,2026-09-20T17:19:15.600096+00:00,win,2026-09-27T14:01:51.189727+00:00,,
2026,4,Air Force,Nevada,spread,model_gap_early,AVOID,D,Nevada,4.5,consensus,2026-09-20T17:19:15.600096+00:00,win,2026-09-27T14:01:51.189727+00:00,,
2026,4,Air Force,Nevada,moneyline,moneyline_dog,PASS,B,Nevada,166.0,consensus,2026-09-20T17:19:15.600096+00:00,loss,2026-09-27T14:01:51.189727+00:00,,
2026,4,Air Force,Nevada,total,total_model,AVOID,D,over,49.0,consensus,2026-09-20T17:19:15.600096+00:00,win,2026-09-27T14:01:51.189727+00:00,,
2026,4,Liberty,Coastal Carolina,moneyline,moneyline_dog,PASS,B,Coastal Carolina,120.0,consensus,2026-09-21T15:08:00.380594+00:00,loss,2026-09-25T13:51:05.232338+00:00,,
2026,4,Northwestern,Indiana,moneyline,moneyline_fav,AVOID,C,Indiana,-2700.0,consensus,2026-09-21T15:08:00.380594+00:00,win,2026-09-26T13:08:26.007374+00:00,,
2026,4,Clemson,California,moneyline,moneyline_fav,AVOID,C,California,-10.0,consensus,2026-09-21T15:08:00.380594+00:00,loss,2026-09-26T13:08:26.007374+00:00,,
2026,4,Utah,Iowa State,price,price_gap,LEAN,D,Utah,-7.5,DraftKings,2026-09-21T15:08:00.380594+00:00,win,2026-09-27T14:01:51.189727+00:00,,
2026,4,Middle Tennessee,Jacksonville State,price,price_gap,LEAN,D,Jacksonville State,-7.0,Bovada,2026-09-21T15:08:00.380594+00:00,win,2026-09-27T14:01:51.189727+00:00,,
2026,4,Massachusetts,Sacramento State,moneyline,moneyline_fav,AVOID,C,Massachusetts,-200.0,consensus,2026-09-21T20:04:38.873590+00:00,win,2026-09-27T14:01:51.189727+00:00,,
2026,4,Massachusetts,Sacramento State,price,price_gap,LEAN,D,Massachusetts,-3.5,Bovada,2026-09-23T13:41:06.364240+00:00,win,2026-09-27T14:01:51.189727+00:00,,
2026,4,Clemson,California,price,price_gap,LEAN,D,California,2.5,Bovada,2026-09-25T19:23:14.276475+00:00,loss,2026-09-26T13:08:26.007374+00:00,,
2026,4,Texas A&M,LSU,price,price_gap,LEAN,D,LSU,-7.5,Bovada,2026-09-25T19:23:14.276475+00:00,win,2026-09-27T14:01:51.189727+00:00,,
2026,4,Oklahoma,Georgia,price,price_gap,LEAN,D,Georgia,-11.5,Bovada,2026-09-26T18:40:39.194657+00:00,win,2026-09-27T14:01:51.189727+00:00,,
2026,4,UConn,Miami (OH),price,price_gap,LEAN,D,Miami (OH),-2.5,Bovada,2026-09-26T18:40:39.194657+00:00,win,2026-09-27T14:01:51.189727+00:00,,
2026,4,Georgia Tech,Stanford,moneyline,moneyline_fav,AVOID,C,Georgia Tech,-152.0,consensus,2026-09-26T18:40:39.194657+00:00,loss,2026-09-27T14:01:51.189727+00:00,,
2026,5,Pittsburgh,Virginia Tech,spread,model_gap_late,AVOID,D,Pittsburgh,6.0,consensus,2026-09-27T14:01:51.189727+00:00,win,2026-10-03T05:17:37.498753+00:00,1.5,2026-10-03T05:17:37.498753+00:00
2026,5,Pittsburgh,Virginia Tech,moneyline,moneyline_dog,PASS,C,Pittsburgh,180.0,consensus,2026-09-27T14:01:51.189727+00:00,win,2026-10-03T05:17:37.498753+00:00,132.0,2026-10-03T05:17:37.498753+00:00
2026,5,Pittsburgh,Virginia Tech,total,total_model,AVOID,D,over,53.5,consensus,2026-09-27T14:01:51.189727+00:00,win,2026-10-03T05:17:37.498753+00:00,53.2,2026-10-03T05:17:37.498753+00:00
2026,5,Penn State,Northwestern,spread,model_gap_late,AVOID,D,Northwestern,4.5,consensus,2026-09-27T14:01:51.189727+00:00,win,2026-10-03T05:17:37.498753+00:00,2.8,2026-10-03T05:17:37.498753+00:00
2026,5,Penn State,Northwestern,moneyline,moneyline_dog,PASS,B,Northwestern,154.0,consensus,2026-09-27T14:01:51.189727+00:00,win,2026-10-03T05:17:37.498753+00:00,112.0,2026-10-03T05:17:37.498753+00:00
2026,5,Penn State,Northwestern,total,total_model,AVOID,D,over,48.5,consensus,2026-09-27T14:01:51.189727+00:00,loss,2026-10-03T05:17:37.498753+00:00,46.8,2026-10-03T05:17:37.498753+00:00
2026,5,Michigan,Minnesota,spread,model_gap_late,AVOID,D,Minnesota,7.5,consensus,2026-09-27T14:01:51.189727+00:00,win,2026-10-04T14:06:29.502463+00:00,6.2,2026-10-03T18:46:15.638957+00:00
2026,5,Michigan,Minnesota,moneyline,moneyline_dog,PASS,C,Minnesota,240.0,consensus,2026-09-27T14:01:51.189727+00:00,win,2026-10-04T14:06:29.502463+00:00,195.0,2026-10-03T18:46:15.638957+00:00
2026,5,Michigan,Minnesota,total,total_model,AVOID,D,over,42.5,consensus,2026-09-27T14:01:51.189727+00:00,loss,2026-10-04T14:06:29.502463+00:00,42.2,2026-10-03T18:46:15.638957+00:00
2026,5,Notre Dame,North Carolina,spread,model_gap_late,AVOID,D,North Carolina,21.5,consensus,2026-09-27T14:01:51.189727+00:00,win,2026-10-04T14:06:29.502463+00:00,21.0,2026-10-02T20:02:18.924464+00:00
2026,5,Notre Dame,North Carolina,moneyline,moneyline_dog,PASS,D,North Carolina,1100.0,consensus,2026-09-27T14:01:51.189727+00:00,loss,2026-10-04T14:06:29.502463+00:00,925.0,2026-10-03T18:46:15.638957+00:00
2026,5,Notre Dame,North Carolina,total,total_model,AVOID,D,under,50.5,consensus,2026-09-27T14:01:51.189727+00:00,loss,2026-10-04T14:06:29.502463+00:00,,
2026,5,Alabama,Mississippi State,spread,model_gap_late,AVOID,D,Mississippi State,4.5,consensus,2026-09-27T14:01:51.189727+00:00,loss,2026-10-04T14:06:29.502463+00:00,5.5,2026-10-02T20:02:18.924464+00:00
2026,5,Alabama,Mississippi State,moneyline,moneyline_dog,PASS,D,Mississippi State,150.0,consensus,2026-09-27T14:01:51.189727+00:00,loss,2026-10-04T14:06:29.502463+00:00,180.0,2026-10-02T02:42:15.959458+00:00
2026,5,Alabama,Mississippi State,total,total_model,AVOID,D,over,59.5,consensus,2026-09-27T14:01:51.189727+00:00,win,2026-10-04T14:06:29.502463+00:00,60.5,2026-10-01T18:07:21.524908+00:00
2026,5,Michigan State,Wisconsin,spread,model_gap_late,AVOID,D,Wisconsin,-10.0,consensus,2026-09-27T14:01:51.189727+00:00,win,2026-10-04T14:06:29.502463+00:00,-8.8,2026-10-03T18:46:15.638957+00:00
2026,5,Michigan State,Wisconsin,moneyline,moneyline_fav,AVOID,C,Wisconsin,-360.0,consensus,2026-09-27T14:01:51.189727+00:00,win,2026-10-04T14:06:29.502463+00:00,-382.0,2026-10-03T18:46:15.638957+00:00
2026,5,Michigan State,Wisconsin,total,total_model,AVOID,D,over,44.5,consensus,2026-09-27T14:01:51.189727+00:00,loss,2026-10-04T14:06:29.502463+00:00,43.2,2026-10-03T18:46:15.638957+00:00
2026,5,Vanderbilt,Georgia,spread,model_gap_late,AVOID,D,Vanderbilt,24.5,consensus,2026-09-27T14:01:51.189727+00:00,win,2026-10-04T14:06:29.502463+00:00,25.5,2026-10-03T18:46:15.638957+00:00
2026,5,Vanderbilt,Georgia,moneyline,moneyline_dog,PASS,D,Vanderbilt,1500.0,consensus,2026-09-27T14:01:51.189727+00:00,loss,2026-10-04T14:06:29.502463+00:00,1300.0,2026-10-01T18:07:21.524908+00:00
2026,5,Vanderbilt,Georgia,total,total_model,AVOID,D,over,54.5,consensus,2026-09-27T14:01:51.189727+00:00,loss,2026-10-04T14:06:29.502463+00:00,50.2,2026-10-03T18:46:15.638957+00:00
2026,5,Louisville,NC State,spread,model_gap_late,AVOID,D,NC State,6.5,consensus,2026-09-27T14:01:51.189727+00:00,win,2026-10-04T14:06:29.502463+00:00,5.0,2026-10-03T18:46:15.638957+00:00
2026,5,Louisville,NC State,moneyline,moneyline_dog,PASS,B,NC State,190.0,consensus,2026-09-27T14:01:51.189727+00:00,win,2026-10-04T14:06:29.502463+00:00,175.0,2026-10-03T18:46:15.638957+00:00
2026,5,Louisville,NC State,total,total_model,AVOID,D,over,59.5,consensus,2026-09-27T14:01:51.189727+00:00,loss,2026-10-04T14:06:29.502463+00:00,57.5,2026-10-03T18:46:15.638957+00:00
2026,5,Ohio State,Iowa,spread,model_gap_late,AVOID,D,Iowa,14.0,consensus,2026-09-27T14:01:51.189727+00:00,loss,2026-10-04T14:06:29.502463+00:00,14.5,2026-10-03T18:46:15.638957+00:00
2026,5,Ohio State,Iowa,moneyline,moneyline_dog,PASS,D,Iowa,470.0,consensus,2026-09-27T14:01:51.189727+00:00,loss,2026-10-04T14:06:29.502463+00:00,476.0,2026-10-03T05:17:37.498753+00:00
2026,5,Ohio State,Iowa,total,total_model,AVOID,D,over,44.5,consensus,2026-09-27T14:01:51.189727+00:00,win,2026-10-04T14:06:29.502463+00:00,46.5,2026-10-03T18:46:15.638957+00:00
2026,5,Florida,Missouri,spread,model_gap_late,AVOID,D,Missouri,5.5,consensus,2026-09-27T14:01:51.189727+00:00,win,2026-10-04T14:06:29.502463+00:00,5.5,2026-10-02T02:42:15.959458+00:00
2026,5,Florida,Missouri,moneyline,moneyline_dog,PASS,C,Missouri,180.0,consensus,2026-09-27T14:01:51.189727+00:00,win,2026-10-04T14:06:29.502463+00:00,180.0,2026-10-02T02:42:15.959458+00:00
2026,5,Florida,Missouri,total,total_model,AVOID,D,over,56.5,consensus,2026-09-27T14:01:51.189727+00:00,win,2026-10-04T14:06:29.502463+00:00,57.5,2026-10-01T18:16:23.205566+00:00
2026,5,Virginia,Florida State,spread,model_gap_late,AVOID,D,Florida State,3.0,consensus,2026-09-27T14:01:51.189727+00:00,win,2026-10-04T14:06:29.502463+00:00,1.0,2026-10-03T18:46:15.638957+00:00
2026,5,Virginia,Florida State,moneyline,moneyline_dog,PASS,C,Florida State,124.0,consensus,2026-09-27T14:01:51.189727+00:00,win,2026-10-04T14:06:29.502463+00:00,120.0,2026-10-03T18:46:15.638957+00:00
2026,5,Virginia,Florida State,total,total_model,AVOID,D,over,51.5,consensus,2026-09-27T14:01:51.189727+00:00,loss,2026-10-04T14:06:29.502463+00:00,51.5,2026-10-01T18:07:21.524908+00:00
2026,5,Auburn,Tennessee,spread,model_gap_late,AVOID,D,Tennessee,-7.5,consensus,2026-09-27T14:01:51.189727+00:00,win,2026-10-04T14:06:29.502463+00:00,-6.5,2026-10-02T20:02:18.924464+00:00
2026,5,Auburn,Tennessee,moneyline,moneyline_fav,AVOID,C,Tennessee,-285.0,consensus,2026-09-27T14:01:51.189727+00:00,win,2026-10-04T14:06:29.502463+00:00,-250.0,2026-10-03T18:46:15.638957+00:00
2026,5,Auburn,Tennessee,total,total_model,AVOID,D,under,56.5,consensus,2026-09-27T14:01:51.189727+00:00,win,2026-10-04T14:06:29.502463+00:00,,
2026,5,Kentucky,South Carolina,spread,model_gap_late,AVOID,D,South Carolina,-3.5,consensus,2026-09-27T14:01:51.189727+00:00,loss,2026-10-04T14:06:29.502463+00:00,-2.5,2026-10-02T20:02:18.924464+00:00
2026,5,Kentucky,South Carolina,moneyline,moneyline_fav,AVOID,C,South Carolina,-192.0,consensus,2026-09-27T14:01:51.189727+00:00,loss,2026-10-04T14:06:29.502463+00:00,-140.0,2026-10-02T20:02:18.924464+00:00
2026,5,Kentucky,South Carolina,total,total_model,AVOID,D,over,51.5,consensus,2026-09-27T14:01:51.189727+00:00,win,2026-10-04T14:06:29.502463+00:00,53.0,2026-10-03T18:46:15.638957+00:00
2026,5,BYU,TCU,spread,model_gap_late,AVOID,D,TCU,6.5,consensus,2026-09-27T14:01:51.189727+00:00,loss,2026-10-04T14:06:29.502463+00:00,6.0,2026-10-01T18:07:21.524908+00:00
2026,5,BYU,TCU,moneyline,moneyline_dog,PASS,B,TCU,185.0,consensus,2026-09-27T14:01:51.189727+00:00,loss,2026-10-04T14:06:29.502463+00:00,186.0,2026-10-03T05:17:37.498753+00:00
2026,5,BYU,TCU,total,total_model,AVOID,D,under,52.5,consensus,2026-09-27T14:01:51.189727+00:00,win,2026-10-04T14:06:29.502463+00:00,,
2026,5,Miami,Clemson,spread,model_gap_late,AVOID,D,Clemson,18.5,consensus,2026-09-27T14:01:51.189727+00:00,loss,2026-10-04T14:06:29.502463+00:00,15.5,2026-10-03T18:46:15.638957+00:00
2026,5,Miami,Clemson,moneyline,moneyline_dog,PASS,D,Clemson,800.0,consensus,2026-09-27T14:01:51.189727+00:00,loss,2026-10-04T14:06:29.502463+00:00,525.0,2026-10-03T18:46:15.638957+00:00
2026,5,Miami,Clemson,total,total_model,AVOID,D,under,51.5,consensus,2026-09-27T14:01:51.189727+00:00,loss,2026-10-04T14:06:29.502463+00:00,,
2026,5,Washington,USC,spread,model_gap_late,AVOID,D,USC,-10.0,consensus,2026-09-27T14:01:51.189727+00:00,loss,2026-10-04T14:06:29.502463+00:00,-7.5,2026-10-03T18:46:15.638957+00:00
2026,5,Washington,USC,moneyline,moneyline_fav,AVOID,C,USC,-375.0,consensus,2026-09-27T14:01:51.189727+00:00,win,2026-10-04T14:06:29.502463+00:00,-315.0,2026-10-03T18:46:15.638957+00:00
2026,5,Washington,USC,total,total_model,AVOID,D,under,57.5,consensus,2026-09-27T14:01:51.189727+00:00,win,2026-10-04T14:06:29.502463+00:00,58.0,2026-10-03T18:46:15.638957+00:00
2026,5,Indiana,Rutgers,spread,model_gap_late,AVOID,D,Rutgers,23.5,consensus,2026-09-27T14:01:51.189727+00:00,loss,2026-10-04T14:06:29.502463+00:00,24.5,2026-10-03T18:46:15.638957+00:00
2026,5,Indiana,Rutgers,moneyline,moneyline_dog,PASS,D,Rutgers,1300.0,consensus,2026-09-27T14:01:51.189727+00:00,loss,2026-10-04T14:06:29.502463+00:00,1156.0,2026-10-01T18:07:21.524908+00:00
2026,5,Indiana,Rutgers,total,total_model,AVOID,D,over,54.5,consensus,2026-09-27T14:01:51.189727+00:00,win,2026-10-04T14:06:29.502463+00:00,,
2026,5,Cincinnati,Arizona,spread,model_gap_late,AVOID,D,Arizona,-8.5,consensus,2026-09-27T14:01:51.189727+00:00,win,2026-10-04T14:06:29.502463+00:00,-7.0,2026-10-03T18:46:15.638957+00:00
2026,5,Cincinnati,Arizona,moneyline,moneyline_fav,AVOID,C,Arizona,-285.0,consensus,2026-09-27T14:01:51.189727+00:00,win,2026-10-04T14:06:29.502463+00:00,-250.0,2026-10-03T18:46:15.638957+00:00
2026,5,Cincinnati,Arizona,total,total_model,AVOID,D,over,54.5,consensus,2026-09-27T14:01:51.189727+00:00,loss,2026-10-04T14:06:29.502463+00:00,55.5,2026-10-01T18:07:21.524908+00:00
2026,5,Western Kentucky,New Mexico State,spread,model_gap_late,AVOID,D,Western Kentucky,1.5,consensus,2026-09-27T18:04:16.371866+00:00,loss,2026-10-02T03:33:47.014137+00:00,1.5,2026-10-02T02:42:15.959458+00:00
2026,5,Western Kentucky,New Mexico State,moneyline,moneyline_dog,PASS,D,Western Kentucky,102.0,consensus,2026-09-27T18:04:16.371866+00:00,loss,2026-10-02T03:33:47.014137+00:00,102.0,2026-10-02T02:42:15.959458+00:00
2026,5,Western Kentucky,New Mexico State,total,total_model,AVOID,D,over,53.0,consensus,2026-09-27T18:04:16.371866+00:00,loss,2026-10-02T03:33:47.014137+00:00,55.8,2026-10-02T02:42:15.959458+00:00
2026,5,North Texas,Tulsa,spread,model_gap_late,AVOID,D,North Texas,2.5,consensus,2026-09-27T18:04:16.371866+00:00,win,2026-10-02T05:16:15.033260+00:00,-2.0,2026-10-02T02:42:15.959458+00:00
2026,5,North Texas,Tulsa,moneyline,moneyline_dog,PASS,B,North Texas,110.0,consensus,2026-09-27T18:04:16.371866+00:00,win,2026-10-02T05:16:15.033260+00:00,-123.0,2026-10-01T20:24:58.961892+00:00
2026,5,North Texas,Tulsa,total,total_model,AVOID,D,over,57.5,consensus,2026-09-27T18:04:16.371866+00:00,win,2026-10-02T05:16:15.033260+00:00,56.8,2026-10-02T02:42:15.959458+00:00
2026,5,Liberty,Delaware,spread,model_gap_late,AVOID,D,Delaware,6.5,consensus,2026-09-27T18:04:16.371866+00:00,loss,2026-10-03T05:17:37.498753+00:00,7.0,2026-10-01T18:07:21.524908+00:00
2026,5,Liberty,Delaware,moneyline,moneyline_dog,PASS,C,Delaware,188.0,consensus,2026-09-27T18:04:16.371866+00:00,loss,2026-10-03T05:17:37.498753+00:00,225.0,2026-10-03T05:17:37.498753+00:00
2026,5,Liberty,Delaware,total,total_model,AVOID,D,over,50.5,consensus,2026-09-27T18:04:16.371866+00:00,loss,2026-10-03T05:17:37.498753+00:00,51.5,2026-10-02T20:02:18.924464+00:00
2026,5,Stanford,Wake Forest,spread,model_gap_late,AVOID,D,Wake Forest,-12.5,consensus,2026-09-27T18:04:16.371866+00:00,win,2026-10-04T14:06:29.502463+00:00,-14.5,2026-10-03T05:17:37.498753+00:00
2026,5,Stanford,Wake Forest,moneyline,moneyline_fav,AVOID,C,Wake Forest,-500.0,consensus,2026-09-27T18:04:16.371866+00:00,win,2026-10-04T14:06:29.502463+00:00,-600.0,2026-10-03T18:46:15.638957+00:00
2026,5,Stanford,Wake Forest,total,total_model,AVOID,D,under,54.5,consensus,2026-09-27T18:04:16.371866+00:00,loss,2026-10-04T14:06:29.502463+00:00,54.2,2026-10-03T18:46:15.638957+00:00
2026,5,Syracuse,UConn,spread,model_gap_late,AVOID,D,UConn,5.5,consensus,2026-09-27T18:04:16.371866+00:00,win,2026-10-04T14:06:29.502463+00:00,6.5,2026-10-03T05:17:37.498753+00:00
2026,5,Syracuse,UConn,moneyline,moneyline_dog,PASS,B,UConn,190.0,consensus,2026-09-27T18:04:16.371866+00:00,loss,2026-10-04T14:06:29.502463+00:00,197.0,2026-10-03T18:46:15.638957+00:00
2026,5,Syracuse,UConn,total,total_model,AVOID,D,over,52.5,consensus,2026-09-27T18:04:16.371866+00:00,win,2026-10-04T14:06:29.502463+00:00,51.0,2026-10-03T18:46:15.638957+00:00
2026,5,Navy,Air Force,spread,model_gap_late,AVOID,D,Air Force,-1.5,consensus,2026-09-27T18:04:16.371866+00:00,win,2026-10-04T14:06:29.502463+00:00,-3.0,2026-10-02T20:02:18.924464+00:00
2026,5,Navy,Air Force,moneyline,moneyline_fav,AVOID,C,Air Force,-127.0,consensus,2026-09-27T18:04:16.371866+00:00,win,2026-10-04T14:06:29.502463+00:00,-146.0,2026-10-03T18:46:15.638957+00:00
2026,5,Navy,Air Force,total,total_model,AVOID,D,over,46.5,consensus,2026-09-27T18:04:16.371866+00:00,loss,2026-10-04T14:06:29.502463+00:00,45.2,2026-10-03T18:46:15.638957+00:00
2026,5,West Virginia,Iowa State,spread,model_gap_late,AVOID,D,Iowa State,-1.5,consensus,2026-09-27T18:04:16.371866+00:00,win,2026-10-04T14:06:29.502463+00:00,-3.0,2026-10-01T18:07:21.524908+00:00
2026,5,West Virginia,Iowa State,total,total_model,AVOID,D,over,52.5,consensus,2026-09-27T18:04:16.371866+00:00,win,2026-10-04T14:06:29.502463+00:00,53.2,2026-10-03T18:46:15.638957+00:00
2026,5,Boston College,SMU,spread,model_gap_late,AVOID,D,SMU,-20.5,consensus,2026-09-27T18:04:16.371866+00:00,loss,2026-10-04T14:06:29.502463+00:00,-21.5,2026-10-03T13:25:38.724440+00:00
2026,5,Boston College,SMU,moneyline,moneyline_fav,AVOID,C,SMU,-2000.0,consensus,2026-09-27T18:04:16.371866+00:00,win,2026-10-04T14:06:29.502463+00:00,-1575.0,2026-10-03T18:46:15.638957+00:00
2026,5,Boston College,SMU,total,total_model,AVOID,D,under,57.0,consensus,2026-09-27T18:04:16.371866+00:00,win,2026-10-04T14:06:29.502463+00:00,54.8,2026-10-03T18:46:15.638957+00:00
2026,5,Middle Tennessee,Kansas,spread,model_gap_late,AVOID,D,Middle Tennessee,20.5,consensus,2026-09-27T18:04:16.371866+00:00,loss,2026-10-04T14:06:29.502463+00:00,21.0,2026-10-03T18:46:15.638957+00:00
2026,5,Middle Tennessee,Kansas,moneyline,moneyline_dog,PASS,D,Middle Tennessee,980.0,consensus,2026-09-27T18:04:16.371866+00:00,loss,2026-10-04T14:06:29.502463+00:00,825.0,2026-10-03T18:46:15.638957+00:00
2026,5,Middle Tennessee,Kansas,total,total_model,AVOID,D,over,51.5,consensus,2026-09-27T18:04:16.371866+00:00,win,2026-10-04T14:06:29.502463+00:00,50.5,2026-10-02T02:42:15.959458+00:00
2026,5,UCF,Houston,spread,model_gap_late,AVOID,D,Houston,-10.5,consensus,2026-09-27T18:04:16.371866+00:00,loss,2026-10-04T14:06:29.502463+00:00,-10.5,2026-10-03T18:46:15.638957+00:00
2026,5,UCF,Houston,moneyline,moneyline_fav,AVOID,C,Houston,-375.0,consensus,2026-09-27T18:04:16.371866+00:00,win,2026-10-04T14:06:29.502463+00:00,-450.0,2026-10-03T06:25:11.414592+00:00
2026,5,UCF,Houston,total,total_model,AVOID,D,over,51.5,consensus,2026-09-27T18:04:16.371866+00:00,loss,2026-10-04T14:06:29.502463+00:00,50.8,2026-10-03T18:46:15.638957+00:00
2026,5,Western Michigan,Buffalo,spread,model_gap_late,AVOID,D,Buffalo,16.5,consensus,2026-09-27T18:04:16.371866+00:00,win,2026-10-04T14:06:29.502463+00:00,13.2,2026-10-03T18:46:15.638957+00:00
2026,5,Western Michigan,Buffalo,moneyline,moneyline_dog,PASS,D,Buffalo,627.0,consensus,2026-09-27T18:04:16.371866+00:00,loss,2026-10-04T14:06:29.502463+00:00,425.0,2026-10-03T18:46:15.638957+00:00
2026,5,Western Michigan,Buffalo,total,total_model,AVOID,D,under,50.5,consensus,2026-09-27T18:04:16.371866+00:00,win,2026-10-04T14:06:29.502463+00:00,,
2026,5,Toledo,Ball State,spread,model_gap_late,AVOID,D,Ball State,17.5,consensus,2026-09-27T18:04:16.371866+00:00,win,2026-10-04T14:06:29.502463+00:00,21.0,2026-10-02T20:02:18.924464+00:00
2026,5,Toledo,Ball State,moneyline,moneyline_dog,PASS,D,Ball State,800.0,consensus,2026-09-27T18:04:16.371866+00:00,loss,2026-10-04T14:06:29.502463+00:00,775.0,2026-10-03T18:46:15.638957+00:00
2026,5,Toledo,Ball State,total,total_model,AVOID,D,over,51.5,consensus,2026-09-27T18:04:16.371866+00:00,win,2026-10-04T14:06:29.502463+00:00,52.2,2026-10-03T18:46:15.638957+00:00
2026,5,Wyoming,North Dakota State,spread,model_gap_late,AVOID,D,Wyoming,20.2,consensus,2026-09-27T18:04:16.371866+00:00,loss,2026-10-04T14:06:29.502463+00:00,17.0,2026-10-02T20:02:18.924464+00:00
2026,5,Wyoming,North Dakota State,moneyline,moneyline_dog,PASS,D,Wyoming,990.0,consensus,2026-09-27T18:04:16.371866+00:00,loss,2026-10-04T14:06:29.502463+00:00,640.0,2026-10-03T18:46:15.638957+00:00
2026,5,Wyoming,North Dakota State,total,total_model,AVOID,D,under,47.5,consensus,2026-09-27T18:04:16.371866+00:00,win,2026-10-04T14:06:29.502463+00:00,44.5,2026-10-02T02:42:15.959458+00:00
2026,5,Old Dominion,Georgia State,spread,model_gap_late,AVOID,D,Georgia State,1.0,consensus,2026-09-27T18:04:16.371866+00:00,win,2026-10-04T14:06:29.502463+00:00,-2.5,2026-10-01T18:07:21.524908+00:00
2026,5,Old Dominion,Georgia State,total,total_model,AVOID,D,over,52.5,consensus,2026-09-27T18:04:16.371866+00:00,loss,2026-10-04T14:06:29.502463+00:00,51.5,2026-10-01T18:07:21.524908+00:00
2026,5,California,UNLV,spread,model_gap_late,AVOID,D,UNLV,-2.0,consensus,2026-09-27T18:04:16.371866+00:00,win,2026-10-04T14:06:29.502463+00:00,-1.0,2026-10-03T18:46:15.638957+00:00
2026,5,California,UNLV,moneyline,moneyline_fav,AVOID,C,UNLV,-128.0,consensus,2026-09-27T18:04:16.371866+00:00,win,2026-10-04T14:06:29.502463+00:00,-124.0,2026-10-03T18:46:15.638957+00:00
2026,5,California,UNLV,total,total_model,AVOID,D,under,52.5,consensus,2026-09-27T18:04:16.371866+00:00,loss,2026-10-04T14:06:29.502463+00:00,52.5,2026-10-03T18:46:15.638957+00:00
2026,5,Memphis,Charlotte,spread,model_gap_late,AVOID,D,Charlotte,21.5,consensus,2026-09-27T18:04:16.371866+00:00,loss,2026-10-03T18:46:15.638957+00:00,20.5,2026-10-01T18:07:21.524908+00:00
2026,5,Memphis,Charlotte,moneyline,moneyline_dog,PASS,D,Charlotte,1180.0,consensus,2026-09-27T18:04:16.371866+00:00,loss,2026-10-03T18:46:15.638957+00:00,836.0,2026-10-01T18:07:21.524908+00:00
2026,5,Memphis,Charlotte,total,total_model,AVOID,D,over,55.0,consensus,2026-09-27T18:04:16.371866+00:00,win,2026-10-03T18:46:15.638957+00:00,52.2,2026-10-03T18:46:15.638957+00:00
2026,5,Ohio,Kent State,spread,model_gap_late,AVOID,D,Kent State,5.5,consensus,2026-09-27T18:04:16.371866+00:00,win,2026-10-04T14:06:29.502463+00:00,3.5,2026-10-01T18:07:21.524908+00:00
2026,5,Ohio,Kent State,moneyline,moneyline_dog,PASS,D,Kent State,170.0,consensus,2026-09-27T18:04:16.371866+00:00,loss,2026-10-04T14:06:29.502463+00:00,145.0,2026-10-02T02:42:15.959458+00:00
2026,5,Ohio,Kent State,total,total_model,AVOID,D,over,51.5,consensus,2026-09-27T18:04:16.371866+00:00,loss,2026-10-04T14:06:29.502463+00:00,50.5,2026-10-01T18:07:21.524908+00:00
2026,5,Eastern Michigan,Massachusetts,spread,model_gap_late,AVOID,D,Massachusetts,-4.0,consensus,2026-09-27T18:04:16.371866+00:00,loss,2026-10-04T14:06:29.502463+00:00,-5.5,2026-10-03T18:46:15.638957+00:00
2026,5,Eastern Michigan,Massachusetts,moneyline,moneyline_fav,AVOID,C,Massachusetts,-181.0,consensus,2026-09-27T18:04:16.371866+00:00,loss,2026-10-04T14:06:29.502463+00:00,-222.0,2026-10-02T02:42:15.959458+00:00
2026,5,Eastern Michigan,Massachusetts,total,total_model,AVOID,D,over,48.8,consensus,2026-09-27T18:04:16.371866+00:00,win,2026-10-04T14:06:29.502463+00:00,48.5,2026-10-01T18:07:21.524908+00:00
2026,5,Bowling Green,Miami (OH),spread,model_gap_late,AVOID,D,Miami (OH),-15.5,consensus,2026-09-27T18:04:16.371866+00:00,loss,2026-10-04T14:06:29.502463+00:00,-10.5,2026-10-03T18:46:15.638957+00:00
2026,5,Bowling Green,Miami (OH),moneyline,moneyline_fav,AVOID,C,Miami (OH),-815.0,consensus,2026-09-27T18:04:16.371866+00:00,loss,2026-10-04T14:06:29.502463+00:00,-470.0,2026-10-03T18:46:15.638957+00:00
2026,5,Bowling Green,Miami (OH),total,total_model,AVOID,D,under,49.0,consensus,2026-09-27T18:04:16.371866+00:00,win,2026-10-04T14:06:29.502463+00:00,,
2026,5,Akron,Central Michigan,spread,model_gap_late,AVOID,D,Central Michigan,-5.5,consensus,2026-09-27T18:04:16.371866+00:00,win,2026-10-04T14:06:29.502463+00:00,-7.0,2026-10-03T18:46:15.638957+00:00
2026,5,Akron,Central Michigan,moneyline,moneyline_fav,AVOID,C,Central Michigan,-220.0,consensus,2026-09-27T18:04:16.371866+00:00,win,2026-10-04T14:06:29.502463+00:00,-275.0,2026-10-03T18:46:15.638957+00:00
2026,5,Akron,Central Michigan,total,total_model,AVOID,D,over,46.5,consensus,2026-09-27T18:04:16.371866+00:00,win,2026-10-04T14:06:29.502463+00:00,47.0,2026-10-01T18:07:21.524908+00:00
2026,5,Marshall,James Madison,spread,model_gap_late,AVOID,D,James Madison,-15.5,consensus,2026-09-27T18:04:16.371866+00:00,win,2026-10-04T14:06:29.502463+00:00,-15.5,2026-10-03T18:46:15.638957+00:00
2026,5,Marshall,James Madison,moneyline,moneyline_fav,AVOID,C,James Madison,-800.0,consensus,2026-09-27T18:04:16.371866+00:00,win,2026-10-04T14:06:29.502463+00:00,-800.0,2026-10-03T18:46:15.638957+00:00
2026,5,Marshall,James Madison,total,total_model,AVOID,D,over,56.5,consensus,2026-09-27T18:04:16.371866+00:00,win,2026-10-04T14:06:29.502463+00:00,56.0,2026-10-02T20:02:18.924464+00:00
2026,5,UTEP,New Mexico,spread,model_gap_late,AVOID,D,New Mexico,-21.5,consensus,2026-09-27T18:04:16.371866+00:00,win,2026-10-04T14:06:29.502463+00:00,-23.5,2026-10-03T05:17:37.498753+00:00
2026,5,UTEP,New Mexico,moneyline,moneyline_fav,AVOID,C,New Mexico,-2400.0,consensus,2026-09-27T18:04:16.371866+00:00,win,2026-10-04T14:06:29.502463+00:00,-2400.0,2026-10-03T05:17:37.498753+00:00
2026,5,UTEP,New Mexico,total,total_model,AVOID,D,over,50.2,consensus,2026-09-27T18:04:16.371866+00:00,win,2026-10-04T14:06:29.502463+00:00,48.0,2026-10-03T18:46:15.638957+00:00
2026,5,Maryland,Nebraska,spread,model_gap_late,AVOID,D,Nebraska,-13.5,consensus,2026-09-27T18:04:16.371866+00:00,win,2026-10-04T14:06:29.502463+00:00,-15.0,2026-10-03T18:46:15.638957+00:00
2026,5,Maryland,Nebraska,moneyline,moneyline_fav,AVOID,C,Nebraska,-625.0,consensus,2026-09-27T18:04:16.371866+00:00,win,2026-10-04T14:06:29.502463+00:00,-700.0,2026-10-03T18:46:15.638957+00:00
2026,5,Maryland,Nebraska,total,total_model,AVOID,D,over,52.5,consensus,2026-09-27T18:04:16.371866+00:00,win,2026-10-04T14:06:29.502463+00:00,52.5,2026-10-01T18:07:21.524908+00:00
2026,5,Purdue,Illinois,spread,model_gap_late,AVOID,D,Illinois,-10.0,consensus,2026-09-27T18:04:16.371866+00:00,loss,2026-10-04T14:06:29.502463+00:00,-10.0,2026-10-01T18:07:21.524908+00:00
2026,5,Purdue,Illinois,moneyline,moneyline_fav,AVOID,C,Illinois,-400.0,consensus,2026-09-27T18:04:16.371866+00:00,loss,2026-10-04T14:06:29.502463+00:00,-370.0,2026-10-03T18:46:15.638957+00:00
2026,5,Purdue,Illinois,total,total_model,AVOID,D,under,60.5,consensus,2026-09-27T18:04:16.371866+00:00,win,2026-10-04T14:06:29.502463+00:00,62.0,2026-10-03T18:46:15.638957+00:00
2026,5,Oregon State,Colorado State,spread,model_gap_late,AVOID,D,Colorado State,5.0,consensus,2026-09-27T18:04:16.371866+00:00,loss,2026-10-04T14:06:29.502463+00:00,6.5,2026-10-01T18:07:21.524908+00:00
2026,5,Oregon State,Colorado State,moneyline,moneyline_dog,PASS,D,Colorado State,158.0,consensus,2026-09-27T18:04:16.371866+00:00,loss,2026-10-04T14:06:29.502463+00:00,202.0,2026-10-03T18:46:15.638957+00:00
2026,5,Oregon State,Colorado State,total,total_model,AVOID,D,over,59.5,consensus,2026-09-27T18:04:16.371866+00:00,win,2026-10-04T14:06:29.502463+00:00,,
2026,5,Arkansas,Texas A&M,spread,model_gap_late,AVOID,D,Texas A&M,-14.5,consensus,2026-09-27T18:04:16.371866+00:00,win,2026-10-04T14:06:29.502463+00:00,-14.0,2026-10-02T20:02:18.924464+00:00
2026,5,Arkansas,Texas A&M,moneyline,moneyline_fav,AVOID,C,Texas A&M,-715.0,consensus,2026-09-27T18:04:16.371866+00:00,win,2026-10-04T14:06:29.502463+00:00,-625.0,2026-10-01T18:07:21.524908+00:00
2026,5,Arkansas,Texas A&M,total,total_model,AVOID,D,over,51.5,consensus,2026-09-27T18:04:16.371866+00:00,loss,2026-10-04T14:06:29.502463+00:00,50.5,2026-10-01T18:07:21.524908+00:00
2026,5,Georgia Southern,Coastal Carolina,spread,model_gap_late,AVOID,D,Coastal Carolina,0.2,consensus,2026-09-27T18:04:16.371866+00:00,loss,2026-10-04T14:06:29.502463+00:00,2.0,2026-10-02T02:42:15.959458+00:00
2026,5,Georgia Southern,Coastal Carolina,total,total_model,AVOID,D,over,52.5,consensus,2026-09-27T18:04:16.371866+00:00,win,2026-10-04T14:06:29.502463+00:00,,
2026,5,UTSA,Rice,spread,model_gap_late,AVOID,D,Rice,10.5,consensus,2026-09-27T18:04:16.371866+00:00,win,2026-10-04T14:06:29.502463+00:00,12.0,2026-10-03T18:46:15.638957+00:00
2026,5,UTSA,Rice,moneyline,moneyline_dog,PASS,D,Rice,330.0,consensus,2026-09-27T18:04:16.371866+00:00,loss,2026-10-04T14:06:29.502463+00:00,380.0,2026-10-03T18:46:15.638957+00:00
2026,5,UTSA,Rice,total,total_model,AVOID,D,over,54.5,consensus,2026-09-27T18:04:16.371866+00:00,loss,2026-10-04T14:06:29.502463+00:00,55.5,2026-10-03T18:46:15.638957+00:00
2026,5,UL Monroe,South Alabama,spread,model_gap_late,AVOID,D,South Alabama,-14.5,consensus,2026-09-27T18:04:16.371866+00:00,win,2026-10-04T14:06:29.502463+00:00,-13.5,2026-10-03T18:46:15.638957+00:00
2026,5,UL Monroe,South Alabama,moneyline,moneyline_fav,AVOID,C,South Alabama,-800.0,consensus,2026-09-27T18:04:16.371866+00:00,win,2026-10-04T14:06:29.502463+00:00,-575.0,2026-10-03T18:46:15.638957+00:00
2026,5,UL Monroe,South Alabama,total,total_model,AVOID,D,over,55.0,consensus,2026-09-27T18:04:16.371866+00:00,win,2026-10-04T14:06:29.502463+00:00,56.5,2026-10-03T05:17:37.498753+00:00
2026,5,Army,Louisiana Tech,spread,model_gap_late,AVOID,D,Louisiana Tech,3.5,consensus,2026-09-27T18:04:16.371866+00:00,win,2026-10-04T14:06:29.502463+00:00,1.0,2026-10-03T18:46:15.638957+00:00
2026,5,Army,Louisiana Tech,moneyline,moneyline_dog,PASS,B,Louisiana Tech,143.0,consensus,2026-09-27T18:04:16.371866+00:00,win,2026-10-04T14:06:29.502463+00:00,145.0,2026-10-03T18:46:15.638957+00:00
2026,5,Army,Louisiana Tech,total,total_model,AVOID,D,over,44.5,consensus,2026-09-27T18:04:16.371866+00:00,win,2026-10-04T14:06:29.502463+00:00,47.0,2026-10-03T05:17:37.498753+00:00
2026,5,Utah State,Boise State,spread,model_gap_late,AVOID,D,Utah State,21.0,consensus,2026-09-27T18:04:16.371866+00:00,win,2026-10-04T14:06:29.502463+00:00,20.0,2026-10-01T21:06:14.547188+00:00
2026,5,Utah State,Boise State,moneyline,moneyline_dog,PASS,D,Utah State,1050.0,consensus,2026-09-27T18:04:16.371866+00:00,loss,2026-10-04T14:06:29.502463+00:00,850.0,2026-10-03T05:17:37.498753+00:00
2026,5,Utah State,Boise State,total,total_model,AVOID,D,under,51.0,consensus,2026-09-27T18:04:16.371866+00:00,loss,2026-10-04T14:06:29.502463+00:00,51.5,2026-10-01T18:07:21.524908+00:00
2026,5,Temple,South Florida,spread,model_gap_late,AVOID,D,South Florida,-6.5,consensus,2026-09-27T18:04:16.371866+00:00,loss,2026-10-04T14:06:29.502463+00:00,-5.5,2026-10-03T18:46:15.638957+00:00
2026,5,Temple,South Florida,moneyline,moneyline_fav,AVOID,C,South Florida,-230.0,consensus,2026-09-27T18:04:16.371866+00:00,loss,2026-10-04T14:06:29.502463+00:00,-220.0,2026-10-03T18:46:15.638957+00:00
2026,5,Temple,South Florida,total,total_model,AVOID,D,over,51.5,consensus,2026-09-27T18:04:16.371866+00:00,loss,2026-10-04T14:06:29.502463+00:00,48.5,2026-10-01T20:24:58.961892+00:00
2026,5,Texas Tech,Colorado,spread,model_gap_late,AVOID,D,Colorado,14.5,consensus,2026-09-27T18:04:16.371866+00:00,loss,2026-10-04T14:06:29.502463+00:00,13.5,2026-10-03T05:17:37.498753+00:00
2026,5,Texas Tech,Colorado,moneyline,moneyline_dog,PASS,D,Colorado,540.0,consensus,2026-09-27T18:04:16.371866+00:00,loss,2026-10-04T14:06:29.502463+00:00,446.0,2026-10-03T18:46:15.638957+00:00
2026,5,Texas Tech,Colorado,total,total_model,AVOID,D,under,51.0,consensus,2026-09-27T18:04:16.371866+00:00,win,2026-10-04T14:06:29.502463+00:00,50.5,2026-10-01T18:07:21.524908+00:00
2026,5,Arkansas State,Louisiana,spread,model_gap_late,AVOID,D,Louisiana,-5.0,consensus,2026-09-27T18:04:16.371866+00:00,loss,2026-10-04T14:06:29.502463+00:00,-6.0,2026-10-02T20:02:18.924464+00:00
2026,5,Arkansas State,Louisiana,moneyline,moneyline_fav,AVOID,C,Louisiana,-197.0,consensus,2026-09-27T18:04:16.371866+00:00,win,2026-10-04T14:06:29.502463+00:00,-225.0,2026-10-03T18:46:15.638957+00:00
2026,5,Arkansas State,Louisiana,total,total_model,AVOID,D,over,49.8,consensus,2026-09-27T18:04:16.371866+00:00,loss,2026-10-04T14:06:29.502463+00:00,49.5,2026-10-03T18:46:15.638957+00:00
2026,5,Fresno State,Washington State,spread,model_gap_late,AVOID,D,Washington State,-1.5,consensus,2026-09-27T18:04:16.371866+00:00,loss,2026-10-04T14:06:29.502463+00:00,-2.0,2026-10-03T18:46:15.638957+00:00
2026,5,Fresno State,Washington State,moneyline,moneyline_fav,AVOID,C,Washington State,-124.0,consensus,2026-09-27T18:04:16.371866+00:00,loss,2026-10-04T14:06:29.502463+00:00,-125.0,2026-10-03T18:46:15.638957+00:00
2026,5,Fresno State,Washington State,total,total_model,AVOID,D,under,45.5,consensus,2026-09-27T18:04:16.371866+00:00,win,2026-10-04T14:06:29.502463+00:00,45.5,2026-10-01T18:07:21.524908+00:00
2026,5,Baylor,Arizona State,spread,model_gap_late,AVOID,D,Arizona State,-4.0,consensus,2026-09-27T18:04:16.371866+00:00,loss,2026-10-04T14:06:29.502463+00:00,-3.5,2026-10-01T18:07:21.524908+00:00
2026,5,Baylor,Arizona State,moneyline,moneyline_fav,AVOID,C,Arizona State,-188.0,consensus,2026-09-27T18:04:16.371866+00:00,loss,2026-10-04T14:06:29.502463+00:00,-170.0,2026-10-03T18:46:15.638957+00:00
2026,5,Baylor,Arizona State,total,total_model,AVOID,D,over,50.5,consensus,2026-09-27T18:04:16.371866+00:00,win,2026-10-04T14:06:29.502463+00:00,48.5,2026-10-03T05:17:37.498753+00:00
2026,5,Texas State,San Diego State,spread,model_gap_late,AVOID,D,San Diego State,4.5,consensus,2026-09-27T18:04:16.371866+00:00,win,2026-10-04T14:06:29.502463+00:00,10.0,2026-10-03T18:46:15.638957+00:00
2026,5,Texas State,San Diego State,moneyline,moneyline_dog,PASS,C,San Diego State,142.0,consensus,2026-09-27T18:04:16.371866+00:00,win,2026-10-04T14:06:29.502463+00:00,292.0,2026-10-03T18:46:15.638957+00:00
2026,5,Texas State,San Diego State,total,total_model,AVOID,D,under,59.5,consensus,2026-09-27T18:04:16.371866+00:00,loss,2026-10-04T14:06:29.502463+00:00,57.5,2026-10-02T02:42:15.959458+00:00
2026,5,San José State,Hawai'i,spread,model_gap_late,AVOID,D,Hawai'i,-3.5,consensus,2026-09-27T18:04:16.371866+00:00,loss,2026-10-04T14:06:29.502463+00:00,-3.0,2026-10-01T18:07:21.524908+00:00
2026,5,San José State,Hawai'i,moneyline,moneyline_fav,AVOID,C,Hawai'i,-175.0,consensus,2026-09-27T18:04:16.371866+00:00,loss,2026-10-04T14:06:29.502463+00:00,-145.0,2026-10-03T18:46:15.638957+00:00
2026,5,San José State,Hawai'i,total,total_model,AVOID,D,under,52.5,consensus,2026-09-27T18:04:16.371866+00:00,win,2026-10-04T14:06:29.502463+00:00,50.5,2026-10-02T02:42:15.959458+00:00
2026,5,West Virginia,Iowa State,moneyline,moneyline_fav,AVOID,C,Iowa State,-122.0,consensus,2026-09-27T21:10:21.564600+00:00,win,2026-10-04T14:06:29.502463+00:00,-150.0,2026-10-03T18:46:15.638957+00:00
2026,5,Georgia Southern,Coastal Carolina,moneyline,moneyline_dog,PASS,D,Coastal Carolina,100.0,consensus,2026-09-27T21:10:21.564600+00:00,loss,2026-10-04T14:06:29.502463+00:00,105.0,2026-10-03T05:17:37.498753+00:00
2026,5,UCF,Houston,moneyline,moneyline_dog,PASS,D,UCF,330.0,consensus,2026-09-28T16:47:17.374350+00:00,loss,2026-10-04T14:06:29.502463+00:00,332.0,2026-10-03T18:46:15.638957+00:00
2026,5,Ohio,Kent State,price,price_gap,LEAN,D,Ohio,-3.0,Bovada,2026-09-28T16:47:17.374350+00:00,push,2026-10-04T14:06:29.502463+00:00,-3.0,2026-10-01T18:07:21.524908+00:00
2026,5,Vanderbilt,Georgia,moneyline,moneyline_fav,AVOID,C,Georgia,-3000.0,consensus,2026-09-28T21:54:33.784048+00:00,win,2026-10-04T14:06:29.502463+00:00,-3350.0,2026-10-03T18:46:15.638957+00:00
2026,5,Old Dominion,Georgia State,moneyline,moneyline_fav,AVOID,C,Georgia State,-125.0,consensus,2026-09-28T21:54:33.784048+00:00,win,2026-10-04T14:06:29.502463+00:00,-135.0,2026-10-01T18:07:21.524908+00:00
2026,5,Louisville,NC State,price,price_gap,LEAN,D,Louisville,-3.5,Bovada,2026-09-30T14:57:21.215636+00:00,loss,2026-10-04T14:06:29.502463+00:00,-3.0,2026-10-03T05:17:37.498753+00:00
2026,5,Texas Tech,Colorado,moneyline,moneyline_fav,AVOID,C,Texas Tech,-485.0,consensus,2026-09-30T20:11:09.002117+00:00,win,2026-10-04T14:06:29.502463+00:00,-520.0,2026-10-01T18:07:21.524908+00:00
2026,5,North Texas,Tulsa,moneyline,moneyline_fav,AVOID,C,North Texas,-122.0,consensus,2026-10-01T17:24:00.927628+00:00,win,2026-10-02T05:16:15.033260+00:00,-123.0,2026-10-01T20:24:58.961892+00:00
2026,5,Montana State,Idaho,spread,model_gap_late,AVOID,D,Idaho,17.5,consensus,2026-10-01T21:06:14.547188+00:00,win,2026-10-03T06:25:11.414592+00:00,14.5,2026-10-02T14:46:15.843637+00:00
2026,5,Montana State,Idaho,moneyline,moneyline_dog,PASS,D,Idaho,504.0,consensus,2026-10-01T21:06:14.547188+00:00,loss,2026-10-03T06:25:11.414592+00:00,391.0,2026-10-03T05:17:37.498753+00:00
2026,5,Montana State,Idaho,total,total_model,AVOID,D,under,58.5,consensus,2026-10-01T21:06:14.547188+00:00,loss,2026-10-03T06:25:11.414592+00:00,57.5,2026-10-02T14:46:15.843637+00:00
2026,5,Samford,UAB,spread,model_gap_late,AVOID,D,Samford,30.5,consensus,2026-10-01T21:06:14.547188+00:00,win,2026-10-04T14:06:29.502463+00:00,30.5,2026-10-01T21:06:14.547188+00:00
2026,5,Samford,UAB,total,total_model,AVOID,D,under,52.5,consensus,2026-10-01T21:06:14.547188+00:00,win,2026-10-04T14:06:29.502463+00:00,54.5,2026-10-03T18:46:15.638957+00:00
2026,5,Texas Southern,Florida Atlantic,spread,model_gap_late,AVOID,D,Texas Southern,44.0,consensus,2026-10-01T21:06:14.547188+00:00,loss,2026-10-04T14:06:29.502463+00:00,46.5,2026-10-03T18:46:15.638957+00:00
2026,5,Texas Southern,Florida Atlantic,total,total_model,AVOID,D,over,61.5,consensus,2026-10-01T21:06:14.547188+00:00,win,2026-10-04T14:06:29.502463+00:00,61.5,2026-10-01T21:06:14.547188+00:00
2026,5,McNeese,LSU,spread,model_gap_late,AVOID,D,McNeese,53.5,consensus,2026-10-01T21:06:14.547188+00:00,win,2026-10-04T14:06:29.502463+00:00,53.5,2026-10-03T13:25:38.724440+00:00
2026,5,McNeese,LSU,total,total_model,AVOID,D,under,62.5,consensus,2026-10-01T21:06:14.547188+00:00,loss,2026-10-04T14:06:29.502463+00:00,62.5,2026-10-03T18:46:15.638957+00:00
2026,5,Pittsburgh,Virginia Tech,price,price_gap,LEAN,D,Virginia Tech,-2.0,Bovada,2026-10-02T20:02:18.924464+00:00,loss,2026-10-03T05:17:37.498753+00:00,-1.5,2026-10-03T05:17:37.498753+00:00
2026,5,St. Thomas (MN),Presbyterian,spread,model_gap_late,AVOID,D,Presbyterian,26.5,consensus,2026-10-02T20:02:18.924464+00:00,win,2026-10-04T14:06:29.502463+00:00,28.5,2026-10-03T18:46:15.638957+00:00
2026,5,St. Thomas (MN),Presbyterian,moneyline,moneyline_dog,PASS,D,Presbyterian,1100.0,consensus,2026-10-02T20:02:18.924464+00:00,win,2026-10-04T14:06:29.502463+00:00,1100.0,2026-10-02T20:02:18.924464+00:00
2026,5,St. Thomas (MN),Presbyterian,total,total_model,AVOID,D,over,54.5,consensus,2026-10-02T20:02:18.924464+00:00,win,2026-10-04T14:06:29.502463+00:00,54.5,2026-10-02T20:02:18.924464+00:00
2026,5,Fordham,Lehigh,spread,model_gap_late,AVOID,D,Lehigh,-21.5,consensus,2026-10-02T20:02:18.924464+00:00,win,2026-10-04T14:06:29.502463+00:00,-22.5,2026-10-03T18:46:15.638957+00:00
2026,5,Fordham,Lehigh,moneyline,moneyline_fav,AVOID,C,Lehigh,-3400.0,consensus,2026-10-02T20:02:18.924464+00:00,win,2026-10-04T14:06:29.502463+00:00,-2800.0,2026-10-03T18:46:15.638957+00:00
2026,5,Fordham,Lehigh,total,total_model,AVOID,D,over,44.5,consensus,2026-10-02T20:02:18.924464+00:00,loss,2026-10-04T14:06:29.502463+00:00,44.5,2026-10-02T20:02:18.924464+00:00
2026,5,Merrimack,Yale,spread,model_gap_late,AVOID,D,Yale,-12.5,consensus,2026-10-02T20:02:18.924464+00:00,win,2026-10-04T14:06:29.502463+00:00,-14.0,2026-10-03T18:46:15.638957+00:00
2026,5,Merrimack,Yale,moneyline,moneyline_fav,AVOID,C,Yale,-510.0,consensus,2026-10-02T20:02:18.924464+00:00,win,2026-10-04T14:06:29.502463+00:00,-559.0,2026-10-03T18:46:15.638957+00:00
2026,5,Merrimack,Yale,total,total_model,AVOID,D,over,51.5,consensus,2026-10-02T20:02:18.924464+00:00,win,2026-10-04T14:06:29.502463+00:00,48.5,2026-10-03T18:46:15.638957+00:00
2026,5,Brown,Rhode Island,spread,model_gap_late,AVOID,D,Rhode Island,-3.5,consensus,2026-10-02T20:02:18.924464+00:00,loss,2026-10-04T14:06:29.502463+00:00,-3.5,2026-10-02T20:02:18.924464+00:00
2026,5,Brown,Rhode Island,moneyline,moneyline_fav,AVOID,C,Rhode Island,-167.0,consensus,2026-10-02T20:02:18.924464+00:00,win,2026-10-04T14:06:29.502463+00:00,-175.0,2026-10-03T18:46:15.638957+00:00
2026,5,Brown,Rhode Island,total,total_model,AVOID,D,over,42.5,consensus,2026-10-02T20:02:18.924464+00:00,loss,2026-10-04T14:06:29.502463+00:00,46.5,2026-10-03T18:46:15.638957+00:00
2026,5,Wagner,Central Connecticut,spread,model_gap_late,AVOID,D,Wagner,14.5,consensus,2026-10-02T20:02:18.924464+00:00,loss,2026-10-04T14:06:29.502463+00:00,14.0,2026-10-03T18:46:15.638957+00:00
2026,5,Wagner,Central Connecticut,moneyline,moneyline_dog,PASS,D,Wagner,469.0,consensus,2026-10-02T20:02:18.924464+00:00,loss,2026-10-04T14:06:29.502463+00:00,426.0,2026-10-03T18:46:15.638957+00:00
2026,5,Wagner,Central Connecticut,total,total_model,AVOID,D,over,45.5,consensus,2026-10-02T20:02:18.924464+00:00,win,2026-10-04T14:06:29.502463+00:00,46.5,2026-10-03T18:46:15.638957+00:00
2026,5,Mercyhurst,Long Island University,spread,model_gap_late,AVOID,D,Mercyhurst,9.5,consensus,2026-10-02T20:02:18.924464+00:00,win,2026-10-04T14:06:29.502463+00:00,9.5,2026-10-02T20:02:18.924464+00:00
2026,5,Mercyhurst,Long Island University,moneyline,moneyline_dog,PASS,D,Mercyhurst,286.0,consensus,2026-10-02T20:02:18.924464+00:00,loss,2026-10-04T14:06:29.502463+00:00,249.0,2026-10-03T18:46:15.638957+00:00
2026,5,Mercyhurst,Long Island University,total,total_model,AVOID,D,over,42.5,consensus,2026-10-02T20:02:18.924464+00:00,win,2026-10-04T14:06:29.502463+00:00,46.5,2026-10-03T18:46:15.638957+00:00
2026,5,Princeton,Columbia,spread,model_gap_late,AVOID,D,Columbia,1.5,consensus,2026-10-02T20:02:18.924464+00:00,loss,2026-10-04T14:06:29.502463+00:00,-1.5,2026-10-03T18:46:15.638957+00:00
2026,5,Princeton,Columbia,total,total_model,AVOID,D,over,42.5,consensus,2026-10-02T20:02:18.924464+00:00,loss,2026-10-04T14:06:29.502463+00:00,42.5,2026-10-02T20:02:18.924464+00:00
2026,5,Richmond,Lafayette,spread,model_gap_late,AVOID,D,Lafayette,6.5,consensus,2026-10-02T20:02:18.924464+00:00,loss,2026-10-04T14:06:29.502463+00:00,6.0,2026-10-03T18:46:15.638957+00:00
2026,5,Richmond,Lafayette,moneyline,moneyline_dog,PASS,B,Lafayette,224.0,consensus,2026-10-02T20:02:18.924464+00:00,loss,2026-10-04T14:06:29.502463+00:00,195.0,2026-10-03T18:46:15.638957+00:00
2026,5,Richmond,Lafayette,total,total_model,AVOID,D,over,42.5,consensus,2026-10-02T20:02:18.924464+00:00,win,2026-10-04T14:06:29.502463+00:00,47.5,2026-10-03T18:46:15.638957+00:00
2026,5,Cornell,Georgetown,spread,model_gap_late,AVOID,D,Georgetown,8.5,consensus,2026-10-02T20:02:18.924464+00:00,loss,2026-10-04T14:06:29.502463+00:00,7.0,2026-10-03T18:46:15.638957+00:00
2026,5,Cornell,Georgetown,moneyline,moneyline_dog,PASS,D,Georgetown,223.0,consensus,2026-10-02T20:02:18.924464+00:00,loss,2026-10-04T14:06:29.502463+00:00,220.0,2026-10-03T18:46:15.638957+00:00
2026,5,Cornell,Georgetown,total,total_model,AVOID,D,over,45.5,consensus,2026-10-02T20:02:18.924464+00:00,win,2026-10-04T14:06:29.502463+00:00,45.5,2026-10-02T20:02:18.924464+00:00
2026,5,Valparaiso,Morehead State,spread,model_gap_late,AVOID,D,Morehead State,2.5,consensus,2026-10-02T20:02:18.924464+00:00,loss,2026-10-04T14:06:29.502463+00:00,2.5,2026-10-02T20:02:18.924464+00:00
2026,5,Valparaiso,Morehead State,moneyline,moneyline_dog,PASS,B,Morehead State,120.0,consensus,2026-10-02T20:02:18.924464+00:00,loss,2026-10-04T14:06:29.502463+00:00,124.0,2026-10-03T18:46:15.638957+00:00
2026,5,Valparaiso,Morehead State,total,total_model,AVOID,D,over,51.5,consensus,2026-10-02T20:02:18.924464+00:00,loss,2026-10-04T14:06:29.502463+00:00,51.5,2026-10-02T20:02:18.924464+00:00
2026,5,Marist,Stetson,spread,model_gap_late,AVOID,D,Stetson,14.5,consensus,2026-10-02T20:02:18.924464+00:00,win,2026-10-04T14:06:29.502463+00:00,14.0,2026-10-03T18:46:15.638957+00:00
2026,5,Marist,Stetson,moneyline,moneyline_dog,PASS,D,Stetson,520.0,consensus,2026-10-02T20:02:18.924464+00:00,loss,2026-10-04T14:06:29.502463+00:00,362.0,2026-10-03T18:46:15.638957+00:00
2026,5,Marist,Stetson,total,total_model,AVOID,D,under,49.5,consensus,2026-10-02T20:02:18.924464+00:00,win,2026-10-04T14:06:29.502463+00:00,49.5,2026-10-02T20:02:18.924464+00:00
2026,5,Dayton,Drake,spread,model_gap_late,AVOID,D,Drake,4.5,consensus,2026-10-02T20:02:18.924464+00:00,win,2026-10-04T14:06:29.502463+00:00,3.0,2026-10-03T18:46:15.638957+00:00
2026,5,Dayton,Drake,moneyline,moneyline_dog,PASS,D,Drake,164.0,consensus,2026-10-02T20:02:18.924464+00:00,win,2026-10-04T14:06:29.502463+00:00,120.0,2026-10-03T18:46:15.638957+00:00
2026,5,Dayton,Drake,total,total_model,AVOID,D,under,53.5,consensus,2026-10-02T20:02:18.924464+00:00,win,2026-10-04T14:06:29.502463+00:00,56.5,2026-10-03T18:46:15.638957+00:00
2026,5,Morgan State,Villanova,spread,model_gap_late,AVOID,D,Morgan State,11.5,consensus,2026-10-02T20:02:18.924464+00:00,win,2026-10-04T14:06:29.502463+00:00,11.5,2026-10-03T18:46:15.638957+00:00
2026,5,Morgan State,Villanova,moneyline,moneyline_dog,PASS,D,Morgan State,398.0,consensus,2026-10-02T20:02:18.924464+00:00,win,2026-10-04T14:06:29.502463+00:00,467.0,2026-10-03T18:46:15.638957+00:00
2026,5,Morgan State,Villanova,total,total_model,AVOID,D,over,45.5,consensus,2026-10-02T20:02:18.924464+00:00,win,2026-10-04T14:06:29.502463+00:00,45.5,2026-10-02T20:02:18.924464+00:00
2026,5,Towson,Monmouth,spread,model_gap_late,AVOID,D,Monmouth,-10.5,consensus,2026-10-02T20:02:18.924464+00:00,loss,2026-10-04T14:06:29.502463+00:00,-10.5,2026-10-02T20:02:18.924464+00:00
2026,5,Towson,Monmouth,moneyline,moneyline_fav,AVOID,C,Monmouth,-407.0,consensus,2026-10-02T20:02:18.924464+00:00,win,2026-10-04T14:06:29.502463+00:00,-382.0,2026-10-03T18:46:15.638957+00:00
2026,5,Towson,Monmouth,total,total_model,AVOID,D,over,55.5,consensus,2026-10-02T20:02:18.924464+00:00,win,2026-10-04T14:06:29.502463+00:00,56.5,2026-10-03T18:46:15.638957+00:00
2026,5,Elon,New Hampshire,spread,model_gap_late,AVOID,D,New Hampshire,10.5,consensus,2026-10-02T20:02:18.924464+00:00,win,2026-10-04T14:06:29.502463+00:00,10.5,2026-10-02T20:02:18.924464+00:00
2026,5,Elon,New Hampshire,moneyline,moneyline_dog,PASS,D,New Hampshire,304.0,consensus,2026-10-02T20:02:18.924464+00:00,win,2026-10-04T14:06:29.502463+00:00,239.0,2026-10-03T18:46:15.638957+00:00
2026,5,Elon,New Hampshire,total,total_model,AVOID,D,over,44.5,consensus,2026-10-02T20:02:18.924464+00:00,win,2026-10-04T14:06:29.502463+00:00,44.5,2026-10-02T20:02:18.924464+00:00
2026,5,Mercer,VMI,spread,model_gap_late,AVOID,D,VMI,35.5,consensus,2026-10-02T20:02:18.924464+00:00,loss,2026-10-04T14:06:29.502463+00:00,34.5,2026-10-03T18:46:15.638957+00:00
2026,5,Mercer,VMI,total,total_model,AVOID,D,over,50.5,consensus,2026-10-02T20:02:18.924464+00:00,win,2026-10-04T14:06:29.502463+00:00,48.5,2026-10-03T18:46:15.638957+00:00
2026,5,Pennsylvania,Dartmouth,spread,model_gap_late,AVOID,D,Dartmouth,-7.5,consensus,2026-10-02T20:02:18.924464+00:00,loss,2026-10-04T14:06:29.502463+00:00,-7.5,2026-10-02T20:02:18.924464+00:00
2026,5,Pennsylvania,Dartmouth,moneyline,moneyline_dog,PASS,D,Pennsylvania,239.0,consensus,2026-10-02T20:02:18.924464+00:00,loss,2026-10-04T14:06:29.502463+00:00,246.0,2026-10-03T18:46:15.638957+00:00
2026,5,Pennsylvania,Dartmouth,total,total_model,AVOID,D,over,39.5,consensus,2026-10-02T20:02:18.924464+00:00,loss,2026-10-04T14:06:29.502463+00:00,45.5,2026-10-03T18:46:15.638957+00:00
2026,5,The Citadel,South Carolina State,spread,model_gap_late,AVOID,D,South Carolina State,-20.5,consensus,2026-10-02T20:02:18.924464+00:00,loss,2026-10-04T14:06:29.502463+00:00,-17.5,2026-10-03T18:46:15.638957+00:00
2026,5,The Citadel,South Carolina State,moneyline,moneyline_fav,AVOID,C,South Carolina State,-2000.0,consensus,2026-10-02T20:02:18.924464+00:00,loss,2026-10-04T14:06:29.502463+00:00,-950.0,2026-10-03T18:46:15.638957+00:00
2026,5,The Citadel,South Carolina State,total,total_model,AVOID,D,over,47.5,consensus,2026-10-02T20:02:18.924464+00:00,win,2026-10-04T14:06:29.502463+00:00,48.5,2026-10-03T18:46:15.638957+00:00
2026,5,Norfolk State,Robert Morris,spread,model_gap_late,AVOID,D,Norfolk State,3.5,consensus,2026-10-02T20:02:18.924464+00:00,win,2026-10-04T14:06:29.502463+00:00,1.5,2026-10-03T18:46:15.638957+00:00
2026,5,Norfolk State,Robert Morris,moneyline,moneyline_dog,PASS,D,Norfolk State,139.0,consensus,2026-10-02T20:02:18.924464+00:00,loss,2026-10-04T14:06:29.502463+00:00,100.0,2026-10-03T18:46:15.638957+00:00
2026,5,Norfolk State,Robert Morris,total,total_model,AVOID,D,over,43.5,consensus,2026-10-02T20:02:18.924464+00:00,win,2026-10-04T14:06:29.502463+00:00,44.5,2026-10-03T18:46:15.638957+00:00
2026,5,Murray State,North Dakota,spread,model_gap_late,AVOID,D,Murray State,35.5,consensus,2026-10-02T20:02:18.924464+00:00,win,2026-10-04T14:06:29.502463+00:00,37.5,2026-10-03T18:46:15.638957+00:00
2026,5,Murray State,North Dakota,total,total_model,AVOID,D,under,60.5,consensus,2026-10-02T20:02:18.924464+00:00,loss,2026-10-04T14:06:29.502463+00:00,56.5,2026-10-03T18:46:15.638957+00:00
2026,5,Wofford,Furman,spread,model_gap_late,AVOID,D,Furman,-4.5,consensus,2026-10-02T20:02:18.924464+00:00,loss,2026-10-04T14:06:29.502463+00:00,-4.0,2026-10-03T18:46:15.638957+00:00
2026,5,Wofford,Furman,moneyline,moneyline_fav,AVOID,C,Furman,-188.0,consensus,2026-10-02T20:02:18.924464+00:00,loss,2026-10-04T14:06:29.502463+00:00,-188.0,2026-10-02T20:02:18.924464+00:00
2026,5,Wofford,Furman,total,total_model,AVOID,D,over,44.5,consensus,2026-10-02T20:02:18.924464+00:00,win,2026-10-04T14:06:29.502463+00:00,44.5,2026-10-02T20:02:18.924464+00:00
2026,5,Prairie View A&M,Mississippi Valley State,spread,model_gap_late,AVOID,D,Mississippi Valley State,26.5,consensus,2026-10-02T20:02:18.924464+00:00,win,2026-10-04T14:06:29.502463+00:00,29.5,2026-10-03T18:46:15.638957+00:00
2026,5,Prairie View A&M,Mississippi Valley State,moneyline,moneyline_dog,PASS,D,Mississippi Valley State,1100.0,consensus,2026-10-02T20:02:18.924464+00:00,win,2026-10-04T14:06:29.502463+00:00,1100.0,2026-10-02T20:02:18.924464+00:00
2026,5,Prairie View A&M,Mississippi Valley State,total,total_model,AVOID,D,under,59.5,consensus,2026-10-02T20:02:18.924464+00:00,win,2026-10-04T14:06:29.502463+00:00,54.5,2026-10-03T18:46:15.638957+00:00
2026,5,Alcorn State,Grambling,spread,model_gap_late,AVOID,D,Grambling,-7.5,consensus,2026-10-02T20:02:18.924464+00:00,loss,2026-10-04T14:06:29.502463+00:00,-6.0,2026-10-03T18:46:15.638957+00:00
2026,5,Alcorn State,Grambling,moneyline,moneyline_fav,AVOID,C,Grambling,-261.0,consensus,2026-10-02T20:02:18.924464+00:00,win,2026-10-04T14:06:29.502463+00:00,-234.0,2026-10-03T18:46:15.638957+00:00
2026,5,Alcorn State,Grambling,total,total_model,AVOID,D,over,57.5,consensus,2026-10-02T20:02:18.924464+00:00,win,2026-10-04T14:06:29.502463+00:00,55.5,2026-10-03T18:46:15.638957+00:00
2026,5,Indiana State,South Dakota,spread,model_gap_late,AVOID,D,South Dakota,-18.5,consensus,2026-10-02T20:02:18.924464+00:00,win,2026-10-04T14:06:29.502463+00:00,-16.5,2026-10-03T18:46:15.638957+00:00
2026,5,Indiana State,South Dakota,moneyline,moneyline_dog,PASS,D,Indiana State,780.0,consensus,2026-10-02T20:02:18.924464+00:00,loss,2026-10-04T14:06:29.502463+00:00,780.0,2026-10-02T20:02:18.924464+00:00
2026,5,Indiana State,South Dakota,total,total_model,AVOID,D,over,60.5,consensus,2026-10-02T20:02:18.924464+00:00,loss,2026-10-04T14:06:29.502463+00:00,60.5,2026-10-02T20:02:18.924464+00:00
2026,5,Howard,Hampton,spread,model_gap_late,AVOID,D,Hampton,9.5,consensus,2026-10-02T20:02:18.924464+00:00,loss,2026-10-04T14:06:29.502463+00:00,10.0,2026-10-03T18:46:15.638957+00:00
2026,5,Howard,Hampton,moneyline,moneyline_dog,PASS,D,Hampton,280.0,consensus,2026-10-02T20:02:18.924464+00:00,loss,2026-10-04T14:06:29.502463+00:00,269.0,2026-10-03T18:46:15.638957+00:00
2026,5,Howard,Hampton,total,total_model,AVOID,D,under,50.5,consensus,2026-10-02T20:02:18.924464+00:00,win,2026-10-04T14:06:29.502463+00:00,50.5,2026-10-02T20:02:18.924464+00:00
2026,5,Sacred Heart,Maine,spread,model_gap_late,AVOID,D,Sacred Heart,2.5,consensus,2026-10-02T20:02:18.924464+00:00,win,2026-10-04T14:06:29.502463+00:00,2.5,2026-10-02T20:02:18.924464+00:00
2026,5,Sacred Heart,Maine,moneyline,moneyline_dog,PASS,D,Sacred Heart,110.0,consensus,2026-10-02T20:02:18.924464+00:00,win,2026-10-04T14:06:29.502463+00:00,110.0,2026-10-02T20:02:18.924464+00:00
2026,5,Sacred Heart,Maine,total,total_model,AVOID,D,over,43.5,consensus,2026-10-02T20:02:18.924464+00:00,loss,2026-10-04T14:06:29.502463+00:00,44.5,2026-10-03T18:46:15.638957+00:00
2026,5,Delaware State,UAlbany,spread,model_gap_late,AVOID,D,Delaware State,2.5,consensus,2026-10-02T20:02:18.924464+00:00,loss,2026-10-04T14:06:29.502463+00:00,1.5,2026-10-03T18:46:15.638957+00:00
2026,5,Delaware State,UAlbany,moneyline,moneyline_dog,PASS,D,Delaware State,110.0,consensus,2026-10-02T20:02:18.924464+00:00,loss,2026-10-04T14:06:29.502463+00:00,106.0,2026-10-03T18:46:15.638957+00:00
2026,5,Delaware State,UAlbany,total,total_model,AVOID,D,over,45.5,consensus,2026-10-02T20:02:18.924464+00:00,loss,2026-10-04T14:06:29.502463+00:00,45.5,2026-10-02T20:02:18.924464+00:00
2026,5,Holy Cross,William & Mary,spread,model_gap_late,AVOID,D,William & Mary,-6.5,consensus,2026-10-02T20:02:18.924464+00:00,loss,2026-10-04T14:06:29.502463+00:00,-6.0,2026-10-03T18:46:15.638957+00:00
2026,5,Holy Cross,William & Mary,moneyline,moneyline_dog,PASS,D,Holy Cross,179.0,consensus,2026-10-02T20:02:18.924464+00:00,win,2026-10-04T14:06:29.502463+00:00,179.0,2026-10-02T20:02:18.924464+00:00
2026,5,Holy Cross,William & Mary,total,total_model,AVOID,D,over,49.5,consensus,2026-10-02T20:02:18.924464+00:00,win,2026-10-04T14:06:29.502463+00:00,54.5,2026-10-03T18:46:15.638957+00:00
2026,5,Chattanooga,East Tennessee State,spread,model_gap_late,AVOID,D,East Tennessee State,-3.0,consensus,2026-10-02T20:02:18.924464+00:00,win,2026-10-04T14:06:29.502463+00:00,-3.0,2026-10-02T20:02:18.924464+00:00
2026,5,Chattanooga,East Tennessee State,moneyline,moneyline_fav,AVOID,C,East Tennessee State,-149.0,consensus,2026-10-02T20:02:18.924464+00:00,win,2026-10-04T14:06:29.502463+00:00,-149.0,2026-10-02T20:02:18.924464+00:00
2026,5,Chattanooga,East Tennessee State,total,total_model,AVOID,D,over,53.5,consensus,2026-10-02T20:02:18.924464+00:00,loss,2026-10-04T14:06:29.502463+00:00,53.5,2026-10-02T20:02:18.924464+00:00
2026,5,Northern Colorado,Montana,spread,model_gap_late,AVOID,D,Northern Colorado,26.5,consensus,2026-10-02T20:02:18.924464+00:00,win,2026-10-04T14:06:29.502463+00:00,26.5,2026-10-02T20:02:18.924464+00:00
2026,5,Northern Colorado,Montana,total,total_model,AVOID,D,under,57.5,consensus,2026-10-02T20:02:18.924464+00:00,win,2026-10-04T14:06:29.502463+00:00,58.5,2026-10-03T18:46:15.638957+00:00
2026,5,Tennessee State,Western Illinois,spread,model_gap_late,AVOID,D,Western Illinois,-12.5,consensus,2026-10-02T20:02:18.924464+00:00,loss,2026-10-04T14:06:29.502463+00:00,-12.5,2026-10-02T20:02:18.924464+00:00
2026,5,Tennessee State,Western Illinois,moneyline,moneyline_fav,AVOID,C,Western Illinois,-610.0,consensus,2026-10-02T20:02:18.924464+00:00,win,2026-10-04T14:06:29.502463+00:00,-489.0,2026-10-03T13:25:38.724440+00:00
2026,5,Tennessee State,Western Illinois,total,total_model,AVOID,D,under,51.5,consensus,2026-10-02T20:02:18.924464+00:00,win,2026-10-04T14:06:29.502463+00:00,51.5,2026-10-02T20:02:18.924464+00:00
2026,5,Davidson,San Diego,spread,model_gap_late,AVOID,D,San Diego,-14.5,consensus,2026-10-02T20:02:18.924464+00:00,win,2026-10-04T14:06:29.502463+00:00,-14.5,2026-10-02T20:02:18.924464+00:00
2026,5,Davidson,San Diego,moneyline,moneyline_dog,PASS,D,Davidson,420.0,consensus,2026-10-02T20:02:18.924464+00:00,loss,2026-10-04T14:06:29.502463+00:00,535.0,2026-10-03T18:46:15.638957+00:00
2026,5,Davidson,San Diego,total,total_model,AVOID,D,under,63.5,consensus,2026-10-02T20:02:18.924464+00:00,loss,2026-10-04T14:06:29.502463+00:00,62.5,2026-10-03T18:46:15.638957+00:00
2026,5,Alabama State,Bethune-Cookman,spread,model_gap_late,AVOID,D,Bethune-Cookman,7.5,consensus,2026-10-02T20:02:18.924464+00:00,win,2026-10-04T14:06:29.502463+00:00,7.0,2026-10-03T18:46:15.638957+00:00
2026,5,Alabama State,Bethune-Cookman,moneyline,moneyline_dog,PASS,C,Bethune-Cookman,229.0,consensus,2026-10-02T20:02:18.924464+00:00,win,2026-10-04T14:06:29.502463+00:00,208.0,2026-10-03T18:46:15.638957+00:00
2026,5,Alabama State,Bethune-Cookman,total,total_model,AVOID,D,over,54.5,consensus,2026-10-02T20:02:18.924464+00:00,loss,2026-10-04T14:06:29.502463+00:00,52.5,2026-10-03T05:17:37.498753+00:00
2026,5,Alabama A&M,Jackson State,spread,model_gap_late,AVOID,D,Alabama A&M,9.5,consensus,2026-10-02T20:02:18.924464+00:00,win,2026-10-04T14:06:29.502463+00:00,10.0,2026-10-03T18:46:15.638957+00:00
2026,5,Alabama A&M,Jackson State,moneyline,moneyline_dog,PASS,D,Alabama A&M,287.0,consensus,2026-10-02T20:02:18.924464+00:00,loss,2026-10-04T14:06:29.502463+00:00,268.0,2026-10-03T18:46:15.638957+00:00
2026,5,Alabama A&M,Jackson State,total,total_model,AVOID,D,under,49.5,consensus,2026-10-02T20:02:18.924464+00:00,loss,2026-10-04T14:06:29.502463+00:00,53.5,2026-10-03T18:46:15.638957+00:00
2026,5,New Haven,Austin Peay,spread,model_gap_late,AVOID,D,New Haven,35.5,consensus,2026-10-02T20:02:18.924464+00:00,win,2026-10-04T14:06:29.502463+00:00,35.5,2026-10-02T20:02:18.924464+00:00
2026,5,New Haven,Austin Peay,total,total_model,AVOID,D,over,50.5,consensus,2026-10-02T20:02:18.924464+00:00,win,2026-10-04T14:06:29.502463+00:00,50.5,2026-10-02T20:02:18.924464+00:00
2026,5,Youngstown State,Southern Illinois,spread,model_gap_late,AVOID,D,Southern Illinois,3.5,consensus,2026-10-02T20:02:18.924464+00:00,loss,2026-10-04T14:06:29.502463+00:00,4.0,2026-10-03T18:46:15.638957+00:00
2026,5,Youngstown State,Southern Illinois,moneyline,moneyline_dog,PASS,C,Southern Illinois,125.0,consensus,2026-10-02T20:02:18.924464+00:00,loss,2026-10-04T14:06:29.502463+00:00,148.0,2026-10-03T18:46:15.638957+00:00
2026,5,Youngstown State,Southern Illinois,total,total_model,AVOID,D,under,63.5,consensus,2026-10-02T20:02:18.924464+00:00,win,2026-10-04T14:06:29.502463+00:00,64.5,2026-10-03T18:46:15.638957+00:00
2026,5,Gardner-Webb,Charleston Southern,spread,model_gap_late,AVOID,D,Charleston Southern,7.5,consensus,2026-10-02T20:02:18.924464+00:00,win,2026-10-04T14:06:29.502463+00:00,7.0,2026-10-03T18:46:15.638957+00:00
2026,5,Gardner-Webb,Charleston Southern,moneyline,moneyline_dog,PASS,B,Charleston Southern,234.0,consensus,2026-10-02T20:02:18.924464+00:00,loss,2026-10-04T14:06:29.502463+00:00,219.0,2026-10-03T18:46:15.638957+00:00
2026,5,Gardner-Webb,Charleston Southern,total,total_model,AVOID,D,under,48.5,consensus,2026-10-02T20:02:18.924464+00:00,win,2026-10-04T14:06:29.502463+00:00,48.5,2026-10-02T20:02:18.924464+00:00
2026,5,North Carolina A&T,Bryant,spread,model_gap_late,AVOID,D,Bryant,-15.5,consensus,2026-10-02T20:02:18.924464+00:00,loss,2026-10-04T14:06:29.502463+00:00,-14.5,2026-10-03T18:46:15.638957+00:00
2026,5,North Carolina A&T,Bryant,moneyline,moneyline_fav,AVOID,C,Bryant,-710.0,consensus,2026-10-02T20:02:18.924464+00:00,win,2026-10-04T14:06:29.502463+00:00,-509.0,2026-10-03T18:46:15.638957+00:00
2026,5,North Carolina A&T,Bryant,total,total_model,AVOID,D,over,45.5,consensus,2026-10-02T20:02:18.924464+00:00,win,2026-10-04T14:06:29.502463+00:00,44.5,2026-10-03T18:46:15.638957+00:00
2026,5,Campbell,North Carolina Central,spread,model_gap_late,AVOID,D,North Carolina Central,8.5,consensus,2026-10-02T20:02:18.924464+00:00,win,2026-10-04T14:06:29.502463+00:00,13.5,2026-10-03T18:46:15.638957+00:00
2026,5,Campbell,North Carolina Central,moneyline,moneyline_dog,PASS,B,North Carolina Central,279.0,consensus,2026-10-02T20:02:18.924464+00:00,loss,2026-10-04T14:06:29.502463+00:00,369.0,2026-10-03T18:46:15.638957+00:00
2026,5,Campbell,North Carolina Central,total,total_model,AVOID,D,under,60.5,consensus,2026-10-02T20:02:18.924464+00:00,loss,2026-10-04T14:06:29.502463+00:00,59.5,2026-10-03T18:46:15.638957+00:00
2026,5,North Alabama,Eastern Kentucky,spread,model_gap_late,AVOID,D,North Alabama,1.5,consensus,2026-10-02T20:02:18.924464+00:00,win,2026-10-04T14:06:29.502463+00:00,1.5,2026-10-02T20:02:18.924464+00:00
2026,5,North Alabama,Eastern Kentucky,moneyline,moneyline_dog,PASS,D,North Alabama,107.0,consensus,2026-10-02T20:02:18.924464+00:00,win,2026-10-04T14:06:29.502463+00:00,107.0,2026-10-02T20:02:18.924464+00:00
2026,5,North Alabama,Eastern Kentucky,total,total_model,AVOID,D,over,47.5,consensus,2026-10-02T20:02:18.924464+00:00,loss,2026-10-04T14:06:29.502463+00:00,47.5,2026-10-02T20:02:18.924464+00:00
2026,5,Incarnate Word,Stephen F. Austin,spread,model_gap_late,AVOID,D,Stephen F. Austin,-17.5,consensus,2026-10-02T20:02:18.924464+00:00,loss,2026-10-04T14:06:29.502463+00:00,-18.5,2026-10-03T18:46:15.638957+00:00
2026,5,Incarnate Word,Stephen F. Austin,moneyline,moneyline_fav,AVOID,C,Stephen F. Austin,-1400.0,consensus,2026-10-02T20:02:18.924464+00:00,win,2026-10-04T14:06:29.502463+00:00,-1400.0,2026-10-02T20:02:18.924464+00:00
2026,5,Incarnate Word,Stephen F. Austin,total,total_model,AVOID,D,over,56.5,consensus,2026-10-02T20:02:18.924464+00:00,loss,2026-10-04T14:06:29.502463+00:00,57.5,2026-10-03T18:46:15.638957+00:00
2026,5,Tennessee Tech,Western Carolina,spread,model_gap_late,AVOID,D,Western Carolina,9.5,consensus,2026-10-02T20:02:18.924464+00:00,win,2026-10-04T14:06:29.502463+00:00,10.0,2026-10-03T18:46:15.638957+00:00
2026,5,Tennessee Tech,Western Carolina,moneyline,moneyline_dog,PASS,D,Western Carolina,259.0,consensus,2026-10-02T20:02:18.924464+00:00,win,2026-10-04T14:06:29.502463+00:00,268.0,2026-10-03T18:46:15.638957+00:00
2026,5,Tennessee Tech,Western Carolina,total,total_model,AVOID,D,over,63.5,consensus,2026-10-02T20:02:18.924464+00:00,win,2026-10-04T14:06:29.502463+00:00,64.5,2026-10-03T18:46:15.638957+00:00
2026,5,South Dakota State,Illinois State,spread,model_gap_late,AVOID,D,Illinois State,1.5,consensus,2026-10-02T20:02:18.924464+00:00,loss,2026-10-04T14:06:29.502463+00:00,2.5,2026-10-03T18:46:15.638957+00:00
2026,5,South Dakota State,Illinois State,total,total_model,AVOID,D,under,55.5,consensus,2026-10-02T20:02:18.924464+00:00,win,2026-10-04T14:06:29.502463+00:00,55.5,2026-10-02T20:02:18.924464+00:00
2026,5,UT Rio Grande Valley,East Texas A&M,spread,model_gap_late,AVOID,D,East Texas A&M,10.5,consensus,2026-10-02T20:02:18.924464+00:00,win,2026-10-04T14:06:29.502463+00:00,10.5,2026-10-02T20:02:18.924464+00:00
2026,5,UT Rio Grande Valley,East Texas A&M,moneyline,moneyline_dog,PASS,D,East Texas A&M,320.0,consensus,2026-10-02T20:02:18.924464+00:00,win,2026-10-04T14:06:29.502463+00:00,294.0,2026-10-03T18:46:15.638957+00:00
2026,5,UT Rio Grande Valley,East Texas A&M,total,total_model,AVOID,D,under,51.5,consensus,2026-10-02T20:02:18.924464+00:00,win,2026-10-04T14:06:29.502463+00:00,51.5,2026-10-02T20:02:18.924464+00:00
2026,5,Chicago State,Tarleton State,total,total_model,AVOID,D,over,60.5,consensus,2026-10-02T20:02:18.924464+00:00,win,2026-10-04T14:06:29.502463+00:00,60.5,2026-10-02T20:02:18.924464+00:00
2026,5,Northwestern State,Lamar,total,total_model,AVOID,D,under,54.5,consensus,2026-10-02T20:02:18.924464+00:00,loss,2026-10-04T14:06:29.502463+00:00,54.5,2026-10-02T20:02:18.924464+00:00
2026,5,Arkansas-Pine Bluff,Southern,spread,model_gap_late,AVOID,D,Southern,-4.0,consensus,2026-10-02T20:02:18.924464+00:00,loss,2026-10-04T14:06:29.502463+00:00,-3.5,2026-10-03T13:25:38.724440+00:00
2026,5,Arkansas-Pine Bluff,Southern,moneyline,moneyline_fav,AVOID,C,Southern,-190.0,consensus,2026-10-02T20:02:18.924464+00:00,loss,2026-10-04T14:06:29.502463+00:00,-167.0,2026-10-03T18:46:15.638957+00:00
2026,5,Arkansas-Pine Bluff,Southern,total,total_model,AVOID,D,over,56.5,consensus,2026-10-02T20:02:18.924464+00:00,loss,2026-10-04T14:06:29.502463+00:00,56.5,2026-10-03T18:46:15.638957+00:00
2026,5,Colgate,Harvard,moneyline,moneyline_fav,AVOID,C,Harvard,-174.0,consensus,2026-10-02T20:02:18.924464+00:00,win,2026-10-04T14:06:29.502463+00:00,-200.0,2026-10-03T18:46:15.638957+00:00
2026,5,Colgate,Harvard,total,total_model,AVOID,D,over,36.5,consensus,2026-10-02T20:02:18.924464+00:00,win,2026-10-04T14:06:29.502463+00:00,37.5,2026-10-03T18:46:15.638957+00:00
2026,5,Nicholls,Houston Christian,spread,model_gap_late,AVOID,D,Houston Christian,-1.5,consensus,2026-10-02T20:02:18.924464+00:00,win,2026-10-04T14:06:29.502463+00:00,-1.5,2026-10-02T20:02:18.924464+00:00
2026,5,Nicholls,Houston Christian,moneyline,moneyline_fav,AVOID,C,Houston Christian,-125.0,consensus,2026-10-02T20:02:18.924464+00:00,win,2026-10-04T14:06:29.502463+00:00,-125.0,2026-10-02T20:02:18.924464+00:00
2026,5,Nicholls,Houston Christian,total,total_model,AVOID,D,over,51.5,consensus,2026-10-02T20:02:18.924464+00:00,loss,2026-10-04T14:06:29.502463+00:00,51.5,2026-10-02T20:02:18.924464+00:00
2026,5,West Florida,Abilene Christian,total,total_model,AVOID,D,over,48.5,consensus,2026-10-02T20:02:18.924464+00:00,loss,2026-10-04T14:06:29.502463+00:00,48.5,2026-10-02T20:02:18.924464+00:00
2026,5,Northern Arizona,Idaho State,spread,model_gap_late,AVOID,D,Idaho State,-6.5,consensus,2026-10-02T20:02:18.924464+00:00,loss,2026-10-04T14:06:29.502463+00:00,-7.5,2026-10-03T18:46:15.638957+00:00
2026,5,Northern Arizona,Idaho State,moneyline,moneyline_fav,AVOID,C,Idaho State,-380.0,consensus,2026-10-02T20:02:18.924464+00:00,loss,2026-10-04T14:06:29.502463+00:00,-298.0,2026-10-03T18:46:15.638957+00:00
2026,5,Northern Arizona,Idaho State,total,total_model,AVOID,D,under,55.5,consensus,2026-10-02T20:02:18.924464+00:00,loss,2026-10-04T14:06:29.502463+00:00,55.5,2026-10-02T20:02:18.924464+00:00
2026,5,Northern Arizona,Idaho State,price,price_gap,LEAN,D,Idaho State,-6.5,DraftKings,2026-10-02T20:02:18.924464+00:00,loss,2026-10-04T14:06:29.502463+00:00,-6.5,2026-10-02T20:02:18.924464+00:00
2026,5,Weber State,Cal Poly,spread,model_gap_late,AVOID,D,Cal Poly,-4.5,consensus,2026-10-02T20:02:18.924464+00:00,loss,2026-10-04T14:06:29.502463+00:00,-5.5,2026-10-03T18:46:15.638957+00:00
2026,5,Weber State,Cal Poly,moneyline,moneyline_fav,AVOID,C,Cal Poly,-197.0,consensus,2026-10-02T20:02:18.924464+00:00,loss,2026-10-04T14:06:29.502463+00:00,-219.0,2026-10-03T18:46:15.638957+00:00
2026,5,Weber State,Cal Poly,total,total_model,AVOID,D,under,65.5,consensus,2026-10-02T20:02:18.924464+00:00,loss,2026-10-04T14:06:29.502463+00:00,66.5,2026-10-03T18:46:15.638957+00:00
2026,5,Southern Utah,Utah Tech,spread,model_gap_late,AVOID,D,Utah Tech,14.5,consensus,2026-10-02T20:02:18.924464+00:00,win,2026-10-04T14:06:29.502463+00:00,12.5,2026-10-03T18:46:15.638957+00:00
2026,5,Southern Utah,Utah Tech,moneyline,moneyline_dog,PASS,D,Utah Tech,484.0,consensus,2026-10-02T20:02:18.924464+00:00,loss,2026-10-04T14:06:29.502463+00:00,361.0,2026-10-03T18:46:15.638957+00:00
2026,5,Southern Utah,Utah Tech,total,total_model,AVOID,D,under,56.5,consensus,2026-10-02T20:02:18.924464+00:00,loss,2026-10-04T14:06:29.502463+00:00,56.5,2026-10-02T20:02:18.924464+00:00
2026,5,Texas State,San Diego State,price,price_gap,LEAN,D,San Diego State,8.5,Bovada,2026-10-02T20:02:18.924464+00:00,win,2026-10-04T14:06:29.502463+00:00,9.5,2026-10-03T05:17:37.498753+00:00
2026,5,Eastern Washington,UC Davis,spread,model_gap_late,AVOID,D,UC Davis,-9.5,consensus,2026-10-02T20:02:18.924464+00:00,win,2026-10-04T14:06:29.502463+00:00,-10.0,2026-10-03T18:46:15.638957+00:00
2026,5,Eastern Washington,UC Davis,moneyline,moneyline_dog,PASS,D,Eastern Washington,255.0,consensus,2026-10-02T20:02:18.924464+00:00,loss,2026-10-04T14:06:29.502463+00:00,269.0,2026-10-03T18:46:15.638957+00:00
2026,5,Eastern Washington,UC Davis,total,total_model,AVOID,D,under,60.5,consensus,2026-10-02T20:02:18.924464+00:00,loss,2026-10-04T14:06:29.502463+00:00,61.5,2026-10-03T18:46:15.638957+00:00
2026,5,Morgan State,Villanova,price,price_gap,LEAN,D,Villanova,-10.5,DraftKings,2026-10-03T05:17:37.498753+00:00,loss,2026-10-04T14:06:29.502463+00:00,-11.5,2026-10-03T18:46:15.638957+00:00
2026,5,Army,Louisiana Tech,price,price_gap,LEAN,D,Army,-1.0,Bovada,2026-10-03T06:42:31.701478+00:00,loss,2026-10-04T14:06:29.502463+00:00,-1.0,2026-10-03T06:42:31.701478+00:00
2026,5,Samford,UAB,moneyline,moneyline_fav,AVOID,C,UAB,-4500.0,consensus,2026-10-03T13:25:38.724440+00:00,win,2026-10-04T14:06:29.502463+00:00,-4500.0,2026-10-03T13:25:38.724440+00:00
2026,5,South Dakota State,Illinois State,moneyline,moneyline_dog,PASS,B,Illinois State,100.0,consensus,2026-10-03T13:25:38.724440+00:00,loss,2026-10-04T14:06:29.502463+00:00,102.0,2026-10-03T18:46:15.638957+00:00
2026,5,Northwestern State,Lamar,spread,model_gap_late,AVOID,D,Northwestern State,41.5,consensus,2026-10-03T13:25:38.724440+00:00,win,2026-10-04T14:06:29.502463+00:00,41.5,2026-10-03T13:25:38.724440+00:00
2026,5,Indiana State,South Dakota,moneyline,moneyline_fav,AVOID,C,South Dakota,-960.0,consensus,2026-10-03T18:46:15.638957+00:00,win,2026-10-04T14:06:29.502463+00:00,-960.0,2026-10-03T18:46:15.638957+00:00
2026,5,Holy Cross,William & Mary,moneyline,moneyline_fav,AVOID,C,William & Mary,-216.0,consensus,2026-10-03T18:46:15.638957+00:00,loss,2026-10-04T14:06:29.502463+00:00,-216.0,2026-10-03T18:46:15.638957+00:00
2026,5,Northern Colorado,Montana,moneyline,moneyline_fav,AVOID,C,Montana,-1820.0,consensus,2026-10-03T18:46:15.638957+00:00,win,2026-10-04T14:06:29.502463+00:00,-1820.0,2026-10-03T18:46:15.638957+00:00
2026,5,Colgate,Harvard,spread,model_gap_late,AVOID,D,Harvard,-4.5,consensus,2026-10-03T18:46:15.638957+00:00,loss,2026-10-04T14:06:29.502463+00:00,-4.5,2026-10-03T18:46:15.638957+00:00
2026,5,Washington,USC,price,price_gap,LEAN,D,USC,-7.5,DraftKings,2026-10-03T18:46:15.638957+00:00,loss,2026-10-04T14:06:29.502463+00:00,-7.5,2026-10-03T18:46:15.638957+00:00
2026,6,Southern Miss,Troy,spread,model_gap_late,AVOID,D,Troy,-9.5,consensus,2026-10-04T14:06:29.502463+00:00,,,-10.0,2026-10-05T17:10:57.500426+00:00
2026,6,Southern Miss,Troy,moneyline,moneyline_dog,PASS,D,Southern Miss,280.0,consensus,2026-10-04T14:06:29.502463+00:00,,,317.0,2026-10-06T20:27:17.527639+00:00
2026,6,Southern Miss,Troy,total,total_model,AVOID,D,over,48.5,consensus,2026-10-04T14:06:29.502463+00:00,,,48.5,2026-10-04T14:06:29.502463+00:00
2026,6,Jacksonville State,Kennesaw State,spread,model_gap_late,AVOID,D,Kennesaw State,3.0,consensus,2026-10-04T14:06:29.502463+00:00,,,3.0,2026-10-05T22:06:24.138901+00:00
2026,6,Jacksonville State,Kennesaw State,moneyline,moneyline_dog,PASS,B,Kennesaw State,128.0,consensus,2026-10-04T14:06:29.502463+00:00,,,124.0,2026-10-06T20:27:17.527639+00:00
2026,6,Jacksonville State,Kennesaw State,total,total_model,AVOID,D,over,49.5,consensus,2026-10-04T14:06:29.502463+00:00,,,49.5,2026-10-06T20:27:17.527639+00:00
2026,6,New Mexico State,Florida International,spread,model_gap_late,AVOID,D,Florida International,-4.0,consensus,2026-10-04T14:06:29.502463+00:00,,,-6.5,2026-10-06T20:27:17.527639+00:00
2026,6,New Mexico State,Florida International,moneyline,moneyline_fav,AVOID,C,Florida International,-170.0,consensus,2026-10-04T14:06:29.502463+00:00,,,-238.0,2026-10-06T20:27:17.527639+00:00
2026,6,New Mexico State,Florida International,total,total_model,AVOID,D,under,48.0,consensus,2026-10-04T14:06:29.502463+00:00,,,47.5,2026-10-04T18:01:21.972983+00:00
2026,6,Iowa,Washington,spread,model_gap_late,AVOID,D,Iowa,1.5,consensus,2026-10-04T14:06:29.502463+00:00,,,3.0,2026-10-05T22:06:24.138901+00:00
2026,6,Iowa,Washington,total,total_model,AVOID,D,over,41.5,consensus,2026-10-04T14:06:29.502463+00:00,,,41.5,2026-10-04T14:06:29.502463+00:00
2026,6,Iowa State,BYU,spread,model_gap_late,AVOID,D,Iowa State,14.5,consensus,2026-10-04T14:06:29.502463+00:00,,,14.5,2026-10-04T14:06:29.502463+00:00
2026,6,Iowa State,BYU,moneyline,moneyline_dog,PASS,D,Iowa State,455.0,consensus,2026-10-04T14:06:29.502463+00:00,,,320.0,2026-10-06T20:27:17.527639+00:00
2026,6,Iowa State,BYU,total,total_model,AVOID,D,over,50.5,consensus,2026-10-04T14:06:29.502463+00:00,,,47.0,2026-10-05T22:06:24.138901+00:00
2026,6,Texas A&M,Missouri,spread,model_gap_late,AVOID,D,Missouri,-1.5,consensus,2026-10-04T14:06:29.502463+00:00,,,-3.5,2026-10-04T18:01:21.972983+00:00
2026,6,Texas A&M,Missouri,total,total_model,AVOID,D,over,50.5,consensus,2026-10-04T14:06:29.502463+00:00,,,48.5,2026-10-05T22:06:24.138901+00:00
2026,6,Indiana,Nebraska,spread,model_gap_late,AVOID,D,Nebraska,8.5,consensus,2026-10-04T14:06:29.502463+00:00,,,7.2,2026-10-06T20:27:17.527639+00:00
2026,6,Indiana,Nebraska,moneyline,moneyline_dog,PASS,D,Nebraska,285.0,consensus,2026-10-04T14:06:29.502463+00:00,,,250.0,2026-10-06T20:27:17.527639+00:00
2026,6,Indiana,Nebraska,total,total_model,AVOID,D,over,50.5,consensus,2026-10-04T14:06:29.502463+00:00,,,51.5,2026-10-06T15:14:38.320539+00:00
2026,6,South Carolina,Florida,spread,model_gap_late,AVOID,D,South Carolina,14.5,consensus,2026-10-04T14:06:29.502463+00:00,,,14.5,2026-10-04T14:06:29.502463+00:00
2026,6,South Carolina,Florida,moneyline,moneyline_dog,PASS,D,South Carolina,490.0,consensus,2026-10-04T14:06:29.502463+00:00,,,390.0,2026-10-06T20:27:17.527639+00:00
2026,6,South Carolina,Florida,total,total_model,AVOID,D,over,57.5,consensus,2026-10-04T14:06:29.502463+00:00,,,61.5,2026-10-06T20:27:17.527639+00:00
2026,6,Texas,Oklahoma,spread,model_gap_late,AVOID,D,Oklahoma,9.0,consensus,2026-10-04T14:06:29.502463+00:00,,,8.5,2026-10-06T20:27:17.527639+00:00
2026,6,Texas,Oklahoma,moneyline,moneyline_dog,PASS,D,Oklahoma,282.0,consensus,2026-10-04T14:06:29.502463+00:00,,,275.0,2026-10-06T20:27:17.527639+00:00
2026,6,Texas,Oklahoma,total,total_model,AVOID,D,under,41.0,consensus,2026-10-04T14:06:29.502463+00:00,,,39.5,2026-10-05T22:06:24.138901+00:00
2026,6,UCLA,Oregon,spread,model_gap_late,AVOID,D,Oregon,-12.5,consensus,2026-10-04T14:06:29.502463+00:00,,,-11.5,2026-10-06T20:27:17.527639+00:00
2026,6,UCLA,Oregon,moneyline,moneyline_fav,AVOID,C,Oregon,-507.0,consensus,2026-10-04T14:06:29.502463+00:00,,,-460.0,2026-10-06T20:27:17.527639+00:00
2026,6,UCLA,Oregon,total,total_model,AVOID,D,under,60.5,consensus,2026-10-04T14:06:29.502463+00:00,,,60.5,2026-10-05T17:10:57.500426+00:00
2026,6,LSU,Kentucky,spread,model_gap_late,AVOID,D,Kentucky,10.0,consensus,2026-10-04T14:06:29.502463+00:00,,,8.5,2026-10-06T20:27:17.527639+00:00
2026,6,LSU,Kentucky,moneyline,moneyline_dog,PASS,D,Kentucky,280.0,consensus,2026-10-04T14:06:29.502463+00:00,,,274.0,2026-10-06T20:27:17.527639+00:00
2026,6,LSU,Kentucky,total,total_model,AVOID,D,over,50.5,consensus,2026-10-04T14:06:29.502463+00:00,,,52.5,2026-10-06T20:27:17.527639+00:00
2026,6,Georgia,Alabama,spread,model_gap_late,AVOID,D,Alabama,2.5,consensus,2026-10-04T14:06:29.502463+00:00,,,-1.5,2026-10-05T22:06:24.138901+00:00
2026,6,Georgia,Alabama,moneyline,moneyline_dog,PASS,B,Alabama,105.0,consensus,2026-10-04T14:06:29.502463+00:00,,,-124.0,2026-10-06T20:27:17.527639+00:00
2026,6,Georgia,Alabama,total,total_model,AVOID,D,over,56.5,consensus,2026-10-04T14:06:29.502463+00:00,,,52.5,2026-10-06T20:27:17.527639+00:00
2026,6,USC,Penn State,spread,model_gap_late,AVOID,D,Penn State,-1.5,consensus,2026-10-04T14:06:29.502463+00:00,,,-1.5,2026-10-05T22:06:24.138901+00:00
2026,6,USC,Penn State,total,total_model,AVOID,D,under,58.5,consensus,2026-10-04T14:06:29.502463+00:00,,,58.5,2026-10-04T14:06:29.502463+00:00
2026,6,Sam Houston,Liberty,spread,model_gap_late,AVOID,D,Liberty,-13.5,consensus,2026-10-04T18:01:21.972983+00:00,,,-13.5,2026-10-04T18:01:21.972983+00:00
2026,6,Sam Houston,Liberty,moneyline,moneyline_fav,AVOID,C,Liberty,-615.0,consensus,2026-10-04T18:01:21.972983+00:00,,,-599.0,2026-10-06T20:27:17.527639+00:00
2026,6,Sam Houston,Liberty,total,total_model,AVOID,D,over,52.5,consensus,2026-10-04T18:01:21.972983+00:00,,,52.5,2026-10-04T18:01:21.972983+00:00
2026,6,Missouri State,Western Kentucky,spread,model_gap_late,AVOID,D,Western Kentucky,-2.0,consensus,2026-10-04T18:01:21.972983+00:00,,,-2.5,2026-10-05T22:06:24.138901+00:00
2026,6,Missouri State,Western Kentucky,moneyline,moneyline_fav,AVOID,C,Western Kentucky,-125.0,consensus,2026-10-04T18:01:21.972983+00:00,,,-130.0,2026-10-06T20:27:17.527639+00:00
2026,6,Missouri State,Western Kentucky,total,total_model,AVOID,D,over,55.5,consensus,2026-10-04T18:01:21.972983+00:00,,,55.5,2026-10-04T18:01:21.972983+00:00
2026,6,South Florida,UTSA,spread,model_gap_late,AVOID,D,South Florida,7.0,consensus,2026-10-04T18:01:21.972983+00:00,,,7.0,2026-10-04T18:01:21.972983+00:00
2026,6,South Florida,UTSA,moneyline,moneyline_dog,PASS,C,South Florida,222.0,consensus,2026-10-04T18:01:21.972983+00:00,,,230.0,2026-10-06T20:27:17.527639+00:00
2026,6,South Florida,UTSA,total,total_model,AVOID,D,over,53.5,consensus,2026-10-04T18:01:21.972983+00:00,,,50.0,2026-10-05T22:06:24.138901+00:00
2026,6,South Alabama,Arkansas State,spread,model_gap_late,AVOID,D,Arkansas State,-1.0,consensus,2026-10-04T18:01:21.972983+00:00,,,-1.5,2026-10-05T22:06:24.138901+00:00
2026,6,South Alabama,Arkansas State,total,total_model,AVOID,D,over,57.0,consensus,2026-10-04T18:01:21.972983+00:00,,,57.2,2026-10-05T17:10:57.500426+00:00
2026,6,Florida State,Louisville,spread,model_gap_late,AVOID,D,Florida State,4.8,consensus,2026-10-04T18:01:21.972983+00:00,,,4.0,2026-10-05T22:06:24.138901+00:00
2026,6,Florida State,Louisville,moneyline,moneyline_dog,PASS,D,Florida State,166.0,consensus,2026-10-04T18:01:21.972983+00:00,,,150.0,2026-10-05T22:06:24.138901+00:00
2026,6,Florida State,Louisville,total,total_model,AVOID,D,under,57.5,consensus,2026-10-04T18:01:21.972983+00:00,,,59.5,2026-10-06T20:27:17.527639+00:00
2026,6,Washington State,Utah State,spread,model_gap_late,AVOID,D,Utah State,-3.8,consensus,2026-10-04T18:01:21.972983+00:00,,,-4.0,2026-10-05T17:10:57.500426+00:00
2026,6,Washington State,Utah State,moneyline,moneyline_fav,AVOID,C,Utah State,-157.0,consensus,2026-10-04T18:01:21.972983+00:00,,,-160.0,2026-10-05T17:10:57.500426+00:00
2026,6,Washington State,Utah State,total,total_model,AVOID,D,under,43.5,consensus,2026-10-04T18:01:21.972983+00:00,,,44.0,2026-10-06T20:27:17.527639+00:00
2026,6,Iowa,Washington,moneyline,moneyline_dog,PASS,D,Iowa,108.0,consensus,2026-10-04T18:01:21.972983+00:00,,,132.0,2026-10-06T20:27:17.527639+00:00
2026,6,Wyoming,San José State,spread,model_gap_late,AVOID,D,San José State,-6.5,consensus,2026-10-04T18:01:21.972983+00:00,,,-6.5,2026-10-04T18:01:21.972983+00:00
2026,6,Wyoming,San José State,moneyline,moneyline_fav,AVOID,C,San José State,-225.0,consensus,2026-10-04T18:01:21.972983+00:00,,,-235.0,2026-10-06T20:27:17.527639+00:00
2026,6,Wyoming,San José State,total,total_model,AVOID,D,under,44.0,consensus,2026-10-04T18:01:21.972983+00:00,,,43.5,2026-10-05T22:06:24.138901+00:00
2026,6,Sacramento State,Bowling Green,spread,model_gap_late,AVOID,D,Bowling Green,-6.5,consensus,2026-10-04T18:01:21.972983+00:00,,,-7.5,2026-10-06T20:27:17.527639+00:00
2026,6,Sacramento State,Bowling Green,moneyline,moneyline_fav,AVOID,C,Bowling Green,-278.0,consensus,2026-10-04T18:01:21.972983+00:00,,,-295.0,2026-10-06T20:27:17.527639+00:00
2026,6,Sacramento State,Bowling Green,total,total_model,AVOID,D,under,46.0,consensus,2026-10-04T18:01:21.972983+00:00,,,46.0,2026-10-04T18:01:21.972983+00:00
2026,6,Texas A&M,Missouri,moneyline,moneyline_fav,AVOID,C,Missouri,-156.0,consensus,2026-10-04T18:01:21.972983+00:00,,,-175.0,2026-10-06T20:27:17.527639+00:00
2026,6,UCF,Oklahoma State,spread,model_gap_late,AVOID,D,UCF,10.5,consensus,2026-10-04T18:01:21.972983+00:00,,,8.5,2026-10-06T20:27:17.527639+00:00
2026,6,UCF,Oklahoma State,moneyline,moneyline_dog,PASS,D,UCF,310.0,consensus,2026-10-04T18:01:21.972983+00:00,,,290.0,2026-10-05T22:06:24.138901+00:00
2026,6,UCF,Oklahoma State,total,total_model,AVOID,D,under,52.5,consensus,2026-10-04T18:01:21.972983+00:00,,,52.5,2026-10-06T20:27:17.527639+00:00
2026,6,North Carolina,Pittsburgh,spread,model_gap_late,AVOID,D,Pittsburgh,-3.5,consensus,2026-10-04T18:01:21.972983+00:00,,,-3.5,2026-10-06T20:27:17.527639+00:00
2026,6,North Carolina,Pittsburgh,moneyline,moneyline_fav,AVOID,C,Pittsburgh,-161.0,consensus,2026-10-04T18:01:21.972983+00:00,,,-185.0,2026-10-05T22:06:24.138901+00:00
2026,6,North Carolina,Pittsburgh,total,total_model,AVOID,D,over,46.5,consensus,2026-10-04T18:01:21.972983+00:00,,,47.0,2026-10-05T22:06:24.138901+00:00
2026,6,Arizona,West Virginia,spread,model_gap_late,AVOID,D,Arizona,-2.5,consensus,2026-10-04T18:01:21.972983+00:00,,,-3.5,2026-10-05T22:06:24.138901+00:00
2026,6,Arizona,West Virginia,moneyline,moneyline_fav,AVOID,C,Arizona,-141.0,consensus,2026-10-04T18:01:21.972983+00:00,,,-162.0,2026-10-06T20:27:17.527639+00:00
2026,6,Arizona,West Virginia,total,total_model,AVOID,D,under,60.2,consensus,2026-10-04T18:01:21.972983+00:00,,,61.5,2026-10-05T22:06:24.138901+00:00
2026,6,Wake Forest,NC State,spread,model_gap_late,AVOID,D,NC State,3.0,consensus,2026-10-04T18:01:21.972983+00:00,,,4.0,2026-10-06T20:27:17.527639+00:00
2026,6,Wake Forest,NC State,moneyline,moneyline_dog,PASS,C,NC State,125.0,consensus,2026-10-04T18:01:21.972983+00:00,,,154.0,2026-10-06T20:27:17.527639+00:00
2026,6,Wake Forest,NC State,total,total_model,AVOID,D,under,60.5,consensus,2026-10-04T18:01:21.972983+00:00,,,60.0,2026-10-05T22:06:24.138901+00:00
2026,6,Tulane,Army,spread,model_gap_late,AVOID,D,Army,-3.5,consensus,2026-10-04T18:01:21.972983+00:00,,,-3.0,2026-10-05T22:06:24.138901+00:00
2026,6,Tulane,Army,moneyline,moneyline_dog,PASS,D,Tulane,142.0,consensus,2026-10-04T18:01:21.972983+00:00,,,142.0,2026-10-04T18:01:21.972983+00:00
2026,6,Tulane,Army,total,total_model,AVOID,D,over,45.5,consensus,2026-10-04T18:01:21.972983+00:00,,,45.5,2026-10-04T18:01:21.972983+00:00
2026,6,Ball State,Northwestern,spread,model_gap_late,AVOID,D,Ball State,34.5,consensus,2026-10-04T18:01:21.972983+00:00,,,37.0,2026-10-06T20:27:17.527639+00:00
2026,6,Ball State,Northwestern,total,total_model,AVOID,D,under,51.8,consensus,2026-10-04T18:01:21.972983+00:00,,,52.5,2026-10-06T20:27:17.527639+00:00
2026,6,Old Dominion,App State,spread,model_gap_late,AVOID,D,App State,-9.0,consensus,2026-10-04T18:01:21.972983+00:00,,,-9.5,2026-10-05T22:06:24.138901+00:00
2026,6,Old Dominion,App State,moneyline,moneyline_dog,PASS,D,Old Dominion,290.0,consensus,2026-10-04T18:01:21.972983+00:00,,,295.0,2026-10-06T20:27:17.527639+00:00
2026,6,Old Dominion,App State,total,total_model,AVOID,D,over,51.5,consensus,2026-10-04T18:01:21.972983+00:00,,,50.0,2026-10-06T20:27:17.527639+00:00
2026,6,Miami (OH),Massachusetts,spread,model_gap_late,AVOID,D,Massachusetts,2.5,consensus,2026-10-04T18:01:21.972983+00:00,,,2.5,2026-10-04T18:01:21.972983+00:00
2026,6,Miami (OH),Massachusetts,moneyline,moneyline_dog,PASS,D,Massachusetts,112.0,consensus,2026-10-04T18:01:21.972983+00:00,,,110.0,2026-10-05T22:06:24.138901+00:00
2026,6,Miami (OH),Massachusetts,total,total_model,AVOID,D,over,49.5,consensus,2026-10-04T18:01:21.972983+00:00,,,47.5,2026-10-06T20:27:17.527639+00:00
2026,6,Stanford,Notre Dame,spread,model_gap_late,AVOID,D,Notre Dame,-36.8,consensus,2026-10-04T18:01:21.972983+00:00,,,-38.5,2026-10-06T20:27:17.527639+00:00
2026,6,Stanford,Notre Dame,total,total_model,AVOID,D,over,55.5,consensus,2026-10-04T18:01:21.972983+00:00,,,54.0,2026-10-05T22:06:24.138901+00:00
2026,6,Illinois,Michigan State,spread,model_gap_late,AVOID,D,Michigan State,3.5,consensus,2026-10-04T18:01:21.972983+00:00,,,2.5,2026-10-05T22:06:24.138901+00:00
2026,6,Illinois,Michigan State,moneyline,moneyline_dog,PASS,C,Michigan State,133.0,consensus,2026-10-04T18:01:21.972983+00:00,,,113.0,2026-10-06T20:27:17.527639+00:00
2026,6,Illinois,Michigan State,total,total_model,AVOID,D,under,50.0,consensus,2026-10-04T18:01:21.972983+00:00,,,48.0,2026-10-06T20:27:17.527639+00:00
2026,6,Charlotte,North Texas,spread,model_gap_late,AVOID,D,North Texas,-25.5,consensus,2026-10-04T18:01:21.972983+00:00,,,-28.5,2026-10-06T20:27:17.527639+00:00
2026,6,Charlotte,North Texas,moneyline,moneyline_fav,AVOID,C,North Texas,-4750.0,consensus,2026-10-04T18:01:21.972983+00:00,,,-5000.0,2026-10-05T17:10:57.500426+00:00
2026,6,Charlotte,North Texas,total,total_model,AVOID,D,over,61.5,consensus,2026-10-04T18:01:21.972983+00:00,,,57.5,2026-10-06T20:27:17.527639+00:00
2026,6,Duke,Georgia Tech,spread,model_gap_late,AVOID,D,Georgia Tech,7.0,consensus,2026-10-04T18:01:21.972983+00:00,,,7.0,2026-10-04T18:01:21.972983+00:00
2026,6,Duke,Georgia Tech,moneyline,moneyline_dog,PASS,C,Georgia Tech,217.0,consensus,2026-10-04T18:01:21.972983+00:00,,,224.0,2026-10-06T20:27:17.527639+00:00
2026,6,Duke,Georgia Tech,total,total_model,AVOID,D,over,50.5,consensus,2026-10-04T18:01:21.972983+00:00,,,48.5,2026-10-06T20:27:17.527639+00:00
2026,6,Eastern Michigan,Akron,spread,model_gap_late,AVOID,D,Akron,5.5,consensus,2026-10-04T18:01:21.972983+00:00,,,7.0,2026-10-05T22:06:24.138901+00:00
2026,6,Eastern Michigan,Akron,moneyline,moneyline_dog,PASS,C,Akron,180.0,consensus,2026-10-04T18:01:21.972983+00:00,,,224.0,2026-10-06T20:27:17.527639+00:00
2026,6,Eastern Michigan,Akron,total,total_model,AVOID,D,over,50.5,consensus,2026-10-04T18:01:21.972983+00:00,,,52.0,2026-10-06T20:27:17.527639+00:00
2026,6,Kent State,Western Michigan,spread,model_gap_late,AVOID,D,Western Michigan,-14.0,consensus,2026-10-04T18:01:21.972983+00:00,,,-13.5,2026-10-05T22:06:24.138901+00:00
2026,6,Kent State,Western Michigan,moneyline,moneyline_fav,AVOID,C,Western Michigan,-630.0,consensus,2026-10-04T18:01:21.972983+00:00,,,-600.0,2026-10-05T22:06:24.138901+00:00
2026,6,Kent State,Western Michigan,total,total_model,AVOID,D,under,46.0,consensus,2026-10-04T18:01:21.972983+00:00,,,46.0,2026-10-04T18:01:21.972983+00:00
2026,6,Houston,Kansas State,spread,model_gap_late,AVOID,D,Kansas State,-2.5,consensus,2026-10-04T18:01:21.972983+00:00,,,-2.5,2026-10-04T18:01:21.972983+00:00
2026,6,Houston,Kansas State,moneyline,moneyline_fav,AVOID,D,Kansas State,-136.0,consensus,2026-10-04T18:01:21.972983+00:00,,,-138.0,2026-10-06T20:27:17.527639+00:00
2026,6,Houston,Kansas State,total,total_model,AVOID,D,over,55.5,consensus,2026-10-04T18:01:21.972983+00:00,,,55.5,2026-10-06T20:27:17.527639+00:00
2026,6,Virginia Tech,California,spread,model_gap_late,AVOID,D,California,10.5,consensus,2026-10-04T18:01:21.972983+00:00,,,9.0,2026-10-05T22:06:24.138901+00:00
2026,6,Virginia Tech,California,moneyline,moneyline_dog,PASS,C,California,310.0,consensus,2026-10-04T18:01:21.972983+00:00,,,280.0,2026-10-05T22:06:24.138901+00:00
2026,6,Virginia Tech,California,total,total_model,AVOID,D,over,52.5,consensus,2026-10-04T18:01:21.972983+00:00,,,53.5,2026-10-05T22:06:24.138901+00:00
2026,6,Tulsa,Navy,spread,model_gap_late,AVOID,D,Tulsa,2.5,consensus,2026-10-04T18:01:21.972983+00:00,,,2.5,2026-10-04T18:01:21.972983+00:00
2026,6,Tulsa,Navy,moneyline,moneyline_dog,PASS,D,Tulsa,117.0,consensus,2026-10-04T18:01:21.972983+00:00,,,115.0,2026-10-06T20:27:17.527639+00:00
2026,6,Tulsa,Navy,total,total_model,AVOID,D,under,52.5,consensus,2026-10-04T18:01:21.972983+00:00,,,52.5,2026-10-04T18:01:21.972983+00:00
2026,6,Buffalo,Toledo,spread,model_gap_late,AVOID,D,Toledo,-18.0,consensus,2026-10-04T18:01:21.972983+00:00,,,-20.5,2026-10-06T20:27:17.527639+00:00
2026,6,Buffalo,Toledo,moneyline,moneyline_fav,AVOID,C,Toledo,-1450.0,consensus,2026-10-04T18:01:21.972983+00:00,,,-1600.0,2026-10-06T20:27:17.527639+00:00
2026,6,Buffalo,Toledo,total,total_model,AVOID,D,over,55.0,consensus,2026-10-04T18:01:21.972983+00:00,,,54.5,2026-10-06T15:14:38.320539+00:00
2026,6,Central Michigan,Ohio,spread,model_gap_late,AVOID,D,Ohio,-3.5,consensus,2026-10-04T18:01:21.972983+00:00,,,-3.0,2026-10-05T22:06:24.138901+00:00
2026,6,Central Michigan,Ohio,moneyline,moneyline_fav,AVOID,C,Ohio,-175.0,consensus,2026-10-04T18:01:21.972983+00:00,,,-148.0,2026-10-05T22:06:24.138901+00:00
2026,6,Central Michigan,Ohio,total,total_model,AVOID,D,over,47.0,consensus,2026-10-04T18:01:21.972983+00:00,,,46.5,2026-10-05T22:06:24.138901+00:00
2026,6,Ole Miss,Vanderbilt,spread,model_gap_late,AVOID,D,Vanderbilt,10.5,consensus,2026-10-04T18:01:21.972983+00:00,,,9.8,2026-10-06T20:27:17.527639+00:00
2026,6,Ole Miss,Vanderbilt,moneyline,moneyline_dog,PASS,C,Vanderbilt,335.0,consensus,2026-10-04T18:01:21.972983+00:00,,,287.0,2026-10-06T20:27:17.527639+00:00
2026,6,Ole Miss,Vanderbilt,total,total_model,AVOID,D,over,57.5,consensus,2026-10-04T18:01:21.972983+00:00,,,57.5,2026-10-04T18:01:21.972983+00:00
2026,6,UConn,Temple,spread,model_gap_late,AVOID,D,Temple,-3.0,consensus,2026-10-04T18:01:21.972983+00:00,,,-3.5,2026-10-06T20:27:17.527639+00:00
2026,6,UConn,Temple,moneyline,moneyline_fav,AVOID,C,Temple,-152.0,consensus,2026-10-04T18:01:21.972983+00:00,,,-156.0,2026-10-05T17:10:57.500426+00:00
2026,6,UConn,Temple,total,total_model,AVOID,D,over,52.5,consensus,2026-10-04T18:01:21.972983+00:00,,,54.5,2026-10-05T22:06:24.138901+00:00
2026,6,Rice,East Carolina,spread,model_gap_late,AVOID,D,East Carolina,-9.5,consensus,2026-10-04T18:01:21.972983+00:00,,,-10.0,2026-10-05T22:06:24.138901+00:00
2026,6,Rice,East Carolina,moneyline,moneyline_fav,AVOID,C,East Carolina,-385.0,consensus,2026-10-04T18:01:21.972983+00:00,,,-380.0,2026-10-05T22:06:24.138901+00:00
2026,6,Rice,East Carolina,total,total_model,AVOID,D,under,50.5,consensus,2026-10-04T18:01:21.972983+00:00,,,50.5,2026-10-04T18:01:21.972983+00:00
2026,6,Tennessee,Arkansas,spread,model_gap_late,AVOID,D,Arkansas,13.5,consensus,2026-10-04T18:01:21.972983+00:00,,,13.5,2026-10-04T18:01:21.972983+00:00
2026,6,Tennessee,Arkansas,moneyline,moneyline_dog,PASS,D,Arkansas,435.0,consensus,2026-10-04T18:01:21.972983+00:00,,,410.0,2026-10-05T22:06:24.138901+00:00
2026,6,Tennessee,Arkansas,total,total_model,AVOID,D,over,49.5,consensus,2026-10-04T18:01:21.972983+00:00,,,51.0,2026-10-06T20:27:17.527639+00:00
2026,6,Maryland,Ohio State,spread,model_gap_late,AVOID,D,Ohio State,-34.5,consensus,2026-10-04T18:01:21.972983+00:00,,,-34.5,2026-10-04T18:01:21.972983+00:00
2026,6,Maryland,Ohio State,total,total_model,AVOID,D,under,55.5,consensus,2026-10-04T18:01:21.972983+00:00,,,56.5,2026-10-05T22:06:24.138901+00:00
2026,6,San Diego State,Oregon State,spread,model_gap_late,AVOID,D,Oregon State,-14.5,consensus,2026-10-04T18:01:21.972983+00:00,,,-14.5,2026-10-06T20:27:17.527639+00:00
2026,6,San Diego State,Oregon State,moneyline,moneyline_dog,PASS,D,San Diego State,487.0,consensus,2026-10-04T18:01:21.972983+00:00,,,488.0,2026-10-06T20:27:17.527639+00:00
2026,6,San Diego State,Oregon State,total,total_model,AVOID,D,under,57.5,consensus,2026-10-04T18:01:21.972983+00:00,,,53.5,2026-10-06T20:27:17.527639+00:00
2026,6,North Dakota State,UNLV,spread,model_gap_late,AVOID,D,UNLV,3.5,consensus,2026-10-04T18:01:21.972983+00:00,,,3.0,2026-10-05T22:06:24.138901+00:00
2026,6,North Dakota State,UNLV,moneyline,moneyline_dog,PASS,B,UNLV,138.0,consensus,2026-10-04T18:01:21.972983+00:00,,,134.0,2026-10-06T20:27:17.527639+00:00
2026,6,North Dakota State,UNLV,total,total_model,AVOID,D,over,49.5,consensus,2026-10-04T18:01:21.972983+00:00,,,48.0,2026-10-05T22:06:24.138901+00:00
2026,6,Nevada,UTEP,spread,model_gap_late,AVOID,D,UTEP,9.5,consensus,2026-10-04T18:01:21.972983+00:00,,,9.0,2026-10-06T20:27:17.527639+00:00
2026,6,Nevada,UTEP,moneyline,moneyline_dog,PASS,C,UTEP,275.0,consensus,2026-10-04T18:01:21.972983+00:00,,,280.0,2026-10-05T22:06:24.138901+00:00
2026,6,Nevada,UTEP,total,total_model,AVOID,D,over,52.5,consensus,2026-10-04T18:01:21.972983+00:00,,,49.5,2026-10-05T22:06:24.138901+00:00
2026,6,Coastal Carolina,Marshall,spread,model_gap_late,AVOID,D,Marshall,-2.5,consensus,2026-10-04T18:01:21.972983+00:00,,,-3.0,2026-10-05T22:06:24.138901+00:00
2026,6,Coastal Carolina,Marshall,moneyline,moneyline_fav,AVOID,C,Marshall,-142.0,consensus,2026-10-04T18:01:21.972983+00:00,,,-150.0,2026-10-05T22:06:24.138901+00:00
2026,6,Coastal Carolina,Marshall,total,total_model,AVOID,D,over,55.5,consensus,2026-10-04T18:01:21.972983+00:00,,,55.5,2026-10-04T18:01:21.972983+00:00
2026,6,UAB,Memphis,spread,model_gap_late,AVOID,D,Memphis,-14.5,consensus,2026-10-04T18:01:21.972983+00:00,,,-14.0,2026-10-05T22:06:24.138901+00:00
2026,6,UAB,Memphis,moneyline,moneyline_fav,AVOID,C,Memphis,-900.0,consensus,2026-10-04T18:01:21.972983+00:00,,,-600.0,2026-10-06T20:27:17.527639+00:00
2026,6,UAB,Memphis,total,total_model,AVOID,D,under,58.5,consensus,2026-10-04T18:01:21.972983+00:00,,,57.5,2026-10-05T22:06:24.138901+00:00
2026,6,Air Force,Northern Illinois,spread,model_gap_late,AVOID,D,Northern Illinois,12.5,consensus,2026-10-04T18:01:21.972983+00:00,,,7.5,2026-10-05T22:06:24.138901+00:00
2026,6,Air Force,Northern Illinois,moneyline,moneyline_dog,PASS,C,Northern Illinois,395.0,consensus,2026-10-04T18:01:21.972983+00:00,,,260.0,2026-10-05T22:06:24.138901+00:00
2026,6,Air Force,Northern Illinois,total,total_model,AVOID,D,over,47.2,consensus,2026-10-04T18:01:21.972983+00:00,,,46.5,2026-10-06T20:27:17.527639+00:00
2026,6,Syracuse,Virginia,spread,model_gap_late,AVOID,D,Virginia,-8.5,consensus,2026-10-04T18:01:21.972983+00:00,,,-9.5,2026-10-05T22:06:24.138901+00:00
2026,6,Syracuse,Virginia,moneyline,moneyline_fav,AVOID,C,Virginia,-347.0,consensus,2026-10-04T18:01:21.972983+00:00,,,-360.0,2026-10-06T20:27:17.527639+00:00
2026,6,Syracuse,Virginia,total,total_model,AVOID,D,over,50.5,consensus,2026-10-04T18:01:21.972983+00:00,,,50.0,2026-10-06T20:27:17.527639+00:00
2026,6,USC,Penn State,moneyline,moneyline_dog,PASS,B,Penn State,102.0,consensus,2026-10-04T18:01:21.972983+00:00,,,-125.0,2026-10-06T20:27:17.527639+00:00
2026,6,James Madison,Georgia Southern,spread,model_gap_late,AVOID,D,James Madison,-9.0,consensus,2026-10-04T18:01:21.972983+00:00,,,-7.5,2026-10-05T22:06:24.138901+00:00
2026,6,James Madison,Georgia Southern,moneyline,moneyline_dog,PASS,D,Georgia Southern,275.0,consensus,2026-10-04T18:01:21.972983+00:00,,,267.0,2026-10-05T22:06:24.138901+00:00
2026,6,James Madison,Georgia Southern,total,total_model,AVOID,D,over,54.5,consensus,2026-10-04T18:01:21.972983+00:00,,,53.5,2026-10-06T20:27:17.527639+00:00
2026,6,Louisiana,Louisiana Tech,spread,model_gap_late,AVOID,D,Louisiana Tech,1.0,consensus,2026-10-04T18:01:21.972983+00:00,,,-3.0,2026-10-05T22:06:24.138901+00:00
2026,6,Louisiana,Louisiana Tech,moneyline,moneyline_fav,AVOID,C,Louisiana Tech,-120.0,consensus,2026-10-04T18:01:21.972983+00:00,,,-150.0,2026-10-06T20:27:17.527639+00:00
2026,6,Louisiana,Louisiana Tech,total,total_model,AVOID,D,over,50.5,consensus,2026-10-04T18:01:21.972983+00:00,,,48.0,2026-10-05T22:06:24.138901+00:00
2026,6,Minnesota,Purdue,spread,model_gap_late,AVOID,D,Purdue,3.0,consensus,2026-10-04T18:01:21.972983+00:00,,,2.5,2026-10-05T22:06:24.138901+00:00
2026,6,Minnesota,Purdue,moneyline,moneyline_dog,PASS,D,Purdue,125.0,consensus,2026-10-04T18:01:21.972983+00:00,,,110.0,2026-10-06T20:27:17.527639+00:00
2026,6,Minnesota,Purdue,total,total_model,AVOID,D,over,50.5,consensus,2026-10-04T18:01:21.972983+00:00,,,50.5,2026-10-06T20:27:17.527639+00:00
2026,6,Kansas,Utah,spread,model_gap_late,AVOID,D,Utah,-14.5,consensus,2026-10-04T18:01:21.972983+00:00,,,-15.5,2026-10-05T22:06:24.138901+00:00
2026,6,Kansas,Utah,moneyline,moneyline_fav,AVOID,C,Utah,-660.0,consensus,2026-10-04T18:01:21.972983+00:00,,,-725.0,2026-10-05T22:06:24.138901+00:00
2026,6,Kansas,Utah,total,total_model,AVOID,D,over,52.0,consensus,2026-10-04T18:01:21.972983+00:00,,,51.5,2026-10-06T20:27:17.527639+00:00
2026,6,Hawai'i,Arizona State,spread,model_gap_late,AVOID,D,Hawai'i,22.5,consensus,2026-10-04T18:01:21.972983+00:00,,,20.5,2026-10-05T22:06:24.138901+00:00
2026,6,Hawai'i,Arizona State,moneyline,moneyline_dog,PASS,D,Hawai'i,1100.0,consensus,2026-10-04T18:01:21.972983+00:00,,,900.0,2026-10-05T22:06:24.138901+00:00
2026,6,Hawai'i,Arizona State,total,total_model,AVOID,D,over,51.5,consensus,2026-10-04T18:01:21.972983+00:00,,,50.0,2026-10-06T20:27:17.527639+00:00
2026,6,Boise State,Fresno State,spread,model_gap_late,AVOID,D,Fresno State,7.5,consensus,2026-10-04T18:01:21.972983+00:00,,,6.5,2026-10-05T22:06:24.138901+00:00
2026,6,Boise State,Fresno State,moneyline,moneyline_dog,PASS,C,Fresno State,265.0,consensus,2026-10-04T18:01:21.972983+00:00,,,205.0,2026-10-06T20:27:17.527639+00:00
2026,6,Boise State,Fresno State,total,total_model,AVOID,D,over,48.5,consensus,2026-10-04T18:01:21.972983+00:00,,,48.5,2026-10-04T18:01:21.972983+00:00
2026,6,Tulane,Army,moneyline,moneyline_fav,AVOID,C,Army,-169.0,consensus,2026-10-05T17:10:57.500426+00:00,,,-160.0,2026-10-05T22:06:24.138901+00:00
2026,6,James Madison,Georgia Southern,price,price_gap,LEAN,D,James Madison,-7.5,Bovada,2026-10-05T17:10:57.500426+00:00,,,-7.5,2026-10-05T17:10:57.500426+00:00
2026,6,South Alabama,Arkansas State,moneyline,moneyline_fav,AVOID,C,Arkansas State,-121.0,consensus,2026-10-05T22:06:24.138901+00:00,,,-120.0,2026-10-06T20:27:17.527639+00:00
2026,6,Washington State,Utah State,moneyline,moneyline_dog,PASS,D,Washington State,170.0,consensus,2026-10-05T22:06:24.138901+00:00,,,170.0,2026-10-05T22:06:24.138901+00:00
2026,6,Sacramento State,Bowling Green,price,price_gap,LEAN,D,Bowling Green,-6.5,BetRivers,2026-10-05T22:06:24.138901+00:00,,,-6.5,2026-10-05T22:06:24.138901+00:00
2026,6,UConn,Temple,moneyline,moneyline_dog,PASS,D,UConn,160.0,consensus,2026-10-05T22:06:24.138901+00:00,,,153.0,2026-10-06T20:27:17.527639+00:00
2026,6,USC,Penn State,moneyline,moneyline_fav,AVOID,C,Penn State,-124.0,consensus,2026-10-05T22:06:24.138901+00:00,,,-125.0,2026-10-06T20:27:17.527639+00:00
2026,6,Georgia,Alabama,moneyline,moneyline_fav,AVOID,C,Alabama,-126.0,consensus,2026-10-05T22:06:24.138901+00:00,,,-124.0,2026-10-06T20:27:17.527639+00:00
2026,6,Air Force,Northern Illinois,price,price_gap,LEAN,C,Air Force,-7.5,Bovada,2026-10-05T22:06:24.138901+00:00,,,-7.0,2026-10-06T20:27:17.527639+00:00
2026,6,Florida State,Louisville,price,price_gap,LEAN,D,Louisville,-3.5,Bovada,2026-10-06T15:14:38.320539+00:00,,,-3.5,2026-10-06T15:14:38.320539+00:00
2026,6,Indiana,Nebraska,price,price_gap,LEAN,D,Indiana,-7.0,Bovada,2026-10-06T15:14:38.320539+00:00,,,-7.0,2026-10-06T15:14:38.320539+00:00
2026,6,UCF,Oklahoma State,price,price_gap,LEAN,D,Oklahoma State,-8.5,Bovada,2026-10-06T20:27:17.527639+00:00,,,-8.5,2026-10-06T20:27:17.527639+00:00
2026,6,South Carolina,Florida,price,price_gap,LEAN,D,Florida,-11.5,Bovada,2026-10-06T20:27:17.527639+00:00,,,-11.5,2026-10-06T20:27:17.527639+00:00
2026,6,LSU,Kentucky,price,price_gap,LEAN,D,LSU,-8.0,Bovada,2026-10-06T20:27:17.527639+00:00,,,-8.0,2026-10-06T20:27:17.527639+00:00
2026,6,Air Force,Northern Illinois,price,price_gap,LEAN,D,Air Force,-7.0,BetUS,2026-10-06T20:27:17.527639+00:00,,,-7.0,2026-10-06T20:27:17.527639+00:00
